workload,seed,baseline,family,threshold,TP,TN,FP,FN,precision,recall,f1,fpr,specificity,balanced_accuracy,roc_auc,pr_auc,score_resolution,fnr
W1_web,0,SICA (proposed),proposed,0.6281733321608658,6,107,2,12,0.75,0.3333333333333333,0.46153846153846156,0.01834862385321101,0.981651376146789,0.6574923547400612,0.8498980632008155,0.6568110804331276,,
W1_web,0,pin_ip,pinning,,13,92,17,5,0.43333333333333335,0.7222222222222222,0.5416666666666666,0.1559633027522936,0.8440366972477065,0.7831294597349643,,,binary,0.2777777777777778
W1_web,0,pin_prefix24,pinning,,9,101,8,9,0.5294117647058824,0.5,0.5142857142857143,0.07339449541284404,0.926605504587156,0.713302752293578,,,binary,0.5
W1_web,0,pin_scope16,pinning,,5,106,3,13,0.625,0.2777777777777778,0.3846153846153846,0.027522935779816515,0.9724770642201835,0.6251274209989807,,,binary,0.7222222222222222
W1_web,0,pin_useragent,pinning,,9,93,16,9,0.36,0.5,0.41860465116279066,0.14678899082568808,0.8532110091743119,0.676605504587156,,,binary,0.5
W1_web,0,pin_useragent_core,pinning,,9,109,0,9,1.0,0.5,0.6666666666666666,0.0,1.0,0.75,,,binary,0.5
W1_web,0,pin_ip_or_useragent,pinning,,15,82,27,3,0.35714285714285715,0.8333333333333334,0.5,0.24770642201834864,0.7522935779816514,0.7928134556574924,,,binary,0.16666666666666666
W1_web,0,pin_ip_and_useragent,pinning,,7,103,6,11,0.5384615384615384,0.3888888888888889,0.45161290322580644,0.05504587155963303,0.944954128440367,0.666921508664628,,,binary,0.6111111111111112
W1_web,0,score_distinct_bindings,scored,1.0000000000000002,1,109,0,17,1.0,0.05555555555555555,0.10526315789473684,0.0,1.0,0.5277777777777778,0.7708970438328236,0.4323110926923609,continuous,0.9444444444444444
W1_web,0,score_max_request_rate,scored,1000.0000000000001,0,109,0,18,0.0,0.0,0.0,0.0,1.0,0.5,0.6857798165137615,0.21724207978598375,continuous,1.0
W1_web,0,score_burstiness,scored,9000.0,0,109,0,18,0.0,0.0,0.0,0.0,1.0,0.5,0.582059123343527,0.16969696338545176,continuous,1.0
W1_web,1,SICA (proposed),proposed,0.46411821078933724,12,108,0,7,1.0,0.631578947368421,0.7741935483870968,0.0,1.0,0.8157894736842105,0.8893762183235867,0.7962619804103435,,
W1_web,1,pin_ip,pinning,,15,92,16,4,0.4838709677419355,0.7894736842105263,0.6,0.14814814814814814,0.8518518518518519,0.8206627680311891,,,binary,0.21052631578947367
W1_web,1,pin_prefix24,pinning,,12,104,4,7,0.75,0.631578947368421,0.6857142857142857,0.037037037037037035,0.9629629629629629,0.797270955165692,,,binary,0.3684210526315789
W1_web,1,pin_scope16,pinning,,6,107,1,13,0.8571428571428571,0.3157894736842105,0.46153846153846156,0.009259259259259259,0.9907407407407407,0.6532651072124755,,,binary,0.6842105263157895
W1_web,1,pin_useragent,pinning,,13,97,11,6,0.5416666666666666,0.6842105263157895,0.6046511627906976,0.10185185185185185,0.8981481481481481,0.7911793372319689,,,binary,0.3157894736842105
W1_web,1,pin_useragent_core,pinning,,11,108,0,8,1.0,0.5789473684210527,0.7333333333333334,0.0,1.0,0.7894736842105263,,,binary,0.42105263157894735
W1_web,1,pin_ip_or_useragent,pinning,,17,88,20,2,0.4594594594594595,0.8947368421052632,0.6071428571428572,0.18518518518518517,0.8148148148148148,0.854775828460039,,,binary,0.10526315789473684
W1_web,1,pin_ip_and_useragent,pinning,,11,101,7,8,0.6111111111111112,0.5789473684210527,0.5945945945945946,0.06481481481481481,0.9351851851851852,0.7570662768031189,,,binary,0.42105263157894735
W1_web,1,score_distinct_bindings,scored,1.0000000000000002,3,108,0,16,1.0,0.15789473684210525,0.2727272727272727,0.0,1.0,0.5789473684210527,0.8528265107212476,0.6475572132430815,continuous,0.8421052631578947
W1_web,1,score_max_request_rate,scored,1000.0000000000001,0,108,0,19,0.0,0.0,0.0,0.0,1.0,0.5,0.40594541910331383,0.12059237434329217,continuous,1.0
W1_web,1,score_burstiness,scored,9000.0,0,108,0,19,0.0,0.0,0.0,0.0,1.0,0.5,0.35550682261208577,0.13914172141825504,continuous,1.0
W1_web,2,SICA (proposed),proposed,0.45616658068853627,17,99,0,11,1.0,0.6071428571428571,0.7555555555555554,0.0,1.0,0.8035714285714286,0.8901515151515151,0.8401942545643334,,
W1_web,2,pin_ip,pinning,,19,85,14,9,0.5757575757575758,0.6785714285714286,0.6229508196721312,0.1414141414141414,0.8585858585858586,0.7685786435786436,,,binary,0.32142857142857145
W1_web,2,pin_prefix24,pinning,,17,93,6,11,0.7391304347826086,0.6071428571428571,0.6666666666666666,0.06060606060606061,0.9393939393939394,0.7732683982683983,,,binary,0.39285714285714285
W1_web,2,pin_scope16,pinning,,13,97,2,15,0.8666666666666667,0.4642857142857143,0.6046511627906976,0.020202020202020204,0.9797979797979798,0.722041847041847,,,binary,0.5357142857142857
W1_web,2,pin_useragent,pinning,,16,89,10,12,0.6153846153846154,0.5714285714285714,0.5925925925925927,0.10101010101010101,0.898989898989899,0.7352092352092352,,,binary,0.42857142857142855
W1_web,2,pin_useragent_core,pinning,,16,99,0,12,1.0,0.5714285714285714,0.7272727272727273,0.0,1.0,0.7857142857142857,,,binary,0.42857142857142855
W1_web,2,pin_ip_or_useragent,pinning,,23,83,16,5,0.5897435897435898,0.8214285714285714,0.6865671641791046,0.16161616161616163,0.8383838383838383,0.8299062049062049,,,binary,0.17857142857142858
W1_web,2,pin_ip_and_useragent,pinning,,12,91,8,16,0.6,0.42857142857142855,0.5,0.08080808080808081,0.9191919191919192,0.6738816738816739,,,binary,0.5714285714285714
W1_web,2,score_distinct_bindings,scored,1.0000000000000002,1,99,0,27,1.0,0.03571428571428571,0.0689655172413793,0.0,1.0,0.5178571428571429,0.8457792207792207,0.6463879515060618,continuous,0.9642857142857143
W1_web,2,score_max_request_rate,scored,1000.0000000000001,0,99,0,28,0.0,0.0,0.0,0.0,1.0,0.5,0.6341991341991342,0.27546013810348674,continuous,1.0
W1_web,2,score_burstiness,scored,9000.0,0,99,0,28,0.0,0.0,0.0,0.0,1.0,0.5,0.5245310245310245,0.2355554825475837,continuous,1.0
W1_web,3,SICA (proposed),proposed,0.6374057188747398,8,94,0,25,1.0,0.24242424242424243,0.3902439024390244,0.0,1.0,0.6212121212121212,0.8607350096711799,0.7705264406346387,,
W1_web,3,pin_ip,pinning,,22,80,14,11,0.6111111111111112,0.6666666666666666,0.6376811594202899,0.14893617021276595,0.851063829787234,0.7588652482269503,,,binary,0.3333333333333333
W1_web,3,pin_prefix24,pinning,,17,86,8,16,0.68,0.5151515151515151,0.5862068965517241,0.0851063829787234,0.9148936170212766,0.7150225660863958,,,binary,0.48484848484848486
W1_web,3,pin_scope16,pinning,,8,91,3,25,0.7272727272727273,0.24242424242424243,0.36363636363636365,0.031914893617021274,0.9680851063829787,0.6052546744036106,,,binary,0.7575757575757576
W1_web,3,pin_useragent,pinning,,18,82,12,15,0.6,0.5454545454545454,0.5714285714285713,0.1276595744680851,0.8723404255319149,0.7088974854932302,,,binary,0.45454545454545453
W1_web,3,pin_useragent_core,pinning,,15,94,0,18,1.0,0.45454545454545453,0.625,0.0,1.0,0.7272727272727273,,,binary,0.5454545454545454
W1_web,3,pin_ip_or_useragent,pinning,,28,74,20,5,0.5833333333333334,0.8484848484848485,0.691358024691358,0.2127659574468085,0.7872340425531915,0.81785944551902,,,binary,0.15151515151515152
W1_web,3,pin_ip_and_useragent,pinning,,12,88,6,21,0.6666666666666666,0.36363636363636365,0.4705882352941177,0.06382978723404255,0.9361702127659575,0.6499032882011606,,,binary,0.6363636363636364
W1_web,3,score_distinct_bindings,scored,1.0000000000000002,0,94,0,33,0.0,0.0,0.0,0.0,1.0,0.5,0.7907801418439716,0.5755030621172352,continuous,1.0
W1_web,3,score_max_request_rate,scored,1000.0000000000001,0,94,0,33,0.0,0.0,0.0,0.0,1.0,0.5,0.498388136686009,0.25709474801020527,continuous,1.0
W1_web,3,score_burstiness,scored,9000.0,0,94,0,33,0.0,0.0,0.0,0.0,1.0,0.5,0.4363313990973565,0.2288195619777744,continuous,1.0
W1_web,4,SICA (proposed),proposed,0.6157816952401741,4,104,0,19,1.0,0.17391304347826086,0.29629629629629634,0.0,1.0,0.5869565217391304,0.844690635451505,0.6521142825329548,,
W1_web,4,pin_ip,pinning,,16,89,15,7,0.5161290322580645,0.6956521739130435,0.5925925925925926,0.14423076923076922,0.8557692307692307,0.7757107023411371,,,binary,0.30434782608695654
W1_web,4,pin_prefix24,pinning,,13,97,7,10,0.65,0.5652173913043478,0.6046511627906976,0.0673076923076923,0.9326923076923077,0.7489548494983278,,,binary,0.43478260869565216
W1_web,4,pin_scope16,pinning,,11,97,7,12,0.6111111111111112,0.4782608695652174,0.5365853658536586,0.0673076923076923,0.9326923076923077,0.7054765886287626,,,binary,0.5217391304347826
W1_web,4,pin_useragent,pinning,,7,97,7,16,0.5,0.30434782608695654,0.3783783783783784,0.0673076923076923,0.9326923076923077,0.6185200668896321,,,binary,0.6956521739130435
W1_web,4,pin_useragent_core,pinning,,6,104,0,17,1.0,0.2608695652173913,0.41379310344827586,0.0,1.0,0.6304347826086957,,,binary,0.7391304347826086
W1_web,4,pin_ip_or_useragent,pinning,,18,85,19,5,0.4864864864864865,0.782608695652174,0.6000000000000001,0.18269230769230768,0.8173076923076923,0.7999581939799332,,,binary,0.21739130434782608
W1_web,4,pin_ip_and_useragent,pinning,,5,101,3,18,0.625,0.21739130434782608,0.3225806451612903,0.028846153846153848,0.9711538461538461,0.5942725752508361,,,binary,0.782608695652174
W1_web,4,score_distinct_bindings,scored,1.0000000000000002,2,104,0,21,1.0,0.08695652173913043,0.16,0.0,1.0,0.5434782608695652,0.7953595317725752,0.5353241417945287,continuous,0.9130434782608695
W1_web,4,score_max_request_rate,scored,1000.0000000000001,0,104,0,23,0.0,0.0,0.0,0.0,1.0,0.5,0.627299331103679,0.22303493803122623,continuous,1.0
W1_web,4,score_burstiness,scored,9000.0,0,104,0,23,0.0,0.0,0.0,0.0,1.0,0.5,0.5535117056856187,0.19666394961339936,continuous,1.0
W1_web,5,SICA (proposed),proposed,0.6270466052218032,7,101,0,19,1.0,0.2692307692307692,0.42424242424242425,0.0,1.0,0.6346153846153846,0.9084158415841584,0.8181756921909782,,
W1_web,5,pin_ip,pinning,,19,82,19,7,0.5,0.7307692307692307,0.5937499999999999,0.18811881188118812,0.8118811881188119,0.7713252094440213,,,binary,0.2692307692307692
W1_web,5,pin_prefix24,pinning,,17,92,9,9,0.6538461538461539,0.6538461538461539,0.6538461538461539,0.0891089108910891,0.9108910891089109,0.7823686214775324,,,binary,0.34615384615384615
W1_web,5,pin_scope16,pinning,,13,96,5,13,0.7222222222222222,0.5,0.5909090909090908,0.04950495049504951,0.9504950495049505,0.7252475247524752,,,binary,0.5
W1_web,5,pin_useragent,pinning,,18,94,7,8,0.72,0.6923076923076923,0.7058823529411765,0.06930693069306931,0.9306930693069307,0.8115003808073116,,,binary,0.3076923076923077
W1_web,5,pin_useragent_core,pinning,,13,101,0,13,1.0,0.5,0.6666666666666666,0.0,1.0,0.75,,,binary,0.5
W1_web,5,pin_ip_or_useragent,pinning,,23,78,23,3,0.5,0.8846153846153846,0.6388888888888888,0.22772277227722773,0.7722772277227723,0.8284463061690784,,,binary,0.11538461538461539
W1_web,5,pin_ip_and_useragent,pinning,,14,98,3,12,0.8235294117647058,0.5384615384615384,0.6511627906976744,0.0297029702970297,0.9702970297029703,0.7543792840822543,,,binary,0.46153846153846156
W1_web,5,score_distinct_bindings,scored,1.0000000000000002,1,101,0,25,1.0,0.038461538461538464,0.07407407407407407,0.0,1.0,0.5192307692307693,0.861005331302361,0.6162931556632344,continuous,0.9615384615384616
W1_web,5,score_max_request_rate,scored,1000.0000000000001,0,101,0,26,0.0,0.0,0.0,0.0,1.0,0.5,0.4343107387661843,0.1761488974231685,continuous,1.0
W1_web,5,score_burstiness,scored,9000.0,0,101,0,26,0.0,0.0,0.0,0.0,1.0,0.5,0.36633663366336633,0.1624911469033028,continuous,1.0
W1_web,6,SICA (proposed),proposed,0.6452421161613295,5,109,2,11,0.7142857142857143,0.3125,0.43478260869565216,0.018018018018018018,0.9819819819819819,0.647240990990991,0.9220157657657657,0.7094565426982055,,
W1_web,6,pin_ip,pinning,,13,95,16,3,0.4482758620689655,0.8125,0.5777777777777777,0.14414414414414414,0.8558558558558559,0.834177927927928,,,binary,0.1875
W1_web,6,pin_prefix24,pinning,,10,105,6,6,0.625,0.625,0.625,0.05405405405405406,0.9459459459459459,0.785472972972973,,,binary,0.375
W1_web,6,pin_scope16,pinning,,5,107,4,11,0.5555555555555556,0.3125,0.39999999999999997,0.036036036036036036,0.963963963963964,0.6382319819819819,,,binary,0.6875
W1_web,6,pin_useragent,pinning,,9,104,7,7,0.5625,0.5625,0.5625,0.06306306306306306,0.9369369369369369,0.7497184684684685,,,binary,0.4375
W1_web,6,pin_useragent_core,pinning,,9,111,0,7,1.0,0.5625,0.72,0.0,1.0,0.78125,,,binary,0.4375
W1_web,6,pin_ip_or_useragent,pinning,,15,91,20,1,0.42857142857142855,0.9375,0.588235294117647,0.18018018018018017,0.8198198198198198,0.8786599099099099,,,binary,0.0625
W1_web,6,pin_ip_and_useragent,pinning,,7,108,3,9,0.7,0.4375,0.5384615384615384,0.02702702702702703,0.972972972972973,0.7052364864864865,,,binary,0.5625
W1_web,6,score_distinct_bindings,scored,1.0000000000000002,0,111,0,16,0.0,0.0,0.0,0.0,1.0,0.5,0.847972972972973,0.5314960629921259,continuous,1.0
W1_web,6,score_max_request_rate,scored,1000.0000000000001,0,111,0,16,0.0,0.0,0.0,0.0,1.0,0.5,0.5343468468468469,0.13535538585285747,continuous,1.0
W1_web,6,score_burstiness,scored,9000.0,0,111,0,16,0.0,0.0,0.0,0.0,1.0,0.5,0.4774774774774775,0.12204455020671136,continuous,1.0
W1_web,7,SICA (proposed),proposed,0.61011743128473,6,112,1,8,0.8571428571428571,0.42857142857142855,0.5714285714285714,0.008849557522123894,0.9911504424778761,0.7098609355246523,0.8761061946902655,0.6764723212119492,,
W1_web,7,pin_ip,pinning,,11,96,17,3,0.39285714285714285,0.7857142857142857,0.5238095238095237,0.1504424778761062,0.8495575221238938,0.8176359039190897,,,binary,0.21428571428571427
W1_web,7,pin_prefix24,pinning,,7,103,10,7,0.4117647058823529,0.5,0.45161290322580644,0.08849557522123894,0.911504424778761,0.7057522123893805,,,binary,0.5
W1_web,7,pin_scope16,pinning,,6,108,5,8,0.5454545454545454,0.42857142857142855,0.4799999999999999,0.04424778761061947,0.9557522123893806,0.6921618204804045,,,binary,0.5714285714285714
W1_web,7,pin_useragent,pinning,,9,100,13,5,0.4090909090909091,0.6428571428571429,0.5000000000000001,0.11504424778761062,0.8849557522123894,0.7639064475347661,,,binary,0.35714285714285715
W1_web,7,pin_useragent_core,pinning,,8,113,0,6,1.0,0.5714285714285714,0.7272727272727273,0.0,1.0,0.7857142857142857,,,binary,0.42857142857142855
W1_web,7,pin_ip_or_useragent,pinning,,12,90,23,2,0.34285714285714286,0.8571428571428571,0.4897959183673469,0.20353982300884957,0.7964601769911505,0.8268015170670038,,,binary,0.14285714285714285
W1_web,7,pin_ip_and_useragent,pinning,,8,106,7,6,0.5333333333333333,0.5714285714285714,0.5517241379310344,0.061946902654867256,0.9380530973451328,0.754740834386852,,,binary,0.42857142857142855
W1_web,7,score_distinct_bindings,scored,1.0000000000000002,0,113,0,14,0.0,0.0,0.0,0.0,1.0,0.5,0.777180783817952,0.3438813569356462,continuous,1.0
W1_web,7,score_max_request_rate,scored,1000.0000000000001,0,113,0,14,0.0,0.0,0.0,0.0,1.0,0.5,0.48514538558786346,0.10676904713601962,continuous,1.0
W1_web,7,score_burstiness,scored,9000.0,0,113,0,14,0.0,0.0,0.0,0.0,1.0,0.5,0.504424778761062,0.1549867850149955,continuous,1.0
W1_web,8,SICA (proposed),proposed,0.6255076403611393,6,103,0,18,1.0,0.25,0.4,0.0,1.0,0.625,0.8871359223300971,0.7273598854928023,,
W1_web,8,pin_ip,pinning,,20,90,13,4,0.6060606060606061,0.8333333333333334,0.7017543859649124,0.1262135922330097,0.8737864077669902,0.8535598705501618,,,binary,0.16666666666666666
W1_web,8,pin_prefix24,pinning,,13,97,6,11,0.6842105263157895,0.5416666666666666,0.6046511627906976,0.05825242718446602,0.941747572815534,0.7417071197411003,,,binary,0.4583333333333333
W1_web,8,pin_scope16,pinning,,10,101,2,14,0.8333333333333334,0.4166666666666667,0.5555555555555556,0.019417475728155338,0.9805825242718447,0.6986245954692557,,,binary,0.5833333333333334
W1_web,8,pin_useragent,pinning,,9,92,11,15,0.45,0.375,0.4090909090909091,0.10679611650485436,0.8932038834951457,0.6341019417475728,,,binary,0.625
W1_web,8,pin_useragent_core,pinning,,7,103,0,17,1.0,0.2916666666666667,0.45161290322580644,0.0,1.0,0.6458333333333334,,,binary,0.7083333333333334
W1_web,8,pin_ip_or_useragent,pinning,,21,85,18,3,0.5384615384615384,0.875,0.6666666666666667,0.17475728155339806,0.8252427184466019,0.850121359223301,,,binary,0.125
W1_web,8,pin_ip_and_useragent,pinning,,8,97,6,16,0.5714285714285714,0.3333333333333333,0.4210526315789474,0.05825242718446602,0.941747572815534,0.6375404530744336,,,binary,0.6666666666666666
W1_web,8,score_distinct_bindings,scored,1.0000000000000002,1,103,0,23,1.0,0.041666666666666664,0.07999999999999999,0.0,1.0,0.5208333333333334,0.7845873786407767,0.5291994750656168,continuous,0.9583333333333334
W1_web,8,score_max_request_rate,scored,1000.0000000000001,0,103,0,24,0.0,0.0,0.0,0.0,1.0,0.5,0.6387540453074434,0.2505146350081407,continuous,1.0
W1_web,8,score_burstiness,scored,9000.0,0,103,0,24,0.0,0.0,0.0,0.0,1.0,0.5,0.584546925566343,0.2095929535805869,continuous,1.0
W1_web,9,SICA (proposed),proposed,0.6304864731733535,10,104,0,13,1.0,0.43478260869565216,0.6060606060606061,0.0,1.0,0.717391304347826,0.9103260869565217,0.840437904021588,,
W1_web,9,pin_ip,pinning,,14,88,16,9,0.4666666666666667,0.6086956521739131,0.5283018867924527,0.15384615384615385,0.8461538461538461,0.7274247491638797,,,binary,0.391304347826087
W1_web,9,pin_prefix24,pinning,,14,98,6,9,0.7,0.6086956521739131,0.6511627906976744,0.057692307692307696,0.9423076923076923,0.7755016722408027,,,binary,0.391304347826087
W1_web,9,pin_scope16,pinning,,8,102,2,15,0.8,0.34782608695652173,0.48484848484848486,0.019230769230769232,0.9807692307692307,0.6642976588628762,,,binary,0.6521739130434783
W1_web,9,pin_useragent,pinning,,17,96,8,6,0.68,0.7391304347826086,0.7083333333333334,0.07692307692307693,0.9230769230769231,0.8311036789297659,,,binary,0.2608695652173913
W1_web,9,pin_useragent_core,pinning,,16,104,0,7,1.0,0.6956521739130435,0.8205128205128205,0.0,1.0,0.8478260869565217,,,binary,0.30434782608695654
W1_web,9,pin_ip_or_useragent,pinning,,20,84,20,3,0.5,0.8695652173913043,0.634920634920635,0.19230769230769232,0.8076923076923077,0.8386287625418061,,,binary,0.13043478260869565
W1_web,9,pin_ip_and_useragent,pinning,,11,100,4,12,0.7333333333333333,0.4782608695652174,0.5789473684210527,0.038461538461538464,0.9615384615384616,0.7198996655518395,,,binary,0.5217391304347826
W1_web,9,score_distinct_bindings,scored,1.0000000000000002,0,104,0,23,0.0,0.0,0.0,0.0,1.0,0.5,0.8841973244147158,0.6593221499486477,continuous,1.0
W1_web,9,score_max_request_rate,scored,1000.0000000000001,0,104,0,23,0.0,0.0,0.0,0.0,1.0,0.5,0.5846571906354515,0.2159602071560353,continuous,1.0
W1_web,9,score_burstiness,scored,9000.0,0,104,0,23,0.0,0.0,0.0,0.0,1.0,0.5,0.4960284280936455,0.18594575695689486,continuous,1.0
W1_web,10,SICA (proposed),proposed,0.6422217025130512,7,106,2,12,0.7777777777777778,0.3684210526315789,0.5,0.018518518518518517,0.9814814814814815,0.6749512670565302,0.800682261208577,0.5877659097553276,,
W1_web,10,pin_ip,pinning,,12,83,25,7,0.32432432432432434,0.631578947368421,0.42857142857142855,0.23148148148148148,0.7685185185185185,0.7000487329434697,,,binary,0.3684210526315789
W1_web,10,pin_prefix24,pinning,,10,94,14,9,0.4166666666666667,0.5263157894736842,0.46511627906976744,0.12962962962962962,0.8703703703703703,0.6983430799220273,,,binary,0.47368421052631576
W1_web,10,pin_scope16,pinning,,7,104,4,12,0.6363636363636364,0.3684210526315789,0.4666666666666667,0.037037037037037035,0.9629629629629629,0.6656920077972709,,,binary,0.631578947368421
W1_web,10,pin_useragent,pinning,,7,96,12,12,0.3684210526315789,0.3684210526315789,0.3684210526315789,0.1111111111111111,0.8888888888888888,0.6286549707602339,,,binary,0.631578947368421
W1_web,10,pin_useragent_core,pinning,,7,108,0,12,1.0,0.3684210526315789,0.5384615384615384,0.0,1.0,0.6842105263157895,,,binary,0.631578947368421
W1_web,10,pin_ip_or_useragent,pinning,,14,79,29,5,0.32558139534883723,0.7368421052631579,0.45161290322580644,0.26851851851851855,0.7314814814814815,0.7341617933723197,,,binary,0.2631578947368421
W1_web,10,pin_ip_and_useragent,pinning,,5,100,8,14,0.38461538461538464,0.2631578947368421,0.3125,0.07407407407407407,0.9259259259259259,0.594541910331384,,,binary,0.7368421052631579
W1_web,10,score_distinct_bindings,scored,1.0000000000000002,1,108,0,18,1.0,0.05263157894736842,0.1,0.0,1.0,0.5263157894736842,0.7543859649122807,0.37495616691638245,continuous,0.9473684210526315
W1_web,10,score_max_request_rate,scored,1000.0000000000001,0,108,0,19,0.0,0.0,0.0,0.0,1.0,0.5,0.5957602339181286,0.18130088132948546,continuous,1.0
W1_web,10,score_burstiness,scored,9000.0,0,108,0,19,0.0,0.0,0.0,0.0,1.0,0.5,0.5060916179337231,0.15305239125966927,continuous,1.0
W1_web,11,SICA (proposed),proposed,0.6231538767887637,6,110,0,11,1.0,0.35294117647058826,0.5217391304347826,0.0,1.0,0.6764705882352942,0.9446524064171123,0.8378165190651478,,
W1_web,11,pin_ip,pinning,,15,93,17,2,0.46875,0.8823529411764706,0.6122448979591837,0.15454545454545454,0.8454545454545455,0.863903743315508,,,binary,0.11764705882352941
W1_web,11,pin_prefix24,pinning,,12,105,5,5,0.7058823529411765,0.7058823529411765,0.7058823529411765,0.045454545454545456,0.9545454545454546,0.8302139037433156,,,binary,0.29411764705882354
W1_web,11,pin_scope16,pinning,,8,109,1,9,0.8888888888888888,0.47058823529411764,0.6153846153846153,0.00909090909090909,0.990909090909091,0.7307486631016042,,,binary,0.5294117647058824
W1_web,11,pin_useragent,pinning,,9,102,8,8,0.5294117647058824,0.5294117647058824,0.5294117647058824,0.07272727272727272,0.9272727272727272,0.7283422459893047,,,binary,0.47058823529411764
W1_web,11,pin_useragent_core,pinning,,8,110,0,9,1.0,0.47058823529411764,0.6399999999999999,0.0,1.0,0.7352941176470589,,,binary,0.5294117647058824
W1_web,11,pin_ip_or_useragent,pinning,,16,88,22,1,0.42105263157894735,0.9411764705882353,0.5818181818181818,0.2,0.8,0.8705882352941177,,,binary,0.058823529411764705
W1_web,11,pin_ip_and_useragent,pinning,,8,107,3,9,0.7272727272727273,0.47058823529411764,0.5714285714285714,0.02727272727272727,0.9727272727272728,0.7216577540106952,,,binary,0.5294117647058824
W1_web,11,score_distinct_bindings,scored,1.0000000000000002,0,110,0,17,0.0,0.0,0.0,0.0,1.0,0.5,0.8596256684491979,0.5837836446914724,continuous,1.0
W1_web,11,score_max_request_rate,scored,1000.0000000000001,0,110,0,17,0.0,0.0,0.0,0.0,1.0,0.5,0.638235294117647,0.1792720927333915,continuous,1.0
W1_web,11,score_burstiness,scored,9000.0,0,110,0,17,0.0,0.0,0.0,0.0,1.0,0.5,0.6385026737967915,0.19639800332283291,continuous,1.0
W1_web,12,SICA (proposed),proposed,0.46766024892093516,17,98,2,10,0.8947368421052632,0.6296296296296297,0.7391304347826088,0.02,0.98,0.8048148148148149,0.9205555555555556,0.8448986271384127,,
W1_web,12,pin_ip,pinning,,20,85,15,7,0.5714285714285714,0.7407407407407407,0.6451612903225806,0.15,0.85,0.7953703703703703,,,binary,0.25925925925925924
W1_web,12,pin_prefix24,pinning,,16,90,10,11,0.6153846153846154,0.5925925925925926,0.6037735849056604,0.1,0.9,0.7462962962962962,,,binary,0.4074074074074074
W1_web,12,pin_scope16,pinning,,9,98,2,18,0.8181818181818182,0.3333333333333333,0.4736842105263157,0.02,0.98,0.6566666666666666,,,binary,0.6666666666666666
W1_web,12,pin_useragent,pinning,,16,90,10,11,0.6153846153846154,0.5925925925925926,0.6037735849056604,0.1,0.9,0.7462962962962962,,,binary,0.4074074074074074
W1_web,12,pin_useragent_core,pinning,,16,100,0,11,1.0,0.5925925925925926,0.7441860465116279,0.0,1.0,0.7962962962962963,,,binary,0.4074074074074074
W1_web,12,pin_ip_or_useragent,pinning,,25,79,21,2,0.5434782608695652,0.9259259259259259,0.6849315068493151,0.21,0.79,0.857962962962963,,,binary,0.07407407407407407
W1_web,12,pin_ip_and_useragent,pinning,,11,96,4,16,0.7333333333333333,0.4074074074074074,0.5238095238095238,0.04,0.96,0.6837037037037037,,,binary,0.5925925925925926
W1_web,12,score_distinct_bindings,scored,1.0000000000000002,1,100,0,26,1.0,0.037037037037037035,0.07142857142857142,0.0,1.0,0.5185185185185185,0.8407407407407408,0.5860732462205666,continuous,0.9629629629629629
W1_web,12,score_max_request_rate,scored,1000.0000000000001,0,100,0,27,0.0,0.0,0.0,0.0,1.0,0.5,0.5116666666666667,0.2138933744107327,continuous,1.0
W1_web,12,score_burstiness,scored,9000.0,0,100,0,27,0.0,0.0,0.0,0.0,1.0,0.5,0.5192592592592593,0.22868730584302838,continuous,1.0
W1_web,13,SICA (proposed),proposed,0.4633084267526958,11,102,0,14,1.0,0.44,0.6111111111111112,0.0,1.0,0.72,0.9631372549019608,0.8666173308032891,,
W1_web,13,pin_ip,pinning,,21,85,17,4,0.5526315789473685,0.84,0.6666666666666667,0.16666666666666666,0.8333333333333334,0.8366666666666667,,,binary,0.16
W1_web,13,pin_prefix24,pinning,,14,95,7,11,0.6666666666666666,0.56,0.6086956521739131,0.06862745098039216,0.9313725490196079,0.745686274509804,,,binary,0.44
W1_web,13,pin_scope16,pinning,,10,100,2,15,0.8333333333333334,0.4,0.5405405405405406,0.0196078431372549,0.9803921568627451,0.6901960784313725,,,binary,0.6
W1_web,13,pin_useragent,pinning,,15,92,10,10,0.6,0.6,0.6,0.09803921568627451,0.9019607843137255,0.7509803921568627,,,binary,0.4
W1_web,13,pin_useragent_core,pinning,,12,102,0,13,1.0,0.48,0.6486486486486487,0.0,1.0,0.74,,,binary,0.52
W1_web,13,pin_ip_or_useragent,pinning,,25,79,23,0,0.5208333333333334,1.0,0.684931506849315,0.22549019607843138,0.7745098039215687,0.8872549019607843,,,binary,0.0
W1_web,13,pin_ip_and_useragent,pinning,,11,98,4,14,0.7333333333333333,0.44,0.5499999999999999,0.0392156862745098,0.9607843137254902,0.7003921568627451,,,binary,0.56
W1_web,13,score_distinct_bindings,scored,1.0000000000000002,1,102,0,24,1.0,0.04,0.07692307692307693,0.0,1.0,0.52,0.8270588235294117,0.5847181102362204,continuous,0.96
W1_web,13,score_max_request_rate,scored,1000.0000000000001,0,102,0,25,0.0,0.0,0.0,0.0,1.0,0.5,0.5725490196078431,0.2242952568649248,continuous,1.0
W1_web,13,score_burstiness,scored,9000.0,0,102,0,25,0.0,0.0,0.0,0.0,1.0,0.5,0.5270588235294118,0.2027245463660162,continuous,1.0
W1_web,14,SICA (proposed),proposed,0.5941523929620296,4,101,1,21,0.8,0.16,0.26666666666666666,0.00980392156862745,0.9901960784313726,0.5750980392156863,0.9243137254901961,0.7891536127569074,,
W1_web,14,pin_ip,pinning,,16,89,13,9,0.5517241379310345,0.64,0.5925925925925927,0.12745098039215685,0.8725490196078431,0.7562745098039216,,,binary,0.36
W1_web,14,pin_prefix24,pinning,,10,96,6,15,0.625,0.4,0.48780487804878053,0.058823529411764705,0.9411764705882353,0.6705882352941177,,,binary,0.6
W1_web,14,pin_scope16,pinning,,7,100,2,18,0.7777777777777778,0.28,0.4117647058823529,0.0196078431372549,0.9803921568627451,0.6301960784313725,,,binary,0.72
W1_web,14,pin_useragent,pinning,,12,94,8,13,0.6,0.48,0.5333333333333332,0.0784313725490196,0.9215686274509803,0.7007843137254901,,,binary,0.52
W1_web,14,pin_useragent_core,pinning,,11,102,0,14,1.0,0.44,0.6111111111111112,0.0,1.0,0.72,,,binary,0.56
W1_web,14,pin_ip_or_useragent,pinning,,23,87,15,2,0.6052631578947368,0.92,0.7301587301587301,0.14705882352941177,0.8529411764705882,0.8864705882352941,,,binary,0.08
W1_web,14,pin_ip_and_useragent,pinning,,5,96,6,20,0.45454545454545453,0.2,0.2777777777777778,0.058823529411764705,0.9411764705882353,0.5705882352941176,,,binary,0.8
W1_web,14,score_distinct_bindings,scored,1.0000000000000002,0,102,0,25,0.0,0.0,0.0,0.0,1.0,0.5,0.7905882352941176,0.5363206871868289,continuous,1.0
W1_web,14,score_max_request_rate,scored,1000.0000000000001,0,102,0,25,0.0,0.0,0.0,0.0,1.0,0.5,0.5454901960784314,0.2174946118342403,continuous,1.0
W1_web,14,score_burstiness,scored,9000.0,0,102,0,25,0.0,0.0,0.0,0.0,1.0,0.5,0.5290196078431373,0.2178026237702025,continuous,1.0
W1_web,15,SICA (proposed),proposed,0.6420558546497753,4,106,0,17,1.0,0.19047619047619047,0.32,0.0,1.0,0.5952380952380952,0.8823000898472596,0.7696493987531735,,
W1_web,15,pin_ip,pinning,,15,86,20,6,0.42857142857142855,0.7142857142857143,0.5357142857142858,0.18867924528301888,0.8113207547169812,0.7628032345013478,,,binary,0.2857142857142857
W1_web,15,pin_prefix24,pinning,,12,95,11,9,0.5217391304347826,0.5714285714285714,0.5454545454545454,0.10377358490566038,0.8962264150943396,0.7338274932614555,,,binary,0.42857142857142855
W1_web,15,pin_scope16,pinning,,7,103,3,14,0.7,0.3333333333333333,0.45161290322580644,0.02830188679245283,0.9716981132075472,0.6525157232704403,,,binary,0.6666666666666666
W1_web,15,pin_useragent,pinning,,10,92,14,11,0.4166666666666667,0.47619047619047616,0.4444444444444445,0.1320754716981132,0.8679245283018868,0.6720575022461814,,,binary,0.5238095238095238
W1_web,15,pin_useragent_core,pinning,,9,106,0,12,1.0,0.42857142857142855,0.6,0.0,1.0,0.7142857142857143,,,binary,0.5714285714285714
W1_web,15,pin_ip_or_useragent,pinning,,18,81,25,3,0.4186046511627907,0.8571428571428571,0.5625000000000001,0.2358490566037736,0.7641509433962265,0.8106469002695418,,,binary,0.14285714285714285
W1_web,15,pin_ip_and_useragent,pinning,,7,97,9,14,0.4375,0.3333333333333333,0.37837837837837834,0.08490566037735849,0.9150943396226415,0.6242138364779874,,,binary,0.6666666666666666
W1_web,15,score_distinct_bindings,scored,1.0000000000000002,0,106,0,21,0.0,0.0,0.0,0.0,1.0,0.5,0.805256064690027,0.45933200657610107,continuous,1.0
W1_web,15,score_max_request_rate,scored,1000.0000000000001,0,106,0,21,0.0,0.0,0.0,0.0,1.0,0.5,0.5424528301886793,0.17290125442773668,continuous,1.0
W1_web,15,score_burstiness,scored,9000.0,0,106,0,21,0.0,0.0,0.0,0.0,1.0,0.5,0.4946091644204852,0.1610198532432985,continuous,1.0
W1_web,16,SICA (proposed),proposed,0.6196315797266045,8,106,1,12,0.8888888888888888,0.4,0.5517241379310346,0.009345794392523364,0.9906542056074766,0.6953271028037383,0.9142523364485982,0.7814105101700017,,
W1_web,16,pin_ip,pinning,,14,91,16,6,0.4666666666666667,0.7,0.56,0.14953271028037382,0.8504672897196262,0.775233644859813,,,binary,0.3
W1_web,16,pin_prefix24,pinning,,11,98,9,9,0.55,0.55,0.55,0.08411214953271028,0.9158878504672897,0.7329439252336449,,,binary,0.45
W1_web,16,pin_scope16,pinning,,8,104,3,12,0.7272727272727273,0.4,0.5161290322580645,0.028037383177570093,0.9719626168224299,0.685981308411215,,,binary,0.6
W1_web,16,pin_useragent,pinning,,11,97,10,9,0.5238095238095238,0.55,0.5365853658536585,0.09345794392523364,0.9065420560747663,0.7282710280373832,,,binary,0.45
W1_web,16,pin_useragent_core,pinning,,10,107,0,10,1.0,0.5,0.6666666666666666,0.0,1.0,0.75,,,binary,0.5
W1_web,16,pin_ip_or_useragent,pinning,,18,87,20,2,0.47368421052631576,0.9,0.6206896551724138,0.18691588785046728,0.8130841121495327,0.8565420560747663,,,binary,0.1
W1_web,16,pin_ip_and_useragent,pinning,,7,101,6,13,0.5384615384615384,0.35,0.4242424242424242,0.056074766355140186,0.9439252336448598,0.6469626168224298,,,binary,0.65
W1_web,16,score_distinct_bindings,scored,1.0000000000000002,0,107,0,20,0.0,0.0,0.0,0.0,1.0,0.5,0.8329439252336449,0.5081200787401575,continuous,1.0
W1_web,16,score_max_request_rate,scored,1000.0000000000001,0,107,0,20,0.0,0.0,0.0,0.0,1.0,0.5,0.5327102803738317,0.16576571830844797,continuous,1.0
W1_web,16,score_burstiness,scored,9000.0,0,107,0,20,0.0,0.0,0.0,0.0,1.0,0.5,0.477803738317757,0.15687449756250121,continuous,1.0
W1_web,17,SICA (proposed),proposed,0.6075011889100365,4,106,0,17,1.0,0.19047619047619047,0.32,0.0,1.0,0.5952380952380952,0.8367026055705301,0.6926009122341489,,
W1_web,17,pin_ip,pinning,,13,86,20,8,0.3939393939393939,0.6190476190476191,0.48148148148148145,0.18867924528301888,0.8113207547169812,0.7151841868823001,,,binary,0.38095238095238093
W1_web,17,pin_prefix24,pinning,,11,97,9,10,0.55,0.5238095238095238,0.5365853658536585,0.08490566037735849,0.9150943396226415,0.7194519317160827,,,binary,0.47619047619047616
W1_web,17,pin_scope16,pinning,,8,103,3,13,0.7272727272727273,0.38095238095238093,0.5,0.02830188679245283,0.9716981132075472,0.6763252470799641,,,binary,0.6190476190476191
W1_web,17,pin_useragent,pinning,,9,97,9,12,0.5,0.42857142857142855,0.4615384615384615,0.08490566037735849,0.9150943396226415,0.671832884097035,,,binary,0.5714285714285714
W1_web,17,pin_useragent_core,pinning,,9,106,0,12,1.0,0.42857142857142855,0.6,0.0,1.0,0.7142857142857143,,,binary,0.5714285714285714
W1_web,17,pin_ip_or_useragent,pinning,,16,84,22,5,0.42105263157894735,0.7619047619047619,0.5423728813559322,0.20754716981132076,0.7924528301886793,0.7771787960467206,,,binary,0.23809523809523808
W1_web,17,pin_ip_and_useragent,pinning,,6,99,7,15,0.46153846153846156,0.2857142857142857,0.35294117647058826,0.0660377358490566,0.9339622641509434,0.6098382749326146,,,binary,0.7142857142857143
W1_web,17,score_distinct_bindings,scored,1.0000000000000002,0,106,0,21,0.0,0.0,0.0,0.0,1.0,0.5,0.7908805031446541,0.4609152116854959,continuous,1.0
W1_web,17,score_max_request_rate,scored,1000.0000000000001,0,106,0,21,0.0,0.0,0.0,0.0,1.0,0.5,0.5646900269541779,0.18958090375938583,continuous,1.0
W1_web,17,score_burstiness,scored,9000.0,0,106,0,21,0.0,0.0,0.0,0.0,1.0,0.5,0.5134770889487871,0.16674036276770515,continuous,1.0
W1_web,18,SICA (proposed),proposed,0.6204065464571366,5,103,0,19,1.0,0.20833333333333334,0.3448275862068966,0.0,1.0,0.6041666666666666,0.8836974110032363,0.6921458126588445,,
W1_web,18,pin_ip,pinning,,19,87,16,5,0.5428571428571428,0.7916666666666666,0.6440677966101694,0.1553398058252427,0.8446601941747572,0.8181634304207119,,,binary,0.20833333333333334
W1_web,18,pin_prefix24,pinning,,15,94,9,9,0.625,0.625,0.625,0.08737864077669903,0.912621359223301,0.7688106796116505,,,binary,0.375
W1_web,18,pin_scope16,pinning,,11,98,5,13,0.6875,0.4583333333333333,0.5499999999999999,0.04854368932038835,0.9514563106796117,0.7048948220064725,,,binary,0.5416666666666666
W1_web,18,pin_useragent,pinning,,10,90,13,14,0.43478260869565216,0.4166666666666667,0.425531914893617,0.1262135922330097,0.8737864077669902,0.6452265372168284,,,binary,0.5833333333333334
W1_web,18,pin_useragent_core,pinning,,7,103,0,17,1.0,0.2916666666666667,0.45161290322580644,0.0,1.0,0.6458333333333334,,,binary,0.7083333333333334
W1_web,18,pin_ip_or_useragent,pinning,,21,82,21,3,0.5,0.875,0.6363636363636364,0.20388349514563106,0.7961165048543689,0.8355582524271845,,,binary,0.125
W1_web,18,pin_ip_and_useragent,pinning,,8,95,8,16,0.5,0.3333333333333333,0.4,0.07766990291262135,0.9223300970873787,0.627831715210356,,,binary,0.6666666666666666
W1_web,18,score_distinct_bindings,scored,1.0000000000000002,2,103,0,22,1.0,0.08333333333333333,0.15384615384615385,0.0,1.0,0.5416666666666666,0.8141181229773463,0.5471052897233999,continuous,0.9166666666666666
W1_web,18,score_max_request_rate,scored,1000.0000000000001,0,103,0,24,0.0,0.0,0.0,0.0,1.0,0.5,0.5841423948220065,0.21740715864859442,continuous,1.0
W1_web,18,score_burstiness,scored,9000.0,0,103,0,24,0.0,0.0,0.0,0.0,1.0,0.5,0.48462783171521034,0.18064284767891053,continuous,1.0
W1_web,19,SICA (proposed),proposed,0.6423386364046733,8,104,0,15,1.0,0.34782608695652173,0.5161290322580645,0.0,1.0,0.6739130434782609,0.8668478260869565,0.7426981366297982,,
W1_web,19,pin_ip,pinning,,17,87,17,6,0.5,0.7391304347826086,0.5964912280701754,0.16346153846153846,0.8365384615384616,0.787834448160535,,,binary,0.2608695652173913
W1_web,19,pin_prefix24,pinning,,15,97,7,8,0.6818181818181818,0.6521739130434783,0.6666666666666666,0.0673076923076923,0.9326923076923077,0.792433110367893,,,binary,0.34782608695652173
W1_web,19,pin_scope16,pinning,,10,102,2,13,0.8333333333333334,0.43478260869565216,0.5714285714285714,0.019230769230769232,0.9807692307692307,0.7077759197324415,,,binary,0.5652173913043478
W1_web,19,pin_useragent,pinning,,11,95,9,12,0.55,0.4782608695652174,0.5116279069767442,0.08653846153846154,0.9134615384615384,0.6958612040133779,,,binary,0.5217391304347826
W1_web,19,pin_useragent_core,pinning,,9,104,0,14,1.0,0.391304347826087,0.5625,0.0,1.0,0.6956521739130435,,,binary,0.6086956521739131
W1_web,19,pin_ip_or_useragent,pinning,,20,82,22,3,0.47619047619047616,0.8695652173913043,0.6153846153846153,0.21153846153846154,0.7884615384615384,0.8290133779264214,,,binary,0.13043478260869565
W1_web,19,pin_ip_and_useragent,pinning,,8,100,4,15,0.6666666666666666,0.34782608695652173,0.4571428571428571,0.038461538461538464,0.9615384615384616,0.6546822742474916,,,binary,0.6521739130434783
W1_web,19,score_distinct_bindings,scored,1.0000000000000002,0,104,0,23,0.0,0.0,0.0,0.0,1.0,0.5,0.8359113712374582,0.5707948191258702,continuous,1.0
W1_web,19,score_max_request_rate,scored,1000.0000000000001,0,104,0,23,0.0,0.0,0.0,0.0,1.0,0.5,0.5288461538461539,0.19475004183832093,continuous,1.0
W1_web,19,score_burstiness,scored,9000.0,0,104,0,23,0.0,0.0,0.0,0.0,1.0,0.5,0.4676003344481605,0.16896385875005154,continuous,1.0
W1_web,20,SICA (proposed),proposed,0.4738203075505706,9,103,3,12,0.75,0.42857142857142855,0.5454545454545454,0.02830188679245283,0.9716981132075472,0.7001347708894878,0.8358041329739443,0.6475763382891788,,
W1_web,20,pin_ip,pinning,,14,94,12,7,0.5384615384615384,0.6666666666666666,0.5957446808510638,0.11320754716981132,0.8867924528301887,0.7767295597484276,,,binary,0.3333333333333333
W1_web,20,pin_prefix24,pinning,,13,98,8,8,0.6190476190476191,0.6190476190476191,0.6190476190476191,0.07547169811320754,0.9245283018867925,0.7717879604672058,,,binary,0.38095238095238093
W1_web,20,pin_scope16,pinning,,8,102,4,13,0.6666666666666666,0.38095238095238093,0.4848484848484849,0.03773584905660377,0.9622641509433962,0.6716082659478886,,,binary,0.6190476190476191
W1_web,20,pin_useragent,pinning,,9,102,4,12,0.6923076923076923,0.42857142857142855,0.5294117647058824,0.03773584905660377,0.9622641509433962,0.6954177897574124,,,binary,0.5714285714285714
W1_web,20,pin_useragent_core,pinning,,8,106,0,13,1.0,0.38095238095238093,0.5517241379310345,0.0,1.0,0.6904761904761905,,,binary,0.6190476190476191
W1_web,20,pin_ip_or_useragent,pinning,,16,91,15,5,0.5161290322580645,0.7619047619047619,0.6153846153846153,0.14150943396226415,0.8584905660377359,0.8101976639712489,,,binary,0.23809523809523808
W1_web,20,pin_ip_and_useragent,pinning,,7,105,1,14,0.875,0.3333333333333333,0.48275862068965514,0.009433962264150943,0.9905660377358491,0.6619496855345912,,,binary,0.6666666666666666
W1_web,20,score_distinct_bindings,scored,1.0000000000000002,0,106,0,21,0.0,0.0,0.0,0.0,1.0,0.5,0.7955974842767296,0.4793605344786447,continuous,1.0
W1_web,20,score_max_request_rate,scored,1000.0000000000001,0,106,0,21,0.0,0.0,0.0,0.0,1.0,0.5,0.5694070080862533,0.1836126441170028,continuous,1.0
W1_web,20,score_burstiness,scored,9000.0,0,106,0,21,0.0,0.0,0.0,0.0,1.0,0.5,0.5190925426774483,0.17539043024197856,continuous,1.0
W1_web,21,SICA (proposed),proposed,0.5802967443727741,5,105,0,17,1.0,0.22727272727272727,0.37037037037037035,0.0,1.0,0.6136363636363636,0.9192640692640692,0.7928936131870992,,
W1_web,21,pin_ip,pinning,,14,89,16,8,0.4666666666666667,0.6363636363636364,0.5384615384615385,0.1523809523809524,0.8476190476190476,0.741991341991342,,,binary,0.36363636363636365
W1_web,21,pin_prefix24,pinning,,12,98,7,10,0.631578947368421,0.5454545454545454,0.5853658536585366,0.06666666666666667,0.9333333333333333,0.7393939393939394,,,binary,0.45454545454545453
W1_web,21,pin_scope16,pinning,,8,101,4,14,0.6666666666666666,0.36363636363636365,0.4705882352941177,0.0380952380952381,0.9619047619047619,0.6627705627705628,,,binary,0.6363636363636364
W1_web,21,pin_useragent,pinning,,14,97,8,8,0.6363636363636364,0.6363636363636364,0.6363636363636364,0.0761904761904762,0.9238095238095239,0.7800865800865802,,,binary,0.36363636363636365
W1_web,21,pin_useragent_core,pinning,,12,105,0,10,1.0,0.5454545454545454,0.7058823529411764,0.0,1.0,0.7727272727272727,,,binary,0.45454545454545453
W1_web,21,pin_ip_or_useragent,pinning,,20,86,19,2,0.5128205128205128,0.9090909090909091,0.6557377049180326,0.18095238095238095,0.819047619047619,0.864069264069264,,,binary,0.09090909090909091
W1_web,21,pin_ip_and_useragent,pinning,,8,100,5,14,0.6153846153846154,0.36363636363636365,0.4571428571428572,0.047619047619047616,0.9523809523809523,0.6580086580086579,,,binary,0.6363636363636364
W1_web,21,score_distinct_bindings,scored,1.0000000000000002,0,105,0,22,0.0,0.0,0.0,0.0,1.0,0.5,0.853030303030303,0.5867185635886424,continuous,1.0
W1_web,21,score_max_request_rate,scored,1000.0000000000001,0,105,0,22,0.0,0.0,0.0,0.0,1.0,0.5,0.564935064935065,0.19301309775734812,continuous,1.0
W1_web,21,score_burstiness,scored,9000.0,1,105,0,21,1.0,0.045454545454545456,0.08695652173913045,0.0,1.0,0.5227272727272727,0.48073593073593074,0.20509305033967543,continuous,0.9545454545454546
W1_web,22,SICA (proposed),proposed,0.6277062772741966,5,107,1,14,0.8333333333333334,0.2631578947368421,0.39999999999999997,0.009259259259259259,0.9907407407407407,0.6269493177387914,0.7592592592592593,0.5251144670139306,,
W1_web,22,pin_ip,pinning,,9,88,20,10,0.3103448275862069,0.47368421052631576,0.375,0.18518518518518517,0.8148148148148148,0.6442495126705653,,,binary,0.5263157894736842
W1_web,22,pin_prefix24,pinning,,5,95,13,14,0.2777777777777778,0.2631578947368421,0.27027027027027023,0.12037037037037036,0.8796296296296297,0.5713937621832359,,,binary,0.7368421052631579
W1_web,22,pin_scope16,pinning,,4,105,3,15,0.5714285714285714,0.21052631578947367,0.3076923076923077,0.027777777777777776,0.9722222222222222,0.5913742690058479,,,binary,0.7894736842105263
W1_web,22,pin_useragent,pinning,,7,100,8,12,0.4666666666666667,0.3684210526315789,0.4117647058823529,0.07407407407407407,0.9259259259259259,0.6471734892787524,,,binary,0.631578947368421
W1_web,22,pin_useragent_core,pinning,,7,108,0,12,1.0,0.3684210526315789,0.5384615384615384,0.0,1.0,0.6842105263157895,,,binary,0.631578947368421
W1_web,22,pin_ip_or_useragent,pinning,,13,83,25,6,0.34210526315789475,0.6842105263157895,0.45614035087719296,0.23148148148148148,0.7685185185185185,0.726364522417154,,,binary,0.3157894736842105
W1_web,22,pin_ip_and_useragent,pinning,,3,105,3,16,0.5,0.15789473684210525,0.23999999999999996,0.027777777777777776,0.9722222222222222,0.5650584795321637,,,binary,0.8421052631578947
W1_web,22,score_distinct_bindings,scored,1.0000000000000002,0,108,0,19,0.0,0.0,0.0,0.0,1.0,0.5,0.6766569200779727,0.2725200617865351,continuous,1.0
W1_web,22,score_max_request_rate,scored,1000.0000000000001,0,108,0,19,0.0,0.0,0.0,0.0,1.0,0.5,0.5112085769980507,0.14639392384705568,continuous,1.0
W1_web,22,score_burstiness,scored,9000.0,0,108,0,19,0.0,0.0,0.0,0.0,1.0,0.5,0.42787524366471735,0.12851962256881305,continuous,1.0
W1_web,23,SICA (proposed),proposed,0.6271854879196924,7,108,1,11,0.875,0.3888888888888889,0.5384615384615385,0.009174311926605505,0.9908256880733946,0.6898572884811417,0.9416411824668706,0.8089971940641922,,
W1_web,23,pin_ip,pinning,,14,96,13,4,0.5185185185185185,0.7777777777777778,0.6222222222222222,0.11926605504587157,0.8807339449541285,0.8292558613659531,,,binary,0.2222222222222222
W1_web,23,pin_prefix24,pinning,,10,104,5,8,0.6666666666666666,0.5555555555555556,0.606060606060606,0.045871559633027525,0.9541284403669725,0.754841997961264,,,binary,0.4444444444444444
W1_web,23,pin_scope16,pinning,,7,106,3,11,0.7,0.3888888888888889,0.5,0.027522935779816515,0.9724770642201835,0.6806829765545362,,,binary,0.6111111111111112
W1_web,23,pin_useragent,pinning,,12,99,10,6,0.5454545454545454,0.6666666666666666,0.6,0.09174311926605505,0.908256880733945,0.7874617737003058,,,binary,0.3333333333333333
W1_web,23,pin_useragent_core,pinning,,8,109,0,10,1.0,0.4444444444444444,0.6153846153846153,0.0,1.0,0.7222222222222222,,,binary,0.5555555555555556
W1_web,23,pin_ip_or_useragent,pinning,,18,92,17,0,0.5142857142857142,1.0,0.6792452830188679,0.1559633027522936,0.8440366972477065,0.9220183486238532,,,binary,0.0
W1_web,23,pin_ip_and_useragent,pinning,,8,103,6,10,0.5714285714285714,0.4444444444444444,0.5,0.05504587155963303,0.944954128440367,0.6946992864424058,,,binary,0.5555555555555556
W1_web,23,score_distinct_bindings,scored,1.0000000000000002,1,109,0,17,1.0,0.05555555555555555,0.10526315789473684,0.0,1.0,0.5277777777777778,0.8394495412844036,0.5764071157771945,continuous,0.9444444444444444
W1_web,23,score_max_request_rate,scored,1000.0000000000001,0,109,0,18,0.0,0.0,0.0,0.0,1.0,0.5,0.5540265035677879,0.15609602134967474,continuous,1.0
W1_web,23,score_burstiness,scored,9000.0,0,109,0,18,0.0,0.0,0.0,0.0,1.0,0.5,0.49592252803261977,0.14216231141382404,continuous,1.0
W1_web,24,SICA (proposed),proposed,0.6470873139235767,4,105,1,17,0.8,0.19047619047619047,0.3076923076923077,0.009433962264150943,0.9905660377358491,0.5905211141060198,0.8342318059299192,0.6066072009863038,,
W1_web,24,pin_ip,pinning,,14,87,19,7,0.42424242424242425,0.6666666666666666,0.5185185185185185,0.1792452830188679,0.8207547169811321,0.7437106918238994,,,binary,0.3333333333333333
W1_web,24,pin_prefix24,pinning,,9,99,7,12,0.5625,0.42857142857142855,0.4864864864864864,0.0660377358490566,0.9339622641509434,0.681266846361186,,,binary,0.5714285714285714
W1_web,24,pin_scope16,pinning,,4,102,4,17,0.5,0.19047619047619047,0.27586206896551724,0.03773584905660377,0.9622641509433962,0.5763701707097934,,,binary,0.8095238095238095
W1_web,24,pin_useragent,pinning,,12,90,16,9,0.42857142857142855,0.5714285714285714,0.48979591836734687,0.1509433962264151,0.8490566037735849,0.7102425876010782,,,binary,0.42857142857142855
W1_web,24,pin_useragent_core,pinning,,8,106,0,13,1.0,0.38095238095238093,0.5517241379310345,0.0,1.0,0.6904761904761905,,,binary,0.6190476190476191
W1_web,24,pin_ip_or_useragent,pinning,,18,78,28,3,0.391304347826087,0.8571428571428571,0.5373134328358209,0.2641509433962264,0.7358490566037735,0.7964959568733153,,,binary,0.14285714285714285
W1_web,24,pin_ip_and_useragent,pinning,,8,99,7,13,0.5333333333333333,0.38095238095238093,0.4444444444444444,0.0660377358490566,0.9339622641509434,0.6574573225516622,,,binary,0.6190476190476191
W1_web,24,score_distinct_bindings,scored,1.0000000000000002,3,106,0,18,1.0,0.14285714285714285,0.25,0.0,1.0,0.5714285714285714,0.7812219227313567,0.5153730783652044,continuous,0.8571428571428571
W1_web,24,score_max_request_rate,scored,1000.0000000000001,0,106,0,21,0.0,0.0,0.0,0.0,1.0,0.5,0.3888140161725067,0.13310682744936306,continuous,1.0
W1_web,24,score_burstiness,scored,9000.0,0,106,0,21,0.0,0.0,0.0,0.0,1.0,0.5,0.37601078167115903,0.12971239392203582,continuous,1.0
W1_web,25,SICA (proposed),proposed,0.34559491372237433,10,105,3,9,0.7692307692307693,0.5263157894736842,0.625,0.027777777777777776,0.9722222222222222,0.7492690058479532,0.8501461988304093,0.6613717758474653,,
W1_web,25,pin_ip,pinning,,14,95,13,5,0.5185185185185185,0.7368421052631579,0.6086956521739131,0.12037037037037036,0.8796296296296297,0.8082358674463938,,,binary,0.2631578947368421
W1_web,25,pin_prefix24,pinning,,9,103,5,10,0.6428571428571429,0.47368421052631576,0.5454545454545454,0.046296296296296294,0.9537037037037037,0.7136939571150097,,,binary,0.5263157894736842
W1_web,25,pin_scope16,pinning,,7,105,3,12,0.7,0.3684210526315789,0.48275862068965514,0.027777777777777776,0.9722222222222222,0.6703216374269005,,,binary,0.631578947368421
W1_web,25,pin_useragent,pinning,,7,103,5,12,0.5833333333333334,0.3684210526315789,0.4516129032258065,0.046296296296296294,0.9537037037037037,0.6610623781676414,,,binary,0.631578947368421
W1_web,25,pin_useragent_core,pinning,,6,108,0,13,1.0,0.3157894736842105,0.4799999999999999,0.0,1.0,0.6578947368421053,,,binary,0.6842105263157895
W1_web,25,pin_ip_or_useragent,pinning,,15,92,16,4,0.4838709677419355,0.7894736842105263,0.6,0.14814814814814814,0.8518518518518519,0.8206627680311891,,,binary,0.21052631578947367
W1_web,25,pin_ip_and_useragent,pinning,,6,106,2,13,0.75,0.3157894736842105,0.44444444444444436,0.018518518518518517,0.9814814814814815,0.648635477582846,,,binary,0.6842105263157895
W1_web,25,score_distinct_bindings,scored,1.0000000000000002,1,108,0,18,1.0,0.05263157894736842,0.1,0.0,1.0,0.5263157894736842,0.7149122807017544,0.4020484281570067,continuous,0.9473684210526315
W1_web,25,score_max_request_rate,scored,1000.0000000000001,0,108,0,19,0.0,0.0,0.0,0.0,1.0,0.5,0.6223196881091618,0.18796703962452616,continuous,1.0
W1_web,25,score_burstiness,scored,9000.0,0,108,0,19,0.0,0.0,0.0,0.0,1.0,0.5,0.6159844054580896,0.1883897618151989,continuous,1.0
W1_web,26,SICA (proposed),proposed,0.47565120778024267,11,102,0,14,1.0,0.44,0.6111111111111112,0.0,1.0,0.72,0.9682352941176471,0.9254445628479903,,
W1_web,26,pin_ip,pinning,,20,91,11,5,0.6451612903225806,0.8,0.7142857142857142,0.10784313725490197,0.8921568627450981,0.8460784313725491,,,binary,0.2
W1_web,26,pin_prefix24,pinning,,16,97,5,9,0.7619047619047619,0.64,0.6956521739130435,0.049019607843137254,0.9509803921568627,0.7954901960784313,,,binary,0.36
W1_web,26,pin_scope16,pinning,,10,100,2,15,0.8333333333333334,0.4,0.5405405405405406,0.0196078431372549,0.9803921568627451,0.6901960784313725,,,binary,0.6
W1_web,26,pin_useragent,pinning,,15,90,12,10,0.5555555555555556,0.6,0.576923076923077,0.11764705882352941,0.8823529411764706,0.7411764705882353,,,binary,0.4
W1_web,26,pin_useragent_core,pinning,,9,102,0,16,1.0,0.36,0.5294117647058824,0.0,1.0,0.6799999999999999,,,binary,0.64
W1_web,26,pin_ip_or_useragent,pinning,,24,85,17,1,0.5853658536585366,0.96,0.7272727272727272,0.16666666666666666,0.8333333333333334,0.8966666666666667,,,binary,0.04
W1_web,26,pin_ip_and_useragent,pinning,,11,96,6,14,0.6470588235294118,0.44,0.5238095238095238,0.058823529411764705,0.9411764705882353,0.6905882352941176,,,binary,0.56
W1_web,26,score_distinct_bindings,scored,1.0000000000000002,0,102,0,25,0.0,0.0,0.0,0.0,1.0,0.5,0.8754901960784314,0.6793700787401576,continuous,1.0
W1_web,26,score_max_request_rate,scored,1000.0000000000001,0,102,0,25,0.0,0.0,0.0,0.0,1.0,0.5,0.5762745098039216,0.2319012864453879,continuous,1.0
W1_web,26,score_burstiness,scored,9000.0,0,102,0,25,0.0,0.0,0.0,0.0,1.0,0.5,0.5501960784313725,0.2124929616158847,continuous,1.0
W1_web,27,SICA (proposed),proposed,0.6163730170687172,6,110,1,10,0.8571428571428571,0.375,0.5217391304347825,0.009009009009009009,0.990990990990991,0.6829954954954955,0.8665540540540541,0.6949645010172077,,
W1_web,27,pin_ip,pinning,,12,97,14,4,0.46153846153846156,0.75,0.5714285714285714,0.12612612612612611,0.8738738738738738,0.8119369369369369,,,binary,0.25
W1_web,27,pin_prefix24,pinning,,8,105,6,8,0.5714285714285714,0.5,0.5333333333333333,0.05405405405405406,0.9459459459459459,0.722972972972973,,,binary,0.5
W1_web,27,pin_scope16,pinning,,4,109,2,12,0.6666666666666666,0.25,0.36363636363636365,0.018018018018018018,0.9819819819819819,0.615990990990991,,,binary,0.75
W1_web,27,pin_useragent,pinning,,10,104,7,6,0.5882352941176471,0.625,0.6060606060606061,0.06306306306306306,0.9369369369369369,0.7809684684684685,,,binary,0.375
W1_web,27,pin_useragent_core,pinning,,9,111,0,7,1.0,0.5625,0.72,0.0,1.0,0.78125,,,binary,0.4375
W1_web,27,pin_ip_or_useragent,pinning,,13,95,16,3,0.4482758620689655,0.8125,0.5777777777777777,0.14414414414414414,0.8558558558558559,0.834177927927928,,,binary,0.1875
W1_web,27,pin_ip_and_useragent,pinning,,9,106,5,7,0.6428571428571429,0.5625,0.6000000000000001,0.04504504504504504,0.954954954954955,0.7587274774774775,,,binary,0.4375
W1_web,27,score_distinct_bindings,scored,1.0000000000000002,0,111,0,16,0.0,0.0,0.0,0.0,1.0,0.5,0.754222972972973,0.39261811023622045,continuous,1.0
W1_web,27,score_max_request_rate,scored,1000.0000000000001,0,111,0,16,0.0,0.0,0.0,0.0,1.0,0.5,0.46903153153153154,0.11528071254661194,continuous,1.0
W1_web,27,score_burstiness,scored,9000.0,0,111,0,16,0.0,0.0,0.0,0.0,1.0,0.5,0.43496621621621623,0.11569097267072757,continuous,1.0
W1_web,28,SICA (proposed),proposed,0.37574056239162196,10,96,6,15,0.625,0.4,0.48780487804878053,0.058823529411764705,0.9411764705882353,0.6705882352941177,0.8590196078431372,0.6999872910623015,,
W1_web,28,pin_ip,pinning,,14,81,21,11,0.4,0.56,0.4666666666666667,0.20588235294117646,0.7941176470588235,0.6770588235294117,,,binary,0.44
W1_web,28,pin_prefix24,pinning,,12,87,15,13,0.4444444444444444,0.48,0.4615384615384615,0.14705882352941177,0.8529411764705882,0.6664705882352941,,,binary,0.52
W1_web,28,pin_scope16,pinning,,11,95,7,14,0.6111111111111112,0.44,0.5116279069767442,0.06862745098039216,0.9313725490196079,0.6856862745098039,,,binary,0.56
W1_web,28,pin_useragent,pinning,,13,92,10,12,0.5652173913043478,0.52,0.5416666666666667,0.09803921568627451,0.9019607843137255,0.7109803921568627,,,binary,0.48
W1_web,28,pin_useragent_core,pinning,,13,102,0,12,1.0,0.52,0.6842105263157895,0.0,1.0,0.76,,,binary,0.48
W1_web,28,pin_ip_or_useragent,pinning,,21,78,24,4,0.4666666666666667,0.84,0.6000000000000001,0.23529411764705882,0.7647058823529411,0.8023529411764705,,,binary,0.16
W1_web,28,pin_ip_and_useragent,pinning,,6,95,7,19,0.46153846153846156,0.24,0.3157894736842105,0.06862745098039216,0.9313725490196079,0.5856862745098039,,,binary,0.76
W1_web,28,score_distinct_bindings,scored,1.0000000000000002,1,102,0,24,1.0,0.04,0.07692307692307693,0.0,1.0,0.52,0.8094117647058824,0.4895970356646595,continuous,0.96
W1_web,28,score_max_request_rate,scored,1000.0000000000001,0,102,0,25,0.0,0.0,0.0,0.0,1.0,0.5,0.5866666666666667,0.2303740832815941,continuous,1.0
W1_web,28,score_burstiness,scored,9000.0,0,102,0,25,0.0,0.0,0.0,0.0,1.0,0.5,0.54,0.20483804700555486,continuous,1.0
W1_web,29,SICA (proposed),proposed,0.615290174543909,10,108,0,9,1.0,0.5263157894736842,0.6896551724137931,0.0,1.0,0.763157894736842,0.8974171539961013,0.8017538946458909,,
W1_web,29,pin_ip,pinning,,12,98,10,7,0.5454545454545454,0.631578947368421,0.5853658536585366,0.09259259259259259,0.9074074074074074,0.7694931773879142,,,binary,0.3684210526315789
W1_web,29,pin_prefix24,pinning,,11,102,6,8,0.6470588235294118,0.5789473684210527,0.6111111111111113,0.05555555555555555,0.9444444444444444,0.7616959064327485,,,binary,0.42105263157894735
W1_web,29,pin_scope16,pinning,,7,105,3,12,0.7,0.3684210526315789,0.48275862068965514,0.027777777777777776,0.9722222222222222,0.6703216374269005,,,binary,0.631578947368421
W1_web,29,pin_useragent,pinning,,14,99,9,5,0.6086956521739131,0.7368421052631579,0.6666666666666666,0.08333333333333333,0.9166666666666666,0.8267543859649122,,,binary,0.2631578947368421
W1_web,29,pin_useragent_core,pinning,,12,108,0,7,1.0,0.631578947368421,0.7741935483870968,0.0,1.0,0.8157894736842105,,,binary,0.3684210526315789
W1_web,29,pin_ip_or_useragent,pinning,,16,93,15,3,0.5161290322580645,0.8421052631578947,0.6399999999999999,0.1388888888888889,0.8611111111111112,0.8516081871345029,,,binary,0.15789473684210525
W1_web,29,pin_ip_and_useragent,pinning,,10,104,4,9,0.7142857142857143,0.5263157894736842,0.6060606060606061,0.037037037037037035,0.9629629629629629,0.7446393762183235,,,binary,0.47368421052631576
W1_web,29,score_distinct_bindings,scored,1.0000000000000002,2,108,0,17,1.0,0.10526315789473684,0.1904761904761905,0.0,1.0,0.5526315789473684,0.8435672514619883,0.586738499792789,continuous,0.8947368421052632
W1_web,29,score_max_request_rate,scored,1000.0000000000001,0,108,0,19,0.0,0.0,0.0,0.0,1.0,0.5,0.5816276803118908,0.17276673723369104,continuous,1.0
W1_web,29,score_burstiness,scored,9000.0,0,108,0,19,0.0,0.0,0.0,0.0,1.0,0.5,0.4861111111111111,0.15717645099533423,continuous,1.0
W2_apt,0,SICA (proposed),proposed,0.6195587812815028,48,1241,0,274,1.0,0.14906832298136646,0.2594594594594595,0.0,1.0,0.5745341614906833,0.8433153487720282,0.6861628467218512,,
W2_apt,0,pin_ip,pinning,,224,1059,182,98,0.5517241379310345,0.6956521739130435,0.6153846153846154,0.14665592264302982,0.8533440773569702,0.7744981256350068,,,binary,0.30434782608695654
W2_apt,0,pin_prefix24,pinning,,172,1156,85,150,0.669260700389105,0.5341614906832298,0.5941278065630398,0.0684931506849315,0.9315068493150684,0.7328341699991492,,,binary,0.4658385093167702
W2_apt,0,pin_scope16,pinning,,112,1210,31,210,0.7832167832167832,0.34782608695652173,0.4817204301075269,0.0249798549556809,0.9750201450443191,0.6614231160004205,,,binary,0.6521739130434783
W2_apt,0,pin_useragent,pinning,,150,1107,134,172,0.528169014084507,0.4658385093167702,0.49504950495049505,0.10797743755036261,0.8920225624496374,0.6789305358832038,,,binary,0.5341614906832298
W2_apt,0,pin_useragent_core,pinning,,64,1241,0,258,1.0,0.19875776397515527,0.3316062176165803,0.0,1.0,0.5993788819875776,,,binary,0.8012422360248447
W2_apt,0,pin_ip_or_useragent,pinning,,267,984,257,55,0.5095419847328244,0.8291925465838509,0.6312056737588653,0.20709105560032232,0.7929089443996776,0.8110507454917643,,,binary,0.17080745341614906
W2_apt,0,pin_ip_and_useragent,pinning,,107,1182,59,215,0.6445783132530121,0.33229813664596275,0.43852459016393447,0.04754230459307011,0.9524576954069299,0.6423779160264463,,,binary,0.6677018633540373
W2_apt,0,score_distinct_bindings,scored,1.0000000000000002,9,1241,0,313,1.0,0.027950310559006212,0.054380664652567974,0.0,1.0,0.5139751552795031,0.7695056581298392,0.5114891362536836,continuous,0.9720496894409938
W2_apt,0,score_max_request_rate,scored,1000.0000000000001,0,1241,0,322,0.0,0.0,0.0,0.0,1.0,0.5,0.5104904379857959,0.20624732631693138,continuous,1.0
W2_apt,0,score_burstiness,scored,7500.0,0,1229,12,322,0.0,0.0,0.0,0.009669621273166801,0.9903303787268332,0.4951651893634166,0.46721237631443285,0.1810768860224603,continuous,1.0
W2_apt,1,SICA (proposed),proposed,0.6338757557279366,72,1260,10,221,0.8780487804878049,0.24573378839590443,0.384,0.007874015748031496,0.9921259842519685,0.6189298863239365,0.8578148934454866,0.6639850030321153,,
W2_apt,1,pin_ip,pinning,,201,1061,209,92,0.4902439024390244,0.6860068259385665,0.5718349928876245,0.16456692913385826,0.8354330708661417,0.7607199484023541,,,binary,0.31399317406143346
W2_apt,1,pin_prefix24,pinning,,163,1160,110,130,0.5970695970695971,0.5563139931740614,0.5759717314487632,0.08661417322834646,0.9133858267716536,0.7348499099728575,,,binary,0.44368600682593856
W2_apt,1,pin_scope16,pinning,,104,1229,41,189,0.7172413793103448,0.35494880546075086,0.4748858447488584,0.03228346456692913,0.9677165354330709,0.6613326704469109,,,binary,0.6450511945392492
W2_apt,1,pin_useragent,pinning,,164,1148,122,129,0.5734265734265734,0.5597269624573379,0.5664939550949915,0.09606299212598425,0.9039370078740158,0.7318319851656768,,,binary,0.4402730375426621
W2_apt,1,pin_useragent_core,pinning,,59,1270,0,234,1.0,0.20136518771331058,0.3352272727272727,0.0,1.0,0.6006825938566553,,,binary,0.7986348122866894
W2_apt,1,pin_ip_or_useragent,pinning,,260,1013,257,33,0.5029013539651838,0.8873720136518771,0.6419753086419753,0.20236220472440944,0.7976377952755905,0.8425049044637338,,,binary,0.11262798634812286
W2_apt,1,pin_ip_and_useragent,pinning,,105,1196,74,188,0.5865921787709497,0.3583617747440273,0.4449152542372881,0.05826771653543307,0.9417322834645669,0.6500470291042971,,,binary,0.6416382252559727
W2_apt,1,score_distinct_bindings,scored,1.0000000000000002,12,1270,0,281,1.0,0.040955631399317405,0.07868852459016394,0.0,1.0,0.5204778156996587,0.775872725806885,0.48258040684982834,continuous,0.9590443686006825
W2_apt,1,score_max_request_rate,scored,1000.0000000000001,0,1270,0,293,0.0,0.0,0.0,0.0,1.0,0.5,0.4980543387707936,0.18150215766804711,continuous,1.0
W2_apt,1,score_burstiness,scored,7500.0,0,1258,12,293,0.0,0.0,0.0,0.009448818897637795,0.9905511811023622,0.4952755905511811,0.4518878826153557,0.1606447478312762,continuous,1.0
W2_apt,2,SICA (proposed),proposed,0.6335456139747008,64,1258,12,229,0.8421052631578947,0.21843003412969283,0.3468834688346884,0.009448818897637795,0.9905511811023622,0.6044906076160275,0.8602926553975975,0.6697159085308438,,
W2_apt,2,pin_ip,pinning,,216,1099,171,77,0.5581395348837209,0.7372013651877133,0.6352941176470588,0.1346456692913386,0.8653543307086614,0.8012778479481873,,,binary,0.2627986348122867
W2_apt,2,pin_prefix24,pinning,,157,1184,86,136,0.6460905349794238,0.5358361774744027,0.585820895522388,0.06771653543307087,0.9322834645669291,0.7340598210206659,,,binary,0.4641638225255973
W2_apt,2,pin_scope16,pinning,,101,1240,30,192,0.7709923664122137,0.3447098976109215,0.47641509433962265,0.023622047244094488,0.9763779527559056,0.6605439251834135,,,binary,0.6552901023890785
W2_apt,2,pin_useragent,pinning,,148,1148,122,145,0.5481481481481482,0.5051194539249146,0.5257548845470692,0.09606299212598425,0.9039370078740158,0.7045282308994651,,,binary,0.4948805460750853
W2_apt,2,pin_useragent_core,pinning,,56,1270,0,237,1.0,0.19112627986348124,0.3209169054441261,0.0,1.0,0.5955631399317406,,,binary,0.8088737201365188
W2_apt,2,pin_ip_or_useragent,pinning,,257,1032,238,36,0.5191919191919192,0.8771331058020477,0.6522842639593909,0.18740157480314962,0.8125984251968504,0.8448657654994491,,,binary,0.12286689419795221
W2_apt,2,pin_ip_and_useragent,pinning,,107,1215,55,186,0.6604938271604939,0.3651877133105802,0.4703296703296703,0.04330708661417323,0.9566929133858267,0.6609403133482035,,,binary,0.6348122866894198
W2_apt,2,score_distinct_bindings,scored,1.0000000000000002,6,1270,0,287,1.0,0.020477815699658702,0.04013377926421404,0.0,1.0,0.5102389078498294,0.7688828572196393,0.48747102960559413,continuous,0.9795221843003413
W2_apt,2,score_max_request_rate,scored,1000.0000000000001,0,1270,0,293,0.0,0.0,0.0,0.0,1.0,0.5,0.5236166724893176,0.19210600173475442,continuous,1.0
W2_apt,2,score_burstiness,scored,7500.0,1,1258,12,292,0.07692307692307693,0.0034129692832764505,0.006535947712418301,0.009448818897637795,0.9905511811023622,0.49698207519281934,0.4749576738061326,0.16897981134529017,continuous,0.9965870307167235
W2_apt,3,SICA (proposed),proposed,0.6297209996521173,46,1267,0,250,1.0,0.1554054054054054,0.26900584795321636,0.0,1.0,0.5777027027027027,0.8362219757247381,0.6337159068027421,,
W2_apt,3,pin_ip,pinning,,200,1070,197,96,0.5037783375314862,0.6756756756756757,0.5772005772005773,0.15548539857932123,0.8445146014206788,0.7600951385481772,,,binary,0.32432432432432434
W2_apt,3,pin_prefix24,pinning,,154,1168,99,142,0.6086956521739131,0.5202702702702703,0.5610200364298726,0.07813733228097869,0.9218626677190213,0.7210664689946458,,,binary,0.4797297297297297
W2_apt,3,pin_scope16,pinning,,109,1219,48,187,0.6942675159235668,0.36824324324324326,0.48123620309050774,0.037884767166535126,0.9621152328334649,0.6651792380383541,,,binary,0.6317567567567568
W2_apt,3,pin_useragent,pinning,,142,1151,116,154,0.5503875968992248,0.4797297297297297,0.5126353790613718,0.09155485398579322,0.9084451460142068,0.6940874378719682,,,binary,0.5202702702702703
W2_apt,3,pin_useragent_core,pinning,,67,1267,0,229,1.0,0.22635135135135134,0.3691460055096419,0.0,1.0,0.6131756756756757,,,binary,0.7736486486486487
W2_apt,3,pin_ip_or_useragent,pinning,,247,1015,252,49,0.49498997995991983,0.8344594594594594,0.6213836477987421,0.19889502762430938,0.8011049723756906,0.8177822159175749,,,binary,0.16554054054054054
W2_apt,3,pin_ip_and_useragent,pinning,,95,1206,61,201,0.6089743589743589,0.32094594594594594,0.42035398230088494,0.04814522494080505,0.9518547750591949,0.6364003605025704,,,binary,0.6790540540540541
W2_apt,3,score_distinct_bindings,scored,1.0000000000000002,5,1267,0,291,1.0,0.016891891891891893,0.03322259136212625,0.0,1.0,0.5084459459459459,0.7622669532199919,0.46796095987892516,continuous,0.9831081081081081
W2_apt,3,score_max_request_rate,scored,1000.0000000000001,0,1267,0,296,0.0,0.0,0.0,0.0,1.0,0.5,0.49608433413682035,0.18346539581559573,continuous,1.0
W2_apt,3,score_burstiness,scored,7500.0,0,1258,9,296,0.0,0.0,0.0,0.007103393843725336,0.9928966061562746,0.4964483030781373,0.4572796454702532,0.16473804368264777,continuous,1.0
W2_apt,4,SICA (proposed),proposed,0.6251782256659342,87,1243,15,218,0.8529411764705882,0.28524590163934427,0.4275184275184275,0.01192368839427663,0.9880763116057234,0.6366611066225338,0.8434087414318852,0.647294555666123,,
W2_apt,4,pin_ip,pinning,,214,1062,196,91,0.5219512195121951,0.7016393442622951,0.5986013986013986,0.15580286168521462,0.8441971383147854,0.7729182412885403,,,binary,0.2983606557377049
W2_apt,4,pin_prefix24,pinning,,161,1151,107,144,0.6007462686567164,0.5278688524590164,0.5619546247818499,0.08505564387917329,0.9149443561208267,0.7214066042899215,,,binary,0.4721311475409836
W2_apt,4,pin_scope16,pinning,,108,1218,40,197,0.7297297297297297,0.3540983606557377,0.4768211920529801,0.03179650238473768,0.9682034976152624,0.6611509291355,,,binary,0.6459016393442623
W2_apt,4,pin_useragent,pinning,,151,1135,123,154,0.551094890510949,0.49508196721311476,0.5215889464594128,0.09777424483306836,0.9022257551669316,0.6986538611900232,,,binary,0.5049180327868853
W2_apt,4,pin_useragent_core,pinning,,57,1258,0,248,1.0,0.18688524590163935,0.31491712707182323,0.0,1.0,0.5934426229508196,,,binary,0.8131147540983606
W2_apt,4,pin_ip_or_useragent,pinning,,266,996,262,39,0.5037878787878788,0.8721311475409836,0.638655462184874,0.2082670906200318,0.7917329093799682,0.8319320284604759,,,binary,0.12786885245901639
W2_apt,4,pin_ip_and_useragent,pinning,,99,1201,57,206,0.6346153846153846,0.32459016393442625,0.42950108459869846,0.04531001589825119,0.9546899841017488,0.6396400740180875,,,binary,0.6754098360655738
W2_apt,4,score_distinct_bindings,scored,1.0000000000000002,11,1258,0,294,1.0,0.036065573770491806,0.06962025316455697,0.0,1.0,0.5180327868852459,0.7540879355729886,0.4635581175627729,continuous,0.9639344262295082
W2_apt,4,score_max_request_rate,scored,1000.0000000000001,0,1258,0,305,0.0,0.0,0.0,0.0,1.0,0.5,0.5067372097266022,0.1929876082258035,continuous,1.0
W2_apt,4,score_burstiness,scored,7500.0,1,1250,8,304,0.1111111111111111,0.003278688524590164,0.006369426751592357,0.006359300476947536,0.9936406995230525,0.4984596940238213,0.46092288045036356,0.17267714661553019,continuous,0.9967213114754099
W2_apt,5,SICA (proposed),proposed,0.6251736588712359,77,1255,7,224,0.9166666666666666,0.2558139534883721,0.4,0.005546751188589541,0.9944532488114105,0.6251336011498914,0.8595858495980119,0.6871319464022375,,
W2_apt,5,pin_ip,pinning,,225,1064,198,76,0.5319148936170213,0.7475083056478405,0.6215469613259668,0.15689381933438987,0.8431061806656102,0.7953072431567254,,,binary,0.25249169435215946
W2_apt,5,pin_prefix24,pinning,,166,1174,88,135,0.6535433070866141,0.5514950166112956,0.5981981981981981,0.06973058637083994,0.93026941362916,0.7408822151202279,,,binary,0.4485049833887043
W2_apt,5,pin_scope16,pinning,,106,1229,33,195,0.762589928057554,0.3521594684385382,0.48181818181818187,0.026148969889064975,0.973851030110935,0.6630052492747366,,,binary,0.6478405315614618
W2_apt,5,pin_useragent,pinning,,143,1122,140,158,0.5053003533568905,0.4750830564784053,0.48972602739726034,0.1109350237717908,0.8890649762282092,0.6820740163533072,,,binary,0.5249169435215947
W2_apt,5,pin_useragent_core,pinning,,60,1262,0,241,1.0,0.19933554817275748,0.33240997229916897,0.0,1.0,0.5996677740863787,,,binary,0.8006644518272426
W2_apt,5,pin_ip_or_useragent,pinning,,265,999,263,36,0.5018939393939394,0.8803986710963455,0.6393244873341375,0.20839936608557844,0.7916006339144216,0.8359996525053836,,,binary,0.11960132890365449
W2_apt,5,pin_ip_and_useragent,pinning,,103,1187,75,198,0.5786516853932584,0.34219269102990035,0.430062630480167,0.059429477020602216,0.9405705229793978,0.6413816070046491,,,binary,0.6578073089700996
W2_apt,5,score_distinct_bindings,scored,1.0000000000000002,15,1262,0,286,1.0,0.04983388704318937,0.0949367088607595,0.0,1.0,0.5249169435215947,0.7691977612922588,0.4999574650692804,continuous,0.9501661129568106
W2_apt,5,score_max_request_rate,scored,1000.0000000000001,0,1262,0,301,0.0,0.0,0.0,0.0,1.0,0.5,0.4980321801075127,0.18840690204311905,continuous,1.0
W2_apt,5,score_burstiness,scored,7500.0,1,1251,11,300,0.08333333333333333,0.0033222591362126247,0.006389776357827477,0.008716323296354992,0.991283676703645,0.49730296791992884,0.4583677756658997,0.1681892663565282,continuous,0.9966777408637874
W2_apt,6,SICA (proposed),proposed,0.6291306598607519,49,1243,0,271,1.0,0.153125,0.2655826558265583,0.0,1.0,0.5765625,0.8468083769106999,0.6583784940617997,,
W2_apt,6,pin_ip,pinning,,229,1057,186,91,0.5518072289156627,0.715625,0.6231292517006802,0.14963797264682221,0.8503620273531778,0.7829935136765889,,,binary,0.284375
W2_apt,6,pin_prefix24,pinning,,172,1139,104,148,0.6231884057971014,0.5375,0.5771812080536913,0.083668543845535,0.916331456154465,0.7269157280772325,,,binary,0.4625
W2_apt,6,pin_scope16,pinning,,118,1204,39,202,0.7515923566878981,0.36875,0.4947589098532495,0.031375703942075624,0.9686242960579243,0.6686871480289622,,,binary,0.63125
W2_apt,6,pin_useragent,pinning,,144,1117,126,176,0.5333333333333333,0.45,0.48813559322033895,0.10136765888978279,0.8986323411102172,0.6743161705551086,,,binary,0.55
W2_apt,6,pin_useragent_core,pinning,,56,1243,0,264,1.0,0.175,0.2978723404255319,0.0,1.0,0.5875,,,binary,0.825
W2_apt,6,pin_ip_or_useragent,pinning,,267,981,262,53,0.504725897920605,0.834375,0.6289752650176679,0.21078037007240547,0.7892196299275945,0.8117973149637973,,,binary,0.165625
W2_apt,6,pin_ip_and_useragent,pinning,,106,1193,50,214,0.6794871794871795,0.33125,0.4453781512605042,0.04022526146419952,0.9597747385358005,0.6455123692679002,,,binary,0.66875
W2_apt,6,score_distinct_bindings,scored,1.0000000000000002,13,1243,0,307,1.0,0.040625,0.07807807807807808,0.0,1.0,0.5203125,0.7551777453740949,0.4792163367790566,continuous,0.959375
W2_apt,6,score_max_request_rate,scored,1000.0000000000001,0,1243,0,320,0.0,0.0,0.0,0.0,1.0,0.5,0.4981911202735318,0.19871000039456843,continuous,1.0
W2_apt,6,score_burstiness,scored,7500.0,1,1231,12,319,0.07692307692307693,0.003125,0.006006006006006006,0.009654062751407884,0.9903459372485921,0.4967354686242961,0.4532896721641191,0.17722173642037048,continuous,0.996875
W2_apt,7,SICA (proposed),proposed,0.6280496543064498,83,1241,11,228,0.8829787234042553,0.26688102893890675,0.4098765432098765,0.00878594249201278,0.9912140575079872,0.629047543223447,0.8473477805286461,0.6736359765330162,,
W2_apt,7,pin_ip,pinning,,206,1075,177,105,0.5378590078328982,0.662379421221865,0.5936599423631124,0.1413738019169329,0.8586261980830671,0.760502809652466,,,binary,0.33762057877813506
W2_apt,7,pin_prefix24,pinning,,155,1164,88,156,0.6378600823045267,0.4983922829581994,0.5595667870036102,0.07028753993610223,0.9297124600638977,0.7140523715110485,,,binary,0.5016077170418006
W2_apt,7,pin_scope16,pinning,,110,1216,36,201,0.7534246575342466,0.3536977491961415,0.4814004376367616,0.02875399361022364,0.9712460063897763,0.6624718777929589,,,binary,0.6463022508038585
W2_apt,7,pin_useragent,pinning,,141,1134,118,170,0.5444015444015444,0.4533762057877814,0.49473684210526314,0.09424920127795527,0.9057507987220448,0.6795635022549131,,,binary,0.5466237942122186
W2_apt,7,pin_useragent_core,pinning,,67,1252,0,244,1.0,0.21543408360128619,0.3544973544973545,0.0,1.0,0.6077170418006431,,,binary,0.7845659163987139
W2_apt,7,pin_ip_or_useragent,pinning,,264,1010,242,47,0.5217391304347826,0.8488745980707395,0.646266829865361,0.19329073482428116,0.8067092651757188,0.8277919316232292,,,binary,0.15112540192926044
W2_apt,7,pin_ip_and_useragent,pinning,,83,1199,53,228,0.6102941176470589,0.26688102893890675,0.3713646532438479,0.04233226837060703,0.957667731629393,0.6122743802841499,,,binary,0.7331189710610932
W2_apt,7,score_distinct_bindings,scored,1.0000000000000002,9,1252,0,302,1.0,0.028938906752411574,0.05625,0.0,1.0,0.5144694533762058,0.7600854709635002,0.48864027302627755,continuous,0.9710610932475884
W2_apt,7,score_max_request_rate,scored,1000.0000000000001,0,1252,0,311,0.0,0.0,0.0,0.0,1.0,0.5,0.5093034424663304,0.19814917457437944,continuous,1.0
W2_apt,7,score_burstiness,scored,7500.0,0,1239,13,311,0.0,0.0,0.0,0.010383386581469648,0.9896166134185304,0.4948083067092652,0.456985864417575,0.17138254700596273,continuous,1.0
W2_apt,8,SICA (proposed),proposed,0.6395455004788864,66,1263,11,223,0.8571428571428571,0.22837370242214533,0.36065573770491804,0.008634222919937205,0.9913657770800628,0.609869739751104,0.8356618665565774,0.62765596196601,,
W2_apt,8,pin_ip,pinning,,206,1101,173,83,0.5435356200527705,0.71280276816609,0.6167664670658682,0.1357927786499215,0.8642072213500785,0.7885049947580842,,,binary,0.28719723183391005
W2_apt,8,pin_prefix24,pinning,,148,1187,87,141,0.6297872340425532,0.5121107266435986,0.5648854961832062,0.06828885400313972,0.9317111459968603,0.7219109363202294,,,binary,0.48788927335640137
W2_apt,8,pin_scope16,pinning,,101,1244,30,188,0.7709923664122137,0.3494809688581315,0.4809523809523809,0.023547880690737835,0.9764521193092621,0.6629665440836968,,,binary,0.6505190311418685
W2_apt,8,pin_useragent,pinning,,117,1167,107,172,0.5223214285714286,0.40484429065743943,0.456140350877193,0.08398744113029827,0.9160125588697017,0.6604284247635706,,,binary,0.5951557093425606
W2_apt,8,pin_useragent_core,pinning,,47,1274,0,242,1.0,0.16262975778546712,0.2797619047619047,0.0,1.0,0.5813148788927336,,,binary,0.8373702422145328
W2_apt,8,pin_ip_or_useragent,pinning,,233,1042,232,56,0.5010752688172043,0.8062283737024222,0.6180371352785147,0.18210361067503925,0.8178963893249608,0.8120623815136915,,,binary,0.19377162629757785
W2_apt,8,pin_ip_and_useragent,pinning,,90,1226,48,199,0.6521739130434783,0.31141868512110726,0.42154566744730676,0.03767660910518053,0.9623233908948194,0.6368710380079634,,,binary,0.6885813148788927
W2_apt,8,score_distinct_bindings,scored,1.0000000000000002,5,1274,0,284,1.0,0.01730103806228374,0.034013605442176874,0.0,1.0,0.5086505190311419,0.7484532274448241,0.45437198892202246,continuous,0.9826989619377162
W2_apt,8,score_max_request_rate,scored,1000.0000000000001,0,1274,0,289,0.0,0.0,0.0,0.0,1.0,0.5,0.5147642767514246,0.18599234647519983,continuous,1.0
W2_apt,8,score_burstiness,scored,7500.0,1,1264,10,288,0.09090909090909091,0.0034602076124567475,0.006666666666666667,0.007849293563579277,0.9921507064364207,0.49780545702443874,0.4716366184482843,0.16519319274077254,continuous,0.9965397923875432
W2_apt,9,SICA (proposed),proposed,0.6430113774475819,92,1222,6,243,0.9387755102040817,0.2746268656716418,0.4249422632794457,0.004885993485342019,0.995114006514658,0.6348704360931499,0.8618454956487919,0.7083534008814324,,
W2_apt,9,pin_ip,pinning,,243,1033,195,92,0.5547945205479452,0.7253731343283583,0.628719275549806,0.15879478827361562,0.8412052117263844,0.7832891730273713,,,binary,0.2746268656716418
W2_apt,9,pin_prefix24,pinning,,174,1150,78,161,0.6904761904761905,0.5194029850746269,0.5928449744463373,0.06351791530944625,0.9364820846905537,0.7279425348825903,,,binary,0.48059701492537316
W2_apt,9,pin_scope16,pinning,,117,1203,25,218,0.823943661971831,0.3492537313432836,0.49056603773584906,0.02035830618892508,0.9796416938110749,0.6644477125771793,,,binary,0.6507462686567164
W2_apt,9,pin_useragent,pinning,,155,1101,127,180,0.549645390070922,0.4626865671641791,0.5024311183144247,0.10342019543973942,0.8965798045602605,0.6796331858622198,,,binary,0.5373134328358209
W2_apt,9,pin_useragent_core,pinning,,69,1228,0,266,1.0,0.20597014925373133,0.34158415841584155,0.0,1.0,0.6029850746268657,,,binary,0.7940298507462686
W2_apt,9,pin_ip_or_useragent,pinning,,287,975,253,48,0.5314814814814814,0.8567164179104477,0.6559999999999999,0.20602605863192183,0.7939739413680782,0.825345179639263,,,binary,0.14328358208955225
W2_apt,9,pin_ip_and_useragent,pinning,,111,1159,69,224,0.6166666666666667,0.33134328358208953,0.43106796116504853,0.05618892508143322,0.9438110749185668,0.6375771792503282,,,binary,0.6686567164179105
W2_apt,9,score_distinct_bindings,scored,1.0000000000000002,6,1228,0,329,1.0,0.01791044776119403,0.03519061583577713,0.0,1.0,0.508955223880597,0.7643322475570032,0.5167239825241646,continuous,0.982089552238806
W2_apt,9,score_max_request_rate,scored,1000.0000000000001,0,1228,0,335,0.0,0.0,0.0,0.0,1.0,0.5,0.48637512761923285,0.20414442267219896,continuous,1.0
W2_apt,9,score_burstiness,scored,7500.0,2,1217,11,333,0.15384615384615385,0.005970149253731343,0.011494252873563218,0.008957654723127036,0.991042345276873,0.4985062472653021,0.44302834362390003,0.1838948368621945,continuous,0.9940298507462687
W2_apt,10,SICA (proposed),proposed,0.6285873959825372,78,1269,7,209,0.9176470588235294,0.27177700348432055,0.41935483870967744,0.0054858934169279,0.9945141065830722,0.6331455550336964,0.8570814173211145,0.6944427762862023,,
W2_apt,10,pin_ip,pinning,,183,1105,171,104,0.5169491525423728,0.6376306620209059,0.5709828393135725,0.13401253918495298,0.8659874608150471,0.7518090614179764,,,binary,0.3623693379790941
W2_apt,10,pin_prefix24,pinning,,145,1197,79,142,0.6473214285714286,0.5052264808362369,0.5675146771037183,0.06191222570532915,0.9380877742946708,0.7216571275654539,,,binary,0.49477351916376305
W2_apt,10,pin_scope16,pinning,,92,1251,25,195,0.7863247863247863,0.3205574912891986,0.45544554455445546,0.019592476489028215,0.9804075235109718,0.6504825074000852,,,binary,0.6794425087108014
W2_apt,10,pin_useragent,pinning,,162,1151,125,125,0.5644599303135889,0.5644599303135889,0.5644599303135889,0.09796238244514106,0.9020376175548589,0.7332487739342239,,,binary,0.4355400696864111
W2_apt,10,pin_useragent_core,pinning,,72,1276,0,215,1.0,0.2508710801393728,0.4011142061281337,0.0,1.0,0.6254355400696864,,,binary,0.7491289198606271
W2_apt,10,pin_ip_or_useragent,pinning,,248,1043,233,39,0.5155925155925156,0.8641114982578397,0.6458333333333334,0.18260188087774296,0.817398119122257,0.8407548086900484,,,binary,0.13588850174216027
W2_apt,10,pin_ip_and_useragent,pinning,,97,1213,63,190,0.60625,0.33797909407665505,0.43400447427293065,0.0493730407523511,0.950626959247649,0.644303026662152,,,binary,0.662020905923345
W2_apt,10,score_distinct_bindings,scored,1.0000000000000002,4,1276,0,283,1.0,0.013937282229965157,0.0274914089347079,0.0,1.0,0.5069686411149826,0.7743533800093935,0.4960994412705106,continuous,0.9860627177700348
W2_apt,10,score_max_request_rate,scored,1000.0000000000001,0,1276,0,287,0.0,0.0,0.0,0.0,1.0,0.5,0.5082889146177624,0.18325774691674307,continuous,1.0
W2_apt,10,score_burstiness,scored,7500.0,2,1266,10,285,0.16666666666666666,0.006968641114982578,0.013377926421404684,0.007836990595611285,0.9921630094043887,0.4995658252596857,0.4664128974473802,0.16461603341459138,continuous,0.9930313588850174
W2_apt,11,SICA (proposed),proposed,0.6322209055500153,86,1246,12,219,0.8775510204081632,0.2819672131147541,0.42679900744416877,0.009538950715421303,0.9904610492845787,0.6362141311996664,0.838386457817509,0.6680075743060003,,
W2_apt,11,pin_ip,pinning,,190,1087,171,115,0.5263157894736842,0.6229508196721312,0.5705705705705705,0.1359300476947536,0.8640699523052464,0.7435103859886888,,,binary,0.3770491803278688
W2_apt,11,pin_prefix24,pinning,,147,1173,85,158,0.6336206896551724,0.4819672131147541,0.547486033519553,0.06756756756756757,0.9324324324324325,0.7071998227735933,,,binary,0.5180327868852459
W2_apt,11,pin_scope16,pinning,,91,1225,33,214,0.7338709677419355,0.2983606557377049,0.42424242424242425,0.026232114467408585,0.9737678855325914,0.6360642706351481,,,binary,0.7016393442622951
W2_apt,11,pin_useragent,pinning,,156,1137,121,149,0.5631768953068592,0.5114754098360655,0.5360824742268041,0.09618441971383147,0.9038155802861685,0.7076454950611171,,,binary,0.4885245901639344
W2_apt,11,pin_useragent_core,pinning,,88,1258,0,217,1.0,0.28852459016393445,0.4478371501272265,0.0,1.0,0.6442622950819672,,,binary,0.7114754098360656
W2_apt,11,pin_ip_or_useragent,pinning,,252,1016,242,53,0.5101214574898786,0.8262295081967214,0.6307884856070087,0.19236883942766295,0.8076311605723371,0.8169303343845292,,,binary,0.1737704918032787
W2_apt,11,pin_ip_and_useragent,pinning,,94,1208,50,211,0.6527777777777778,0.3081967213114754,0.41870824053452116,0.0397456279809221,0.9602543720190779,0.6342255466652766,,,binary,0.6918032786885245
W2_apt,11,score_distinct_bindings,scored,1.0000000000000002,6,1258,0,299,1.0,0.019672131147540985,0.03858520900321544,0.0,1.0,0.5098360655737705,0.7652414709791759,0.49171133389829524,continuous,0.980327868852459
W2_apt,11,score_max_request_rate,scored,1000.0000000000001,0,1258,0,305,0.0,0.0,0.0,0.0,1.0,0.5,0.5265800516041597,0.20136957235996628,continuous,1.0
W2_apt,11,score_burstiness,scored,7500.0,0,1245,13,305,0.0,0.0,0.0,0.010333863275039745,0.9896661367249603,0.49483306836248014,0.4868552737887357,0.17706250591680062,continuous,1.0
W2_apt,12,SICA (proposed),proposed,0.6280927793088075,79,1245,13,226,0.8586956521739131,0.25901639344262295,0.3979848866498741,0.010333863275039745,0.9896661367249603,0.6243412650837916,0.8414397039276499,0.6483848824383183,,
W2_apt,12,pin_ip,pinning,,212,1081,177,93,0.5449871465295629,0.6950819672131148,0.6109510086455332,0.14069952305246422,0.8593004769475358,0.7771912220803252,,,binary,0.30491803278688523
W2_apt,12,pin_prefix24,pinning,,149,1174,84,156,0.6394849785407726,0.4885245901639344,0.5539033457249071,0.06677265500794913,0.9332273449920508,0.7108759675779927,,,binary,0.5114754098360655
W2_apt,12,pin_scope16,pinning,,105,1216,42,200,0.7142857142857143,0.3442622950819672,0.46460176991150437,0.033386327503974564,0.9666136724960255,0.6554379837889963,,,binary,0.6557377049180327
W2_apt,12,pin_useragent,pinning,,147,1147,111,158,0.5697674418604651,0.4819672131147541,0.522202486678508,0.08823529411764706,0.9117647058823529,0.6968659594985536,,,binary,0.5180327868852459
W2_apt,12,pin_useragent_core,pinning,,68,1258,0,237,1.0,0.22295081967213115,0.3646112600536193,0.0,1.0,0.6114754098360655,,,binary,0.7770491803278688
W2_apt,12,pin_ip_or_useragent,pinning,,262,1024,234,43,0.5282258064516129,0.8590163934426229,0.6541822721598002,0.18600953895071543,0.8139904610492846,0.8365034272459537,,,binary,0.14098360655737704
W2_apt,12,pin_ip_and_useragent,pinning,,97,1204,54,208,0.6423841059602649,0.3180327868852459,0.425438596491228,0.04292527821939587,0.9570747217806042,0.637553754332925,,,binary,0.6819672131147541
W2_apt,12,score_distinct_bindings,scored,1.0000000000000002,10,1258,0,295,1.0,0.03278688524590164,0.06349206349206349,0.0,1.0,0.5163934426229508,0.7513148635617295,0.47698981245310046,continuous,0.9672131147540983
W2_apt,12,score_max_request_rate,scored,1000.0000000000001,0,1258,0,305,0.0,0.0,0.0,0.0,1.0,0.5,0.5181200969532695,0.19674147895193372,continuous,1.0
W2_apt,12,score_burstiness,scored,7500.0,0,1248,10,305,0.0,0.0,0.0,0.00794912559618442,0.9920508744038156,0.4960254372019078,0.4674372540332039,0.17050938972122942,continuous,1.0
W2_apt,13,SICA (proposed),proposed,0.6309468007380896,85,1254,13,211,0.8673469387755102,0.28716216216216217,0.4314720812182741,0.010260457774269928,0.98973954222573,0.638450852193946,0.8720055888564175,0.6921724206183737,,
W2_apt,13,pin_ip,pinning,,215,1083,184,81,0.5388471177944862,0.7263513513513513,0.6187050359712231,0.1452249408050513,0.8547750591949487,0.7905632052731499,,,binary,0.27364864864864863
W2_apt,13,pin_prefix24,pinning,,167,1174,93,129,0.6423076923076924,0.5641891891891891,0.6007194244604317,0.0734017363851618,0.9265982636148382,0.7453937264020136,,,binary,0.4358108108108108
W2_apt,13,pin_scope16,pinning,,106,1227,40,190,0.726027397260274,0.3581081081081081,0.47963800904977383,0.03157063930544594,0.9684293606945541,0.663268734401331,,,binary,0.6418918918918919
W2_apt,13,pin_useragent,pinning,,160,1166,101,136,0.6130268199233716,0.5405405405405406,0.5745062836624775,0.07971586424625099,0.920284135753749,0.7304123381471448,,,binary,0.4594594594594595
W2_apt,13,pin_useragent_core,pinning,,75,1267,0,221,1.0,0.2533783783783784,0.40431266846361186,0.0,1.0,0.6266891891891893,,,binary,0.7466216216216216
W2_apt,13,pin_ip_or_useragent,pinning,,263,1029,238,33,0.5249500998003992,0.8885135135135135,0.6599749058971142,0.1878453038674033,0.8121546961325967,0.850334104823055,,,binary,0.11148648648648649
W2_apt,13,pin_ip_and_useragent,pinning,,112,1220,47,184,0.7044025157232704,0.3783783783783784,0.49230769230769234,0.037095501183898975,0.9629044988161011,0.6706414385972397,,,binary,0.6216216216216216
W2_apt,13,score_distinct_bindings,scored,1.0000000000000002,10,1267,0,286,1.0,0.033783783783783786,0.06535947712418301,0.0,1.0,0.5168918918918919,0.7871741611382496,0.5122084800393375,continuous,0.9662162162162162
W2_apt,13,score_max_request_rate,scored,1000.0000000000001,0,1267,0,296,0.0,0.0,0.0,0.0,1.0,0.5,0.48729308432347107,0.18108719391987202,continuous,1.0
W2_apt,13,score_burstiness,scored,7500.0,1,1258,9,295,0.1,0.0033783783783783786,0.006535947712418301,0.007103393843725336,0.9928966061562746,0.4981374922673265,0.44681120544380215,0.1648377391236652,continuous,0.9966216216216216
W2_apt,14,SICA (proposed),proposed,0.6255705614149855,45,1280,0,238,1.0,0.15901060070671377,0.274390243902439,0.0,1.0,0.5795053003533569,0.8396132398409893,0.6222181503679951,,
W2_apt,14,pin_ip,pinning,,192,1072,208,91,0.48,0.6784452296819788,0.5622254758418742,0.1625,0.8375,0.7579726148409894,,,binary,0.3215547703180212
W2_apt,14,pin_prefix24,pinning,,144,1168,112,139,0.5625,0.508833922261484,0.5343228200371056,0.0875,0.9125,0.710666961130742,,,binary,0.4911660777385159
W2_apt,14,pin_scope16,pinning,,98,1228,52,185,0.6533333333333333,0.3462897526501767,0.45265588914549654,0.040625,0.959375,0.6528323763250883,,,binary,0.6537102473498233
W2_apt,14,pin_useragent,pinning,,141,1146,134,142,0.5127272727272727,0.49823321554770317,0.5053763440860215,0.1046875,0.8953125,0.6967728577738516,,,binary,0.5017667844522968
W2_apt,14,pin_useragent_core,pinning,,61,1280,0,222,1.0,0.21554770318021202,0.3546511627906977,0.0,1.0,0.607773851590106,,,binary,0.784452296819788
W2_apt,14,pin_ip_or_useragent,pinning,,241,1016,264,42,0.4772277227722772,0.8515901060070671,0.6116751269035533,0.20625,0.79375,0.8226700530035336,,,binary,0.14840989399293286
W2_apt,14,pin_ip_and_useragent,pinning,,92,1202,78,191,0.5411764705882353,0.3250883392226148,0.4061810154525386,0.0609375,0.9390625,0.6320754196113074,,,binary,0.6749116607773852
W2_apt,14,score_distinct_bindings,scored,1.0000000000000002,13,1280,0,270,1.0,0.045936395759717315,0.08783783783783783,0.0,1.0,0.5229681978798587,0.7480123674911661,0.4391202220420822,continuous,0.9540636042402827
W2_apt,14,score_max_request_rate,scored,1000.0000000000001,0,1280,0,283,0.0,0.0,0.0,0.0,1.0,0.5,0.5184573763250884,0.182934880900144,continuous,1.0
W2_apt,14,score_burstiness,scored,7500.0,1,1269,11,282,0.08333333333333333,0.0035335689045936395,0.006779661016949152,0.00859375,0.99140625,0.49746990945229685,0.46540277164310956,0.1616201797444762,continuous,0.9964664310954063
W2_apt,15,SICA (proposed),proposed,0.6353333863080083,73,1262,9,219,0.8902439024390244,0.25,0.3903743315508022,0.007081038552321007,0.992918961447679,0.6214594807238395,0.8513911492407015,0.6586673275770168,,
W2_apt,15,pin_ip,pinning,,206,1060,211,86,0.4940047961630695,0.7054794520547946,0.5811001410437237,0.16601101494885917,0.8339889850511408,0.7697342185529676,,,binary,0.2945205479452055
W2_apt,15,pin_prefix24,pinning,,149,1163,108,143,0.5797665369649806,0.5102739726027398,0.5428051001821494,0.08497246262785209,0.9150275373721479,0.7126507549874439,,,binary,0.4897260273972603
W2_apt,15,pin_scope16,pinning,,89,1230,41,203,0.6846153846153846,0.3047945205479452,0.4218009478672986,0.03225806451612903,0.967741935483871,0.6362682280159081,,,binary,0.6952054794520548
W2_apt,15,pin_useragent,pinning,,146,1126,145,146,0.5017182130584192,0.5,0.5008576329331046,0.11408339889850512,0.8859166011014948,0.6929583005507474,,,binary,0.5
W2_apt,15,pin_useragent_core,pinning,,71,1271,0,221,1.0,0.24315068493150685,0.39118457300275483,0.0,1.0,0.6215753424657534,,,binary,0.7568493150684932
W2_apt,15,pin_ip_or_useragent,pinning,,256,984,287,36,0.4714548802946593,0.8767123287671232,0.6131736526946107,0.22580645161290322,0.7741935483870968,0.82545293857711,,,binary,0.1232876712328767
W2_apt,15,pin_ip_and_useragent,pinning,,96,1202,69,196,0.5818181818181818,0.3287671232876712,0.4201312910284464,0.05428796223446106,0.9457120377655389,0.6372395805266051,,,binary,0.6712328767123288
W2_apt,15,score_distinct_bindings,scored,1.0000000000000002,4,1271,0,288,1.0,0.0136986301369863,0.027027027027027025,0.0,1.0,0.5068493150684932,0.7577533061013332,0.450684982606234,continuous,0.9863013698630136
W2_apt,15,score_max_request_rate,scored,1000.0000000000001,0,1271,0,292,0.0,0.0,0.0,0.0,1.0,0.5,0.5055425023980686,0.18430240969659628,continuous,1.0
W2_apt,15,score_burstiness,scored,7500.0,1,1262,9,291,0.1,0.003424657534246575,0.006622516556291391,0.007081038552321007,0.992918961447679,0.4981718094909628,0.47262160093982736,0.16803185241244983,continuous,0.9965753424657534
W2_apt,16,SICA (proposed),proposed,0.6376635326595423,79,1249,13,222,0.8586956521739131,0.26245847176079734,0.4020356234096692,0.010301109350237718,0.9896988906497622,0.6260786812052798,0.8585038777240156,0.6696159827554523,,
W2_apt,16,pin_ip,pinning,,210,1079,183,91,0.5343511450381679,0.6976744186046512,0.6051873198847262,0.1450079239302694,0.8549920760697306,0.7763332473371909,,,binary,0.3023255813953488
W2_apt,16,pin_prefix24,pinning,,153,1153,109,148,0.583969465648855,0.5083056478405316,0.5435168738898757,0.08637083993660856,0.9136291600633915,0.7109674039519616,,,binary,0.49169435215946844
W2_apt,16,pin_scope16,pinning,,107,1215,47,194,0.6948051948051948,0.3554817275747508,0.4703296703296703,0.03724247226624406,0.9627575277337559,0.6591196276542534,,,binary,0.6445182724252492
W2_apt,16,pin_useragent,pinning,,152,1133,129,149,0.5409252669039146,0.5049833887043189,0.5223367697594502,0.10221870047543581,0.8977812995245642,0.7013823441144416,,,binary,0.4950166112956811
W2_apt,16,pin_useragent_core,pinning,,67,1262,0,234,1.0,0.22259136212624583,0.36413043478260865,0.0,1.0,0.6112956810631229,,,binary,0.7774086378737541
W2_apt,16,pin_ip_or_useragent,pinning,,258,1007,255,43,0.5029239766081871,0.8571428571428571,0.6339066339066339,0.20206022187004755,0.7979397781299524,0.8275413176364048,,,binary,0.14285714285714285
W2_apt,16,pin_ip_and_useragent,pinning,,104,1205,57,197,0.6459627329192547,0.34551495016611294,0.45021645021645024,0.045166402535657686,0.9548335974643423,0.6501742738152276,,,binary,0.654485049833887
W2_apt,16,score_distinct_bindings,scored,1.0000000000000002,10,1262,0,291,1.0,0.03322259136212625,0.06430868167202573,0.0,1.0,0.5166112956810631,0.7522692451469217,0.45592314067518275,continuous,0.9667774086378738
W2_apt,16,score_max_request_rate,scored,1000.0000000000001,0,1262,0,301,0.0,0.0,0.0,0.0,1.0,0.5,0.48956726390110095,0.18470087265645677,continuous,1.0
W2_apt,16,score_burstiness,scored,7500.0,0,1251,11,301,0.0,0.0,0.0,0.008716323296354992,0.991283676703645,0.4956418383518225,0.44528407684896093,0.1646446026802849,continuous,1.0
W2_apt,17,SICA (proposed),proposed,0.628284278923102,81,1243,9,230,0.9,0.2604501607717042,0.4039900249376559,0.00718849840255591,0.9928115015974441,0.6266308311845742,0.8500405781617579,0.6937283137736268,,
W2_apt,17,pin_ip,pinning,,207,1089,163,104,0.5594594594594594,0.6655948553054662,0.607929515418502,0.13019169329073482,0.8698083067092651,0.7677015810073657,,,binary,0.33440514469453375
W2_apt,17,pin_prefix24,pinning,,154,1185,67,157,0.6968325791855203,0.49517684887459806,0.5789473684210527,0.05351437699680511,0.9464856230031949,0.7208312359388965,,,binary,0.5048231511254019
W2_apt,17,pin_scope16,pinning,,104,1232,20,207,0.8387096774193549,0.33440514469453375,0.4781609195402299,0.01597444089456869,0.9840255591054313,0.6592153518999826,,,binary,0.6655948553054662
W2_apt,17,pin_useragent,pinning,,144,1134,118,167,0.549618320610687,0.4630225080385852,0.5026178010471204,0.09424920127795527,0.9057507987220448,0.684386653380315,,,binary,0.5369774919614148
W2_apt,17,pin_useragent_core,pinning,,84,1252,0,227,1.0,0.27009646302250806,0.4253164556962026,0.0,1.0,0.635048231511254,,,binary,0.729903536977492
W2_apt,17,pin_ip_or_useragent,pinning,,254,1019,233,57,0.5215605749486653,0.8167202572347267,0.6365914786967417,0.18610223642172524,0.8138977635782748,0.8153090104065008,,,binary,0.1832797427652733
W2_apt,17,pin_ip_and_useragent,pinning,,97,1204,48,214,0.6689655172413793,0.31189710610932475,0.42543859649122806,0.038338658146964855,0.9616613418530351,0.6367792239811799,,,binary,0.6881028938906752
W2_apt,17,score_distinct_bindings,scored,1.0000000000000002,10,1252,0,301,1.0,0.03215434083601286,0.06230529595015576,0.0,1.0,0.5160771704180064,0.7763539751189095,0.532814986626258,continuous,0.9678456591639871
W2_apt,17,score_max_request_rate,scored,1000.0000000000001,0,1252,0,311,0.0,0.0,0.0,0.0,1.0,0.5,0.5001913337374028,0.19603960067329818,continuous,1.0
W2_apt,17,score_burstiness,scored,7500.0,0,1242,10,311,0.0,0.0,0.0,0.007987220447284345,0.9920127795527156,0.4960063897763578,0.467032811809786,0.17677366379909804,continuous,1.0
W2_apt,18,SICA (proposed),proposed,0.6252093167417146,46,1244,0,273,1.0,0.14420062695924765,0.2520547945205479,0.0,1.0,0.5721003134796239,0.8473991774939773,0.6663579476874153,,
W2_apt,18,pin_ip,pinning,,216,1071,173,103,0.5552699228791774,0.677115987460815,0.6101694915254237,0.13906752411575563,0.8609324758842444,0.7690242316725298,,,binary,0.322884012539185
W2_apt,18,pin_prefix24,pinning,,160,1165,79,159,0.6694560669456067,0.5015673981191222,0.5734767025089605,0.0635048231511254,0.9364951768488746,0.7190312874839984,,,binary,0.49843260188087773
W2_apt,18,pin_scope16,pinning,,110,1207,37,209,0.7482993197278912,0.3448275862068966,0.4721030042918455,0.0297427652733119,0.9702572347266881,0.6575424104667924,,,binary,0.6551724137931034
W2_apt,18,pin_useragent,pinning,,137,1128,116,182,0.541501976284585,0.42946708463949845,0.479020979020979,0.0932475884244373,0.9067524115755627,0.6681097481075307,,,binary,0.5705329153605015
W2_apt,18,pin_useragent_core,pinning,,62,1244,0,257,1.0,0.19435736677115986,0.32545931758530183,0.0,1.0,0.5971786833855799,,,binary,0.8056426332288401
W2_apt,18,pin_ip_or_useragent,pinning,,265,1008,236,54,0.5289421157684631,0.8307210031347962,0.6463414634146342,0.18971061093247588,0.8102893890675241,0.8205051961011602,,,binary,0.16927899686520376
W2_apt,18,pin_ip_and_useragent,pinning,,88,1191,53,231,0.624113475177305,0.27586206896551724,0.38260869565217387,0.04260450160771704,0.957395498392283,0.6166287836789002,,,binary,0.7241379310344828
W2_apt,18,score_distinct_bindings,scored,1.0000000000000002,9,1244,0,310,1.0,0.02821316614420063,0.054878048780487805,0.0,1.0,0.5141065830721003,0.7638142708826821,0.5071280800442897,continuous,0.9717868338557993
W2_apt,18,score_max_request_rate,scored,1000.0000000000001,0,1244,0,319,0.0,0.0,0.0,0.0,1.0,0.5,0.4960953643318651,0.19853627085074116,continuous,1.0
W2_apt,18,score_burstiness,scored,7500.0,1,1234,10,318,0.09090909090909091,0.003134796238244514,0.006060606060606061,0.008038585209003215,0.9919614147909968,0.49754810551462064,0.4543892187200758,0.1780789120119462,continuous,0.9968652037617555
W2_apt,19,SICA (proposed),proposed,0.6275263301264233,81,1265,8,209,0.9101123595505618,0.2793103448275862,0.4274406332453826,0.006284367635506678,0.9937156323644933,0.6365129885960398,0.8521521250372457,0.6531883478152044,,
W2_apt,19,pin_ip,pinning,,207,1057,216,83,0.48936170212765956,0.7137931034482758,0.5806451612903226,0.16967792615868027,0.8303220738413197,0.7720575886447978,,,binary,0.28620689655172415
W2_apt,19,pin_prefix24,pinning,,142,1164,109,148,0.5657370517928287,0.4896551724137931,0.5249537892791128,0.08562450903377848,0.9143754909662215,0.7020153316900073,,,binary,0.5103448275862069
W2_apt,19,pin_scope16,pinning,,92,1233,40,198,0.696969696969697,0.31724137931034485,0.4360189573459716,0.031421838177533384,0.9685781618224666,0.6429097705664057,,,binary,0.6827586206896552
W2_apt,19,pin_useragent,pinning,,129,1150,123,161,0.5119047619047619,0.44482758620689655,0.47601476014760147,0.09662215239591516,0.9033778476040848,0.6741027169054907,,,binary,0.5551724137931034
W2_apt,19,pin_useragent_core,pinning,,60,1273,0,230,1.0,0.20689655172413793,0.34285714285714286,0.0,1.0,0.603448275862069,,,binary,0.7931034482758621
W2_apt,19,pin_ip_or_useragent,pinning,,256,994,279,34,0.4785046728971963,0.8827586206896552,0.6206060606060607,0.21916732128829536,0.7808326787117046,0.8317956497006799,,,binary,0.11724137931034483
W2_apt,19,pin_ip_and_useragent,pinning,,80,1213,60,210,0.5714285714285714,0.27586206896551724,0.37209302325581395,0.04713275726630008,0.9528672427336999,0.6143646558496085,,,binary,0.7241379310344828
W2_apt,19,score_distinct_bindings,scored,1.0000000000000002,5,1273,0,285,1.0,0.017241379310344827,0.03389830508474576,0.0,1.0,0.5086206896551724,0.7510293360782295,0.4406983091328461,continuous,0.9827586206896551
W2_apt,19,score_max_request_rate,scored,1000.0000000000001,0,1273,0,290,0.0,0.0,0.0,0.0,1.0,0.5,0.537096730503562,0.1939757742764908,continuous,1.0
W2_apt,19,score_burstiness,scored,7500.0,0,1262,11,290,0.0,0.0,0.0,0.00864100549882168,0.9913589945011784,0.4956794972505892,0.4729094996884904,0.16577948311017837,continuous,1.0
W2_apt,20,SICA (proposed),proposed,0.6252246357525298,78,1267,7,211,0.9176470588235294,0.2698961937716263,0.41711229946524064,0.005494505494505495,0.9945054945054945,0.6322008441385605,0.8561012640350257,0.6627944555248275,,
W2_apt,20,pin_ip,pinning,,196,1069,205,93,0.48877805486284287,0.6782006920415224,0.5681159420289855,0.1609105180533752,0.8390894819466248,0.7586450869940736,,,binary,0.3217993079584775
W2_apt,20,pin_prefix24,pinning,,148,1177,97,141,0.6040816326530613,0.5121107266435986,0.5543071161048689,0.076138147566719,0.923861852433281,0.7179862895384398,,,binary,0.48788927335640137
W2_apt,20,pin_scope16,pinning,,98,1239,35,191,0.7368421052631579,0.3391003460207612,0.4644549763033175,0.027472527472527472,0.9725274725274725,0.6558139092741169,,,binary,0.6608996539792388
W2_apt,20,pin_useragent,pinning,,152,1140,134,137,0.5314685314685315,0.5259515570934256,0.5286956521739131,0.10518053375196232,0.8948194662480377,0.7103855116707316,,,binary,0.4740484429065744
W2_apt,20,pin_useragent_core,pinning,,63,1274,0,226,1.0,0.2179930795847751,0.35795454545454547,0.0,1.0,0.6089965397923875,,,binary,0.7820069204152249
W2_apt,20,pin_ip_or_useragent,pinning,,252,1008,266,37,0.4864864864864865,0.8719723183391004,0.6245353159851301,0.2087912087912088,0.7912087912087912,0.8315905547739457,,,binary,0.12802768166089964
W2_apt,20,pin_ip_and_useragent,pinning,,96,1201,73,193,0.5680473372781065,0.33217993079584773,0.4192139737991266,0.05729984301412873,0.9427001569858713,0.6374400438908595,,,binary,0.6678200692041523
W2_apt,20,score_distinct_bindings,scored,1.0000000000000002,6,1274,0,283,1.0,0.020761245674740483,0.04067796610169491,0.0,1.0,0.5103806228373703,0.7637593498938037,0.4675804647784737,continuous,0.9792387543252595
W2_apt,20,score_max_request_rate,scored,1000.0000000000001,0,1274,0,289,0.0,0.0,0.0,0.0,1.0,0.5,0.5096554458887628,0.1840617792296396,continuous,1.0
W2_apt,20,score_burstiness,scored,7500.0,1,1265,9,288,0.1,0.0034602076124567475,0.006688963210702342,0.00706436420722135,0.9929356357927787,0.49819792170261773,0.46956022227895683,0.16653656953207308,continuous,0.9965397923875432
W2_apt,21,SICA (proposed),proposed,0.6226337477628842,49,1265,0,249,1.0,0.1644295302013423,0.2824207492795389,0.0,1.0,0.5822147651006712,0.8376992864153646,0.6601314723588201,,
W2_apt,21,pin_ip,pinning,,199,1077,188,99,0.5142118863049095,0.6677852348993288,0.581021897810219,0.14861660079051384,0.8513833992094861,0.7595843170544074,,,binary,0.33221476510067116
W2_apt,21,pin_prefix24,pinning,,155,1178,87,143,0.640495867768595,0.5201342281879194,0.574074074074074,0.06877470355731226,0.9312252964426877,0.7256797623153035,,,binary,0.4798657718120805
W2_apt,21,pin_scope16,pinning,,105,1228,37,193,0.7394366197183099,0.3523489932885906,0.47727272727272724,0.02924901185770751,0.9707509881422924,0.6615499907154415,,,binary,0.6476510067114094
W2_apt,21,pin_useragent,pinning,,151,1148,117,147,0.5634328358208955,0.5067114093959731,0.5335689045936396,0.09249011857707509,0.9075098814229249,0.707110645409449,,,binary,0.49328859060402686
W2_apt,21,pin_useragent_core,pinning,,59,1265,0,239,1.0,0.19798657718120805,0.3305322128851541,0.0,1.0,0.598993288590604,,,binary,0.802013422818792
W2_apt,21,pin_ip_or_useragent,pinning,,249,1024,241,49,0.5081632653061224,0.8355704697986577,0.6319796954314721,0.19051383399209487,0.8094861660079051,0.8225283179032814,,,binary,0.1644295302013423
W2_apt,21,pin_ip_and_useragent,pinning,,101,1201,64,197,0.6121212121212121,0.3389261744966443,0.43628509719222464,0.05059288537549407,0.9494071146245059,0.6441666445605752,,,binary,0.6610738255033557
W2_apt,21,score_distinct_bindings,scored,1.0000000000000002,8,1265,0,290,1.0,0.026845637583892617,0.05228758169934641,0.0,1.0,0.5134228187919463,0.7568042549805024,0.47523770194260606,continuous,0.9731543624161074
W2_apt,21,score_max_request_rate,scored,1000.0000000000001,0,1265,0,298,0.0,0.0,0.0,0.0,1.0,0.5,0.531997241159774,0.19847287662395754,continuous,1.0
W2_apt,21,score_burstiness,scored,7500.0,3,1256,9,295,0.25,0.010067114093959731,0.01935483870967742,0.0071146245059288534,0.9928853754940712,0.5014762447940154,0.48036713796853864,0.1745649742711329,continuous,0.9899328859060402
W2_apt,22,SICA (proposed),proposed,0.6300776148686604,83,1245,11,224,0.8829787234042553,0.2703583061889251,0.41396508728179554,0.00875796178343949,0.9912420382165605,0.6308001722027428,0.8541735824394697,0.6709665795588658,,
W2_apt,22,pin_ip,pinning,,224,1061,195,83,0.5346062052505967,0.7296416938110749,0.6170798898071626,0.1552547770700637,0.8447452229299363,0.7871934583705056,,,binary,0.2703583061889251
W2_apt,22,pin_prefix24,pinning,,168,1165,91,139,0.6486486486486487,0.5472312703583062,0.5936395759717316,0.07245222929936306,0.927547770700637,0.7373895205294716,,,binary,0.4527687296416938
W2_apt,22,pin_scope16,pinning,,102,1219,37,205,0.7338129496402878,0.3322475570032573,0.4573991031390134,0.02945859872611465,0.9705414012738853,0.6513944791385713,,,binary,0.6677524429967426
W2_apt,22,pin_useragent,pinning,,139,1130,126,168,0.5245283018867924,0.4527687296416938,0.486013986013986,0.10031847133757962,0.8996815286624203,0.6762251291520571,,,binary,0.5472312703583062
W2_apt,22,pin_useragent_core,pinning,,63,1256,0,244,1.0,0.20521172638436483,0.3405405405405405,0.0,1.0,0.6026058631921825,,,binary,0.7947882736156352
W2_apt,22,pin_ip_or_useragent,pinning,,266,999,257,41,0.5086042065009561,0.8664495114006515,0.6409638554216868,0.20461783439490447,0.7953821656050956,0.8309158385028735,,,binary,0.13355048859934854
W2_apt,22,pin_ip_and_useragent,pinning,,97,1192,64,210,0.6024844720496895,0.31596091205211724,0.4145299145299145,0.050955414012738856,0.9490445859872612,0.6325027490196892,,,binary,0.6840390879478827
W2_apt,22,score_distinct_bindings,scored,1.0000000000000002,8,1256,0,299,1.0,0.026058631921824105,0.050793650793650794,0.0,1.0,0.5130293159609121,0.7725354779144795,0.4995186426337058,continuous,0.9739413680781759
W2_apt,22,score_max_request_rate,scored,1000.0000000000001,0,1256,0,307,0.0,0.0,0.0,0.0,1.0,0.5,0.49043029938380467,0.1891601069734867,continuous,1.0
W2_apt,22,score_burstiness,scored,7500.0,2,1246,10,305,0.16666666666666666,0.006514657980456026,0.012539184952978058,0.007961783439490446,0.9920382165605095,0.49927643727048276,0.44333648000995873,0.168735900641379,continuous,0.993485342019544
W2_apt,23,SICA (proposed),proposed,0.6332488182201959,88,1248,11,216,0.8888888888888888,0.2894736842105263,0.43672456575682383,0.008737092930897538,0.9912629070691025,0.6403682956398145,0.8782737970820618,0.70999049609396,,
W2_apt,23,pin_ip,pinning,,226,1064,195,78,0.5368171021377672,0.743421052631579,0.623448275862069,0.15488482922954727,0.8451151707704527,0.7942681117010159,,,binary,0.2565789473684211
W2_apt,23,pin_prefix24,pinning,,178,1167,92,126,0.6592592592592592,0.5855263157894737,0.6202090592334495,0.07307386814932486,0.9269261318506752,0.7562262238200744,,,binary,0.4144736842105263
W2_apt,23,pin_scope16,pinning,,111,1225,34,193,0.7655172413793103,0.3651315789473684,0.4944320712694878,0.027005559968228753,0.9729944400317713,0.6690630094895699,,,binary,0.6348684210526315
W2_apt,23,pin_useragent,pinning,,154,1128,131,150,0.5403508771929825,0.506578947368421,0.5229202037351443,0.10405083399523431,0.8959491660047657,0.7012640566865933,,,binary,0.4934210526315789
W2_apt,23,pin_useragent_core,pinning,,74,1259,0,230,1.0,0.24342105263157895,0.3915343915343915,0.0,1.0,0.6217105263157895,,,binary,0.756578947368421
W2_apt,23,pin_ip_or_useragent,pinning,,267,1006,253,37,0.5134615384615384,0.8782894736842105,0.6480582524271844,0.20095313741064336,0.7990468625893566,0.8386681681367836,,,binary,0.12171052631578948
W2_apt,23,pin_ip_and_useragent,pinning,,113,1186,73,191,0.6075268817204301,0.3717105263157895,0.4612244897959184,0.05798252581413821,0.9420174741858618,0.6568640002508257,,,binary,0.6282894736842105
W2_apt,23,score_distinct_bindings,scored,1.0000000000000002,8,1259,0,296,1.0,0.02631578947368421,0.05128205128205127,0.0,1.0,0.5131578947368421,0.7950166694536182,0.527738772236678,continuous,0.9736842105263158
W2_apt,23,score_max_request_rate,scored,1000.0000000000001,0,1259,0,304,0.0,0.0,0.0,0.0,1.0,0.5,0.5175199092847289,0.19617214247452683,continuous,1.0
W2_apt,23,score_burstiness,scored,7500.0,0,1249,10,304,0.0,0.0,0.0,0.007942811755361398,0.9920571882446386,0.4960285941223193,0.47746749717821163,0.17568433998068717,continuous,1.0
W2_apt,24,SICA (proposed),proposed,0.6269146391848269,41,1263,0,259,1.0,0.13666666666666666,0.24046920821114368,0.0,1.0,0.5683333333333334,0.8578200052784376,0.6437978510470411,,
W2_apt,24,pin_ip,pinning,,214,1073,190,86,0.5297029702970297,0.7133333333333334,0.6079545454545455,0.15043547110055425,0.8495645288994458,0.7814489311163896,,,binary,0.2866666666666667
W2_apt,24,pin_prefix24,pinning,,163,1156,107,137,0.6037037037037037,0.5433333333333333,0.5719298245614035,0.08471892319873317,0.9152810768012668,0.7293072050673001,,,binary,0.45666666666666667
W2_apt,24,pin_scope16,pinning,,103,1218,45,197,0.6959459459459459,0.3433333333333333,0.45982142857142855,0.035629453681710214,0.9643705463182898,0.6538519398258116,,,binary,0.6566666666666666
W2_apt,24,pin_useragent,pinning,,155,1148,115,145,0.5740740740740741,0.5166666666666667,0.543859649122807,0.09105304829770387,0.9089469517022961,0.7128068091844815,,,binary,0.48333333333333334
W2_apt,24,pin_useragent_core,pinning,,67,1263,0,233,1.0,0.22333333333333333,0.36512261580381467,0.0,1.0,0.6116666666666667,,,binary,0.7766666666666666
W2_apt,24,pin_ip_or_useragent,pinning,,259,1018,245,41,0.5138888888888888,0.8633333333333333,0.644278606965174,0.19398258115597783,0.8060174188440221,0.8346753760886777,,,binary,0.13666666666666666
W2_apt,24,pin_ip_and_useragent,pinning,,110,1203,60,190,0.6470588235294118,0.36666666666666664,0.46808510638297873,0.047505938242280284,0.9524940617577197,0.6595803642121931,,,binary,0.6333333333333333
W2_apt,24,score_distinct_bindings,scored,1.0000000000000002,5,1263,0,295,1.0,0.016666666666666666,0.03278688524590164,0.0,1.0,0.5083333333333333,0.7750131960939561,0.4815447070405483,continuous,0.9833333333333333
W2_apt,24,score_max_request_rate,scored,1000.0000000000001,0,1263,0,300,0.0,0.0,0.0,0.0,1.0,0.5,0.4920467141726049,0.1856264298380771,continuous,1.0
W2_apt,24,score_burstiness,scored,7500.0,1,1253,10,299,0.09090909090909091,0.0033333333333333335,0.006430868167202574,0.00791765637371338,0.9920823436262867,0.49770783847981,0.4572934811295856,0.16990568654277155,continuous,0.9966666666666667
W2_apt,25,SICA (proposed),proposed,0.621215679266773,77,1246,8,232,0.9058823529411765,0.24919093851132687,0.3908629441624366,0.006379585326953748,0.9936204146730463,0.6214056765921866,0.8581768115493205,0.6858556680905726,,
W2_apt,25,pin_ip,pinning,,218,1076,178,91,0.5505050505050505,0.7055016181229773,0.6184397163120566,0.1419457735247209,0.8580542264752791,0.7817779222991281,,,binary,0.29449838187702265
W2_apt,25,pin_prefix24,pinning,,164,1163,91,145,0.6431372549019608,0.5307443365695793,0.5815602836879433,0.07256778309409888,0.9274322169059012,0.7290882767377402,,,binary,0.4692556634304207
W2_apt,25,pin_scope16,pinning,,110,1215,39,199,0.738255033557047,0.3559870550161812,0.4803493449781659,0.03110047846889952,0.9688995215311005,0.6624432882736409,,,binary,0.6440129449838188
W2_apt,25,pin_useragent,pinning,,150,1123,131,159,0.5338078291814946,0.4854368932038835,0.5084745762711863,0.10446570972886762,0.8955342902711324,0.6904855917375079,,,binary,0.5145631067961165
W2_apt,25,pin_useragent_core,pinning,,64,1254,0,245,1.0,0.20711974110032363,0.34316353887399464,0.0,1.0,0.6035598705501618,,,binary,0.7928802588996764
W2_apt,25,pin_ip_or_useragent,pinning,,267,1005,249,42,0.5174418604651163,0.8640776699029126,0.6472727272727272,0.19856459330143542,0.8014354066985646,0.8327565383007386,,,binary,0.13592233009708737
W2_apt,25,pin_ip_and_useragent,pinning,,101,1194,60,208,0.6273291925465838,0.3268608414239482,0.4297872340425532,0.04784688995215311,0.9521531100478469,0.6395069757358975,,,binary,0.6731391585760518
W2_apt,25,score_distinct_bindings,scored,1.0000000000000002,7,1254,0,302,1.0,0.022653721682847898,0.04430379746835443,0.0,1.0,0.511326860841424,0.7703633163520747,0.49700196907863275,continuous,0.9773462783171522
W2_apt,25,score_max_request_rate,scored,1000.0000000000001,0,1254,0,309,0.0,0.0,0.0,0.0,1.0,0.5,0.5136017817417919,0.19836843172519314,continuous,1.0
W2_apt,25,score_burstiness,scored,7500.0,1,1241,13,308,0.07142857142857142,0.003236245954692557,0.006191950464396284,0.01036682615629984,0.9896331738437002,0.49643470989919636,0.4713189637819173,0.17688842043940334,continuous,0.9967637540453075
W2_apt,26,SICA (proposed),proposed,0.6355202460537381,69,1256,8,230,0.8961038961038961,0.23076923076923078,0.3670212765957447,0.006329113924050633,0.9936708860759493,0.6122200584225901,0.8465123724651793,0.6496505574782474,,
W2_apt,26,pin_ip,pinning,,198,1055,209,101,0.4864864864864865,0.6622073578595318,0.5609065155807367,0.16534810126582278,0.8346518987341772,0.7484296282968546,,,binary,0.3377926421404682
W2_apt,26,pin_prefix24,pinning,,156,1173,91,143,0.631578947368421,0.5217391304347826,0.5714285714285715,0.07199367088607594,0.928006329113924,0.7248727297743534,,,binary,0.4782608695652174
W2_apt,26,pin_scope16,pinning,,104,1228,36,195,0.7428571428571429,0.34782608695652173,0.4738041002277904,0.028481012658227847,0.9715189873417721,0.659672537149147,,,binary,0.6521739130434783
W2_apt,26,pin_useragent,pinning,,139,1129,135,160,0.5072992700729927,0.46488294314381273,0.4851657940663176,0.10680379746835443,0.8931962025316456,0.6790395728377292,,,binary,0.5351170568561873
W2_apt,26,pin_useragent_core,pinning,,57,1264,0,242,1.0,0.19063545150501673,0.3202247191011236,0.0,1.0,0.5953177257525084,,,binary,0.8093645484949833
W2_apt,26,pin_ip_or_useragent,pinning,,251,994,270,48,0.4817658349328215,0.8394648829431438,0.6121951219512195,0.21360759493670886,0.7863924050632911,0.8129286440032175,,,binary,0.1605351170568562
W2_apt,26,pin_ip_and_useragent,pinning,,86,1190,74,213,0.5375,0.28762541806020064,0.37472766884531594,0.058544303797468354,0.9414556962025317,0.6145405571313661,,,binary,0.7123745819397993
W2_apt,26,score_distinct_bindings,scored,1.0000000000000002,4,1264,0,295,1.0,0.013377926421404682,0.026402640264026403,0.0,1.0,0.5066889632107023,0.7654880720545277,0.4804846968092994,continuous,0.9866220735785953
W2_apt,26,score_max_request_rate,scored,1000.0000000000001,0,1264,0,299,0.0,0.0,0.0,0.0,1.0,0.5,0.4942080140552898,0.1853301703417941,continuous,1.0
W2_apt,26,score_burstiness,scored,7500.0,2,1256,8,297,0.2,0.006688963210702341,0.012944983818770227,0.006329113924050633,0.9936708860759493,0.5001799246433258,0.4578116400660429,0.17059733201862842,continuous,0.9933110367892977
W2_apt,27,SICA (proposed),proposed,0.6369024991925726,59,1238,0,266,1.0,0.18153846153846154,0.3072916666666667,0.0,1.0,0.5907692307692307,0.8460730707095813,0.6725708333975031,,
W2_apt,27,pin_ip,pinning,,228,1046,192,97,0.5428571428571428,0.7015384615384616,0.6120805369127517,0.15508885298869143,0.8449111470113085,0.773224804274885,,,binary,0.29846153846153844
W2_apt,27,pin_prefix24,pinning,,168,1130,108,157,0.6086956521739131,0.5169230769230769,0.5590682196339434,0.08723747980613894,0.9127625201938611,0.714842798558469,,,binary,0.48307692307692307
W2_apt,27,pin_scope16,pinning,,105,1197,41,220,0.7191780821917808,0.3230769230769231,0.44585987261146504,0.033117932148626815,0.9668820678513732,0.6449794954641481,,,binary,0.676923076923077
W2_apt,27,pin_useragent,pinning,,147,1115,123,178,0.5444444444444444,0.4523076923076923,0.4941176470588235,0.09935379644588045,0.9006462035541195,0.6764769479309058,,,binary,0.5476923076923077
W2_apt,27,pin_useragent_core,pinning,,72,1238,0,253,1.0,0.22153846153846155,0.36272040302267006,0.0,1.0,0.6107692307692307,,,binary,0.7784615384615384
W2_apt,27,pin_ip_or_useragent,pinning,,273,994,244,52,0.528046421663443,0.84,0.6484560570071258,0.19709208400646203,0.802907915993538,0.821453957996769,,,binary,0.16
W2_apt,27,pin_ip_and_useragent,pinning,,102,1167,71,223,0.5895953757225434,0.31384615384615383,0.40963855421686746,0.05735056542810985,0.9426494345718901,0.628247794209022,,,binary,0.6861538461538461
W2_apt,27,score_distinct_bindings,scored,1.0000000000000002,12,1238,0,313,1.0,0.036923076923076927,0.07121661721068251,0.0,1.0,0.5184615384615384,0.7518379520318131,0.474484816672403,continuous,0.963076923076923
W2_apt,27,score_max_request_rate,scored,1000.0000000000001,0,1238,0,325,0.0,0.0,0.0,0.0,1.0,0.5,0.5200124269914254,0.20998999506950206,continuous,1.0
W2_apt,27,score_burstiness,scored,7500.0,3,1226,12,322,0.2,0.009230769230769232,0.01764705882352941,0.009693053311793215,0.9903069466882067,0.499768857959488,0.49359761401764635,0.19979830355962097,continuous,0.9907692307692307
W2_apt,28,SICA (proposed),proposed,0.6260842289498207,45,1257,0,261,1.0,0.14705882352941177,0.25641025641025644,0.0,1.0,0.5735294117647058,0.8532232569506191,0.674844343311371,,
W2_apt,28,pin_ip,pinning,,209,1078,179,97,0.538659793814433,0.6830065359477124,0.6023054755043227,0.1424025457438345,0.8575974542561655,0.770301995101939,,,binary,0.31699346405228757
W2_apt,28,pin_prefix24,pinning,,156,1176,81,150,0.6582278481012658,0.5098039215686274,0.574585635359116,0.06443914081145585,0.9355608591885441,0.7226823903785857,,,binary,0.49019607843137253
W2_apt,28,pin_scope16,pinning,,95,1225,32,211,0.7480314960629921,0.3104575163398693,0.4387990762124711,0.02545743834526651,0.9745425616547335,0.6425000389973015,,,binary,0.6895424836601307
W2_apt,28,pin_useragent,pinning,,154,1145,112,152,0.5789473684210527,0.5032679738562091,0.5384615384615384,0.08910103420843278,0.9108989657915673,0.7070834698238881,,,binary,0.49673202614379086
W2_apt,28,pin_useragent_core,pinning,,72,1257,0,234,1.0,0.23529411764705882,0.38095238095238093,0.0,1.0,0.6176470588235294,,,binary,0.7647058823529411
W2_apt,28,pin_ip_or_useragent,pinning,,263,1019,238,43,0.5249500998003992,0.8594771241830066,0.6517967781908303,0.18933969769291964,0.8106603023070803,0.8350687132450434,,,binary,0.14052287581699346
W2_apt,28,pin_ip_and_useragent,pinning,,100,1204,53,206,0.6535947712418301,0.32679738562091504,0.43572984749455335,0.042163882259347654,0.9578361177406524,0.6423167516807837,,,binary,0.673202614379085
W2_apt,28,score_distinct_bindings,scored,1.0000000000000002,8,1257,0,298,1.0,0.026143790849673203,0.05095541401273886,0.0,1.0,0.5130718954248366,0.7643744052911539,0.4966909675866752,continuous,0.9738562091503268
W2_apt,28,score_max_request_rate,scored,1000.0000000000001,0,1257,0,306,0.0,0.0,0.0,0.0,1.0,0.5,0.4975353705523578,0.19023501240922103,continuous,1.0
W2_apt,28,score_burstiness,scored,7500.0,1,1250,7,305,0.125,0.0032679738562091504,0.006369426751592358,0.005568814638027049,0.994431185361973,0.49884957960909104,0.45506990916228596,0.1726975523482471,continuous,0.9967320261437909
W2_apt,29,SICA (proposed),proposed,0.6375550209257737,76,1241,12,234,0.8636363636363636,0.24516129032258063,0.38190954773869346,0.009577015163607342,0.9904229848363927,0.6177921375794867,0.8420397497618618,0.6459999986095247,,
W2_apt,29,pin_ip,pinning,,217,1039,214,93,0.5034802784222738,0.7,0.5856950067476383,0.1707901037509976,0.8292098962490024,0.7646049481245012,,,binary,0.3
W2_apt,29,pin_prefix24,pinning,,169,1144,109,141,0.6079136690647482,0.5451612903225806,0.5748299319727892,0.08699122106943336,0.9130087789305666,0.7290850346265736,,,binary,0.45483870967741935
W2_apt,29,pin_scope16,pinning,,103,1199,54,207,0.6560509554140127,0.33225806451612905,0.44111349036402575,0.04309656823623304,0.9569034317637669,0.6445807481399479,,,binary,0.667741935483871
W2_apt,29,pin_useragent,pinning,,153,1127,126,157,0.5483870967741935,0.4935483870967742,0.5195246179966043,0.1005586592178771,0.8994413407821229,0.6964948639394486,,,binary,0.5064516129032258
W2_apt,29,pin_useragent_core,pinning,,72,1253,0,238,1.0,0.23225806451612904,0.3769633507853404,0.0,1.0,0.6161290322580645,,,binary,0.7677419354838709
W2_apt,29,pin_ip_or_useragent,pinning,,267,987,266,43,0.50093808630394,0.8612903225806452,0.6334519572953736,0.2122905027932961,0.7877094972067039,0.8244999098936745,,,binary,0.13870967741935483
W2_apt,29,pin_ip_and_useragent,pinning,,103,1179,74,207,0.5819209039548022,0.33225806451612905,0.42299794661190965,0.05905826017557861,0.9409417398244214,0.6365999021702753,,,binary,0.667741935483871
W2_apt,29,score_distinct_bindings,scored,1.0000000000000002,8,1253,0,302,1.0,0.025806451612903226,0.05031446540880503,0.0,1.0,0.5129032258064516,0.7721429858661792,0.4863205132591866,continuous,0.9741935483870968
W2_apt,29,score_max_request_rate,scored,1000.0000000000001,0,1253,0,310,0.0,0.0,0.0,0.0,1.0,0.5,0.5056612517055841,0.1963108757269769,continuous,1.0
W2_apt,29,score_burstiness,scored,7500.0,1,1242,11,309,0.08333333333333333,0.0032258064516129032,0.006211180124223603,0.008778930566640064,0.99122106943336,0.4972234379424864,0.4671755528666684,0.17574125574923022,continuous,0.9967741935483871
