workload,seed,family,variant,threshold,precision,recall,f1,fpr,balanced_accuracy,roc_auc,pr_auc,w_V1_agent_mutation,w_V2_scope_discontinuity,w_V3_binding_fork,w_V4_transition_velocity,w_V5_rate_discontinuity,w_V6_navigation_break
W1_web,0,reference,full,0.6281733321608658,0.75,0.3333333333333333,0.46153846153846156,0.01834862385321101,0.6574923547400612,0.8498980632008155,0.6568110804331276,0.3718266678391342,0.3300697679513535,0.29810356420951223,0.0,0.0,0.0
W1_web,0,leave_one_out,minus_V1_agent_mutation,1.0,0.5,0.1111111111111111,0.1818181818181818,0.01834862385321101,0.54638124362895,0.8019877675840978,0.4253248646949434,0.0,0.5254437765066212,0.4745562234933787,0.0,0.0,0.0
W1_web,0,leave_one_out,minus_V2_scope_discontinuity,0.44497702887345697,1.0,0.5,0.6666666666666666,0.0,0.75,0.8019877675840978,0.6805774278215223,0.5550229711265431,0.0,0.4449770288734569,0.0,0.0,0.0
W1_web,0,leave_one_out,minus_V3_binding_fork,0.6556652494990306,1.0,0.3888888888888889,0.56,0.0,0.6944444444444444,0.8445463812436289,0.6902887139107612,0.5297457700014913,0.4702542299985087,0.0,0.0,0.0,0.0
W1_web,0,restored,plus_V4_transition_velocity,0.724986746370399,0.75,0.16666666666666666,0.27272727272727276,0.009174311926605505,0.5787461773700306,0.8458205912334352,0.6303680789901261,0.27501325362960105,0.24412869936575152,0.22048561387024354,0.26037243313440384,0.0,0.0
W1_web,0,restored,plus_V5_rate_discontinuity,0.6720232520825618,0.5,0.05555555555555555,0.09999999999999999,0.009174311926605505,0.5231906218144751,0.8746177370030581,0.6070087320087321,0.3279767479174383,0.2911442842646875,0.2629478894029527,0.0,0.11793107841492143,0.0
W1_web,0,restored,plus_V6_navigation_break,0.578243861228044,0.75,0.3333333333333333,0.46153846153846156,0.01834862385321101,0.6574923547400612,0.8766564729867482,0.6749655362558588,0.34227254980604366,0.30383463818543405,0.2744092230426099,0.0,0.0,0.07948358896591232
W1_web,0,restored,plus_all_rejected,0.7085553308075374,0.6666666666666666,0.1111111111111111,0.1904761904761905,0.009174311926605505,0.5509683995922529,0.9250764525993884,0.6515447515447516,0.2365194027580471,0.20995778715397667,0.18962404546352496,0.22392787099108827,0.08504562719894748,0.054925266434415455
W1_web,0,single,only_V1_agent_mutation,0.35000000000000003,1.0,0.5,0.6666666666666666,0.0,0.75,0.713302752293578,0.5708661417322834,1.0,0.0,0.0,0.0,0.0,0.0
W1_web,0,single,only_V2_scope_discontinuity,1.0000000000000002,0.0,0.0,0.0,0.0,0.5,0.7989296636085627,0.4269245449710943,0.0,1.0,0.0,0.0,0.0,0.0
W1_web,0,single,only_V3_binding_fork,1.0000000000000002,0.0,0.0,0.0,0.0,0.5,0.5973496432212029,0.23722034745656792,0.0,0.0,1.0,0.0,0.0,0.0
W1_web,0,single,only_V4_transition_velocity,1.0,0.0,0.0,0.0,0.009174311926605505,0.4954128440366973,0.626401630988787,0.2995844269466317,0.0,0.0,0.0,1.0,0.0,0.0
W1_web,0,single,only_V5_rate_discontinuity,1.0000000000000002,0.0,0.0,0.0,0.0,0.5,0.6811926605504587,0.2158806084117081,0.0,0.0,0.0,0.0,1.0,0.0
W1_web,0,single,only_V6_navigation_break,1.0000000000000002,0.0,0.0,0.0,0.0,0.5,0.6230886850152905,0.1818498953453603,0.0,0.0,0.0,0.0,0.0,1.0
W1_web,0,weighting,equal_weights,0.6666666666666666,0.75,0.3333333333333333,0.46153846153846156,0.01834862385321101,0.6574923547400612,0.8470948012232415,0.5981031217251689,0.3333333333333333,0.3333333333333333,0.3333333333333333,0.0,0.0,0.0
W1_web,0,design,no_migration,0.6502472629854164,0.75,0.3333333333333333,0.46153846153846156,0.01834862385321101,0.6574923547400612,0.8498980632008155,0.6566889803110275,0.3497527370145836,0.3216275522999287,0.32861971068548773,0.0,0.0,0.0
W1_web,0,design,accumulator,1.2407079331761395,0.5,0.05555555555555555,0.09999999999999999,0.009174311926605505,0.5231906218144751,0.8427624872579002,0.5669065405285878,0.3718266678391342,0.3300697679513535,0.29810356420951223,0.0,0.0,0.0
W1_web,1,reference,full,0.46411821078933724,1.0,0.631578947368421,0.7741935483870968,0.0,0.8157894736842105,0.8893762183235867,0.7962619804103435,0.3744945984741446,0.3330451013233866,0.29246030020246894,0.0,0.0,0.0
W1_web,1,leave_one_out,minus_V1_agent_mutation,0.7071571160200589,1.0,0.21052631578947367,0.34782608695652173,0.0,0.6052631578947368,0.86817738791423,0.6344901265332263,0.0,0.5324416072362567,0.46755839276374334,0.0,0.0,0.0
W1_web,1,leave_one_out,minus_V2_scope_discontinuity,0.4385008653250393,1.0,0.5789473684210527,0.7333333333333334,0.0,0.7894736842105263,0.841374269005848,0.7189022424828475,0.5614991346749607,0.0,0.43850086532503924,0.0,0.0,0.0
W1_web,1,leave_one_out,minus_V3_binding_fork,0.6559606632986796,1.0,0.47368421052631576,0.6428571428571429,0.0,0.7368421052631579,0.8949805068226121,0.8076545923750378,0.5292912872328006,0.4707087127671994,0.0,0.0,0.0,0.0
W1_web,1,restored,plus_V4_transition_velocity,0.604818639469213,1.0,0.2631578947368421,0.4166666666666667,0.0,0.631578947368421,0.88864522417154,0.7823939770686559,0.2723557913954297,0.2422111360507767,0.2126953415027365,0.2727377310510571,0.0,0.0
W1_web,1,restored,plus_V5_rate_discontinuity,0.5082835702491659,1.0,0.42105263157894735,0.5925925925925926,0.0,0.7105263157894737,0.8711013645224172,0.7774125934295578,0.33020485889158596,0.29365740156226966,0.2578723766730497,0.0,0.11826536287309473,0.0
W1_web,1,restored,plus_V6_navigation_break,0.5068380321530845,1.0,0.631578947368421,0.7741935483870968,0.0,0.8157894736842105,0.9178849902534113,0.8084130781499201,0.3446403607101242,0.3064951652720737,0.2691457333853347,0.0,0.0,0.0797187406324674
W1_web,1,restored,plus_all_rejected,0.5754342206174666,1.0,0.2631578947368421,0.4166666666666667,0.0,0.631578947368421,0.8771929824561403,0.7678742407307074,0.23467924002633725,0.20870466915015595,0.18327196512055546,0.2350083437610488,0.08405214136963776,0.054283640572264986
W1_web,1,single,only_V1_agent_mutation,0.35000000000000003,1.0,0.5789473684210527,0.7333333333333334,0.0,0.7894736842105263,0.7943469785575049,0.6615254328906827,1.0,0.0,0.0,0.0,0.0,0.0
W1_web,1,single,only_V2_scope_discontinuity,1.0000000000000002,0.0,0.0,0.0,0.0,0.5,0.8557504873294347,0.6154155391017548,0.0,1.0,0.0,0.0,0.0,0.0
W1_web,1,single,only_V3_binding_fork,1.0000000000000002,0.0,0.0,0.0,0.0,0.5,0.6610623781676414,0.30940046967813234,0.0,0.0,1.0,0.0,0.0,0.0
W1_web,1,single,only_V4_transition_velocity,0.9966666666666667,0.6666666666666666,0.10526315789473684,0.18181818181818182,0.009259259259259259,0.5480019493177388,0.6525341130604289,0.3606328814161388,0.0,0.0,0.0,1.0,0.0,0.0
W1_web,1,single,only_V5_rate_discontinuity,1.0000000000000002,0.0,0.0,0.0,0.0,0.5,0.3757309941520468,0.11772966208222474,0.0,0.0,0.0,0.0,1.0,0.0
W1_web,1,single,only_V6_navigation_break,1.0000000000000002,0.0,0.0,0.0,0.0,0.5,0.6990740740740741,0.2261904761904762,0.0,0.0,0.0,0.0,0.0,1.0
W1_web,1,weighting,equal_weights,0.48333333333333334,1.0,0.42105263157894735,0.5925925925925926,0.0,0.7105263157894737,0.8866959064327485,0.7804725067261329,0.3333333333333333,0.3333333333333333,0.3333333333333333,0.0,0.0,0.0
W1_web,1,design,no_migration,0.4621439908332184,1.0,0.5263157894736842,0.6896551724137931,0.0,0.763157894736842,0.8862085769980507,0.7684842026325657,0.37035829960373295,0.30454129011463427,0.3251004102816329,0.0,0.0,0.0
W1_web,1,design,accumulator,0.9652009134787718,1.0,0.15789473684210525,0.2727272727272727,0.0,0.5789473684210527,0.8742690058479532,0.6699711058222553,0.3744945984741446,0.3330451013233866,0.29246030020246894,0.0,0.0,0.0
W1_web,2,reference,full,0.45616658068853627,1.0,0.6071428571428571,0.7555555555555554,0.0,0.8035714285714286,0.8901515151515151,0.8401942545643334,0.3593566391368129,0.3354123275902743,0.3052310332729128,0.0,0.0,0.0
W1_web,2,leave_one_out,minus_V1_agent_mutation,0.7120444986332313,1.0,0.25,0.4,0.0,0.625,0.8443362193362194,0.7231431407612511,0.0,0.5235554570304888,0.4764445429695112,0.0,0.0,0.0
W1_web,2,leave_one_out,minus_V2_scope_discontinuity,0.459278806912227,1.0,0.5714285714285714,0.7272727272727273,0.0,0.7857142857142857,0.8427128427128427,0.7772778402699663,0.5407211930877731,0.0,0.45927880691222706,0.0,0.0,0.0
W1_web,2,leave_one_out,minus_V3_binding_fork,0.48276814833905485,1.0,0.5714285714285714,0.7272727272727273,0.0,0.7857142857142857,0.8836580086580087,0.8159666705541406,0.5172318516609452,0.4827681483390548,0.0,0.0,0.0,0.0
W1_web,2,restored,plus_V4_transition_velocity,0.5128604265532435,1.0,0.39285714285714285,0.5641025641025641,0.0,0.6964285714285714,0.8843795093795094,0.8149504613948916,0.262923014892296,0.245404177348461,0.22332205604875885,0.2683507517104841,0.0,0.0
W1_web,2,restored,plus_V5_rate_discontinuity,0.519241704563378,1.0,0.4642857142857143,0.6341463414634146,0.0,0.7321428571428572,0.8701298701298701,0.8407401994158625,0.3176775813152123,0.296510389311654,0.2698295949822868,0.0,0.11598243439084686,0.0
W1_web,2,restored,plus_V6_navigation_break,0.42053359562133036,1.0,0.6071428571428571,0.7555555555555554,0.0,0.8035714285714286,0.9141414141414141,0.8433219058374337,0.33128586346351474,0.3092119372803548,0.2813882238451706,0.0,0.0,0.07811397541095981
W1_web,2,restored,plus_all_rejected,0.49642643026923516,1.0,0.42857142857142855,0.6,0.0,0.7142857142857143,0.8796897546897547,0.829141862441847,0.22705188083804875,0.21192317475633363,0.19285376321757897,0.23173910022722385,0.0828954620077131,0.05353661895310185
W1_web,2,single,only_V1_agent_mutation,0.35000000000000003,1.0,0.5714285714285714,0.7272727272727273,0.0,0.7857142857142857,0.7640692640692641,0.6659167604049494,1.0,0.0,0.0,0.0,0.0,0.0
W1_web,2,single,only_V2_scope_discontinuity,1.0000000000000002,0.0,0.0,0.0,0.0,0.5,0.7988816738816739,0.6199626973505782,0.0,1.0,0.0,0.0,0.0,0.0
W1_web,2,single,only_V3_binding_fork,1.0000000000000002,0.0,0.0,0.0,0.0,0.5,0.6785714285714286,0.49887514060742405,0.0,0.0,1.0,0.0,0.0,0.0
W1_web,2,single,only_V4_transition_velocity,0.9966666666666667,1.0,0.21428571428571427,0.35294117647058826,0.0,0.6071428571428571,0.726010101010101,0.5770976773507708,0.0,0.0,0.0,1.0,0.0,0.0
W1_web,2,single,only_V5_rate_discontinuity,1.0000000000000002,0.0,0.0,0.0,0.0,0.5,0.5871212121212122,0.27389629069604293,0.0,0.0,0.0,0.0,1.0,0.0
W1_web,2,single,only_V6_navigation_break,1.0000000000000002,0.0,0.0,0.0,0.0,0.5,0.5948773448773449,0.26064797455873573,0.0,0.0,0.0,0.0,0.0,1.0
W1_web,2,weighting,equal_weights,0.48333333333333334,1.0,0.4642857142857143,0.6341463414634146,0.0,0.7321428571428572,0.8894300144300145,0.8342418736119523,0.3333333333333333,0.3333333333333333,0.3333333333333333,0.0,0.0,0.0
W1_web,2,design,no_migration,0.5073902645649505,1.0,0.42857142857142855,0.6,0.0,0.7142857142857143,0.8887085137085137,0.833700748070827,0.3132147042110468,0.3261727840436414,0.3606125117453117,0.0,0.0,0.0
W1_web,2,design,accumulator,0.9913193797716208,1.0,0.21428571428571427,0.35294117647058826,0.0,0.6071428571428571,0.8901515151515151,0.8401942545643333,0.3593566391368129,0.3354123275902743,0.3052310332729128,0.0,0.0,0.0
W1_web,3,reference,full,0.6374057188747398,1.0,0.24242424242424243,0.3902439024390244,0.0,0.6212121212121212,0.8607350096711799,0.7705264406346387,0.36259428112526026,0.31887209440465464,0.3185336244700851,0.0,0.0,0.0
W1_web,3,leave_one_out,minus_V1_agent_mutation,1.0000000000000002,0.0,0.0,0.0,0.0,0.5,0.8099613152804642,0.6256108692481566,0.0,0.5002655058815342,0.4997344941184658,0.0,0.0,0.0
W1_web,3,leave_one_out,minus_V2_scope_discontinuity,0.46765610666276886,1.0,0.48484848484848486,0.653061224489796,0.0,0.7424242424242424,0.7819148936170213,0.6932026058726131,0.5323438933372313,0.0,0.4676561066627688,0.0,0.0,0.0
W1_web,3,leave_one_out,minus_V3_binding_fork,0.6541483318995055,1.0,0.30303030303030304,0.4651162790697675,0.0,0.6515151515151515,0.8663765312701482,0.7669198733615634,0.5320794893853764,0.46792051061462364,0.0,0.0,0.0,0.0
W1_web,3,restored,plus_V4_transition_velocity,0.7281469880954174,1.0,0.12121212121212122,0.21621621621621626,0.0,0.5606060606060606,0.8536428110896196,0.7361948302160718,0.2718530119045827,0.23907254964752608,0.23881878372803522,0.25025565471985606,0.0,0.0
W1_web,3,restored,plus_V5_rate_discontinuity,0.6797948845238384,1.0,0.12121212121212122,0.21621621621621626,0.0,0.5606060606060606,0.7823984526112185,0.7347835861920005,0.32020511547616165,0.28159428078705795,0.28129537975600005,0.0,0.11690522398078036,0.0
W1_web,3,restored,plus_V6_navigation_break,0.5872021678678471,1.0,0.30303030303030304,0.4651162790697675,0.0,0.6515151515151515,0.8799161831076725,0.7819222767075509,0.3340355155725826,0.29375698956314195,0.2934451783047049,0.0,0.0,0.07876231655957049
W1_web,3,restored,plus_all_rejected,0.7112196635740223,1.0,0.09090909090909091,0.16666666666666669,0.0,0.5454545454545454,0.8331721470019342,0.7220001640471472,0.23368070531531693,0.20550311961514542,0.20528498629877656,0.21511594627690997,0.08531561138319053,0.055099631110660824
W1_web,3,single,only_V1_agent_mutation,0.35000000000000003,1.0,0.45454545454545453,0.625,0.0,0.7272727272727273,0.7379110251450677,0.6272011453113815,1.0,0.0,0.0,0.0,0.0,0.0
W1_web,3,single,only_V2_scope_discontinuity,1.0000000000000002,0.0,0.0,0.0,0.0,0.5,0.7709542230818827,0.540969851220388,0.0,1.0,0.0,0.0,0.0,0.0
W1_web,3,single,only_V3_binding_fork,1.0000000000000002,0.0,0.0,0.0,0.0,0.5,0.6355577047066409,0.4142025953049575,0.0,0.0,1.0,0.0,0.0,0.0
W1_web,3,single,only_V4_transition_velocity,1.0,0.0,0.0,0.0,0.0,0.5,0.6068665377176016,0.3990028708532645,0.0,0.0,0.0,1.0,0.0,0.0
W1_web,3,single,only_V5_rate_discontinuity,1.0000000000000002,0.0,0.0,0.0,0.0,0.5,0.48629916183107674,0.25562386290236694,0.0,0.0,0.0,0.0,1.0,0.0
W1_web,3,single,only_V6_navigation_break,1.0000000000000002,0.0,0.0,0.0,0.0,0.5,0.6718246292714378,0.35047460760194943,0.0,0.0,0.0,0.0,0.0,1.0
W1_web,3,weighting,equal_weights,0.6666666666666667,1.0,0.12121212121212122,0.21621621621621626,0.0,0.5606060606060606,0.8600902643455834,0.7670806111018528,0.3333333333333333,0.3333333333333333,0.3333333333333333,0.0,0.0,0.0
W1_web,3,design,no_migration,0.6287675762562982,1.0,0.12121212121212122,0.21621621621621626,0.0,0.5606060606060606,0.8578336557059961,0.7595301603448802,0.37123242374370186,0.27715836995686177,0.3516092062994363,0.0,0.0,0.0
W1_web,3,design,accumulator,1.2728373501239414,1.0,0.06060606060606061,0.1142857142857143,0.0,0.5303030303030303,0.8571889103803998,0.746054447980828,0.36259428112526026,0.31887209440465464,0.3185336244700851,0.0,0.0,0.0
W1_web,4,reference,full,0.6157816952401741,1.0,0.17391304347826086,0.29629629629629634,0.0,0.5869565217391304,0.844690635451505,0.6521142825329548,0.3842183047598259,0.320449768764465,0.29533192647570905,0.0,0.0,0.0
W1_web,4,leave_one_out,minus_V1_agent_mutation,1.0000000000000002,0.0,0.0,0.0,0.0,0.5,0.8196070234113713,0.5495525138570998,0.0,0.5203950868326471,0.4796049131673529,0.0,0.0,0.0
W1_web,4,leave_one_out,minus_V2_scope_discontinuity,0.43459911114848226,1.0,0.2608695652173913,0.41379310344827586,0.0,0.6304347826086957,0.7514632107023411,0.5588126212484309,0.5654008888515177,0.0,0.4345991111484822,0.0,0.0,0.0
W1_web,4,leave_one_out,minus_V3_binding_fork,0.4547527847569196,0.8571428571428571,0.2608695652173913,0.4,0.009615384615384616,0.6256270903010034,0.8375836120401338,0.6198716847290199,0.5452472152430805,0.45475278475691955,0.0,0.0,0.0,0.0
W1_web,4,restored,plus_V4_transition_velocity,0.7105929841174716,1.0,0.08695652173913043,0.16,0.0,0.5434782608695652,0.8390468227424749,0.6286445247365714,0.2894070158825284,0.2413742660603896,0.22245460582519894,0.24676411223188302,0.0,0.0
W1_web,4,restored,plus_V5_rate_discontinuity,0.6628933279237607,1.0,0.13043478260869565,0.23076923076923078,0.0,0.5652173913043478,0.862876254180602,0.6744678052327765,0.33710667207623946,0.2811572321712157,0.25911926021932935,0.0,0.12261683553321542,0.0
W1_web,4,restored,plus_V6_navigation_break,0.6475892402701181,1.0,0.17391304347826086,0.29629629629629634,0.0,0.5869565217391304,0.8942307692307693,0.7208550920221402,0.35241075972988195,0.29392130740918865,0.2708828478300983,0.0,0.0,0.08278508503083098
W1_web,4,restored,plus_all_rejected,0.7533291358783184,1.0,0.08695652173913043,0.16,0.0,0.5434782608695652,0.8952759197324415,0.6744059212570934,0.2466708641216815,0.20573101382594167,0.18960518175213517,0.2103249522574304,0.0897223439410418,0.05794564410176954
W1_web,4,single,only_V1_agent_mutation,0.35000000000000003,1.0,0.2608695652173913,0.41379310344827586,0.0,0.6304347826086957,0.627299331103679,0.4085929476206779,1.0,0.0,0.0,0.0,0.0,0.0
W1_web,4,single,only_V2_scope_discontinuity,1.0000000000000002,0.0,0.0,0.0,0.0,0.5,0.790133779264214,0.47123155888823853,0.0,1.0,0.0,0.0,0.0,0.0
W1_web,4,single,only_V3_binding_fork,1.0000000000000002,0.0,0.0,0.0,0.0,0.5,0.6981605351170569,0.41292121093558953,0.0,0.0,1.0,0.0,0.0,0.0
W1_web,4,single,only_V4_transition_velocity,1.0,0.5,0.043478260869565216,0.08,0.009615384615384616,0.5169314381270903,0.7111204013377926,0.43384490713744395,0.0,0.0,0.0,1.0,0.0,0.0
W1_web,4,single,only_V5_rate_discontinuity,1.0000000000000002,0.0,0.0,0.0,0.0,0.5,0.5777591973244147,0.21330329660457664,0.0,0.0,0.0,0.0,1.0,0.0
W1_web,4,single,only_V6_navigation_break,1.0000000000000002,0.0,0.0,0.0,0.0,0.5,0.6584448160535117,0.24675903201989743,0.0,0.0,0.0,0.0,0.0,1.0
W1_web,4,weighting,equal_weights,0.6666666666666667,1.0,0.13043478260869565,0.23076923076923078,0.0,0.5652173913043478,0.8442725752508361,0.6434186303590417,0.3333333333333333,0.3333333333333333,0.3333333333333333,0.0,0.0,0.0
W1_web,4,design,no_migration,0.6357107548808116,0.8571428571428571,0.2608695652173913,0.4,0.009615384615384616,0.6256270903010034,0.8434364548494984,0.6537300012842234,0.3642892451191885,0.3128561677969806,0.3228545870838311,0.0,0.0,0.0
W1_web,4,design,accumulator,1.2390325754384275,1.0,0.08695652173913043,0.16,0.0,0.5434782608695652,0.8426003344481605,0.6318093552620831,0.3842183047598259,0.320449768764465,0.29533192647570905,0.0,0.0,0.0
W1_web,5,reference,full,0.6270466052218032,1.0,0.2692307692307692,0.42424242424242425,0.0,0.6346153846153846,0.9084158415841584,0.8181756921909782,0.3729533947781968,0.32572212824218877,0.30132447697961434,0.0,0.0,0.0
W1_web,5,leave_one_out,minus_V1_agent_mutation,1.0000000000000002,0.0,0.0,0.0,0.0,0.5,0.8326351865955827,0.5705596500384247,0.0,0.5194544161944264,0.4805455838055735,0.0,0.0,0.0
W1_web,5,leave_one_out,minus_V2_scope_discontinuity,0.4468847186013616,1.0,0.5,0.6666666666666666,0.0,0.75,0.8573876618431074,0.7382405979846925,0.5531152813986384,0.0,0.4468847186013615,0.0,0.0,0.0
W1_web,5,leave_one_out,minus_V3_binding_fork,0.46619942664384006,1.0,0.6153846153846154,0.761904761904762,0.0,0.8076923076923077,0.9099390708301599,0.8327936448772305,0.5338005733561599,0.4661994266438399,0.0,0.0,0.0,0.0
W1_web,5,restored,plus_V4_transition_velocity,0.7213400535127821,0.875,0.2692307692307692,0.411764705882353,0.009900990099009901,0.6296648895658796,0.902894135567403,0.7990021223742061,0.2778095827567575,0.24262744302252848,0.2244538550825886,0.2551091191381254,0.0,0.0
W1_web,5,restored,plus_V5_rate_discontinuity,0.5531579395230057,0.9,0.34615384615384615,0.5,0.009900990099009901,0.6681264280274182,0.8764280274181264,0.8008304603217737,0.3290060574056418,0.2873403345382347,0.2658176049847708,0.0,0.11783600307135257,0.0
W1_web,5,restored,plus_V6_navigation_break,0.6566653401890968,1.0,0.23076923076923078,0.375,0.0,0.6153846153846154,0.9156511805026657,0.8353470304037172,0.3433346598109032,0.2998543454991847,0.27739427565211244,0.0,0.0,0.07941671903779952
W1_web,5,restored,plus_all_rejected,0.6706693636383159,1.0,0.23076923076923078,0.375,0.0,0.6153846153846154,0.8912795125666413,0.7922289451632952,0.23871730458672968,0.20848585798359934,0.19286958627460332,0.21921116144315897,0.08549840467461411,0.055217685037294545
W1_web,5,single,only_V1_agent_mutation,0.35000000000000003,1.0,0.5,0.6666666666666666,0.0,0.75,0.8288271134805788,0.7014536644457904,1.0,0.0,0.0,0.0,0.0,0.0
W1_web,5,single,only_V2_scope_discontinuity,1.0000000000000002,0.0,0.0,0.0,0.0,0.5,0.8063594821020563,0.5552824757852014,0.0,1.0,0.0,0.0,0.0,0.0
W1_web,5,single,only_V3_binding_fork,1.0000000000000002,0.0,0.0,0.0,0.0,0.5,0.6290936785986291,0.3310813958906025,0.0,0.0,1.0,0.0,0.0,0.0
W1_web,5,single,only_V4_transition_velocity,1.0,0.0,0.0,0.0,0.0,0.5,0.7307692307692307,0.5355753590914101,0.0,0.0,0.0,1.0,0.0,0.0
W1_web,5,single,only_V5_rate_discontinuity,1.0000000000000002,0.0,0.0,0.0,0.0,0.5,0.3943259710586443,0.17009167061621622,0.0,0.0,0.0,0.0,1.0,0.0
W1_web,5,single,only_V6_navigation_break,1.0000000000000002,0.0,0.0,0.0,0.0,0.5,0.5634044173648134,0.2286758025439128,0.0,0.0,0.0,0.0,0.0,1.0
W1_web,5,weighting,equal_weights,0.6666666666666667,1.0,0.07692307692307693,0.14285714285714288,0.0,0.5384615384615384,0.902894135567403,0.7816808132724999,0.3333333333333333,0.3333333333333333,0.3333333333333333,0.0,0.0,0.0
W1_web,5,design,no_migration,0.6506267032383052,1.0,0.23076923076923078,0.375,0.0,0.6153846153846154,0.9030845392231531,0.7980788744311245,0.3493732967616949,0.3208987548040014,0.32972794843430375,0.0,0.0,0.0
W1_web,5,design,accumulator,1.2595928838919823,0.0,0.0,0.0,0.0,0.5,0.8869002284843869,0.6752312567795551,0.3729533947781968,0.32572212824218877,0.30132447697961434,0.0,0.0,0.0
W1_web,6,reference,full,0.6452421161613295,0.7142857142857143,0.3125,0.43478260869565216,0.018018018018018018,0.647240990990991,0.9220157657657657,0.7094565426982055,0.3547578838386704,0.32417070984904056,0.32107140631228903,0.0,0.0,0.0
W1_web,6,leave_one_out,minus_V1_agent_mutation,1.0,0.5,0.125,0.2,0.018018018018018018,0.553490990990991,0.8685247747747747,0.43836528862618773,0.0,0.5024016593609775,0.49759834063902253,0.0,0.0,0.0
W1_web,6,leave_one_out,minus_V2_scope_discontinuity,0.4750776727072182,1.0,0.5625,0.72,0.0,0.78125,0.8201013513513513,0.6782589676290464,0.524922327292782,0.0,0.4750776727072181,0.0,0.0,0.0
W1_web,6,leave_one_out,minus_V3_binding_fork,0.6603580602745948,1.0,0.4375,0.6086956521739131,0.0,0.71875,0.932713963963964,0.7913561586051743,0.5225260611160082,0.4774739388839917,0.0,0.0,0.0,0.0
W1_web,6,restored,plus_V4_transition_velocity,0.7239864299019891,0.6,0.1875,0.2857142857142857,0.018018018018018018,0.584740990990991,0.9192004504504504,0.6617205164695322,0.26505665103080295,0.2422035045003804,0.23988786599478804,0.25285197847402857,0.0,0.0
W1_web,6,restored,plus_V5_rate_discontinuity,0.5717445560260509,0.7142857142857143,0.3125,0.43478260869565216,0.018018018018018018,0.647240990990991,0.8930180180180181,0.6908681435093974,0.31434849603240755,0.2872454136780933,0.2844991423479576,0.0,0.11390694794154153,0.0
W1_web,6,restored,plus_V6_navigation_break,0.5957795483176824,0.7142857142857143,0.3125,0.43478260869565216,0.018018018018018018,0.647240990990991,0.9408783783783784,0.7474919564812623,0.3275630751646321,0.29932063368813727,0.2964589146295451,0.0,0.0,0.07665737651768545
W1_web,6,restored,plus_all_rejected,0.6251636630603659,0.6,0.1875,0.2857142857142857,0.018018018018018018,0.584740990990991,0.9310247747747747,0.6793990183792815,0.22887692370057586,0.20914318808435942,0.20714362981822487,0.21833816567015485,0.08293557043229477,0.05356252229439016
W1_web,6,single,only_V1_agent_mutation,0.35000000000000003,1.0,0.5625,0.72,0.0,0.78125,0.767454954954955,0.6176181102362205,1.0,0.0,0.0,0.0,0.0,0.0
W1_web,6,single,only_V2_scope_discontinuity,1.0000000000000002,0.0,0.0,0.0,0.0,0.5,0.8544481981981982,0.47659738249313666,0.0,1.0,0.0,0.0,0.0,0.0
W1_web,6,single,only_V3_binding_fork,1.0000000000000002,0.0,0.0,0.0,0.0,0.5,0.6247184684684685,0.21682250656167978,0.0,0.0,1.0,0.0,0.0,0.0
W1_web,6,single,only_V4_transition_velocity,1.0000000000000002,0.0,0.0,0.0,0.0,0.5,0.638795045045045,0.2729236970378703,0.0,0.0,0.0,1.0,0.0,0.0
W1_web,6,single,only_V5_rate_discontinuity,1.0000000000000002,0.0,0.0,0.0,0.0,0.5,0.5405405405405406,0.14226290155912713,0.0,0.0,0.0,0.0,1.0,0.0
W1_web,6,single,only_V6_navigation_break,1.0000000000000002,0.0,0.0,0.0,0.0,0.5,0.6624436936936937,0.17730172659140497,0.0,0.0,0.0,0.0,0.0,1.0
W1_web,6,weighting,equal_weights,0.6666666666666666,0.7142857142857143,0.3125,0.43478260869565216,0.018018018018018018,0.647240990990991,0.9192004504504504,0.655434176175839,0.3333333333333333,0.3333333333333333,0.3333333333333333,0.0,0.0,0.0
W1_web,6,design,no_migration,0.6581821727916937,0.5,0.125,0.2,0.018018018018018018,0.553490990990991,0.9141328828828829,0.635575996161409,0.34181782720830645,0.2992767503137971,0.3589054224778966,0.0,0.0,0.0
W1_web,6,design,accumulator,1.1401929950941743,0.6,0.1875,0.2857142857142857,0.018018018018018018,0.584740990990991,0.9034346846846847,0.5455623486569526,0.3547578838386704,0.32417070984904056,0.32107140631228903,0.0,0.0,0.0
W1_web,7,reference,full,0.61011743128473,0.8571428571428571,0.42857142857142855,0.5714285714285714,0.008849557522123894,0.7098609355246523,0.8761061946902655,0.6764723212119492,0.38988256871527,0.3395795270368717,0.27053790424785823,0.0,0.0,0.0
W1_web,7,leave_one_out,minus_V1_agent_mutation,1.0,0.8,0.2857142857142857,0.4210526315789473,0.008849557522123894,0.638432364096081,0.8381795195954488,0.4877119256196872,0.0,0.5565806017405796,0.44341939825942034,0.0,0.0,0.0
W1_web,7,leave_one_out,minus_V2_scope_discontinuity,0.40964493882817987,1.0,0.5714285714285714,0.7272727272727273,0.0,0.7857142857142857,0.8343868520859671,0.6969722534683165,0.5903550611718202,0.0,0.4096449388281798,0.0,0.0,0.0
W1_web,7,leave_one_out,minus_V3_binding_fork,0.6525882960325409,1.0,0.42857142857142855,0.6,0.0,0.7142857142857143,0.8675726927939317,0.6618635231472689,0.5344795445653219,0.465520455434678,0.0,0.0,0.0,0.0
W1_web,7,restored,plus_V4_transition_velocity,0.7143479899129882,0.8571428571428571,0.42857142857142855,0.5714285714285714,0.008849557522123894,0.7098609355246523,0.8748419721871049,0.6691463138859419,0.2856520100870118,0.2487969000566402,0.1982127500795383,0.26733833977680965,0.0,0.0
W1_web,7,restored,plus_V5_rate_discontinuity,0.658380535807312,0.8333333333333334,0.35714285714285715,0.5,0.008849557522123894,0.6741466498103666,0.8435524652338812,0.6411104662916257,0.341619464192688,0.29754337686705373,0.23704833534238062,0.0,0.12378882359787761,0.0
W1_web,7,restored,plus_V6_navigation_break,0.5591039037301576,0.8571428571428571,0.42857142857142855,0.5714285714285714,0.008849557522123894,0.7098609355246523,0.9124525916561315,0.7200387847446671,0.3572834588679692,0.3111863871736382,0.2479175165565194,0.0,0.0,0.08361263740187314
W1_web,7,restored,plus_all_rejected,0.6988089949414755,0.8571428571428571,0.42857142857142855,0.5714285714285714,0.008849557522123894,0.7098609355246523,0.8533501896333755,0.6582501545336926,0.2440723902471764,0.2125819246446573,0.16936082359316404,0.22842446504809158,0.08844178165556278,0.05711861481134802
W1_web,7,single,only_V1_agent_mutation,0.35000000000000003,1.0,0.5714285714285714,0.7272727272727273,0.0,0.7857142857142857,0.7967762326169405,0.6400194293895082,1.0,0.0,0.0,0.0,0.0,0.0
W1_web,7,single,only_V2_scope_discontinuity,1.0000000000000002,0.0,0.0,0.0,0.0,0.5,0.8283817951959545,0.3990449436753943,0.0,1.0,0.0,0.0,0.0,0.0
W1_web,7,single,only_V3_binding_fork,1.0000000000000002,0.0,0.0,0.0,0.0,0.5,0.6741466498103666,0.36848518935133107,0.0,0.0,1.0,0.0,0.0,0.0
W1_web,7,single,only_V4_transition_velocity,1.0,0.0,0.0,0.0,0.008849557522123894,0.49557522123893805,0.6896333754740834,0.2784837771901889,0.0,0.0,0.0,1.0,0.0,0.0
W1_web,7,single,only_V5_rate_discontinuity,1.0000000000000002,0.0,0.0,0.0,0.0,0.5,0.47313527180783815,0.10257508886117514,0.0,0.0,0.0,0.0,1.0,0.0
W1_web,7,single,only_V6_navigation_break,1.0000000000000002,0.0,0.0,0.0,0.0,0.5,0.6634007585335019,0.15690399811134717,0.0,0.0,0.0,0.0,0.0,1.0
W1_web,7,weighting,equal_weights,0.6666666666666666,0.8571428571428571,0.42857142857142855,0.5714285714285714,0.008849557522123894,0.7098609355246523,0.8754740834386852,0.6521989755100321,0.3333333333333333,0.3333333333333333,0.3333333333333333,0.0,0.0,0.0
W1_web,7,design,no_migration,0.6378965448350635,0.8571428571428571,0.42857142857142855,0.5714285714285714,0.008849557522123894,0.7098609355246523,0.8767383059418458,0.6778400011510577,0.3621034551649365,0.3436254356649945,0.294271109170069,0.0,0.0,0.0
W1_web,7,design,accumulator,1.2045610117677485,1.0,0.14285714285714285,0.25,0.0,0.5714285714285714,0.8761061946902655,0.6459058638597777,0.38988256871527,0.3395795270368717,0.27053790424785823,0.0,0.0,0.0
W1_web,8,reference,full,0.6255076403611393,1.0,0.25,0.4,0.0,0.625,0.8871359223300971,0.7273598854928023,0.37449235963886085,0.3223879189872585,0.3031197213738807,0.0,0.0,0.0
W1_web,8,leave_one_out,minus_V1_agent_mutation,1.0,1.0,0.16666666666666666,0.2857142857142857,0.0,0.5833333333333334,0.8673139158576052,0.6428236243196873,0.0,0.5154020481686309,0.4845979518313691,0.0,0.0,0.0
W1_web,8,leave_one_out,minus_V2_scope_discontinuity,0.4473351787365506,1.0,0.3333333333333333,0.5,0.0,0.6666666666666666,0.7303802588996764,0.5642927446569179,0.5526648212634495,0.0,0.44733517873655054,0.0,0.0,0.0
W1_web,8,leave_one_out,minus_V3_binding_fork,0.462615931136461,1.0,0.3333333333333333,0.5,0.0,0.6666666666666666,0.8828883495145631,0.7432155020349176,0.5373840688635392,0.46261593113646093,0.0,0.0,0.0,0.0
W1_web,8,restored,plus_V4_transition_velocity,0.7192744387094875,1.0,0.16666666666666666,0.2857142857142857,0.0,0.5833333333333334,0.8905744336569579,0.752035200113769,0.2807255612905125,0.2416672254629011,0.22722347126912204,0.2503837419774644,0.0,0.0
W1_web,8,restored,plus_V5_rate_discontinuity,0.6705515503886055,1.0,0.16666666666666666,0.2857142857142857,0.0,0.5833333333333334,0.8804611650485437,0.7020099883497857,0.32944844961139463,0.2836111267696337,0.266660506370716,0.0,0.1202799172482558,0.0
W1_web,8,restored,plus_V6_navigation_break,0.6558928665725574,1.0,0.16666666666666666,0.2857142857142857,0.0,0.5833333333333334,0.9033171521035599,0.7295657505119578,0.34410713342744265,0.296230296290489,0.27852546446575743,0.0,0.0,0.08113710581631088
W1_web,8,restored,plus_all_rejected,0.7597933992654528,1.0,0.08333333333333333,0.15384615384615385,0.0,0.5416666666666666,0.9010922330097088,0.7482479772116553,0.2402066007345473,0.20678581056364526,0.1944268180986072,0.21424421510858455,0.08769818189436362,0.05663837360025213
W1_web,8,single,only_V1_agent_mutation,0.35000000000000003,1.0,0.2916666666666667,0.45161290322580644,0.0,0.6458333333333334,0.6496763754045307,0.4472769028871391,1.0,0.0,0.0,0.0,0.0,0.0
W1_web,8,single,only_V2_scope_discontinuity,1.0000000000000002,0.0,0.0,0.0,0.0,0.5,0.8703478964401294,0.6410122777714986,0.0,1.0,0.0,0.0,0.0,0.0
W1_web,8,single,only_V3_binding_fork,1.0000000000000002,0.0,0.0,0.0,0.0,0.5,0.6472491909385113,0.34820647419072615,0.0,0.0,1.0,0.0,0.0,0.0
W1_web,8,single,only_V4_transition_velocity,1.0,0.0,0.0,0.0,0.0,0.5,0.6992313915857605,0.47430698766820806,0.0,0.0,0.0,1.0,0.0,0.0
W1_web,8,single,only_V5_rate_discontinuity,1.0000000000000002,0.0,0.0,0.0,0.0,0.5,0.6492718446601942,0.2610267251076374,0.0,0.0,0.0,0.0,1.0,0.0
W1_web,8,single,only_V6_navigation_break,1.0000000000000002,0.0,0.0,0.0,0.0,0.5,0.6622168284789643,0.2587199190462638,0.0,0.0,0.0,0.0,0.0,1.0
W1_web,8,weighting,equal_weights,0.6666666666666666,1.0,0.25,0.4,0.0,0.625,0.8843042071197411,0.7070487252359898,0.3333333333333333,0.3333333333333333,0.3333333333333333,0.0,0.0,0.0
W1_web,8,design,no_migration,0.6517309836599843,1.0,0.20833333333333334,0.3448275862068966,0.0,0.6041666666666666,0.8855177993527508,0.7132200901030069,0.34826901634001584,0.3210270992729485,0.33070388438703574,0.0,0.0,0.0
W1_web,8,design,accumulator,1.2615301550603102,1.0,0.08333333333333333,0.15384615384615385,0.0,0.5416666666666666,0.8822815533980582,0.6798896899807269,0.37449235963886085,0.3223879189872585,0.3031197213738807,0.0,0.0,0.0
W1_web,9,reference,full,0.6304864731733535,1.0,0.43478260869565216,0.6060606060606061,0.0,0.717391304347826,0.9103260869565217,0.840437904021588,0.3695135268266466,0.3336380484121439,0.29684842476120954,0.0,0.0,0.0
W1_web,9,leave_one_out,minus_V1_agent_mutation,1.0,1.0,0.08695652173913043,0.16,0.0,0.5434782608695652,0.8014214046822743,0.598137433907718,0.0,0.5291755852157822,0.47082441478421777,0.0,0.0,0.0
W1_web,9,leave_one_out,minus_V2_scope_discontinuity,0.4454762521387324,1.0,0.6956521739130435,0.8205128205128205,0.0,0.8478260869565217,0.8528428093645485,0.7692937839291828,0.5545237478612677,0.0,0.4454762521387323,0.0,0.0,0.0
W1_web,9,leave_one_out,minus_V3_binding_fork,0.47448951287471747,0.9411764705882353,0.6956521739130435,0.7999999999999999,0.009615384615384616,0.8430183946488294,0.9145066889632107,0.8525494106158106,0.5255104871252827,0.4744895128747174,0.0,0.0,0.0,0.0
W1_web,9,restored,plus_V4_transition_velocity,0.7259035920027553,1.0,0.21739130434782608,0.3571428571428571,0.0,0.6086956521739131,0.9080267558528428,0.8149346562037623,0.27322782725908296,0.24670057370153373,0.219497377590827,0.26057422144855646,0.0,0.0
W1_web,9,restored,plus_V5_rate_discontinuity,0.5560353018201243,1.0,0.43478260869565216,0.6060606060606061,0.0,0.717391304347826,0.9368729096989966,0.8495593648087254,0.32587941876301085,0.2942403062412984,0.2617949955788259,0.0,0.1180852794168649,0.0
W1_web,9,restored,plus_V6_navigation_break,0.6598968137916422,1.0,0.391304347826087,0.5625,0.0,0.6956521739130435,0.941680602006689,0.8660501681932143,0.3401031862083578,0.3070831108127264,0.2732216488777777,0.0,0.0,0.07959205410113812
W1_web,9,restored,plus_all_rejected,0.6769343044722234,1.0,0.17391304347826086,0.29629629629629634,0.0,0.5869565217391304,0.9368729096989966,0.8207372194051196,0.23494411259336995,0.2121337637751731,0.18874218307840518,0.22406348517674352,0.08513406979871689,0.05498238557759167
W1_web,9,single,only_V1_agent_mutation,0.35000000000000003,1.0,0.6956521739130435,0.8205128205128205,0.0,0.8478260869565217,0.8578595317725752,0.7724614857925368,1.0,0.0,0.0,0.0,0.0,0.0
W1_web,9,single,only_V2_scope_discontinuity,1.0000000000000002,0.0,0.0,0.0,0.0,0.5,0.7608695652173914,0.5317357069496748,0.0,1.0,0.0,0.0,0.0,0.0
W1_web,9,single,only_V3_binding_fork,1.0000000000000002,0.0,0.0,0.0,0.0,0.5,0.6377508361204013,0.3390277302293735,0.0,0.0,1.0,0.0,0.0,0.0
W1_web,9,single,only_V4_transition_velocity,0.9966666666666667,0.6666666666666666,0.08695652173913043,0.15384615384615383,0.009615384615384616,0.5386705685618729,0.6630434782608695,0.373665791776028,0.0,0.0,0.0,1.0,0.0,0.0
W1_web,9,single,only_V5_rate_discontinuity,1.0000000000000002,0.0,0.0,0.0,0.0,0.5,0.5936454849498328,0.22063199670769734,0.0,0.0,0.0,0.0,1.0,0.0
W1_web,9,single,only_V6_navigation_break,1.0000000000000002,0.0,0.0,0.0,0.0,0.5,0.6946070234113713,0.2676700436600014,0.0,0.0,0.0,0.0,0.0,1.0
W1_web,9,weighting,equal_weights,0.6666666666666666,1.0,0.43478260869565216,0.6060606060606061,0.0,0.717391304347826,0.9059364548494984,0.8209366252492095,0.3333333333333333,0.3333333333333333,0.3333333333333333,0.0,0.0,0.0
W1_web,9,design,no_migration,0.6403685845772324,1.0,0.34782608695652173,0.5161290322580645,0.0,0.6739130434782609,0.9099080267558528,0.8378803592645548,0.3596314154227674,0.3330609278480784,0.3073076567291541,0.0,0.0,0.0
W1_web,9,design,accumulator,1.2608137709960419,1.0,0.13043478260869565,0.23076923076923078,0.0,0.5652173913043478,0.9019648829431438,0.7839252067160519,0.3695135268266466,0.3336380484121439,0.29684842476120954,0.0,0.0,0.0
W1_web,10,reference,full,0.6422217025130512,0.7777777777777778,0.3684210526315789,0.5,0.018518518518518517,0.6749512670565302,0.800682261208577,0.5877659097553276,0.3577782974869488,0.3334015161372251,0.3088201863758262,0.0,0.0,0.0
W1_web,10,leave_one_out,minus_V1_agent_mutation,1.0,0.7142857142857143,0.2631578947368421,0.3846153846153846,0.018518518518518517,0.6223196881091618,0.7361111111111112,0.4106982289742339,0.0,0.5191377289689921,0.4808622710310079,0.0,0.0,0.0
W1_web,10,leave_one_out,minus_V2_scope_discontinuity,0.46327766091859207,1.0,0.3684210526315789,0.5384615384615384,0.0,0.6842105263157895,0.7748538011695907,0.5897441490173839,0.536722339081408,0.0,0.463277660918592,0.0,0.0,0.0
W1_web,10,leave_one_out,minus_V3_binding_fork,0.4823658179324531,0.875,0.3684210526315789,0.5185185185185185,0.009259259259259259,0.6795808966861598,0.800682261208577,0.6262733835137193,0.517634182067547,0.48236581793245303,0.0,0.0,0.0,0.0
W1_web,10,restored,plus_V4_transition_velocity,0.7324143341036724,0.8,0.21052631578947367,0.3333333333333333,0.009259259259259259,0.6006335282651072,0.7989766081871345,0.5896494063756663,0.2658731501098258,0.24775821219292796,0.22949126972196954,0.25687736797527677,0.0,0.0
W1_web,10,restored,plus_V5_rate_discontinuity,0.5682695025779272,0.7777777777777778,0.3684210526315789,0.5,0.018518518518518517,0.6749512670565302,0.8421052631578947,0.5918042655658755,0.31657991991006296,0.29501013901064393,0.27325936356728325,0.0,0.11515057751200986,0.0
W1_web,10,restored,plus_V6_navigation_break,0.592430317392807,0.7777777777777778,0.3684210526315789,0.5,0.018518518518518517,0.6749512670565302,0.8065302144249513,0.6157143978958929,0.330039781444701,0.307552929543681,0.28487738784912603,0.0,0.0,0.07752990116249195
W1_web,10,restored,plus_all_rejected,0.6318474047816862,0.8,0.21052631578947367,0.3333333333333333,0.009259259259259259,0.6006335282651072,0.8645224171539961,0.6210985978063246,0.22936642836682408,0.21373883073852162,0.19798010011824174,0.22160584623314386,0.08342814887251887,0.05388064567074986
W1_web,10,single,only_V1_agent_mutation,0.35000000000000003,1.0,0.3684210526315789,0.5384615384615384,0.0,0.6842105263157895,0.6491228070175439,0.4629092416079569,1.0,0.0,0.0,0.0,0.0,0.0
W1_web,10,single,only_V2_scope_discontinuity,1.0000000000000002,0.0,0.0,0.0,0.0,0.5,0.7341617933723197,0.38949674724643646,0.0,1.0,0.0,0.0,0.0,0.0
W1_web,10,single,only_V3_binding_fork,1.0000000000000002,0.0,0.0,0.0,0.0,0.5,0.651803118908382,0.2786987152921674,0.0,0.0,1.0,0.0,0.0,0.0
W1_web,10,single,only_V4_transition_velocity,0.9966666666666667,0.5,0.05263157894736842,0.09523809523809525,0.009259259259259259,0.5216861598440545,0.6686159844054581,0.38805544043836626,0.0,0.0,0.0,1.0,0.0,0.0
W1_web,10,single,only_V5_rate_discontinuity,1.0000000000000002,0.0,0.0,0.0,0.0,0.5,0.5918615984405458,0.18746931604755018,0.0,0.0,0.0,0.0,1.0,0.0
W1_web,10,single,only_V6_navigation_break,1.0000000000000002,0.0,0.0,0.0,0.0,0.5,0.5628654970760234,0.1683174471612101,0.0,0.0,0.0,0.0,0.0,1.0
W1_web,10,weighting,equal_weights,0.6666666666666666,0.7777777777777778,0.3684210526315789,0.5,0.018518518518518517,0.6749512670565302,0.7982456140350878,0.5566578365419912,0.3333333333333333,0.3333333333333333,0.3333333333333333,0.0,0.0,0.0
W1_web,10,design,no_migration,0.6641817252529604,0.6,0.15789473684210525,0.25,0.018518518518518517,0.5696881091617934,0.7882553606237817,0.48029647860168584,0.3358182747470396,0.3236309967852242,0.34055072846773615,0.0,0.0,0.0
W1_web,10,design,accumulator,1.130728354728886,0.5,0.10526315789473684,0.17391304347826086,0.018518518518518517,0.5433723196881092,0.7884990253411306,0.49366512749665054,0.3577782974869488,0.3334015161372251,0.3088201863758262,0.0,0.0,0.0
W1_web,11,reference,full,0.6231538767887637,1.0,0.35294117647058826,0.5217391304347826,0.0,0.6764705882352942,0.9446524064171123,0.8378165190651478,0.3768461232112364,0.3290066810778916,0.29414719571087206,0.0,0.0,0.0
W1_web,11,leave_one_out,minus_V1_agent_mutation,1.0,1.0,0.11764705882352941,0.21052631578947367,0.0,0.5588235294117647,0.8935828877005347,0.5983087731840424,0.0,0.5279702066098484,0.47202979339015155,0.0,0.0,0.0
W1_web,11,leave_one_out,minus_V2_scope_discontinuity,0.4383757444610531,1.0,0.47058823529411764,0.6399999999999999,0.0,0.7352941176470589,0.8609625668449198,0.7091431218156554,0.561624255538947,0.0,0.43837574446105304,0.0,0.0,0.0
W1_web,11,leave_one_out,minus_V3_binding_fork,0.6529730014546087,1.0,0.4117647058823529,0.5833333333333334,0.0,0.7058823529411764,0.9355614973262032,0.8209406189075138,0.5338876900698329,0.4661123099301671,0.0,0.0,0.0,0.0
W1_web,11,restored,plus_V4_transition_velocity,0.7223949394090289,1.0,0.23529411764705882,0.38095238095238093,0.0,0.6176470588235294,0.9451871657754011,0.834108625651372,0.27760506059097123,0.24236396239710378,0.21668459633379122,0.2633463806781339,0.0,0.0
W1_web,11,restored,plus_V5_rate_discontinuity,0.6685818256293844,0.0,0.0,0.0,0.0,0.5,0.9216577540106952,0.8080470154823642,0.33141817437061577,0.2893456689149749,0.2586884157597902,0.0,0.12054774095461927,0.0
W1_web,11,restored,plus_V6_navigation_break,0.6538012000645574,1.0,0.23529411764705882,0.38095238095238093,0.0,0.6176470588235294,0.9633689839572193,0.8701533216239098,0.3461987999354426,0.30224994007982076,0.27022543124955606,0.0,0.0,0.0813258287351806
W1_web,11,restored,plus_all_rejected,0.7619548435475734,0.0,0.0,0.0,0.0,0.5,0.9422459893048128,0.8278119424480136,0.2380451564524267,0.20782606492990222,0.18580611796233895,0.22581839919003824,0.08658488904546081,0.05591937241983315
W1_web,11,single,only_V1_agent_mutation,0.35000000000000003,1.0,0.47058823529411764,0.6399999999999999,0.0,0.7352941176470589,0.7454545454545455,0.5647222297904804,1.0,0.0,0.0,0.0,0.0,0.0
W1_web,11,single,only_V2_scope_discontinuity,1.0000000000000002,0.0,0.0,0.0,0.0,0.5,0.9058823529411765,0.6828592387240521,0.0,1.0,0.0,0.0,0.0,0.0
W1_web,11,single,only_V3_binding_fork,1.0000000000000002,0.0,0.0,0.0,0.0,0.5,0.5994652406417113,0.22000926354793887,0.0,0.0,1.0,0.0,0.0,0.0
W1_web,11,single,only_V4_transition_velocity,1.0,0.0,0.0,0.0,0.0,0.5,0.7296791443850268,0.4828876169890528,0.0,0.0,0.0,1.0,0.0,0.0
W1_web,11,single,only_V5_rate_discontinuity,1.0000000000000002,0.0,0.0,0.0,0.0,0.5,0.6606951871657754,0.19231643316040448,0.0,0.0,0.0,0.0,1.0,0.0
W1_web,11,single,only_V6_navigation_break,1.0000000000000002,0.0,0.0,0.0,0.0,0.5,0.5914438502673797,0.16060225092184333,0.0,0.0,0.0,0.0,0.0,1.0
W1_web,11,weighting,equal_weights,0.6666666666666666,1.0,0.35294117647058826,0.5217391304347826,0.0,0.6764705882352942,0.9422459893048128,0.8203758585904315,0.3333333333333333,0.3333333333333333,0.3333333333333333,0.0,0.0,0.0
W1_web,11,design,no_migration,0.6430325290243141,1.0,0.35294117647058826,0.5217391304347826,0.0,0.6764705882352942,0.9425133689839572,0.8211498523984812,0.35696747097568593,0.3202294896007096,0.32280303942360444,0.0,0.0,0.0
W1_web,11,design,accumulator,1.2468476367050838,0.0,0.0,0.0,0.0,0.5,0.9254010695187166,0.6666807920470678,0.3768461232112364,0.3290066810778916,0.29414719571087206,0.0,0.0,0.0
W1_web,12,reference,full,0.46766024892093516,0.8947368421052632,0.6296296296296297,0.7391304347826088,0.02,0.8048148148148149,0.9205555555555556,0.8448986271384127,0.36738020878848626,0.339077175844965,0.29354261536654874,0.0,0.0,0.0
W1_web,12,leave_one_out,minus_V1_agent_mutation,0.7052061138372167,0.6,0.2222222222222222,0.32432432432432434,0.04,0.5911111111111111,0.8807407407407407,0.6379857699411504,0.0,0.5359888839323333,0.46401111606766665,0.0,0.0,0.0
W1_web,12,leave_one_out,minus_V2_scope_discontinuity,0.4441405329613666,1.0,0.5925925925925926,0.7441860465116279,0.0,0.7962962962962963,0.8268518518518518,0.7435476815398075,0.5558594670386335,0.0,0.4441405329613665,0.0,0.0,0.0
W1_web,12,leave_one_out,minus_V3_binding_fork,0.6619794188485735,0.8461538461538461,0.4074074074074074,0.5499999999999999,0.02,0.6937037037037037,0.9188888888888889,0.8373619159118798,0.5200316633098869,0.47996833669011296,0.0,0.0,0.0,0.0
W1_web,12,restored,plus_V4_transition_velocity,0.6037143727517296,0.8571428571428571,0.2222222222222222,0.35294117647058826,0.01,0.606111111111111,0.917962962962963,0.8064861030937047,0.26918185474639533,0.24844403947918337,0.21508057255465227,0.2672935332197692,0.0,0.0
W1_web,12,restored,plus_V5_rate_discontinuity,0.42219135602324764,0.9444444444444444,0.6296296296296297,0.7555555555555556,0.01,0.8098148148148148,0.8616666666666667,0.8175588912187653,0.3237901426313763,0.2988452957004425,0.25871346094379166,0.0,0.11865110072438954,0.0
W1_web,12,restored,plus_V6_navigation_break,0.4302520311086322,0.8095238095238095,0.6296296296296297,0.7083333333333334,0.04,0.7948148148148149,0.8961111111111111,0.8255844534584692,0.33799340736159716,0.3119543385320732,0.27006209480025745,0.0,0.0,0.07999015930607214
W1_web,12,restored,plus_all_rejected,0.519393317270432,0.8888888888888888,0.2962962962962963,0.4444444444444444,0.01,0.6431481481481481,0.8731481481481481,0.8022878470184182,0.2315851051358581,0.21374374976861044,0.1850401731375124,0.22996052631836678,0.08486307647427545,0.05480736916537714
W1_web,12,single,only_V1_agent_mutation,0.35000000000000003,1.0,0.5925925925925926,0.7441860465116279,0.0,0.7962962962962963,0.7759259259259259,0.6792067658209391,1.0,0.0,0.0,0.0,0.0,0.0
W1_web,12,single,only_V2_scope_discontinuity,1.0000000000000002,0.0,0.0,0.0,0.0,0.5,0.8135185185185185,0.5720456271637374,0.0,1.0,0.0,0.0,0.0,0.0
W1_web,12,single,only_V3_binding_fork,1.0000000000000002,0.0,0.0,0.0,0.0,0.5,0.6787037037037037,0.4060768445610965,0.0,0.0,1.0,0.0,0.0,0.0
W1_web,12,single,only_V4_transition_velocity,1.0,0.0,0.0,0.0,0.0,0.5,0.66,0.47506561679790027,0.0,0.0,0.0,1.0,0.0,0.0
W1_web,12,single,only_V5_rate_discontinuity,1.0000000000000002,0.0,0.0,0.0,0.0,0.5,0.5018518518518519,0.21106431697755504,0.0,0.0,0.0,0.0,1.0,0.0
W1_web,12,single,only_V6_navigation_break,1.0000000000000002,0.0,0.0,0.0,0.0,0.5,0.677962962962963,0.29804252110762575,0.0,0.0,0.0,0.0,0.0,1.0
W1_web,12,weighting,equal_weights,0.4833333333333333,0.8095238095238095,0.6296296296296297,0.7083333333333334,0.04,0.7948148148148149,0.9172222222222223,0.8166003566562342,0.3333333333333333,0.3333333333333333,0.3333333333333333,0.0,0.0,0.0
W1_web,12,design,no_migration,0.4700467874342218,0.7777777777777778,0.5185185185185185,0.6222222222222222,0.04,0.7392592592592593,0.9124074074074074,0.8112622635020491,0.3544362186449744,0.31912180712873445,0.3264419742262913,0.0,0.0,0.0
W1_web,12,design,accumulator,0.8158170592276847,0.7777777777777778,0.25925925925925924,0.3888888888888889,0.02,0.6196296296296296,0.9122222222222223,0.7904010368565088,0.36738020878848626,0.339077175844965,0.29354261536654874,0.0,0.0,0.0
W1_web,13,reference,full,0.4633084267526958,1.0,0.44,0.6111111111111112,0.0,0.72,0.9631372549019608,0.8666173308032891,0.3577475180029666,0.3380967954516575,0.30415568654537595,0.0,0.0,0.0
W1_web,13,leave_one_out,minus_V1_agent_mutation,0.7104670784296471,1.0,0.12,0.21428571428571425,0.0,0.56,0.8676470588235294,0.6598001565593775,0.0,0.5264234937642781,0.47357650623572184,0.0,0.0,0.0
W1_web,13,leave_one_out,minus_V2_scope_discontinuity,0.4595168665982215,1.0,0.48,0.6486486486486487,0.0,0.74,0.8749019607843137,0.7620973514674303,0.5404831334017787,0.0,0.45951686659822144,0.0,0.0,0.0
W1_web,13,leave_one_out,minus_V3_binding_fork,0.6658219630372938,1.0,0.32,0.48484848484848486,0.0,0.66,0.9584313725490196,0.8635744975744976,0.5141200568657018,0.48587994313429816,0.0,0.0,0.0,0.0
W1_web,13,restored,plus_V4_transition_velocity,0.6022635066713113,1.0,0.28,0.43750000000000006,0.0,0.64,0.9619607843137254,0.8677492185234121,0.2615376366566039,0.2471716291344458,0.22235838246705825,0.2689323517418921,0.0,0.0
W1_web,13,restored,plus_V5_rate_discontinuity,0.5195178267315199,1.0,0.44,0.6111111111111112,0.0,0.72,0.9307843137254902,0.8320736716142396,0.31615057215243175,0.29878472930190625,0.2687901089056302,0.0,0.11627458964003189,0.0
W1_web,13,restored,plus_V6_navigation_break,0.42702248491444617,0.8461538461538461,0.44,0.5789473684210525,0.0196078431372549,0.7101960784313726,0.942156862745098,0.8411740594448012,0.3297290212922152,0.31161732746217086,0.28033445879626473,0.0,0.0,0.07831919244934923
W1_web,13,restored,plus_all_rejected,0.582239946043482,1.0,0.36,0.5294117647058824,0.0,0.6799999999999999,0.9149019607843137,0.8306400245605284,0.225792262972515,0.2133897139941925,0.1919677909840031,0.2321763133695769,0.08304240141740137,0.05363151726231137
W1_web,13,single,only_V1_agent_mutation,0.35000000000000003,1.0,0.48,0.6486486486486487,0.0,0.74,0.7745098039215687,0.6307401574803149,1.0,0.0,0.0,0.0,0.0,0.0
W1_web,13,single,only_V2_scope_discontinuity,1.0000000000000002,0.0,0.0,0.0,0.0,0.5,0.8627450980392157,0.6262329050973893,0.0,1.0,0.0,0.0,0.0,0.0
W1_web,13,single,only_V3_binding_fork,1.0000000000000002,0.0,0.0,0.0,0.0,0.5,0.6652941176470588,0.39598425196850395,0.0,0.0,1.0,0.0,0.0,0.0
W1_web,13,single,only_V4_transition_velocity,1.0,0.0,0.0,0.0,0.0,0.5,0.691764705882353,0.488648475758712,0.0,0.0,0.0,1.0,0.0,0.0
W1_web,13,single,only_V5_rate_discontinuity,1.0000000000000002,0.0,0.0,0.0,0.0,0.5,0.5525490196078431,0.2221124271387897,0.0,0.0,0.0,0.0,1.0,0.0
W1_web,13,single,only_V6_navigation_break,1.0000000000000002,0.0,0.0,0.0,0.0,0.5,0.6111764705882353,0.24149606299212598,0.0,0.0,0.0,0.0,0.0,1.0
W1_web,13,weighting,equal_weights,0.48333333333333334,1.0,0.44,0.6111111111111112,0.0,0.72,0.96,0.8504408602150539,0.3333333333333333,0.3333333333333333,0.3333333333333333,0.0,0.0,0.0
W1_web,13,design,no_migration,0.4880648519145601,0.8,0.32,0.45714285714285713,0.0196078431372549,0.6501960784313725,0.9588235294117647,0.8366075268817204,0.3380050059274527,0.3162366221054312,0.345758371967116,0.0,0.0,0.0
W1_web,13,design,accumulator,0.9953893542461002,1.0,0.2,0.33333333333333337,0.0,0.6,0.9643137254901961,0.8600721367744323,0.3577475180029666,0.3380967954516575,0.30415568654537595,0.0,0.0,0.0
W1_web,14,reference,full,0.5941523929620296,0.8,0.16,0.26666666666666666,0.00980392156862745,0.5750980392156863,0.9243137254901961,0.7891536127569074,0.40584760703797057,0.33228028547206895,0.2618721074899606,0.0,0.0,0.0
W1_web,14,leave_one_out,minus_V1_agent_mutation,1.0,0.0,0.0,0.0,0.00980392156862745,0.4950980392156863,0.793921568627451,0.5457252888146016,0.0,0.5592509420277703,0.4407490579722298,0.0,0.0,0.0
W1_web,14,leave_one_out,minus_V2_scope_discontinuity,0.3921886710730126,1.0,0.44,0.6111111111111112,0.0,0.72,0.8170588235294117,0.6956988929015453,0.6078113289269875,0.0,0.39218867107301253,0.0,0.0,0.0
W1_web,14,leave_one_out,minus_V3_binding_fork,0.4501662772045287,1.0,0.44,0.6111111111111112,0.0,0.72,0.9129411764705883,0.7902513204564886,0.5498337227954714,0.4501662772045286,0.0,0.0,0.0,0.0
W1_web,14,restored,plus_V4_transition_velocity,0.7001777335193653,1.0,0.12,0.21428571428571425,0.0,0.56,0.9215686274509803,0.759700621303916,0.2998222664806347,0.24547398227667078,0.19345953366272928,0.2612442175799653,0.0,0.0
W1_web,14,restored,plus_V5_rate_discontinuity,0.6454791580556001,0.0,0.0,0.0,0.0,0.5,0.8850980392156863,0.7618356193189527,0.35452084194440003,0.2902574378270567,0.22875364648980018,0.0,0.12646807373874316,0.0
W1_web,14,restored,plus_V6_navigation_break,0.6288552789257001,1.0,0.12,0.21428571428571425,0.0,0.56,0.9237254901960784,0.8066247160281436,0.3711447210743,0.30386793400134987,0.23948016104085923,0.0,0.0,0.08550718388349095
W1_web,14,restored,plus_all_rejected,0.7450557789278434,0.0,0.0,0.0,0.0,0.5,0.8884313725490196,0.7324560798678446,0.2549442210721567,0.20873090561153623,0.16450209218137846,0.2221406179811902,0.09094614684142197,0.05873601631231658
W1_web,14,single,only_V1_agent_mutation,0.35000000000000003,1.0,0.44,0.6111111111111112,0.0,0.72,0.7180392156862745,0.5663622047244095,1.0,0.0,0.0,0.0,0.0,0.0
W1_web,14,single,only_V2_scope_discontinuity,1.0000000000000002,0.0,0.0,0.0,0.0,0.5,0.7672549019607843,0.4960577126135095,0.0,1.0,0.0,0.0,0.0,0.0
W1_web,14,single,only_V3_binding_fork,1.0000000000000002,0.0,0.0,0.0,0.0,0.5,0.6052941176470589,0.3096062992125984,0.0,0.0,1.0,0.0,0.0,0.0
W1_web,14,single,only_V4_transition_velocity,1.0,0.0,0.0,0.0,0.0,0.5,0.6274509803921569,0.31541482314710667,0.0,0.0,0.0,1.0,0.0,0.0
W1_web,14,single,only_V5_rate_discontinuity,1.0000000000000002,0.0,0.0,0.0,0.0,0.5,0.483921568627451,0.1928273919253798,0.0,0.0,0.0,0.0,1.0,0.0
W1_web,14,single,only_V6_navigation_break,1.0000000000000002,0.0,0.0,0.0,0.0,0.5,0.6409803921568628,0.25687505929228727,0.0,0.0,0.0,0.0,0.0,1.0
W1_web,14,weighting,equal_weights,0.6666666666666666,0.8,0.16,0.26666666666666666,0.00980392156862745,0.5750980392156863,0.9205882352941176,0.7364942720975668,0.3333333333333333,0.3333333333333333,0.3333333333333333,0.0,0.0,0.0
W1_web,14,design,no_migration,0.6244299943656415,0.8,0.16,0.26666666666666666,0.00980392156862745,0.5750980392156863,0.9235294117647059,0.7855528997444298,0.37557000563435844,0.3308426850085356,0.2935873093571059,0.0,0.0,0.0
W1_web,14,design,accumulator,1.173867981205715,0.0,0.0,0.0,0.0,0.5,0.9190196078431373,0.7289317561821096,0.40584760703797057,0.33228028547206895,0.2618721074899606,0.0,0.0,0.0
W1_web,15,reference,full,0.6420558546497753,1.0,0.19047619047619047,0.32,0.0,0.5952380952380952,0.8823000898472596,0.7696493987531735,0.35794414535022473,0.33186243120830355,0.31019342344147166,0.0,0.0,0.0
W1_web,15,leave_one_out,minus_V1_agent_mutation,1.0000000000000002,0.0,0.0,0.0,0.0,0.5,0.8254716981132075,0.6031506764493266,0.0,0.5168747061567188,0.4831252938432811,0.0,0.0,0.0
W1_web,15,leave_one_out,minus_V2_scope_discontinuity,0.4642658008326725,1.0,0.47619047619047616,0.6451612903225806,0.0,0.7380952380952381,0.8063791554357592,0.6979752530933633,0.5357341991673277,0.0,0.46426580083267244,0.0,0.0,0.0
W1_web,15,leave_one_out,minus_V3_binding_fork,0.48109490759565987,0.8181818181818182,0.42857142857142855,0.5625,0.018867924528301886,0.7048517520215634,0.87151841868823,0.7145660781334057,0.5189050924043401,0.4810949075956597,0.0,0.0,0.0,0.0
W1_web,15,restored,plus_V4_transition_velocity,0.7330522287775982,1.0,0.14285714285714285,0.25,0.0,0.5714285714285714,0.876010781671159,0.7169383427526439,0.2660924074353601,0.2467034994277317,0.23059495702436258,0.25660913611254565,0.0,0.0
W1_web,15,restored,plus_V5_rate_discontinuity,0.6364593654354767,1.0,0.09523809523809523,0.17391304347826084,0.0,0.5476190476190477,0.818733153638814,0.7184600756936617,0.3178549813517669,0.294694376911398,0.2754522628857626,0.0,0.11199837885107247,0.0
W1_web,15,restored,plus_V6_navigation_break,0.5936962782389076,1.0,0.23809523809523808,0.3846153846153846,0.0,0.6190476190476191,0.8587151841868823,0.7645535361023639,0.3309838316601811,0.30686658936107286,0.2868296888778345,0.0,0.0,0.07531989010091146
W1_web,15,restored,plus_all_rejected,0.6831477520561712,1.0,0.047619047619047616,0.0909090909090909,0.0,0.5238095238095238,0.8270440251572327,0.694228933174674,0.23052026275001422,0.21372333039319716,0.19976823312779904,0.2223047476282763,0.08122539282073563,0.05245803327997767
W1_web,15,single,only_V1_agent_mutation,0.35000000000000003,1.0,0.42857142857142855,0.6,0.0,0.7142857142857143,0.7003593890386344,0.5350268716410449,1.0,0.0,0.0,0.0,0.0,0.0
W1_web,15,single,only_V2_scope_discontinuity,1.0000000000000002,0.0,0.0,0.0,0.0,0.5,0.788858939802336,0.46602552010191267,0.0,1.0,0.0,0.0,0.0,0.0
W1_web,15,single,only_V3_binding_fork,1.0000000000000002,0.0,0.0,0.0,0.0,0.5,0.7048517520215634,0.4451375396257286,0.0,0.0,1.0,0.0,0.0,0.0
W1_web,15,single,only_V4_transition_velocity,0.9966666666666668,1.0,0.23809523809523808,0.3846153846153846,0.0,0.6190476190476191,0.6563342318059299,0.4329875432237637,0.0,0.0,0.0,1.0,0.0,0.0
W1_web,15,single,only_V5_rate_discontinuity,1.0000000000000002,0.0,0.0,0.0,0.0,0.5,0.5152740341419587,0.16727304626194817,0.0,0.0,0.0,0.0,1.0,0.0
W1_web,15,single,only_V6_navigation_break,1.0000000000000002,0.0,0.0,0.0,0.0,0.5,0.545822102425876,0.17951922676332124,0.0,0.0,0.0,0.0,0.0,1.0
W1_web,15,weighting,equal_weights,0.6666666666666667,1.0,0.09523809523809523,0.17391304347826084,0.0,0.5476190476190477,0.8811769991015274,0.7562329210509815,0.3333333333333333,0.3333333333333333,0.3333333333333333,0.0,0.0,0.0
W1_web,15,design,no_migration,0.46343084580892613,0.9090909090909091,0.47619047619047616,0.6249999999999999,0.009433962264150943,0.7333782569631626,0.8796046720575023,0.7545322407788726,0.35084182241074474,0.3376860577824168,0.31147211980683853,0.0,0.0,0.0
W1_web,15,design,accumulator,0.8411733133747574,0.8571428571428571,0.2857142857142857,0.42857142857142855,0.009433962264150943,0.6381401617250674,0.8766846361185984,0.7079321477502083,0.35794414535022473,0.33186243120830355,0.31019342344147166,0.0,0.0,0.0
W1_web,16,reference,full,0.6196315797266045,0.8888888888888888,0.4,0.5517241379310346,0.009345794392523364,0.6953271028037383,0.9142523364485982,0.7814105101700017,0.3803684202733956,0.33850822569340633,0.28112335403319816,0.0,0.0,0.0
W1_web,16,leave_one_out,minus_V1_agent_mutation,1.0,0.5,0.05,0.09090909090909091,0.009345794392523364,0.5203271028037383,0.8492990654205608,0.5485415175375805,0.0,0.5463056383323197,0.45369436166768023,0.0,0.0,0.0
W1_web,16,leave_one_out,minus_V2_scope_discontinuity,0.42498389995534663,1.0,0.5,0.6666666666666666,0.0,0.75,0.8233644859813084,0.6869499768411301,0.5750161000446534,0.0,0.4249838999553466,0.0,0.0,0.0
W1_web,16,leave_one_out,minus_V3_binding_fork,0.47088499479372276,1.0,0.5,0.6666666666666666,0.0,0.75,0.9070093457943925,0.7708551502544975,0.5291150052062774,0.4708849947937227,0.0,0.0,0.0,0.0
W1_web,16,restored,plus_V4_transition_velocity,0.7221784093184239,1.0,0.25,0.4,0.0,0.625,0.9093457943925234,0.7475597775692691,0.2778215906815762,0.24724684991815027,0.2053328647501964,0.26959869465007724,0.0,0.0
W1_web,16,restored,plus_V5_rate_discontinuity,0.6660125897311278,1.0,0.05,0.09523809523809523,0.0,0.525,0.860981308411215,0.772927310513981,0.33398741026887235,0.29723152509030576,0.246843996439455,0.0,0.12193706820136696,0.0
W1_web,16,restored,plus_V6_navigation_break,0.5686325400866852,0.9,0.45,0.6,0.009345794392523364,0.7203271028037384,0.9168224299065421,0.8280062793177951,0.3490620363220557,0.31064716278858495,0.2579853772981002,0.0,0.0,0.08230542359125911
W1_web,16,restored,plus_all_rejected,0.7057864559164162,1.0,0.1,0.18181818181818182,0.0,0.55,0.8598130841121495,0.7438426905634938,0.2380772505000318,0.21187644228404745,0.1759585486394074,0.23103069780582206,0.08692076718713952,0.056136293583552044
W1_web,16,single,only_V1_agent_mutation,0.35000000000000003,1.0,0.5,0.6666666666666666,0.0,0.75,0.7516355140186916,0.5970566179227597,1.0,0.0,0.0,0.0,0.0,0.0
W1_web,16,single,only_V2_scope_discontinuity,1.0000000000000002,0.0,0.0,0.0,0.0,0.5,0.7960280373831776,0.4906531853972799,0.0,1.0,0.0,0.0,0.0,0.0
W1_web,16,single,only_V3_binding_fork,1.0000000000000002,0.0,0.0,0.0,0.0,0.5,0.6063084112149533,0.25699912510936135,0.0,0.0,1.0,0.0,0.0,0.0
W1_web,16,single,only_V4_transition_velocity,1.0000000000000002,0.0,0.0,0.0,0.0,0.5,0.6901869158878504,0.47553977627796523,0.0,0.0,0.0,1.0,0.0,0.0
W1_web,16,single,only_V5_rate_discontinuity,1.0000000000000002,0.0,0.0,0.0,0.0,0.5,0.5116822429906542,0.1689552506291463,0.0,0.0,0.0,0.0,1.0,0.0
W1_web,16,single,only_V6_navigation_break,1.0000000000000002,0.0,0.0,0.0,0.0,0.5,0.6602803738317757,0.218248031496063,0.0,0.0,0.0,0.0,0.0,1.0
W1_web,16,weighting,equal_weights,0.6666666666666666,0.8888888888888888,0.4,0.5517241379310346,0.009345794392523364,0.6953271028037383,0.9079439252336449,0.7143668593763508,0.3333333333333333,0.3333333333333333,0.3333333333333333,0.0,0.0,0.0
W1_web,16,design,no_migration,0.6395723905519919,1.0,0.35,0.5185185185185185,0.0,0.675,0.9154205607476635,0.7992442042536958,0.36042760944800817,0.3107433044484912,0.32882908610350076,0.0,0.0,0.0
W1_web,16,design,accumulator,0.9338352371692055,0.0,0.0,0.0,0.0,0.5,0.9070093457943925,0.7105995156090072,0.3803684202733956,0.33850822569340633,0.28112335403319816,0.0,0.0,0.0
W1_web,17,reference,full,0.6075011889100365,1.0,0.19047619047619047,0.32,0.0,0.5952380952380952,0.8367026055705301,0.6926009122341489,0.3924988110899638,0.34254077632186763,0.26496041258816866,0.0,0.0,0.0
W1_web,17,leave_one_out,minus_V1_agent_mutation,1.0000000000000002,0.0,0.0,0.0,0.0,0.5,0.7446091644204852,0.4609041554752289,0.0,0.5638520262593163,0.4361479737406837,0.0,0.0,0.0
W1_web,17,leave_one_out,minus_V2_scope_discontinuity,0.4030066094530653,1.0,0.42857142857142855,0.6,0.0,0.7142857142857143,0.7513477088948787,0.5946756655418072,0.5969933905469347,0.0,0.40300660945306527,0.0,0.0,0.0
W1_web,17,leave_one_out,minus_V3_binding_fork,0.46601677268566943,0.9,0.42857142857142855,0.5806451612903225,0.009433962264150943,0.7095687331536388,0.8304132973944295,0.6741589740553686,0.5339832273143307,0.4660167726856694,0.0,0.0,0.0,0.0
W1_web,17,restored,plus_V4_transition_velocity,0.7110920371602248,1.0,0.23809523809523808,0.3846153846153846,0.0,0.6190476190476191,0.8317610062893082,0.6574157270489637,0.28711805065909485,0.2505730901341384,0.19382203210472274,0.268486827102044,0.0,0.0
W1_web,17,restored,plus_V5_rate_discontinuity,0.5598375811208572,1.0,0.23809523809523808,0.3846153846153846,0.0,0.6190476190476191,0.8331087151841868,0.6568649821433022,0.34412320553558057,0.30032251472860955,0.23230395594490513,0.0,0.12325032379090481,0.0
W1_web,17,restored,plus_V6_navigation_break,0.5569374627506992,1.0,0.23809523809523808,0.3846153846153846,0.0,0.6190476190476191,0.87848158131177,0.7148886050146555,0.35983022909520934,0.3140303168717042,0.24290714587899495,0.0,0.0,0.08323230815409152
W1_web,17,restored,plus_all_rejected,0.6268142945661824,0.8333333333333334,0.23809523809523808,0.37037037037037035,0.009433962264150943,0.6143306379155435,0.8861185983827493,0.6933311958118289,0.2455581332293294,0.21430300223060694,0.16576657675508374,0.2296237520020069,0.08794849909322877,0.05680003668974434
W1_web,17,single,only_V1_agent_mutation,0.35000000000000003,1.0,0.42857142857142855,0.6,0.0,0.7142857142857143,0.6900269541778976,0.5230596175478065,1.0,0.0,0.0,0.0,0.0,0.0
W1_web,17,single,only_V2_scope_discontinuity,1.0000000000000002,0.0,0.0,0.0,0.0,0.5,0.7470799640610961,0.4561378691299951,0.0,1.0,0.0,0.0,0.0,0.0
W1_web,17,single,only_V3_binding_fork,1.0000000000000002,0.0,0.0,0.0,0.0,0.5,0.5431266846361186,0.18935133108361457,0.0,0.0,1.0,0.0,0.0,0.0
W1_web,17,single,only_V4_transition_velocity,1.0,0.0,0.0,0.0,0.009433962264150943,0.49528301886792453,0.6749775381850853,0.35515887894965514,0.0,0.0,0.0,1.0,0.0,0.0
W1_web,17,single,only_V5_rate_discontinuity,1.0000000000000002,0.0,0.0,0.0,0.0,0.5,0.4757412398921833,0.1643165222132581,0.0,0.0,0.0,0.0,1.0,0.0
W1_web,17,single,only_V6_navigation_break,1.0000000000000002,0.0,0.0,0.0,0.0,0.5,0.6172506738544474,0.20729551663184959,0.0,0.0,0.0,0.0,0.0,1.0
W1_web,17,weighting,equal_weights,0.6666666666666667,0.0,0.0,0.0,0.0,0.5,0.8227762803234502,0.6298567119899486,0.3333333333333333,0.3333333333333333,0.3333333333333333,0.0,0.0,0.0
W1_web,17,design,no_migration,0.6157702484540902,1.0,0.19047619047619047,0.32,0.0,0.5952380952380952,0.8304132973944295,0.6723988920321287,0.38422975154591,0.31205223773396346,0.3037180107201266,0.0,0.0,0.0
W1_web,17,design,accumulator,1.1477774384391242,1.0,0.047619047619047616,0.0909090909090909,0.0,0.5238095238095238,0.8146900269541779,0.5323861908941079,0.3924988110899638,0.34254077632186763,0.26496041258816866,0.0,0.0,0.0
W1_web,18,reference,full,0.6204065464571366,1.0,0.20833333333333334,0.3448275862068966,0.0,0.6041666666666666,0.8836974110032363,0.6921458126588445,0.37959345354286356,0.3388188450613961,0.2815877013957404,0.0,0.0,0.0
W1_web,18,leave_one_out,minus_V1_agent_mutation,1.0000000000000002,0.0,0.0,0.0,0.0,0.5,0.8580097087378641,0.5573407547335567,0.0,0.5461239037470487,0.45387609625295133,0.0,0.0,0.0
W1_web,18,leave_one_out,minus_V2_scope_discontinuity,0.42588585487117847,1.0,0.2916666666666667,0.45161290322580644,0.0,0.6458333333333334,0.7408980582524272,0.5539239810097267,0.5741141451288215,0.0,0.4258858548711784,0.0,0.0,0.0
W1_web,18,leave_one_out,minus_V3_binding_fork,0.4716217215652594,0.8,0.3333333333333333,0.47058823529411764,0.019417475728155338,0.656957928802589,0.8798543689320388,0.6966379202599675,0.5283782784347406,0.47162172156525933,0.0,0.0,0.0,0.0
W1_web,18,restored,plus_V4_transition_velocity,0.7201396031560093,1.0,0.08333333333333333,0.15384615384615385,0.0,0.5416666666666666,0.8780339805825242,0.6217473859374352,0.27986039684399083,0.24979876642260823,0.2076043333294747,0.2627365034039263,0.0,0.0
W1_web,18,restored,plus_V5_rate_discontinuity,0.666760177243342,1.0,0.08333333333333333,0.15384615384615385,0.0,0.5416666666666666,0.8885517799352751,0.6339148444974952,0.33323982275665803,0.2974443600675155,0.24720193361547355,0.0,0.12211388356035294,0.0
W1_web,18,restored,plus_V6_navigation_break,0.6516964977921214,0.6666666666666666,0.25,0.36363636363636365,0.02912621359223301,0.6104368932038835,0.9073624595469255,0.6910241346273464,0.34830350220787865,0.31088995146642334,0.25837638046549666,0.0,0.0,0.08243016586020137
W1_web,18,restored,plus_all_rejected,0.7605545434708632,0.0,0.0,0.0,0.019417475728155338,0.49029126213592233,0.9203074433656958,0.6059777187784339,0.23944545652913676,0.21372505842553954,0.17762396870756286,0.22479444292181225,0.087743458617208,0.056667614798740655
W1_web,18,single,only_V1_agent_mutation,0.35000000000000003,1.0,0.2916666666666667,0.45161290322580644,0.0,0.6458333333333334,0.642799352750809,0.44386781197804825,1.0,0.0,0.0,0.0,0.0,0.0
W1_web,18,single,only_V2_scope_discontinuity,1.0000000000000002,0.0,0.0,0.0,0.0,0.5,0.8369741100323624,0.5491171025496813,0.0,1.0,0.0,0.0,0.0,0.0
W1_web,18,single,only_V3_binding_fork,1.0000000000000002,0.0,0.0,0.0,0.0,0.5,0.6423948220064725,0.3311124570967091,0.0,0.0,1.0,0.0,0.0,0.0
W1_web,18,single,only_V4_transition_velocity,1.0000000000000002,0.0,0.0,0.0,0.0,0.5,0.6966019417475728,0.346662291211996,0.0,0.0,0.0,1.0,0.0,0.0
W1_web,18,single,only_V5_rate_discontinuity,1.0000000000000002,0.0,0.0,0.0,0.0,0.5,0.563915857605178,0.21465127559156127,0.0,0.0,0.0,0.0,1.0,0.0
W1_web,18,single,only_V6_navigation_break,1.0000000000000002,0.0,0.0,0.0,0.0,0.5,0.6670711974110033,0.2616829908456565,0.0,0.0,0.0,0.0,0.0,1.0
W1_web,18,weighting,equal_weights,0.6666666666666667,1.0,0.08333333333333333,0.15384615384615385,0.0,0.5416666666666666,0.879247572815534,0.6483811514439881,0.3333333333333333,0.3333333333333333,0.3333333333333333,0.0,0.0,0.0
W1_web,18,design,no_migration,0.6440128788048518,1.0,0.125,0.2222222222222222,0.0,0.5625,0.8810679611650486,0.6605230236831143,0.3559871211951483,0.34472777931191967,0.299285099492932,0.0,0.0,0.0
W1_web,18,design,accumulator,1.2324819237540214,0.3333333333333333,0.041666666666666664,0.07407407407407407,0.019417475728155338,0.5111245954692557,0.8752022653721683,0.6065802314890434,0.37959345354286356,0.3388188450613961,0.2815877013957404,0.0,0.0,0.0
W1_web,19,reference,full,0.6423386364046733,1.0,0.34782608695652173,0.5161290322580645,0.0,0.6739130434782609,0.8668478260869565,0.7426981366297982,0.3576613635953268,0.32588634911597625,0.3164522872886969,0.0,0.0,0.0
W1_web,19,leave_one_out,minus_V1_agent_mutation,1.0,1.0,0.13043478260869565,0.23076923076923078,0.0,0.5652173913043478,0.8177257525083612,0.5965194568070296,0.0,0.5073435266793884,0.4926564733206116,0.0,0.0,0.0
W1_web,19,leave_one_out,minus_V2_scope_discontinuity,0.4694346225947295,1.0,0.391304347826087,0.5625,0.0,0.6956521739130435,0.7556438127090301,0.6053964721801078,0.5305653774052705,0.0,0.46943462259472946,0.0,0.0,0.0
W1_web,19,leave_one_out,minus_V3_binding_fork,0.6598922328116246,1.0,0.30434782608695654,0.4666666666666667,0.0,0.6521739130434783,0.8722826086956522,0.7572648372590403,0.5232427187513469,0.47675728124865313,0.0,0.0,0.0,0.0
W1_web,19,restored,plus_V4_transition_velocity,0.7315026044188414,1.0,0.2608695652173913,0.41379310344827586,0.0,0.6304347826086957,0.8668478260869565,0.7490564236517008,0.2668038473349051,0.24310071086248178,0.23606320486459773,0.25403223693801524,0.0,0.0
W1_web,19,restored,plus_V5_rate_discontinuity,0.5681495009654928,1.0,0.34782608695652173,0.5161290322580645,0.0,0.6739130434782609,0.8193979933110368,0.7277222924028015,0.3163520201411385,0.2882469715009677,0.2799025294645251,0.0,0.11549847889336867,0.0
W1_web,19,restored,plus_V6_navigation_break,0.5923813074182838,1.0,0.34782608695652173,0.5161290322580645,0.0,0.6739130434782609,0.8555602006688964,0.7443592680755995,0.32984456199848855,0.30054082164453894,0.29184048577374466,0.0,0.0,0.07777413058322771
W1_web,19,restored,plus_all_rejected,0.6304326270072036,1.0,0.2608695652173913,0.41379310344827586,0.0,0.6304347826086957,0.8150083612040134,0.7268690067499937,0.2299401934523594,0.2095120630474211,0.20344691253801203,0.2189332061292991,0.08394996993648364,0.05421765489642478
W1_web,19,single,only_V1_agent_mutation,0.35000000000000003,1.0,0.391304347826087,0.5625,0.0,0.6956521739130435,0.6910535117056856,0.5165498477450045,1.0,0.0,0.0,0.0,0.0,0.0
W1_web,19,single,only_V2_scope_discontinuity,1.0000000000000002,0.0,0.0,0.0,0.0,0.5,0.824623745819398,0.6012625398109821,0.0,1.0,0.0,0.0,0.0,0.0
W1_web,19,single,only_V3_binding_fork,1.0000000000000002,0.0,0.0,0.0,0.0,0.5,0.5773411371237458,0.2655483281981057,0.0,0.0,1.0,0.0,0.0,0.0
W1_web,19,single,only_V4_transition_velocity,1.0,1.0,0.043478260869565216,0.08333333333333333,0.0,0.5217391304347826,0.7111204013377926,0.5288444181631446,0.0,0.0,0.0,1.0,0.0,0.0
W1_web,19,single,only_V5_rate_discontinuity,1.0000000000000002,0.0,0.0,0.0,0.0,0.5,0.5388795986622074,0.19952386792015747,0.0,0.0,0.0,0.0,1.0,0.0
W1_web,19,single,only_V6_navigation_break,1.0000000000000002,0.0,0.0,0.0,0.0,0.5,0.552257525083612,0.19863225582920524,0.0,0.0,0.0,0.0,0.0,1.0
W1_web,19,weighting,equal_weights,0.6666666666666666,1.0,0.34782608695652173,0.5161290322580645,0.0,0.6739130434782609,0.8660117056856187,0.7368138607226391,0.3333333333333333,0.3333333333333333,0.3333333333333333,0.0,0.0,0.0
W1_web,19,design,no_migration,0.668717496887153,1.0,0.08695652173913043,0.16,0.0,0.5434782608695652,0.8660117056856187,0.735451759818204,0.33128250311284707,0.2977382130170975,0.37097928387005547,0.0,0.0,0.0
W1_web,19,design,accumulator,1.1338433692926246,1.0,0.043478260869565216,0.08333333333333333,0.0,0.5217391304347826,0.8609949832775919,0.6789300206877693,0.3576613635953268,0.32588634911597625,0.3164522872886969,0.0,0.0,0.0
W2_apt,0,reference,full,0.6195587812815028,1.0,0.14906832298136646,0.2594594594594595,0.0,0.5745341614906833,0.8433153487720282,0.6861628467218512,0.38044121871849723,0.3325642620529075,0.28699451922859515,0.0,0.0,0.0
W2_apt,0,leave_one_out,minus_V1_agent_mutation,1.0000000000000002,0.0,0.0,0.0,0.0,0.5,0.8235519341745037,0.5997545862776457,0.0,0.5367759639610429,0.4632240360389571,0.0,0.0,0.0
W2_apt,0,leave_one_out,minus_V2_scope_discontinuity,0.42999573278970155,1.0,0.2701863354037267,0.42542787286063566,0.0,0.6350931677018634,0.7420858754460689,0.5660594752578245,0.5700042672102986,0.0,0.4299957327897015,0.0,0.0,0.0
W2_apt,0,leave_one_out,minus_V3_binding_fork,0.6531768705347368,1.0,0.12732919254658384,0.2258953168044077,0.0,0.5636645962732919,0.8337032847683445,0.6510183353462503,0.5335740453311743,0.4664259546688257,0.0,0.0,0.0,0.0
W2_apt,0,restored,plus_V4_transition_velocity,0.7190854835182485,0.96875,0.09627329192546584,0.17514124293785313,0.0008058017727639,0.547733745076351,0.8439484787363427,0.6748109388878827,0.2800347797088552,0.24479355884918985,0.2112506295730697,0.2639210318688852,0.0,0.0
W2_apt,0,restored,plus_V5_rate_discontinuity,0.5313275158909258,0.9814814814814815,0.16459627329192547,0.2819148936170213,0.0008058017727639,0.5818952357595808,0.824037417230144,0.6631351544393138,0.3240887009039914,0.2833034759453131,0.24448371082572895,0.0,0.14812411232496653,0.0
W2_apt,0,restored,plus_V6_navigation_break,0.6195587812815028,1.0,0.14906832298136646,0.2594594594594595,0.0,0.5745341614906833,0.8433153487720282,0.6861628467218512,0.38044121871849723,0.3325642620529075,0.28699451922859515,0.0,0.0,0.0
W2_apt,0,restored,plus_all_rejected,0.6374931479309699,0.9393939393939394,0.09627329192546584,0.17464788732394365,0.0016116035455278,0.547330844189969,0.8252373611743685,0.6557042547658469,0.24826012670053213,0.21701761473541817,0.18728069462622915,0.2339747544173804,0.11346680952044001,0.0
W2_apt,0,single,only_V1_agent_mutation,0.35000000000000003,1.0,0.19875776397515527,0.3316062176165803,0.0,0.5993788819875776,0.6430773619751653,0.4101600501973471,1.0,0.0,0.0,0.0,0.0,0.0
W2_apt,0,single,only_V2_scope_discontinuity,1.0000000000000002,0.0,0.0,0.0,0.0,0.5,0.7950836081901492,0.5489284357597275,0.0,1.0,0.0,0.0,0.0,0.0
W2_apt,0,single,only_V3_binding_fork,1.0000000000000002,0.0,0.0,0.0,0.0,0.5,0.674760136335654,0.40653009921684863,0.0,0.0,1.0,0.0,0.0,0.0
W2_apt,0,single,only_V4_transition_velocity,1.0,0.0,0.0,0.0,0.0,0.5,0.6633775606728695,0.4498439689954841,0.0,0.0,0.0,1.0,0.0,0.0
W2_apt,0,single,only_V5_rate_discontinuity,1.0000000000000002,0.0,0.0,0.0,0.0,0.5,0.4884622699586088,0.2018756529865654,0.0,0.0,0.0,0.0,1.0,0.0
W2_apt,0,weighting,equal_weights,0.6666666666666667,1.0,0.08695652173913043,0.16,0.0,0.5434782608695652,0.8423218602509497,0.6759183916503952,0.3333333333333333,0.3333333333333333,0.3333333333333333,0.0,0.0,0.0
W2_apt,0,design,no_migration,0.6495294061483141,1.0,0.09627329192546584,0.17563739376770537,0.0,0.5481366459627329,0.8381264358036246,0.6529186574020807,0.35047059385168605,0.32181879115605316,0.32771061499226073,0.0,0.0,0.0
W2_apt,0,design,accumulator,1.182942485304694,0.8181818181818182,0.027950310559006212,0.05405405405405406,0.0016116035455278,0.5131693535067392,0.836275844465243,0.6185324230595705,0.38044121871849723,0.3325642620529075,0.28699451922859515,0.0,0.0,0.0
W2_apt,1,reference,full,0.6338757557279366,0.8780487804878049,0.24573378839590443,0.384,0.007874015748031496,0.6189298863239365,0.8578148934454866,0.6639850030321153,0.36612424427206347,0.33463683287922785,0.29923892284870873,0.0,0.0,0.0
W2_apt,1,leave_one_out,minus_V1_agent_mutation,1.0,0.8181818181818182,0.15358361774744028,0.25862068965517243,0.007874015748031496,0.5728548009997044,0.8134852597350246,0.544178478226608,0.0,0.5279218046365163,0.4720781953634837,0.0,0.0,0.0
W2_apt,1,leave_one_out,minus_V2_scope_discontinuity,0.44973773367047976,1.0,0.2832764505119454,0.44148936170212766,0.0,0.6416382252559727,0.7671387492945634,0.5701640321513498,0.5502622663295202,0.0,0.4497377336704797,0.0,0.0,0.0
W2_apt,1,leave_one_out,minus_V3_binding_fork,0.6603967221691706,0.7631578947368421,0.19795221843003413,0.3143631436314363,0.014173228346456693,0.5918894950417887,0.8526121308215313,0.6347194989901452,0.522466581278199,0.47753341872180094,0.0,0.0,0.0,0.0
W2_apt,1,restored,plus_V4_transition_velocity,0.603941715683295,0.7671232876712328,0.19112627986348124,0.30601092896174864,0.013385826771653543,0.5888702265459138,0.8569777753889979,0.6407016989889092,0.26931972758904565,0.24615769668977214,0.22011911651982083,0.26440345920136143,0.0,0.0
W2_apt,1,restored,plus_V5_rate_discontinuity,0.543331359823793,0.8780487804878049,0.24573378839590443,0.384,0.007874015748031496,0.6189298863239365,0.7971460052135121,0.6014037572134265,0.3138261429108505,0.28683647199378914,0.2564948878300038,0.0,0.14284249726535667,0.0
W2_apt,1,restored,plus_V6_navigation_break,0.6338757557279366,0.8780487804878049,0.24573378839590443,0.384,0.007874015748031496,0.6189298863239365,0.8578148934454866,0.6639850030321153,0.36612424427206347,0.33463683287922785,0.29923892284870873,0.0,0.0,0.0
W2_apt,1,restored,plus_all_rejected,0.5640369385333794,0.8142857142857143,0.1945392491467577,0.3140495867768595,0.010236220472440945,0.5921515143371583,0.7981188358281154,0.5866419121422213,0.23991037216428557,0.21927760417929593,0.196082402271418,0.23553095373434949,0.109198667650651,0.0
W2_apt,1,single,only_V1_agent_mutation,0.35000000000000003,1.0,0.20136518771331058,0.3352272727272727,0.0,0.6006825938566553,0.6715379860793851,0.4197911754955695,1.0,0.0,0.0,0.0,0.0,0.0
W2_apt,1,single,only_V2_scope_discontinuity,1.0000000000000002,0.0,0.0,0.0,0.0,0.5,0.7831783612372686,0.49725528718528433,0.0,1.0,0.0,0.0,0.0,0.0
W2_apt,1,single,only_V3_binding_fork,1.0000000000000002,0.0,0.0,0.0,0.0,0.5,0.669210717261025,0.36707184593234216,0.0,0.0,1.0,0.0,0.0,0.0
W2_apt,1,single,only_V4_transition_velocity,1.0,0.0,0.0,0.0,0.008661417322834646,0.4956692913385827,0.6614912257128268,0.3613450857586467,0.0,0.0,0.0,1.0,0.0,0.0
W2_apt,1,single,only_V5_rate_discontinuity,1.0000000000000002,0.0,0.0,0.0,0.0,0.5,0.48508236811695465,0.17996395762353037,0.0,0.0,0.0,0.0,1.0,0.0
W2_apt,1,weighting,equal_weights,0.6666666666666666,0.8780487804878049,0.24573378839590443,0.384,0.007874015748031496,0.6189298863239365,0.856039880680444,0.6489878195406681,0.3333333333333333,0.3333333333333333,0.3333333333333333,0.0,0.0,0.0
W2_apt,1,design,no_migration,0.6563364337595841,0.8214285714285714,0.15699658703071673,0.2636103151862464,0.007874015748031496,0.5745612856413427,0.8505428502324581,0.6196945727046143,0.343663566240416,0.3159514285347895,0.34038500522479437,0.0,0.0,0.0
W2_apt,1,design,accumulator,0.9627103597345973,0.625,0.08532423208191127,0.15015015015015015,0.011811023622047244,0.536756604229932,0.8479065330144312,0.5612890343641542,0.36612424427206347,0.33463683287922785,0.29923892284870873,0.0,0.0,0.0
W2_apt,2,reference,full,0.6335456139747008,0.8421052631578947,0.21843003412969283,0.3468834688346884,0.009448818897637795,0.6044906076160275,0.8602926553975975,0.6697159085308438,0.3664543860252993,0.33325600141227396,0.3002896125624267,0.0,0.0,0.0
W2_apt,2,leave_one_out,minus_V1_agent_mutation,1.0,0.7647058823529411,0.13310580204778158,0.22674418604651164,0.009448818897637795,0.5618284915750719,0.8323896159737711,0.5623623611299414,0.0,0.5260173759573716,0.47398262404262836,0.0,0.0,0.0
W2_apt,2,leave_one_out,minus_V2_scope_discontinuity,0.45038217546538073,1.0,0.2627986348122867,0.4162162162162162,0.0,0.6313993174061434,0.7514390905914917,0.55226721913964,0.5496178245346193,0.0,0.4503821754653806,0.0,0.0,0.0
W2_apt,2,leave_one_out,minus_V3_binding_fork,0.6595800845707813,0.896551724137931,0.17747440273037543,0.29629629629629634,0.004724409448818898,0.5863749966407783,0.8548601220069334,0.6607755423498639,0.5237229468141826,0.47627705318581737,0.0,0.0,0.0,0.0
W2_apt,2,restored,plus_V4_transition_velocity,0.7221996098452864,0.8,0.15017064846416384,0.25287356321839083,0.008661417322834646,0.5707546155706646,0.8605466125608019,0.6619077660950923,0.26989554484258377,0.24544476339551022,0.22116484802424835,0.26349484373765764,0.0,0.0
W2_apt,2,restored,plus_V5_rate_discontinuity,0.5428545499440562,0.8461538461538461,0.22525597269624573,0.3557951482479784,0.009448818897637795,0.607903576899304,0.8096046867861654,0.6122018172698854,0.3139970136526479,0.28555092588809244,0.25730362405596385,0.0,0.14314843640329572,0.0
W2_apt,2,restored,plus_V6_navigation_break,0.6335456139747008,0.8421052631578947,0.21843003412969283,0.3468834688346884,0.009448818897637795,0.6044906076160275,0.8602926553975975,0.6697159085308438,0.3664543860252993,0.33325600141227396,0.3002896125624267,0.0,0.0,0.0
W2_apt,2,restored,plus_all_rejected,0.6430738884632905,0.7894736842105263,0.15358361774744028,0.2571428571428571,0.009448818897637795,0.5720673994249013,0.81178952460294,0.6103455150324071,0.24032521637337953,0.21855331441333267,0.1969335580793437,0.234625789660427,0.10956212147351704,0.0
W2_apt,2,single,only_V1_agent_mutation,0.35000000000000003,1.0,0.19112627986348124,0.3209169054441261,0.0,0.5955631399317406,0.6539813496009245,0.39983383256505406,1.0,0.0,0.0,0.0,0.0,0.0
W2_apt,2,single,only_V2_scope_discontinuity,1.0000000000000002,0.0,0.0,0.0,0.0,0.5,0.8177340033860955,0.550907687747118,0.0,1.0,0.0,0.0,0.0,0.0
W2_apt,2,single,only_V3_binding_fork,1.0000000000000002,0.0,0.0,0.0,0.0,0.5,0.6522762086479804,0.3518913466282491,0.0,0.0,1.0,0.0,0.0,0.0
W2_apt,2,single,only_V4_transition_velocity,0.9966666666666667,0.6170212765957447,0.09897610921501707,0.17058823529411765,0.014173228346456693,0.5424014404342802,0.659456881029803,0.3558592802968154,0.0,0.0,0.0,1.0,0.0,0.0
W2_apt,2,single,only_V5_rate_discontinuity,1.0000000000000002,0.0,0.0,0.0,0.0,0.5,0.5131291822310607,0.19242764460289616,0.0,0.0,0.0,0.0,1.0,0.0
W2_apt,2,weighting,equal_weights,0.6666666666666666,0.8421052631578947,0.21843003412969283,0.3468834688346884,0.009448818897637795,0.6044906076160275,0.8586157319072317,0.6498943718096266,0.3333333333333333,0.3333333333333333,0.3333333333333333,0.0,0.0,0.0
W2_apt,2,design,no_migration,0.6612643341298869,0.6896551724137931,0.06825938566552901,0.12422360248447206,0.007086614173228346,0.5305863857461504,0.8557281449033888,0.620951049546563,0.3387356658701131,0.31650586345109066,0.3447584706787963,0.0,0.0,0.0
W2_apt,2,design,accumulator,0.9823550570477544,0.7096774193548387,0.07508532423208192,0.1358024691358025,0.007086614173228346,0.5339993550294269,0.8527451560022574,0.5756144469656658,0.3664543860252993,0.33325600141227396,0.3002896125624267,0.0,0.0,0.0
W2_apt,3,reference,full,0.6297209996521173,1.0,0.1554054054054054,0.26900584795321636,0.0,0.5777027027027027,0.8362219757247381,0.6337159068027421,0.37027900034788286,0.3322648100785201,0.29745618957359704,0.0,0.0,0.0
W2_apt,3,leave_one_out,minus_V1_agent_mutation,1.0000000000000002,0.0,0.0,0.0,0.0,0.5,0.8033781117344653,0.515140114761006,0.0,0.5276381290477472,0.4723618709522529,0.0,0.0,0.0
W2_apt,3,leave_one_out,minus_V2_scope_discontinuity,0.44547029131200266,1.0,0.27702702702702703,0.4338624338624339,0.0,0.6385135135135135,0.7515758655261418,0.5501933561129133,0.5545297086879973,0.0,0.4454702913120026,0.0,0.0,0.0
W2_apt,3,leave_one_out,minus_V3_binding_fork,0.6574144606298015,1.0,0.14527027027027026,0.2536873156342183,0.0,0.5726351351351351,0.833562202692037,0.6224759830826903,0.5270546759541518,0.47294532404584827,0.0,0.0,0.0,0.0
W2_apt,3,restored,plus_V4_transition_velocity,0.7216459639268564,0.7916666666666666,0.19256756756756757,0.30978260869565216,0.011838989739542225,0.5903642889140127,0.8361886452356065,0.6241189947234922,0.273105364917668,0.24506737384658364,0.21939370346196502,0.26243355777378335,0.0,0.0
W2_apt,3,restored,plus_V5_rate_discontinuity,0.5396683645926019,0.8688524590163934,0.17905405405405406,0.2969187675070028,0.006314127861089187,0.5863699630964825,0.7970626506538109,0.5925051834814208,0.31674270085412437,0.284224742003128,0.25444887985221726,0.0,0.14458367729053045,0.0
W2_apt,3,restored,plus_V6_navigation_break,0.6297209996521173,1.0,0.1554054054054054,0.26900584795321636,0.0,0.5777027027027027,0.8362219757247381,0.6337159068027421,0.37027900034788286,0.3322648100785201,0.29745618957359704,0.0,0.0,0.0
W2_apt,3,restored,plus_all_rejected,0.6424322339742771,0.8260869565217391,0.19256756756756757,0.31232876712328766,0.009471191791633781,0.5915481878879669,0.7981665564538493,0.5852212241886176,0.24283273736724154,0.2179026444555837,0.19507479682380724,0.23334385697785032,0.11084596437551725,0.0
W2_apt,3,single,only_V1_agent_mutation,0.35000000000000003,1.0,0.22635135135135134,0.3691460055096419,0.0,0.6131756756756757,0.657151923035901,0.4214956172896589,1.0,0.0,0.0,0.0,0.0,0.0
W2_apt,3,single,only_V2_scope_discontinuity,1.0000000000000002,0.0,0.0,0.0,0.0,0.5,0.7786762196292583,0.4879077343743867,0.0,1.0,0.0,0.0,0.0,0.0
W2_apt,3,single,only_V3_binding_fork,1.0000000000000002,0.0,0.0,0.0,0.0,0.5,0.6564973122293565,0.34387922031339824,0.0,0.0,1.0,0.0,0.0,0.0
W2_apt,3,single,only_V4_transition_velocity,1.0,0.0,0.0,0.0,0.0055248618784530384,0.4972375690607735,0.6659418396296849,0.3724323620967803,0.0,0.0,0.0,1.0,0.0,0.0
W2_apt,3,single,only_V5_rate_discontinuity,1.0000000000000002,0.0,0.0,0.0,0.0,0.5,0.4802936816058363,0.18104878334561084,0.0,0.0,0.0,0.0,1.0,0.0
W2_apt,3,weighting,equal_weights,0.6666666666666667,1.0,0.08108108108108109,0.15,0.0,0.5405405405405406,0.834027496320314,0.6130755989969074,0.3333333333333333,0.3333333333333333,0.3333333333333333,0.0,0.0,0.0
W2_apt,3,design,no_migration,0.6543685392028719,0.6888888888888889,0.10472972972972973,0.18181818181818182,0.011049723756906077,0.5468400029864119,0.8261761663004757,0.5590212471638386,0.34563146079712825,0.30596631855084344,0.3484022206520284,0.0,0.0,0.0
W2_apt,3,design,accumulator,0.9772480603157393,0.675,0.09121621621621621,0.1607142857142857,0.010260457774269928,0.5404778792209731,0.8248629450286908,0.5232452035397888,0.37027900034788286,0.3322648100785201,0.29745618957359704,0.0,0.0,0.0
W2_apt,4,reference,full,0.6251782256659342,0.8529411764705882,0.28524590163934427,0.4275184275184275,0.01192368839427663,0.6366611066225338,0.8434087414318852,0.647294555666123,0.3748217743340658,0.3343465148200644,0.29083171084586984,0.0,0.0,0.0
W2_apt,4,leave_one_out,minus_V1_agent_mutation,1.0,0.7887323943661971,0.18360655737704917,0.2978723404255319,0.01192368839427663,0.5858414344913863,0.8185397065339206,0.5491819850992106,0.0,0.5348019190270447,0.46519808097295545,0.0,0.0,0.0
W2_apt,4,leave_one_out,minus_V2_scope_discontinuity,0.43691157234346023,1.0,0.24918032786885247,0.3989501312335958,0.0,0.6245901639344262,0.7365268836821393,0.5347033650567871,0.5630884276565399,0.0,0.4369115723434602,0.0,0.0,0.0
W2_apt,4,leave_one_out,minus_V3_binding_fork,0.6564508635774725,1.0,0.12459016393442623,0.22157434402332363,0.0,0.5622950819672131,0.8385793218483671,0.6264229183707363,0.5285371329577347,0.4714628670422652,0.0,0.0,0.0,0.0
W2_apt,4,restored,plus_V4_transition_velocity,0.6074438976785246,0.8048780487804879,0.21639344262295082,0.34108527131782945,0.012718600953895072,0.6018374208345278,0.8429265813547395,0.6312557665495475,0.27530022900194634,0.2455718381342734,0.21361095347021034,0.2655169793935699,0.0,0.0
W2_apt,4,restored,plus_V5_rate_discontinuity,0.5338654384249095,0.8490566037735849,0.29508196721311475,0.43795620437956206,0.012718600953895072,0.6411816831296098,0.772958638484193,0.5859176559039937,0.32007575227513585,0.2855122609718561,0.24835317745305338,0.0,0.14605880929995468,0.0
W2_apt,4,restored,plus_V6_navigation_break,0.6251782256659342,0.8529411764705882,0.28524590163934427,0.4275184275184275,0.01192368839427663,0.6366611066225338,0.8434087414318852,0.647294555666123,0.3748217743340658,0.3343465148200644,0.29083171084586984,0.0,0.0,0.0
W2_apt,4,restored,plus_all_rejected,0.5735659010464975,0.8117647058823529,0.2262295081967213,0.3538461538461538,0.012718600953895072,0.6067554536214131,0.7734785894863041,0.5717201808653575,0.24457509507149422,0.21816456846516785,0.18977070757511016,0.23588371398637384,0.11160591490185383,0.0
W2_apt,4,single,only_V1_agent_mutation,0.35000000000000003,1.0,0.18688524590163935,0.31491712707182323,0.0,0.5934426229508196,0.6389376840678673,0.3923868703450736,1.0,0.0,0.0,0.0,0.0,0.0
W2_apt,4,single,only_V2_scope_discontinuity,1.0000000000000002,0.0,0.0,0.0,0.0,0.5,0.7908676275117934,0.5117091648463374,0.0,1.0,0.0,0.0,0.0,0.0
W2_apt,4,single,only_V3_binding_fork,1.0000000000000002,0.0,0.0,0.0,0.0,0.5,0.6745627980922099,0.3794481249871009,0.0,0.0,1.0,0.0,0.0,0.0
W2_apt,4,single,only_V4_transition_velocity,1.0,0.2,0.006557377049180328,0.012698412698412698,0.006359300476947536,0.5000990382861163,0.6622911725611822,0.3851989007196294,0.0,0.0,0.0,1.0,0.0,0.0
W2_apt,4,single,only_V5_rate_discontinuity,1.0000000000000002,0.0,0.0,0.0,0.0,0.5,0.5000834006619927,0.19444223439027936,0.0,0.0,0.0,0.0,1.0,0.0
W2_apt,4,weighting,equal_weights,0.6666666666666666,0.8529411764705882,0.28524590163934427,0.4275184275184275,0.01192368839427663,0.6366611066225338,0.8419218640047955,0.6311335151799314,0.3333333333333333,0.3333333333333333,0.3333333333333333,0.0,0.0,0.0
W2_apt,4,design,no_migration,0.6469575726614596,0.7846153846153846,0.16721311475409836,0.27567567567567564,0.011128775834658187,0.5780421694597201,0.8369686465636321,0.6033441672241976,0.3530424273385404,0.30814188522861524,0.33881568743284435,0.0,0.0,0.0
W2_apt,4,design,accumulator,0.961829229971331,0.7111111111111111,0.10491803278688525,0.18285714285714286,0.010333863275039745,0.5472920847559227,0.8340991425369438,0.551085334563968,0.3748217743340658,0.3343465148200644,0.29083171084586984,0.0,0.0,0.0
W2_apt,5,reference,full,0.6251736588712359,0.9166666666666666,0.2558139534883721,0.4,0.005546751188589541,0.6251336011498914,0.8595858495980119,0.6871319464022375,0.3748263411287641,0.338464375313041,0.28670928355819486,0.0,0.0,0.0
W2_apt,5,leave_one_out,minus_V1_agent_mutation,1.0,0.8679245283018868,0.15282392026578073,0.25988700564971745,0.005546751188589541,0.5736385845385956,0.8397984004717503,0.5979362206574326,0.0,0.5413925723040627,0.4586074276959373,0.0,0.0,0.0
W2_apt,5,leave_one_out,minus_V2_scope_discontinuity,0.4333996127477893,1.0,0.2757475083056478,0.43229166666666663,0.0,0.6378737541528239,0.743456834324044,0.5541693598804345,0.5666003872522107,0.0,0.43339961274778926,0.0,0.0,0.0
W2_apt,5,leave_one_out,minus_V3_binding_fork,0.6584322266956434,1.0,0.13953488372093023,0.24489795918367346,0.0,0.5697674418604651,0.8519396517682737,0.6507907740281202,0.5254888820067026,0.47451111799329737,0.0,0.0,0.0,0.0
W2_apt,5,restored,plus_V4_transition_velocity,0.6117646652680104,0.8461538461538461,0.18272425249169436,0.3005464480874317,0.00792393026941363,0.5874001611111404,0.8577930932812442,0.6601807799816847,0.2743882650329288,0.24776981371673532,0.20988296246058577,0.2679589587897501,0.0,0.0
W2_apt,5,restored,plus_V5_rate_discontinuity,0.5337618294595865,0.8863636363636364,0.2591362126245847,0.4010282776349614,0.00792393026941363,0.6256061411775855,0.808313282191954,0.6239951539408191,0.32001987084957983,0.28897468984884794,0.24478713961073853,0.0,0.14621829969083366,0.0
W2_apt,5,restored,plus_V6_navigation_break,0.6251736588712359,0.9166666666666666,0.2558139534883721,0.4,0.005546751188589541,0.6251336011498914,0.8595858495980119,0.6871319464022375,0.3748263411287641,0.338464375313041,0.28670928355819486,0.0,0.0,0.0
W2_apt,5,restored,plus_all_rejected,0.5696778495253306,0.8260869565217391,0.1893687707641196,0.3081081081081081,0.009508716323296355,0.5899300272204117,0.8091004101489488,0.606089230003769,0.24382069710215176,0.22016761064484602,0.18650145337251758,0.23810763233275675,0.1114026065477278,0.0
W2_apt,5,single,only_V1_agent_mutation,0.35000000000000003,1.0,0.19933554817275748,0.33240997229916897,0.0,0.5996677740863787,0.6466190353338844,0.4007425226038279,1.0,0.0,0.0,0.0,0.0,0.0
W2_apt,5,single,only_V2_scope_discontinuity,1.0000000000000002,0.0,0.0,0.0,0.0,0.5,0.8175758564952536,0.5517145050386172,0.0,1.0,0.0,0.0,0.0,0.0
W2_apt,5,single,only_V3_binding_fork,1.0000000000000002,0.0,0.0,0.0,0.0,0.5,0.6658404894409022,0.37659258496547765,0.0,0.0,1.0,0.0,0.0,0.0
W2_apt,5,single,only_V4_transition_velocity,1.0,0.0,0.0,0.0,0.006339144215530904,0.4968304278922345,0.6639016274331204,0.3879150731732163,0.0,0.0,0.0,1.0,0.0,0.0
W2_apt,5,single,only_V5_rate_discontinuity,1.0000000000000002,0.0,0.0,0.0,0.0,0.5,0.4939741274462831,0.18941955076214856,0.0,0.0,0.0,0.0,1.0,0.0
W2_apt,5,weighting,equal_weights,0.6666666666666666,0.9166666666666666,0.2558139534883721,0.4,0.005546751188589541,0.6251336011498914,0.8564820908645772,0.6660480726896958,0.3333333333333333,0.3333333333333333,0.3333333333333333,0.0,0.0,0.0
W2_apt,5,design,no_migration,0.6581304559662879,0.8666666666666667,0.12956810631229235,0.2254335260115607,0.004754358161648178,0.5624068740753221,0.852545134812116,0.6400912866381039,0.341869544033712,0.33193275621300833,0.3261976997532796,0.0,0.0,0.0
W2_apt,5,design,accumulator,0.9476284830051857,0.7352941176470589,0.08305647840531562,0.1492537313432836,0.0071315372424722665,0.5379624705814217,0.8506931464584507,0.5966073589918954,0.3748263411287641,0.338464375313041,0.28670928355819486,0.0,0.0,0.0
W2_apt,6,reference,full,0.6291306598607519,1.0,0.153125,0.2655826558265583,0.0,0.5765625,0.8468083769106999,0.6583784940617997,0.3708693401392481,0.3305264795723869,0.29860418028836494,0.0,0.0,0.0
W2_apt,6,leave_one_out,minus_V1_agent_mutation,1.0000000000000002,0.0,0.0,0.0,0.0,0.5,0.8226405370072406,0.5600120097469519,0.0,0.5253701665812054,0.47462983341879456,0.0,0.0,0.0
W2_apt,6,leave_one_out,minus_V2_scope_discontinuity,0.44602836583833433,1.0,0.25625,0.40796019900497504,0.0,0.628125,0.7548747988736927,0.5619326447575842,0.5539716341616657,0.0,0.4460283658383343,0.0,0.0,0.0
W2_apt,6,leave_one_out,minus_V3_binding_fork,0.6563066612093292,1.0,0.11875,0.2122905027932961,0.0,0.559375,0.8391957461786002,0.6428125437903668,0.5287589827548782,0.4712410172451217,0.0,0.0,0.0,0.0
W2_apt,6,restored,plus_V4_transition_velocity,0.720695479912522,0.7702702702702703,0.178125,0.2893401015228427,0.013676588897827836,0.5822242055510861,0.8476040828640387,0.6538018256031185,0.27408520853318646,0.24427044588081467,0.22067876787142504,0.2609655777145738,0.0,0.0
W2_apt,6,restored,plus_V5_rate_discontinuity,0.5383584256652594,0.8169014084507042,0.18125,0.2966751918158568,0.010458567980691875,0.585395716009654,0.7922465808527756,0.604268119623542,0.31724747262684305,0.2827375545285489,0.25543071712729265,0.0,0.14458425571731537,0.0
W2_apt,6,restored,plus_V6_navigation_break,0.6291306598607519,1.0,0.153125,0.2655826558265583,0.0,0.5765625,0.8468083769106999,0.6583784940617997,0.3708693401392481,0.3305264795723869,0.29860418028836494,0.0,0.0,0.0
W2_apt,6,restored,plus_all_rejected,0.642987492447946,0.7534246575342466,0.171875,0.27989821882951654,0.014481094127111826,0.5786969529364441,0.794291783990346,0.6028115094988494,0.24365008936897462,0.21714603384681908,0.19617403580973466,0.23198729574888077,0.1110425452255907,0.0
W2_apt,6,single,only_V1_agent_mutation,0.35000000000000003,1.0,0.175,0.2978723404255319,0.0,0.5875,0.6472483407079646,0.4018258367848604,1.0,0.0,0.0,0.0,0.0,0.0
W2_apt,6,single,only_V2_scope_discontinuity,1.0000000000000002,0.0,0.0,0.0,0.0,0.5,0.8002652353177796,0.538824756819394,0.0,1.0,0.0,0.0,0.0,0.0
W2_apt,6,single,only_V3_binding_fork,1.0000000000000002,0.0,0.0,0.0,0.0,0.5,0.6730490748189863,0.3854047935429893,0.0,0.0,1.0,0.0,0.0,0.0
W2_apt,6,single,only_V4_transition_velocity,1.0,0.0,0.0,0.0,0.007240547063555913,0.49637972646822204,0.6686079545454545,0.3901308490197425,0.0,0.0,0.0,1.0,0.0,0.0
W2_apt,6,single,only_V5_rate_discontinuity,1.0000000000000002,0.0,0.0,0.0,0.0,0.5,0.4822920856798069,0.19696589742060222,0.0,0.0,0.0,0.0,1.0,0.0
W2_apt,6,weighting,equal_weights,0.6666666666666667,1.0,0.084375,0.15561959654178675,0.0,0.5421875,0.8451578841512469,0.6398933916562276,0.3333333333333333,0.3333333333333333,0.3333333333333333,0.0,0.0,0.0
W2_apt,6,design,no_migration,0.6500620823394737,1.0,0.103125,0.18696883852691218,0.0,0.5515625,0.8397123893805309,0.6145142360872945,0.3499379176605264,0.31178738685662066,0.33827469548285294,0.0,0.0,0.0
W2_apt,6,design,accumulator,1.2065157810954306,0.5454545454545454,0.0375,0.07017543859649122,0.008045052292839904,0.5147274738535801,0.8360757743362832,0.5542827604467858,0.3708693401392481,0.3305264795723869,0.29860418028836494,0.0,0.0,0.0
W2_apt,7,reference,full,0.6280496543064498,0.8829787234042553,0.26688102893890675,0.4098765432098765,0.00878594249201278,0.629047543223447,0.8473477805286461,0.6736359765330162,0.3719503456935502,0.3348827290053827,0.2931669253010671,0.0,0.0,0.0
W2_apt,7,leave_one_out,minus_V1_agent_mutation,1.0,0.8135593220338984,0.15434083601286175,0.25945945945945953,0.00878594249201278,0.5727774467604245,0.820210492793524,0.5604757929179537,0.0,0.5332105936356115,0.4667894063643885,0.0,0.0,0.0
W2_apt,7,leave_one_out,minus_V2_scope_discontinuity,0.44077478977904894,1.0,0.2958199356913183,0.456575682382134,0.0,0.6479099678456591,0.7374002239503611,0.5603247995118237,0.5592252102209512,0.0,0.4407747897790489,0.0,0.0,0.0
W2_apt,7,leave_one_out,minus_V3_binding_fork,0.6579564067459835,0.8709677419354839,0.17363344051446947,0.289544235924933,0.006389776357827476,0.583621832078321,0.8422973403326381,0.6545782700738845,0.5262209126984868,0.4737790873015132,0.0,0.0,0.0,0.0
W2_apt,7,restored,plus_V4_transition_velocity,0.6067903380441838,0.8450704225352113,0.19292604501607716,0.3141361256544502,0.00878594249201278,0.5920700512620322,0.8466196850312812,0.6532774808454836,0.27340623699361644,0.24615927322447004,0.2154956079099655,0.2649388818719479,0.0,0.0
W2_apt,7,restored,plus_V5_rate_discontinuity,0.5374921505587942,0.8829787234042553,0.26688102893890675,0.4098765432098765,0.00878594249201278,0.629047543223447,0.795514315359091,0.6120701866666588,0.3183194033100515,0.28659650867393616,0.2508956418848581,0.0,0.14418844613115434,0.0
W2_apt,7,restored,plus_V6_navigation_break,0.6280496543064498,0.8829787234042553,0.26688102893890675,0.4098765432098765,0.00878594249201278,0.629047543223447,0.8473477805286461,0.6736359765330162,0.3719503456935502,0.3348827290053827,0.2931669253010671,0.0,0.0,0.0
W2_apt,7,restored,plus_all_rejected,0.5776622142873274,0.8428571428571429,0.18971061093247588,0.30971128608923887,0.00878594249201278,0.5904623342202315,0.7961717843090926,0.5994942637568162,0.24327769845693237,0.21903326750105725,0.191748645153029,0.23574342020246394,0.11019696868651725,0.0
W2_apt,7,single,only_V1_agent_mutation,0.35000000000000003,1.0,0.21543408360128619,0.3544973544973545,0.0,0.6077170418006431,0.6479151043218311,0.4170107631163923,1.0,0.0,0.0,0.0,0.0,0.0
W2_apt,7,single,only_V2_scope_discontinuity,1.0000000000000002,0.0,0.0,0.0,0.0,0.5,0.7777189936615884,0.5141599351361482,0.0,1.0,0.0,0.0,0.0,0.0
W2_apt,7,single,only_V3_binding_fork,1.0000000000000002,0.0,0.0,0.0,0.0,0.5,0.6665373986830075,0.38152424157084086,0.0,0.0,1.0,0.0,0.0,0.0
W2_apt,7,single,only_V4_transition_velocity,1.0,0.2222222222222222,0.006430868167202572,0.0125,0.005591054313099041,0.5004199069270517,0.6629752524578039,0.38898550101724283,0.0,0.0,0.0,1.0,0.0,0.0
W2_apt,7,single,only_V5_rate_discontinuity,1.0000000000000002,0.0,0.0,0.0,0.0,0.5,0.496771724725969,0.1962910188240823,0.0,0.0,0.0,0.0,1.0,0.0
W2_apt,7,weighting,equal_weights,0.6666666666666666,0.8829787234042553,0.26688102893890675,0.4098765432098765,0.00878594249201278,0.629047543223447,0.845533320320927,0.6549472642394507,0.3333333333333333,0.3333333333333333,0.3333333333333333,0.0,0.0,0.0
W2_apt,7,design,no_migration,0.6534738512951748,0.8363636363636363,0.14790996784565916,0.25136612021857924,0.00718849840255591,0.5703607347215517,0.8419634693814655,0.6341873166176288,0.3465261487048252,0.3231764061070715,0.3302974451881032,0.0,0.0,0.0
W2_apt,7,design,accumulator,0.9610905317617523,0.7567567567567568,0.09003215434083602,0.16091954022988508,0.00718849840255591,0.5414218279691401,0.8391011680346815,0.5830554200849232,0.3719503456935502,0.3348827290053827,0.2931669253010671,0.0,0.0,0.0
W2_apt,8,reference,full,0.6395455004788864,0.8571428571428571,0.22837370242214533,0.36065573770491804,0.008634222919937205,0.609869739751104,0.8356618665565774,0.62765596196601,0.36045449952111375,0.3354515057211651,0.3040939947577213,0.0,0.0,0.0
W2_apt,8,leave_one_out,minus_V1_agent_mutation,1.0,0.7924528301886793,0.1453287197231834,0.2456140350877193,0.008634222919937205,0.5683472484016231,0.8153541959770334,0.537824261216888,0.0,0.5245154652327032,0.47548453476729685,0.0,0.0,0.0
W2_apt,8,leave_one_out,minus_V2_scope_discontinuity,0.45759488942597454,1.0,0.22491349480968859,0.36723163841807904,0.0,0.6124567474048443,0.7255653392578751,0.5079482251441322,0.5424051105740256,0.0,0.4575948894259745,0.0,0.0,0.0
W2_apt,8,leave_one_out,minus_V3_binding_fork,0.6633231745037833,0.8703703703703703,0.16262975778546712,0.2740524781341108,0.005494505494505495,0.5785676261454809,0.830956364446231,0.6201111347525886,0.5179643469172565,0.4820356530827437,0.0,0.0,0.0,0.0
W2_apt,8,restored,plus_V4_transition_velocity,0.6003764163789854,0.7974683544303798,0.2179930795847751,0.3423913043478261,0.012558869701726845,0.6027171049415241,0.8376513501328133,0.631574772298041,0.2657917979941119,0.24735510019687798,0.22423271101692102,0.2626203907920892,0.0,0.0
W2_apt,8,restored,plus_V5_rate_discontinuity,0.5318329228228471,0.7764705882352941,0.22837370242214533,0.35294117647058826,0.014913657770800628,0.6067300223256723,0.7991124051430527,0.5764236612003945,0.3096652057360057,0.28818522080208575,0.26124609229414747,0.0,0.1409034811677612,0.0
W2_apt,8,restored,plus_V6_navigation_break,0.6395455004788864,0.8571428571428571,0.22837370242214533,0.36065573770491804,0.008634222919937205,0.609869739751104,0.8356618665565774,0.62765596196601,0.36045449952111375,0.3354515057211651,0.3040939947577213,0.0,0.0,0.0
W2_apt,8,restored,plus_all_rejected,0.5363816794534164,0.775,0.21453287197231835,0.33604336043360433,0.0141287284144427,0.6002020717789378,0.8019560765482664,0.5845445967113816,0.23711504364801153,0.22066751428138612,0.20003984118903112,0.23428580526365064,0.10789179561792062,0.0
W2_apt,8,single,only_V1_agent_mutation,0.35000000000000003,1.0,0.16262975778546712,0.2797619047619047,0.0,0.5813148788927336,0.6257353620181104,0.3620434706568638,1.0,0.0,0.0,0.0,0.0,0.0
W2_apt,8,single,only_V2_scope_discontinuity,1.0000000000000002,0.0,0.0,0.0,0.0,0.5,0.8048404882314917,0.5340555847910153,0.0,1.0,0.0,0.0,0.0,0.0
W2_apt,8,single,only_V3_binding_fork,1.0000000000000002,0.0,0.0,0.0,0.0,0.5,0.6506398939666365,0.3413166945107969,0.0,0.0,1.0,0.0,0.0,0.0
W2_apt,8,single,only_V4_transition_velocity,0.9966666666666667,0.7142857142857143,0.08650519031141868,0.15432098765432098,0.007849293563579277,0.5393279483739197,0.6633929589935522,0.3804961616503096,0.0,0.0,0.0,1.0,0.0,0.0
W2_apt,8,single,only_V5_rate_discontinuity,1.0000000000000002,0.0,0.0,0.0,0.0,0.5,0.5003245642148262,0.18317723069246789,0.0,0.0,0.0,0.0,1.0,0.0
W2_apt,8,weighting,equal_weights,0.6666666666666666,0.8571428571428571,0.22837370242214533,0.36065573770491804,0.008634222919937205,0.609869739751104,0.8342807711319822,0.6109399380061831,0.3333333333333333,0.3333333333333333,0.3333333333333333,0.0,0.0,0.0
W2_apt,8,design,no_migration,0.6611540445656305,0.6774193548387096,0.0726643598615917,0.13125,0.007849293563579277,0.5324075331490061,0.8302651377292999,0.5709382587044591,0.33884595543436946,0.3152469784922415,0.3459070660733891,0.0,0.0,0.0
W2_apt,8,design,accumulator,0.837867621295924,0.6,0.11418685121107267,0.19186046511627908,0.01726844583987441,0.5484592026855991,0.8276550439180197,0.5314464558773679,0.36045449952111375,0.3354515057211651,0.3040939947577213,0.0,0.0,0.0
W2_apt,9,reference,full,0.6430113774475819,0.9387755102040817,0.2746268656716418,0.4249422632794457,0.004885993485342019,0.6348704360931499,0.8618454956487919,0.7083534008814324,0.35698862255241814,0.33345036532965194,0.30956101211792986,0.0,0.0,0.0
W2_apt,9,leave_one_out,minus_V1_agent_mutation,1.0,0.8888888888888888,0.14328358208955225,0.24678663239074553,0.004885993485342019,0.5691987943021051,0.8377242452233944,0.6232390815838194,0.0,0.5185761512545471,0.48142384874545274,0.0,0.0,0.0
W2_apt,9,leave_one_out,minus_V2_scope_discontinuity,0.4644230467113344,1.0,0.2656716417910448,0.41981132075471705,0.0,0.6328358208955224,0.7650408381545043,0.5946665916340786,0.5355769532886656,0.0,0.46442304671133433,0.0,0.0,0.0
W2_apt,9,leave_one_out,minus_V3_binding_fork,0.6639201888484524,0.8472222222222222,0.18208955223880596,0.2997542997542998,0.008957654723127036,0.5865659487578394,0.851504691526083,0.67947241694561,0.5170458633100733,0.48295413668992676,0.0,0.0,0.0,0.0
W2_apt,9,restored,plus_V4_transition_velocity,0.5992914588303158,0.9080459770114943,0.23582089552238805,0.37440758293838866,0.006514657980456026,0.6146531187709661,0.8639299431182847,0.7110476334296311,0.26412007919816544,0.2467051646347442,0.22903048969087675,0.2601442664762135,0.0,0.0
W2_apt,9,restored,plus_V5_rate_discontinuity,0.5529609100979129,0.9387755102040817,0.2746268656716418,0.4249422632794457,0.004885993485342019,0.6348704360931499,0.8109947007632845,0.6649494800891242,0.3069941847759568,0.28675234055278737,0.2662085695451255,0.0,0.14004490512613033,0.0
W2_apt,9,restored,plus_V6_navigation_break,0.6430113774475819,0.9387755102040817,0.2746268656716418,0.4249422632794457,0.004885993485342019,0.6348704360931499,0.8618454956487919,0.7083534008814324,0.35698862255241814,0.33345036532965194,0.30956101211792986,0.0,0.0,0.0
W2_apt,9,restored,plus_all_rejected,0.559878191208952,0.8701298701298701,0.2,0.32524271844660196,0.008143322475570033,0.595928338762215,0.8136832126014877,0.6668039699877896,0.23571909742820613,0.22017681849530063,0.20440271136284183,0.23217080610099153,0.10753056661265976,0.0
W2_apt,9,single,only_V1_agent_mutation,0.35000000000000003,1.0,0.20597014925373133,0.34158415841584155,0.0,0.6029850746268657,0.6484928776313871,0.4256147286599631,1.0,0.0,0.0,0.0,0.0,0.0
W2_apt,9,single,only_V2_scope_discontinuity,1.0000000000000002,0.0,0.0,0.0,0.0,0.5,0.8072961738538578,0.5783816815188916,0.0,1.0,0.0,0.0,0.0,0.0
W2_apt,9,single,only_V3_binding_fork,1.0000000000000002,0.0,0.0,0.0,0.0,0.5,0.6892751227575478,0.43161390149290346,0.0,0.0,1.0,0.0,0.0,0.0
W2_apt,9,single,only_V4_transition_velocity,1.0,0.0,0.0,0.0,0.005700325732899023,0.4971498371335505,0.6648488015946327,0.41562175439156,0.0,0.0,0.0,1.0,0.0,0.0
W2_apt,9,single,only_V5_rate_discontinuity,1.0000000000000002,0.0,0.0,0.0,0.0,0.5,0.472215469881861,0.2015369114485469,0.0,0.0,0.0,0.0,1.0,0.0
W2_apt,9,weighting,equal_weights,0.6666666666666666,0.9387755102040817,0.2746268656716418,0.4249422632794457,0.004885993485342019,0.6348704360931499,0.8614638533715786,0.7013014885967768,0.3333333333333333,0.3333333333333333,0.3333333333333333,0.0,0.0,0.0
W2_apt,9,design,no_migration,0.6697480071414126,0.8285714285714286,0.08656716417910448,0.1567567567567568,0.004885993485342019,0.5408405853468812,0.8554147017356216,0.6560739060954228,0.3302519928585873,0.31822225249694636,0.3515257546444663,0.0,0.0,0.0
W2_apt,9,design,accumulator,0.9489104136104867,0.6666666666666666,0.07164179104477612,0.1293800539083558,0.009771986970684038,0.5309349020370461,0.8526605571491079,0.6134794902051025,0.35698862255241814,0.33345036532965194,0.30956101211792986,0.0,0.0,0.0
W2_apt,10,reference,full,0.6285873959825372,0.9176470588235294,0.27177700348432055,0.41935483870967744,0.0054858934169279,0.6331455550336964,0.8570814173211145,0.6944427762862023,0.3714126040174629,0.3334674880871859,0.29511990789535114,0.0,0.0,0.0
W2_apt,10,leave_one_out,minus_V1_agent_mutation,1.0,0.8653846153846154,0.156794425087108,0.2654867256637168,0.0054858934169279,0.57565426583509,0.8194734197677848,0.5743319436838489,0.0,0.5305029821126894,0.4694970178873105,0.0,0.0,0.0
W2_apt,10,leave_one_out,minus_V2_scope_discontinuity,0.4427689611845287,1.0,0.3310104529616725,0.4973821989528796,0.0,0.6655052264808362,0.7718944218103175,0.5974557628000488,0.5572310388154713,0.0,0.44276896118452863,0.0,0.0,0.0
W2_apt,10,leave_one_out,minus_V3_binding_fork,0.657504595014851,1.0,0.14634146341463414,0.2553191489361702,0.0,0.573170731707317,0.8507858835865564,0.6693621411325658,0.5269160076694601,0.4730839923305399,0.0,0.0,0.0,0.0
W2_apt,10,restored,plus_V4_transition_velocity,0.7128914489418531,0.875,0.17073170731707318,0.28571428571428575,0.0054858934169279,0.5826229069500727,0.8568342927047721,0.6787843945753306,0.2739939357777307,0.24600153179138123,0.21771222682256294,0.26229230560832517,0.0,0.0
W2_apt,10,restored,plus_V5_rate_discontinuity,0.5377637345511184,0.9069767441860465,0.27177700348432055,0.41823056300268097,0.006269592476489028,0.6327537055039157,0.8063157406092646,0.6518700026311781,0.317747747206397,0.285285264851425,0.2524784696996933,0.0,0.14448851824248468,0.0
W2_apt,10,restored,plus_V6_navigation_break,0.6285873959825372,0.9176470588235294,0.27177700348432055,0.41935483870967744,0.0054858934169279,0.6331455550336964,0.8570814173211145,0.6944427762862023,0.3714126040174629,0.3334674880871859,0.29511990789535114,0.0,0.0,0.0
W2_apt,10,restored,plus_all_rejected,0.6339109194767512,0.8596491228070176,0.17073170731707318,0.2848837209302326,0.006269592476489028,0.582231057420292,0.8067936058894848,0.6395953511557471,0.24363842211562564,0.2187472685245846,0.1935921073134918,0.23323320383018398,0.110788998216114,0.0
W2_apt,10,single,only_V1_agent_mutation,0.35000000000000003,1.0,0.2508710801393728,0.4011142061281337,0.0,0.6254355400696864,0.6845611285266457,0.44981760474113025,1.0,0.0,0.0,0.0,0.0,0.0
W2_apt,10,single,only_V2_scope_discontinuity,1.0000000000000002,0.0,0.0,0.0,0.0,0.5,0.7708977313687154,0.5065874318392648,0.0,1.0,0.0,0.0,0.0,0.0
W2_apt,10,single,only_V3_binding_fork,1.0000000000000002,0.0,0.0,0.0,0.0,0.5,0.6817567419964392,0.39910642784592776,0.0,0.0,1.0,0.0,0.0,0.0
W2_apt,10,single,only_V4_transition_velocity,1.0,0.1111111111111111,0.003484320557491289,0.006756756756756757,0.006269592476489028,0.4986073640405011,0.6501261564339781,0.35289871077280327,0.0,0.0,0.0,1.0,0.0,0.0
W2_apt,10,single,only_V5_rate_discontinuity,1.0000000000000002,0.0,0.0,0.0,0.0,0.5,0.47448335936561337,0.17556944749741604,0.0,0.0,0.0,0.0,1.0,0.0
W2_apt,10,weighting,equal_weights,0.6666666666666666,0.9176470588235294,0.27177700348432055,0.41935483870967744,0.0054858934169279,0.6331455550336964,0.8556778587266393,0.6788291566177336,0.3333333333333333,0.3333333333333333,0.3333333333333333,0.0,0.0,0.0
W2_apt,10,design,no_migration,0.6530458317181542,0.8833333333333333,0.18466898954703834,0.3054755043227666,0.0054858934169279,0.5895915480650552,0.852738304588599,0.6621935694702914,0.3469541682818458,0.3145073914442178,0.3385384402739364,0.0,0.0,0.0
W2_apt,10,design,accumulator,0.9696264073685996,0.7948717948717948,0.10801393728222997,0.19018404907975459,0.006269592476489028,0.5508721724028705,0.8497673478750014,0.6097590499318374,0.3714126040174629,0.3334674880871859,0.29511990789535114,0.0,0.0,0.0
W2_apt,11,reference,full,0.6322209055500153,0.8775510204081632,0.2819672131147541,0.42679900744416877,0.009538950715421303,0.6362141311996664,0.838386457817509,0.6680075743060003,0.3677790944499847,0.3391810948358618,0.2930398107141534,0.0,0.0,0.0
W2_apt,11,leave_one_out,minus_V1_agent_mutation,1.0,0.7391304347826086,0.11147540983606558,0.19373219373219375,0.009538950715421303,0.5509682295603221,0.8012275534937059,0.5235553992850964,0.0,0.5364914254785411,0.4635085745214588,0.0,0.0,0.0
W2_apt,11,leave_one_out,minus_V2_scope_discontinuity,0.4434494964113754,1.0,0.3475409836065574,0.5158150851581508,0.0,0.6737704918032787,0.7474914644634992,0.5800319809798473,0.5565505035886247,0.0,0.4434494964113753,0.0,0.0,0.0
W2_apt,11,leave_one_out,minus_V3_binding_fork,0.6618530788360533,1.0,0.17049180327868851,0.2913165266106442,0.0,0.5852459016393443,0.8336534702494202,0.6583636247467526,0.5202260325599182,0.47977396744008177,0.0,0.0,0.0,0.0
W2_apt,11,restored,plus_V4_transition_velocity,0.609338107000314,0.7910447761194029,0.1737704918032787,0.2849462365591398,0.011128775834658187,0.5813208579843102,0.8374990226484923,0.6461310614471601,0.26940496383773155,0.24845640213822473,0.2146570612626225,0.26748157276142126,0.0,0.0
W2_apt,11,restored,plus_V5_rate_discontinuity,0.44005281041590494,0.853448275862069,0.32459016393442625,0.4703087885985749,0.013513513513513514,0.6555383252104564,0.8080585889650499,0.6332446599447324,0.31481153728153544,0.290332222503835,0.25083620762505965,0.0,0.14402003258956989,0.0
W2_apt,11,restored,plus_V6_navigation_break,0.6322209055500153,0.8775510204081632,0.2819672131147541,0.42679900744416877,0.009538950715421303,0.6362141311996664,0.838386457817509,0.6680075743060003,0.3677790944499847,0.3391810948358618,0.2930398107141534,0.0,0.0,0.0
W2_apt,11,restored,plus_all_rejected,0.5424789702161237,0.7808219178082192,0.18688524590163935,0.30158730158730157,0.012718600953895072,0.5870833224738721,0.8080273137168026,0.6134986932115158,0.23984471949943106,0.22119472198950751,0.19110398677774934,0.2381323709717209,0.10972420076159109,0.0
W2_apt,11,single,only_V1_agent_mutation,0.35000000000000003,1.0,0.28852459016393445,0.4478371501272265,0.0,0.6442622950819672,0.6805376736427845,0.47313806342313947,1.0,0.0,0.0,0.0,0.0,0.0
W2_apt,11,single,only_V2_scope_discontinuity,1.0000000000000002,0.0,0.0,0.0,0.0,0.5,0.7589799056530011,0.4830734903951281,0.0,1.0,0.0,0.0,0.0,0.0
W2_apt,11,single,only_V3_binding_fork,1.0000000000000002,0.0,0.0,0.0,0.0,0.5,0.6580207980400844,0.367350793535703,0.0,0.0,1.0,0.0,0.0,0.0
W2_apt,11,single,only_V4_transition_velocity,0.9966666666666667,0.6888888888888889,0.10163934426229508,0.17714285714285716,0.011128775834658187,0.5452552842138184,0.6365881310432902,0.3511991858451574,0.0,0.0,0.0,1.0,0.0,0.0
W2_apt,11,single,only_V5_rate_discontinuity,1.0000000000000002,0.0,0.0,0.0,0.0,0.5,0.5002971148583492,0.19451167698234756,0.0,0.0,0.0,0.0,1.0,0.0
W2_apt,11,weighting,equal_weights,0.6666666666666666,0.8775510204081632,0.2819672131147541,0.42679900744416877,0.009538950715421303,0.6362141311996664,0.8364643331856446,0.6459820117226913,0.3333333333333333,0.3333333333333333,0.3333333333333333,0.0,0.0,0.0
W2_apt,11,design,no_migration,0.6582227407855565,0.84375,0.17704918032786884,0.2926829268292683,0.00794912559618442,0.5845500273658422,0.8338215747087493,0.6354564487268982,0.3417772592144434,0.3221919288640087,0.3360308119215479,0.0,0.0,0.0
W2_apt,11,design,accumulator,0.8357295624515324,0.6764705882352942,0.15081967213114755,0.24664879356568367,0.017488076311605722,0.5666657979097709,0.8304777294169773,0.5791707839880729,0.3677790944499847,0.3391810948358618,0.2930398107141534,0.0,0.0,0.0
W2_apt,12,reference,full,0.6280927793088075,0.8586956521739131,0.25901639344262295,0.3979848866498741,0.010333863275039745,0.6243412650837916,0.8414397039276499,0.6483848824383183,0.3719072206911924,0.33410802824202984,0.2939847510667776,0.0,0.0,0.0
W2_apt,12,leave_one_out,minus_V1_agent_mutation,1.0,0.7678571428571429,0.14098360655737704,0.2382271468144044,0.010333863275039745,0.5653248716411686,0.8227384086111184,0.5432819841699248,0.0,0.5319405655478211,0.4680594344521789,0.0,0.0,0.0
W2_apt,12,leave_one_out,minus_V2_scope_discontinuity,0.44149015686531135,1.0,0.26885245901639343,0.4237726098191214,0.0,0.6344262295081967,0.7316687951210613,0.5385428331290099,0.5585098431346887,0.0,0.4414901568653113,0.0,0.0,0.0
W2_apt,12,leave_one_out,minus_V3_binding_fork,0.6575998977153257,0.7702702702702703,0.18688524590163935,0.3007915567282322,0.013513513513513514,0.5866858661940629,0.8371901795720503,0.6295113909881783,0.5267693881302681,0.47323061186973187,0.0,0.0,0.0,0.0
W2_apt,12,restored,plus_V4_transition_velocity,0.7136624281693869,0.7903225806451613,0.16065573770491803,0.2670299727520436,0.010333863275039745,0.5751609372149391,0.8406604289921551,0.6222411372504462,0.27304652966684206,0.24529515042964578,0.21583747662809252,0.2658208432754196,0.0,0.0
W2_apt,12,restored,plus_V5_rate_discontinuity,0.5369888616953211,0.8421052631578947,0.26229508196721313,0.4,0.01192368839427663,0.6251856967864683,0.7958221480883004,0.5930440173519195,0.3179626349390728,0.2856461587830898,0.25134270291223126,0.0,0.1450485033656061,0.0
W2_apt,12,restored,plus_V6_navigation_break,0.6280927793088075,0.8586956521739131,0.25901639344262295,0.3979848866498741,0.010333863275039745,0.6243412650837916,0.8414397039276499,0.6483848824383183,0.3719072206911924,0.33410802824202984,0.2939847510667776,0.0,0.0,0.0
W2_apt,12,restored,plus_all_rejected,0.6346155803492778,0.765625,0.16065573770491803,0.26558265582655827,0.01192368839427663,0.5743660246553207,0.7961544476009278,0.5705590415384652,0.24280328492472011,0.21812571056329363,0.19193083464238364,0.2363779317301057,0.11076223813949683,0.0
W2_apt,12,single,only_V1_agent_mutation,0.35000000000000003,1.0,0.22295081967213115,0.3646112600536193,0.0,0.6114754098360655,0.6411282545805207,0.41239159973546025,1.0,0.0,0.0,0.0,0.0,0.0
W2_apt,12,single,only_V2_scope_discontinuity,1.0000000000000002,0.0,0.0,0.0,0.0,0.5,0.7916912090489718,0.5102272852245588,0.0,1.0,0.0,0.0,0.0,0.0
W2_apt,12,single,only_V3_binding_fork,1.0000000000000002,0.0,0.0,0.0,0.0,0.5,0.6556360603612291,0.35865794605684953,0.0,0.0,1.0,0.0,0.0,0.0
W2_apt,12,single,only_V4_transition_velocity,1.0,0.25,0.009836065573770493,0.018927444794952685,0.007154213036565978,0.5013409262686023,0.6559761786859183,0.36684336922445837,0.0,0.0,0.0,1.0,0.0,0.0
W2_apt,12,single,only_V5_rate_discontinuity,1.0000000000000002,0.0,0.0,0.0,0.0,0.5,0.5155516171909614,0.19752687730655138,0.0,0.0,0.0,0.0,1.0,0.0
W2_apt,12,weighting,equal_weights,0.6666666666666666,0.8586956521739131,0.25901639344262295,0.3979848866498741,0.010333863275039745,0.6243412650837916,0.8397860251765749,0.6302390055547838,0.3333333333333333,0.3333333333333333,0.3333333333333333,0.0,0.0,0.0
W2_apt,12,design,no_migration,0.6545800354899582,0.7818181818181819,0.14098360655737704,0.23888888888888887,0.009538950715421303,0.5657223279209779,0.8326474497641325,0.5954944964483746,0.3454199645100418,0.3210533938132154,0.33352664167674284,0.0,0.0,0.0
W2_apt,12,design,accumulator,0.962569560625711,0.7647058823529411,0.08524590163934426,0.15339233038348082,0.006359300476947536,0.5394433005811984,0.8311905444499466,0.5497311686050331,0.3719072206911924,0.33410802824202984,0.2939847510667776,0.0,0.0,0.0
W2_apt,13,reference,full,0.6309468007380896,0.8673469387755102,0.28716216216216217,0.4314720812182741,0.010260457774269928,0.638450852193946,0.8720055888564175,0.6921724206183737,0.3690531992619104,0.3337894106649721,0.2971573900731176,0.0,0.0,0.0
W2_apt,13,leave_one_out,minus_V1_agent_mutation,1.0,0.7719298245614035,0.14864864864864866,0.24929178470254956,0.010260457774269928,0.5691940954371894,0.832884927152883,0.554771986372709,0.0,0.5290294051328907,0.47097059486710935,0.0,0.0,0.0
W2_apt,13,leave_one_out,minus_V2_scope_discontinuity,0.4460412290499954,1.0,0.31756756756756754,0.482051282051282,0.0,0.6587837837837838,0.7698223084963417,0.5866462273939789,0.5539587709500047,0.0,0.4460412290499953,0.0,0.0,0.0
W2_apt,13,leave_one_out,minus_V3_binding_fork,0.6586937443289086,1.0,0.16891891891891891,0.28901734104046245,0.0,0.5844594594594594,0.8702550715672263,0.6851831104189013,0.5250865471862945,0.47491345281370545,0.0,0.0,0.0,0.0
W2_apt,13,restored,plus_V4_transition_velocity,0.6046212495117658,0.7692307692307693,0.20270270270270271,0.32085561497326204,0.014206787687450671,0.594247957507626,0.8711576612129098,0.6709347588278737,0.2710947614992214,0.24519110213963535,0.21828238300254507,0.2654317533585982,0.0,0.0
W2_apt,13,restored,plus_V5_rate_discontinuity,0.5398979351999722,0.8686868686868687,0.2905405405405405,0.4354430379746835,0.010260457774269928,0.6401400413831353,0.8221871733612065,0.6386624648285306,0.31618038927205805,0.28596870589392603,0.2545848117731902,0.0,0.14326609306082577,0.0
W2_apt,13,restored,plus_V6_navigation_break,0.6309468007380896,0.8673469387755102,0.28716216216216217,0.4314720812182741,0.010260457774269928,0.638450852193946,0.8720055888564175,0.6921724206183737,0.3690531992619104,0.3337894106649721,0.2971573900731176,0.0,0.0,0.0
W2_apt,13,restored,plus_all_rejected,0.5433916449018814,0.7710843373493976,0.21621621621621623,0.33773087071240104,0.01499605367008682,0.6006100812730647,0.8227684570916615,0.6164229618177018,0.2414372997671297,0.21836747158129827,0.19440253602620888,0.23639381834214737,0.10939887428321572,0.0
W2_apt,13,single,only_V1_agent_mutation,0.35000000000000003,1.0,0.2533783783783784,0.40431266846361186,0.0,0.6266891891891893,0.6864574222999638,0.4609465983513624,1.0,0.0,0.0,0.0,0.0,0.0
W2_apt,13,single,only_V2_scope_discontinuity,1.0000000000000002,0.0,0.0,0.0,0.0,0.5,0.8091096226455342,0.5315677914881152,0.0,1.0,0.0,0.0,0.0,0.0
W2_apt,13,single,only_V3_binding_fork,1.0000000000000002,0.0,0.0,0.0,0.0,0.5,0.6634273875295975,0.3603679380737699,0.0,0.0,1.0,0.0,0.0,0.0
W2_apt,13,single,only_V4_transition_velocity,0.9966666666666667,0.5510204081632653,0.09121621621621621,0.15652173913043477,0.017363851617995266,0.5369261822991105,0.6632847330361142,0.368406312648478,0.0,0.0,0.0,1.0,0.0,0.0
W2_apt,13,single,only_V5_rate_discontinuity,1.0000000000000002,0.0,0.0,0.0,0.0,0.5,0.4864024936538749,0.18273451621455458,0.0,0.0,0.0,0.0,1.0,0.0
W2_apt,13,weighting,equal_weights,0.6666666666666666,0.8673469387755102,0.28716216216216217,0.4314720812182741,0.010260457774269928,0.638450852193946,0.8697031186672071,0.6694461290183635,0.3333333333333333,0.3333333333333333,0.3333333333333333,0.0,0.0,0.0
W2_apt,13,design,no_migration,0.6507199540614648,0.8448275862068966,0.16554054054054054,0.2768361581920904,0.007103393843725336,0.5792185733484075,0.8651515070713965,0.6504219172837732,0.34928004593853534,0.31457921415808426,0.33614073990338045,0.0,0.0,0.0
W2_apt,13,design,accumulator,0.95705569084853,0.65,0.08783783783783784,0.15476190476190477,0.011049723756906077,0.538394057040466,0.861094519934299,0.5850730781007925,0.3690531992619104,0.3337894106649721,0.2971573900731176,0.0,0.0,0.0
W2_apt,14,reference,full,0.6255705614149855,1.0,0.15901060070671377,0.274390243902439,0.0,0.5795053003533569,0.8396132398409893,0.6222181503679951,0.37442943858501465,0.3300736481532315,0.29549691326175387,0.0,0.0,0.0
W2_apt,14,leave_one_out,minus_V1_agent_mutation,1.0000000000000002,0.0,0.0,0.0,0.0,0.5,0.8070919832155476,0.5137021592546246,0.0,0.5276361589116887,0.47236384108831136,0.0,0.0,0.0
W2_apt,14,leave_one_out,minus_V2_scope_discontinuity,0.44108865466653946,1.0,0.2756183745583039,0.4321329639889197,0.0,0.6378091872791519,0.7362756735865724,0.5361400329516384,0.5589113453334605,0.0,0.4410886546665394,0.0,0.0,0.0
W2_apt,14,leave_one_out,minus_V3_binding_fork,0.6545378726343529,0.7183098591549296,0.18021201413427562,0.288135593220339,0.015625,0.5822935070671378,0.8317124006183746,0.5892801323914532,0.5314801959471493,0.4685198040528506,0.0,0.0,0.0,0.0
W2_apt,14,restored,plus_V4_transition_velocity,0.7222981335436933,0.8095238095238095,0.12014134275618374,0.20923076923076922,0.00625,0.5569456713780919,0.8383033348056537,0.604645384516229,0.2768330207964731,0.24403873116623126,0.21847455008725544,0.2606536979500402,0.0,0.0
W2_apt,14,restored,plus_V5_rate_discontinuity,0.5397885931964963,0.8813559322033898,0.18374558303886926,0.30409356725146197,0.00546875,0.5891384165194347,0.7885697327738516,0.5670721559871214,0.3197305066402112,0.281854480116295,0.25232892516368594,0.0,0.14608608807980794,0.0
W2_apt,14,restored,plus_V6_navigation_break,0.6255705614149855,1.0,0.15901060070671377,0.274390243902439,0.0,0.5795053003533569,0.8396132398409893,0.6222181503679951,0.37442943858501465,0.3300736481532315,0.29549691326175387,0.0,0.0,0.0
W2_apt,14,restored,plus_all_rejected,0.6411958009606449,0.8125,0.13780918727915195,0.23564954682779457,0.00703125,0.565388968639576,0.788493816254417,0.5541421453694926,0.24574917511013034,0.2166371508228264,0.19394341149054098,0.23138652707084686,0.11228373550565533,0.0
W2_apt,14,single,only_V1_agent_mutation,0.35000000000000003,1.0,0.21554770318021202,0.3546511627906977,0.0,0.607773851590106,0.6497515459363957,0.4016292124954147,1.0,0.0,0.0,0.0,0.0,0.0
W2_apt,14,single,only_V2_scope_discontinuity,1.0000000000000002,0.0,0.0,0.0,0.0,0.5,0.7744478798586573,0.45730853052818154,0.0,1.0,0.0,0.0,0.0,0.0
W2_apt,14,single,only_V3_binding_fork,1.0000000000000002,0.0,0.0,0.0,0.0,0.5,0.6595088891342756,0.35298520682204215,0.0,0.0,1.0,0.0,0.0,0.0
W2_apt,14,single,only_V4_transition_velocity,1.0,0.0,0.0,0.0,0.00703125,0.496484375,0.6539821665194346,0.3458395952853776,0.0,0.0,0.0,1.0,0.0,0.0
W2_apt,14,single,only_V5_rate_discontinuity,1.0000000000000002,0.0,0.0,0.0,0.0,0.5,0.5161039642226148,0.18516971714028152,0.0,0.0,0.0,0.0,1.0,0.0
W2_apt,14,weighting,equal_weights,0.6666666666666667,1.0,0.08833922261484099,0.16233766233766234,0.0,0.5441696113074205,0.8383889134275618,0.6068549408201074,0.3333333333333333,0.3333333333333333,0.3333333333333333,0.0,0.0,0.0
W2_apt,14,design,no_migration,0.652402364984198,1.0,0.12367491166077739,0.22012578616352202,0.0,0.5618374558303887,0.8345364951413428,0.5880889554522073,0.3475976350158022,0.3159148163857836,0.3364875485984141,0.0,0.0,0.0
W2_apt,14,design,accumulator,1.1986419163857485,0.6,0.03180212014134275,0.060402684563758385,0.0046875,0.5135573100706714,0.8327448652826855,0.5390129562947641,0.37442943858501465,0.3300736481532315,0.29549691326175387,0.0,0.0,0.0
W2_apt,15,reference,full,0.6353333863080083,0.8902439024390244,0.25,0.3903743315508022,0.007081038552321007,0.6214594807238395,0.8513911492407015,0.6586673275770168,0.36466661369199177,0.3344586237614917,0.30087476254651657,0.0,0.0,0.0
W2_apt,15,leave_one_out,minus_V1_agent_mutation,1.0,0.8,0.1232876712328767,0.21364985163204744,0.007081038552321007,0.5581033163402779,0.816448056217195,0.52483601333146,0.0,0.5264301089307888,0.4735698910692112,0.0,0.0,0.0
W2_apt,15,leave_one_out,minus_V2_scope_discontinuity,0.4520752176926907,1.0,0.3150684931506849,0.4791666666666667,0.0,0.6575342465753424,0.7401948632831445,0.5594305520997945,0.5479247823073093,0.0,0.45207521769269066,0.0,0.0,0.0
W2_apt,15,leave_one_out,minus_V3_binding_fork,0.660957313223061,1.0,0.1506849315068493,0.2619047619047619,0.0,0.5753424657534246,0.8443208885248376,0.6282528268431483,0.5216041335029834,0.47839586649701665,0.0,0.0,0.0,0.0
W2_apt,15,restored,plus_V4_transition_velocity,0.6021026021562432,0.7714285714285715,0.18493150684931506,0.2983425414364641,0.012588512981904013,0.5861714969337055,0.8487263291766811,0.6276224850699256,0.2685573588815862,0.24631079808260734,0.22157808954747024,0.2635537534883363,0.0,0.0
W2_apt,15,restored,plus_V5_rate_discontinuity,0.5449900756286785,0.8928571428571429,0.2568493150684932,0.39893617021276595,0.007081038552321007,0.6248841382580861,0.7869922291799144,0.5973883888759282,0.31281165079353174,0.2868991848794041,0.2580908907492745,0.0,0.1421982735777897,0.0
W2_apt,15,restored,plus_V6_navigation_break,0.6353333863080083,0.8902439024390244,0.25,0.3903743315508022,0.007081038552321007,0.6214594807238395,0.8513911492407015,0.6586673275770168,0.36466661369199177,0.3344586237614917,0.30087476254651657,0.0,0.0,0.0
W2_apt,15,restored,plus_all_rejected,0.5373774770826267,0.7794117647058824,0.1815068493150685,0.29444444444444445,0.011801730920535013,0.5848525591972668,0.7852502613625341,0.5685451024893058,0.23933863342843112,0.21951247233463736,0.19747065346050455,0.2348794144294701,0.10879882634695685,0.0
W2_apt,15,single,only_V1_agent_mutation,0.35000000000000003,1.0,0.24315068493150685,0.39118457300275483,0.0,0.6215753424657534,0.6605951521291616,0.4279324016065793,1.0,0.0,0.0,0.0,0.0,0.0
W2_apt,15,single,only_V2_scope_discontinuity,1.0000000000000002,0.0,0.0,0.0,0.0,0.5,0.7868359505512863,0.4792519641697829,0.0,1.0,0.0,0.0,0.0,0.0
W2_apt,15,single,only_V3_binding_fork,1.0000000000000002,0.0,0.0,0.0,0.0,0.5,0.6539465742646821,0.3479975038124786,0.0,0.0,1.0,0.0,0.0,0.0
W2_apt,15,single,only_V4_transition_velocity,0.9966666666666667,0.5853658536585366,0.0821917808219178,0.14414414414414414,0.013375295043273014,0.5344082428893224,0.6368663979392777,0.3403705407149145,0.0,0.0,0.0,1.0,0.0,0.0
W2_apt,15,single,only_V5_rate_discontinuity,1.0000000000000002,0.0,0.0,0.0,0.0,0.5,0.48532867012275954,0.17932842474028013,0.0,0.0,0.0,0.0,1.0,0.0
W2_apt,15,weighting,equal_weights,0.6666666666666666,0.8902439024390244,0.25,0.3903743315508022,0.007081038552321007,0.6214594807238395,0.8490442753521658,0.6357314376910737,0.3333333333333333,0.3333333333333333,0.3333333333333333,0.0,0.0,0.0
W2_apt,15,design,no_migration,0.6639693872025096,0.75,0.0821917808219178,0.14814814814814814,0.006294256490952006,0.5379487621654828,0.8443074162292661,0.595993519390641,0.3360306127974904,0.320736083575278,0.3432333036272316,0.0,0.0,0.0
W2_apt,15,design,accumulator,0.9665600327801948,0.6944444444444444,0.08561643835616438,0.1524390243902439,0.00865460267505901,0.5384809178405526,0.8425169481478288,0.5655052457376737,0.36466661369199177,0.3344586237614917,0.30087476254651657,0.0,0.0,0.0
W2_apt,16,reference,full,0.6376635326595423,0.8586956521739131,0.26245847176079734,0.4020356234096692,0.010301109350237718,0.6260786812052798,0.8585038777240156,0.6696159827554523,0.36233646734045766,0.3334083060184737,0.3042552266410686,0.0,0.0,0.0
W2_apt,16,leave_one_out,minus_V1_agent_mutation,1.0,0.7678571428571429,0.14285714285714285,0.24089635854341734,0.010301109350237718,0.5662780167534526,0.825585344151297,0.5462906369030138,0.0,0.5228592963877161,0.4771407036122839,0.0,0.0,0.0
W2_apt,16,leave_one_out,minus_V2_scope_discontinuity,0.4564341701045868,1.0,0.2956810631229236,0.4564102564102564,0.0,0.6478405315614618,0.7679341445051098,0.5829969925700371,0.5435658298954132,0.0,0.45643417010458676,0.0,0.0,0.0
W2_apt,16,leave_one_out,minus_V3_binding_fork,0.6614869233810334,0.775,0.2059800664451827,0.3254593175853018,0.014263074484944533,0.5958584959801191,0.850256145652895,0.637404953529394,0.5207893486445639,0.479210651355436,0.0,0.0,0.0,0.0
W2_apt,16,restored,plus_V4_transition_velocity,0.7254315339483298,0.7758620689655172,0.14950166112956811,0.25069637883008355,0.010301109350237718,0.5696002758896652,0.8565070999468228,0.6472384393015821,0.267595899470853,0.24623162055679987,0.22470123319170002,0.26147124678064715,0.0,0.0
W2_apt,16,restored,plus_V5_rate_discontinuity,0.5474366281565014,0.8602150537634409,0.26578073089701,0.40609137055837563,0.010301109350237718,0.6277398107733861,0.8093728775186778,0.628716256732324,0.3110672694605914,0.2862323302147721,0.2612042979417293,0.0,0.14149610238290722,0.0
W2_apt,16,restored,plus_V6_navigation_break,0.6376635326595423,0.8586956521739131,0.26245847176079734,0.4020356234096692,0.010301109350237718,0.6260786812052798,0.8585038777240156,0.6696159827554523,0.36233646734045766,0.3334083060184737,0.3042552266410686,0.0,0.0,0.0
W2_apt,16,restored,plus_all_rejected,0.6467123200170833,0.7758620689655172,0.14950166112956811,0.25069637883008355,0.010301109350237718,0.5696002758896652,0.8081329535462879,0.6070774231836064,0.23855809525117758,0.219512131937728,0.20031808520534267,0.23309805089795813,0.10851363670779361,0.0
W2_apt,16,single,only_V1_agent_mutation,0.35000000000000003,1.0,0.22259136212624583,0.36413043478260865,0.0,0.6112956810631229,0.6712306047985848,0.4328048579271908,1.0,0.0,0.0,0.0,0.0,0.0
W2_apt,16,single,only_V2_scope_discontinuity,1.0000000000000002,0.0,0.0,0.0,0.0,0.5,0.7889444061264353,0.495645842687379,0.0,1.0,0.0,0.0,0.0,0.0
W2_apt,16,single,only_V3_binding_fork,1.0000000000000002,0.0,0.0,0.0,0.0,0.5,0.672561351227551,0.382131662085084,0.0,0.0,1.0,0.0,0.0,0.0
W2_apt,16,single,only_V4_transition_velocity,1.0,0.125,0.0033222591362126247,0.006472491909385114,0.005546751188589541,0.4988877539738116,0.6608742122139093,0.379729501856361,0.0,0.0,0.0,1.0,0.0,0.0
W2_apt,16,single,only_V5_rate_discontinuity,1.0000000000000002,0.0,0.0,0.0,0.0,0.5,0.4909440796920987,0.18734666098772834,0.0,0.0,0.0,0.0,1.0,0.0
W2_apt,16,weighting,equal_weights,0.6666666666666666,0.8586956521739131,0.26245847176079734,0.4020356234096692,0.010301109350237718,0.6260786812052798,0.8568703897731281,0.6481932664629882,0.3333333333333333,0.3333333333333333,0.3333333333333333,0.0,0.0,0.0
W2_apt,16,design,no_migration,0.6602891103586569,0.7111111111111111,0.10631229235880399,0.18497109826589594,0.010301109350237718,0.5480055915042831,0.8505036039403784,0.6015014126691629,0.33971088964134305,0.3117713829019925,0.3485177274566644,0.0,0.0,0.0
W2_apt,16,design,accumulator,0.9740352830181567,0.5777777777777777,0.08637873754152824,0.15028901734104047,0.015055467511885896,0.5356616350148211,0.8500521241924699,0.5747578454527911,0.36233646734045766,0.3334083060184737,0.3042552266410686,0.0,0.0,0.0
W2_apt,17,reference,full,0.628284278923102,0.9,0.2604501607717042,0.4039900249376559,0.00718849840255591,0.6266308311845742,0.8500405781617579,0.6937283137736268,0.371715721076898,0.33760741528007915,0.29067686364302303,0.0,0.0,0.0
W2_apt,17,leave_one_out,minus_V1_agent_mutation,1.0,0.8269230769230769,0.1382636655948553,0.23691460055096422,0.00718849840255591,0.5655375835961497,0.8102431607819771,0.5633705593450167,0.0,0.5373481823526577,0.4626518176473423,0.0,0.0,0.0
W2_apt,17,leave_one_out,minus_V2_scope_discontinuity,0.43882868007335823,1.0,0.3086816720257235,0.47174447174447176,0.0,0.6543408360128617,0.7551698632670043,0.5806678091861834,0.5611713199266418,0.0,0.4388286800733582,0.0,0.0,0.0
W2_apt,17,leave_one_out,minus_V3_binding_fork,0.6593721446322777,1.0,0.1607717041800643,0.2770083102493075,0.0,0.5803858520900321,0.8472797222193686,0.6995669449620351,0.5240428544118808,0.4759571455881193,0.0,0.0,0.0,0.0
W2_apt,17,restored,plus_V4_transition_velocity,0.6094071193325443,0.8656716417910447,0.1864951768488746,0.30687830687830686,0.00718849840255591,0.5896533392231593,0.850947166206096,0.6872383259281447,0.2727628666684668,0.24773438727192182,0.21329701733295234,0.2662057287266591,0.0,0.0
W2_apt,17,restored,plus_V5_rate_discontinuity,0.5370447067081818,0.9,0.2604501607717042,0.4039900249376559,0.00718849840255591,0.6266308311845742,0.7932452770101599,0.6383605641394098,0.31773508760513824,0.2885799969917576,0.24846470971642415,0.0,0.14522020568668015,0.0
W2_apt,17,restored,plus_V6_navigation_break,0.628284278923102,0.9,0.2604501607717042,0.4039900249376559,0.00718849840255591,0.6266308311845742,0.8500405781617579,0.6937283137736268,0.371715721076898,0.33760741528007915,0.29067686364302303,0.0,0.0,0.0
W2_apt,17,restored,plus_all_rejected,0.641891180218024,0.8421052631578947,0.15434083601286175,0.26086956521739135,0.00718849840255591,0.5735761688051529,0.7953152769074304,0.6391004096435547,0.24252794153364338,0.22027379212576503,0.1896536987635611,0.23669764217214082,0.1108469254048896,0.0
W2_apt,17,single,only_V1_agent_mutation,0.35000000000000003,1.0,0.27009646302250806,0.4253164556962026,0.0,0.635048231511254,0.6713913686654408,0.46079413790786705,1.0,0.0,0.0,0.0,0.0,0.0
W2_apt,17,single,only_V2_scope_discontinuity,1.0000000000000002,0.0,0.0,0.0,0.0,0.5,0.7871187450561417,0.5543804656915066,0.0,1.0,0.0,0.0,0.0,0.0
W2_apt,17,single,only_V3_binding_fork,1.0000000000000002,0.0,0.0,0.0,0.0,0.5,0.6464255262319838,0.3589882774319356,0.0,0.0,1.0,0.0,0.0,0.0
W2_apt,17,single,only_V4_transition_velocity,1.0,0.2,0.003215434083601286,0.006329113924050633,0.003194888178913738,0.5000102729523438,0.6595479387321123,0.4061770157778237,0.0,0.0,0.0,1.0,0.0,0.0
W2_apt,17,single,only_V5_rate_discontinuity,1.0000000000000002,0.0,0.0,0.0,0.0,0.5,0.4929733005968585,0.19535607322810267,0.0,0.0,0.0,0.0,1.0,0.0
W2_apt,17,weighting,equal_weights,0.6666666666666666,0.9,0.2604501607717042,0.4039900249376559,0.00718849840255591,0.6266308311845742,0.8476046043372405,0.6706394680839252,0.3333333333333333,0.3333333333333333,0.3333333333333333,0.0,0.0,0.0
W2_apt,17,design,no_migration,0.6541345997512107,0.85,0.1639871382636656,0.2749326145552561,0.00718849840255591,0.5783993199305548,0.8453150200836218,0.6588337957606012,0.34586540024878937,0.3181010202809548,0.3360335794702559,0.0,0.0,0.0
W2_apt,17,design,accumulator,1.1017959392217296,0.7037037037037037,0.06109324758842444,0.11242603550295857,0.006389776357827476,0.5273517356152985,0.8418106592153519,0.6021004559299176,0.371715721076898,0.33760741528007915,0.29067686364302303,0.0,0.0,0.0
W2_apt,18,reference,full,0.6252093167417146,1.0,0.14420062695924765,0.2520547945205479,0.0,0.5721003134796239,0.8473991774939773,0.6663579476874153,0.37479068325828546,0.33192284142157463,0.29328647532013996,0.0,0.0,0.0
W2_apt,18,leave_one_out,minus_V1_agent_mutation,1.0000000000000002,0.0,0.0,0.0,0.0,0.5,0.8195022628995353,0.5673599505348701,0.0,0.5308987446818519,0.46910125531814806,0.0,0.0,0.0
W2_apt,18,leave_one_out,minus_V2_scope_discontinuity,0.439000902147609,1.0,0.22884012539184953,0.37244897959183676,0.0,0.6144200626959248,0.7309921478898084,0.5340212953336536,0.5609990978523911,0.0,0.43900090214760895,0.0,0.0,0.0
W2_apt,18,leave_one_out,minus_V3_binding_fork,0.6552861440875323,0.8703703703703703,0.14733542319749215,0.2520107238605898,0.005627009646302251,0.570854206775595,0.8424865687588827,0.6496202543631862,0.5303290090961044,0.46967099090389575,0.0,0.0,0.0,0.0
W2_apt,18,restored,plus_V4_transition_velocity,0.7222396012563683,0.8085106382978723,0.11912225705329153,0.20765027322404372,0.007234726688102894,0.5559437651825944,0.8465247608583899,0.6484080935399196,0.27600319591448674,0.24443447802099744,0.21598190169276135,0.26358042437175444,0.0,0.0
W2_apt,18,restored,plus_V5_rate_discontinuity,0.5487003429273384,0.8852459016393442,0.16927899686520376,0.28421052631578947,0.005627009646302251,0.5818259936094508,0.7896108215988469,0.6060039175181855,0.320261868078468,0.2836309278753572,0.2506158201468608,0.0,0.14549138389931404,0.0
W2_apt,18,restored,plus_V6_navigation_break,0.6252093167417146,1.0,0.14420062695924765,0.2520547945205479,0.0,0.5721003134796239,0.8473991774939773,0.6663579476874153,0.37479068325828546,0.33192284142157463,0.29328647532013996,0.0,0.0,0.0
W2_apt,18,restored,plus_all_rejected,0.6417710346601954,0.78,0.12225705329153605,0.21138211382113822,0.008842443729903537,0.5567073047808163,0.7902874235200436,0.5947389598296777,0.2452522075824057,0.21720072894545825,0.19191820591964234,0.23421352328365233,0.11141533426884125,0.0
W2_apt,18,single,only_V1_agent_mutation,0.35000000000000003,1.0,0.19435736677115986,0.32545931758530183,0.0,0.5971786833855799,0.6379864730014414,0.40378998205807604,1.0,0.0,0.0,0.0,0.0,0.0
W2_apt,18,single,only_V2_scope_discontinuity,1.0000000000000002,0.0,0.0,0.0,0.0,0.5,0.7858901410154321,0.526340430211943,0.0,1.0,0.0,0.0,0.0,0.0
W2_apt,18,single,only_V3_binding_fork,1.0000000000000002,0.0,0.0,0.0,0.0,0.5,0.6574214536987572,0.37888556028958,0.0,0.0,1.0,0.0,0.0,0.0
W2_apt,18,single,only_V4_transition_velocity,1.0,0.125,0.003134796238244514,0.0061162079510703364,0.005627009646302251,0.49875389329597114,0.6579556794242458,0.383425029282205,0.0,0.0,0.0,1.0,0.0,0.0
W2_apt,18,single,only_V5_rate_discontinuity,1.0000000000000002,0.0,0.0,0.0,0.0,0.5,0.4971612958501749,0.2009155394004385,0.0,0.0,0.0,0.0,1.0,0.0
W2_apt,18,weighting,equal_weights,0.6666666666666667,1.0,0.05642633228840126,0.10682492581602374,0.0,0.5282131661442007,0.8458544587688617,0.6490335710067646,0.3333333333333333,0.3333333333333333,0.3333333333333333,0.0,0.0,0.0
W2_apt,18,design,no_migration,0.6476697751432875,1.0,0.09717868338557993,0.17714285714285713,0.0,0.54858934169279,0.8427158826316161,0.6295230920457934,0.35233022485671267,0.31570872112930964,0.3319610540139778,0.0,0.0,0.0
W2_apt,18,design,accumulator,1.097951889707876,0.6666666666666666,0.0438871473354232,0.08235294117647059,0.005627009646302251,0.5191300688445605,0.8405852795613301,0.581133072553462,0.37479068325828546,0.33192284142157463,0.29328647532013996,0.0,0.0,0.0
W2_apt,19,reference,full,0.6275263301264233,0.9101123595505618,0.2793103448275862,0.4274406332453826,0.006284367635506678,0.6365129885960398,0.8521521250372457,0.6531883478152044,0.3724736698735768,0.33069966635446096,0.2968266637719623,0.0,0.0,0.0
W2_apt,19,leave_one_out,minus_V1_agent_mutation,1.0,0.8571428571428571,0.16551724137931034,0.2774566473988439,0.006284367635506678,0.5796164368719019,0.820841346804995,0.5370652604468344,0.0,0.5269893078236849,0.4730106921763152,0.0,0.0,0.0
W2_apt,19,leave_one_out,minus_V2_scope_discontinuity,0.443487996121576,1.0,0.25517241379310346,0.4065934065934066,0.0,0.6275862068965518,0.7515859901942195,0.5462336598469041,0.556512003878424,0.0,0.44348799612157597,0.0,0.0,0.0
W2_apt,19,leave_one_out,minus_V3_binding_fork,0.6556924545567386,1.0,0.1103448275862069,0.19875776397515527,0.0,0.5551724137931034,0.8452650540401441,0.6200164504837659,0.5297039160665562,0.47029608393344385,0.0,0.0,0.0,0.0
W2_apt,19,restored,plus_V4_transition_velocity,0.6027483200926775,0.881578947368421,0.23103448275862068,0.366120218579235,0.007069913589945012,0.6119822845843378,0.8507557493837528,0.6330370858913744,0.2745524318323435,0.24376057946479512,0.21879259921629923,0.2628943894865622,0.0,0.0
W2_apt,19,restored,plus_V5_rate_discontinuity,0.5369605712527084,0.9021739130434783,0.28620689655172415,0.43455497382198954,0.007069913589945012,0.6395684914808896,0.8053728634504429,0.607243432289175,0.3187175819564657,0.28297247977307516,0.25398809147963314,0.0,0.14432184679082605,0.0
W2_apt,19,restored,plus_V6_navigation_break,0.6275263301264233,0.9101123595505618,0.2793103448275862,0.4274406332453826,0.006284367635506678,0.6365129885960398,0.8521521250372457,0.6531883478152044,0.3724736698735768,0.33069966635446096,0.2968266637719623,0.0,0.0,0.0
W2_apt,19,restored,plus_all_rejected,0.6389952665295964,0.8392857142857143,0.16206896551724137,0.27167630057803466,0.007069913589945012,0.5774995259636482,0.8047728688680011,0.5859173961018793,0.24419356446449844,0.21680654721641285,0.19459942250195184,0.23382462001153936,0.11057584580559755,0.0
W2_apt,19,single,only_V1_agent_mutation,0.35000000000000003,1.0,0.20689655172413793,0.34285714285714286,0.0,0.603448275862069,0.6375463878429991,0.3928332340547577,1.0,0.0,0.0,0.0,0.0,0.0
W2_apt,19,single,only_V2_scope_discontinuity,1.0000000000000002,0.0,0.0,0.0,0.0,0.5,0.7889292196007259,0.4814360254830977,0.0,1.0,0.0,0.0,0.0,0.0
W2_apt,19,single,only_V3_binding_fork,1.0000000000000002,0.0,0.0,0.0,0.0,0.5,0.6662418398028008,0.357301677650344,0.0,0.0,1.0,0.0,0.0,0.0
W2_apt,19,single,only_V4_transition_velocity,1.0,0.25,0.0034482758620689655,0.006802721088435374,0.002356637863315004,0.500545818999377,0.6441923774954628,0.3670708757857982,0.0,0.0,0.0,1.0,0.0,0.0
W2_apt,19,single,only_V5_rate_discontinuity,1.0000000000000002,0.0,0.0,0.0,0.0,0.5,0.519427364087006,0.19059482843182546,0.0,0.0,0.0,0.0,1.0,0.0
W2_apt,19,weighting,equal_weights,0.6666666666666666,0.9101123595505618,0.2793103448275862,0.4274406332453826,0.006284367635506678,0.6365129885960398,0.8501422109055449,0.6338441700800129,0.3333333333333333,0.3333333333333333,0.3333333333333333,0.0,0.0,0.0
W2_apt,19,design,no_migration,0.6421467159242482,0.9038461538461539,0.16206896551724137,0.2748538011695907,0.003927729772191673,0.5790706178725249,0.8462537584310751,0.6116407981278759,0.35785328407575184,0.30618529742382045,0.3359614185004277,0.0,0.0,0.0
W2_apt,19,design,accumulator,0.9672052720559892,0.7941176470588235,0.09310344827586207,0.16666666666666669,0.0054988216810683424,0.5438023132973969,0.8431048026654386,0.5583128349946956,0.3724736698735768,0.33069966635446096,0.2968266637719623,0.0,0.0,0.0
