workload,seed,monotone_rate,detector,precision,recall,f1,fpr,roc_auc
W1_web,0,0.0,SICA (proposed),1.0,0.2962962962962963,0.45714285714285713,0.0,0.945
W1_web,0,0.0,pin_ip,0.8461538461538461,0.8148148148148148,0.830188679245283,0.04,
W1_web,0,0.0,pin_prefix24,0.875,0.5185185185185185,0.6511627906976744,0.02,
W1_web,0,0.0,pin_scope16,0.9,0.3333333333333333,0.48648648648648646,0.01,
W1_web,0,0.0,pin_useragent,1.0,0.48148148148148145,0.65,0.0,
W1_web,0,0.0,pin_useragent_core,1.0,0.4074074074074074,0.5789473684210525,0.0,
W1_web,0,0.0,pin_ip_or_useragent,0.8620689655172413,0.9259259259259259,0.8928571428571429,0.04,
W1_web,0,0.0,pin_ip_and_useragent,1.0,0.37037037037037035,0.5405405405405406,0.0,
W1_web,0,0.0,score_distinct_bindings,0.0,0.0,0.0,0.0,0.7862962962962963
W1_web,0,0.0,score_max_request_rate,0.0,0.0,0.0,0.0,0.6124074074074074
W1_web,0,0.0,score_burstiness,0.0,0.0,0.0,0.0,0.5416666666666666
W1_web,1,0.0,SICA (proposed),0.75,0.5217391304347826,0.6153846153846153,0.038461538461538464,0.8877508361204013
W1_web,1,0.0,pin_ip,0.6206896551724138,0.782608695652174,0.6923076923076923,0.10576923076923077,
W1_web,1,0.0,pin_prefix24,0.6842105263157895,0.5652173913043478,0.6190476190476191,0.057692307692307696,
W1_web,1,0.0,pin_scope16,0.6923076923076923,0.391304347826087,0.5,0.038461538461538464,
W1_web,1,0.0,pin_useragent,1.0,0.4782608695652174,0.6470588235294118,0.0,
W1_web,1,0.0,pin_useragent_core,1.0,0.43478260869565216,0.6060606060606061,0.0,
W1_web,1,0.0,pin_ip_or_useragent,0.65625,0.9130434782608695,0.7636363636363634,0.10576923076923077,
W1_web,1,0.0,pin_ip_and_useragent,1.0,0.34782608695652173,0.5161290322580645,0.0,
W1_web,1,0.0,score_distinct_bindings,0.0,0.0,0.0,0.0,0.7972408026755853
W1_web,1,0.0,score_max_request_rate,0.0,0.0,0.0,0.0,0.5737876254180602
W1_web,1,0.0,score_burstiness,0.0,0.0,0.0,0.0,0.5238294314381271
W1_web,2,0.0,SICA (proposed),0.9,0.45,0.6,0.009345794392523364,0.9593457943925233
W1_web,2,0.0,pin_ip,0.7619047619047619,0.8,0.7804878048780488,0.04672897196261682,
W1_web,2,0.0,pin_prefix24,0.8461538461538461,0.55,0.6666666666666667,0.018691588785046728,
W1_web,2,0.0,pin_scope16,0.8888888888888888,0.4,0.5517241379310346,0.009345794392523364,
W1_web,2,0.0,pin_useragent,1.0,0.65,0.787878787878788,0.0,
W1_web,2,0.0,pin_useragent_core,1.0,0.65,0.787878787878788,0.0,
W1_web,2,0.0,pin_ip_or_useragent,0.7916666666666666,0.95,0.8636363636363635,0.04672897196261682,
W1_web,2,0.0,pin_ip_and_useragent,1.0,0.5,0.6666666666666666,0.0,
W1_web,2,0.0,score_distinct_bindings,0.0,0.0,0.0,0.0,0.8406542056074766
W1_web,2,0.0,score_max_request_rate,0.0,0.0,0.0,0.0,0.6271028037383177
W1_web,2,0.0,score_burstiness,0.0,0.0,0.0,0.0,0.5362149532710281
W1_web,3,0.0,SICA (proposed),0.7142857142857143,0.45454545454545453,0.5555555555555556,0.0380952380952381,0.8859307359307359
W1_web,3,0.0,pin_ip,0.8,0.7272727272727273,0.761904761904762,0.0380952380952381,
W1_web,3,0.0,pin_prefix24,0.7333333333333333,0.5,0.5945945945945945,0.0380952380952381,
W1_web,3,0.0,pin_scope16,0.625,0.22727272727272727,0.3333333333333333,0.02857142857142857,
W1_web,3,0.0,pin_useragent,1.0,0.5,0.6666666666666666,0.0,
W1_web,3,0.0,pin_useragent_core,1.0,0.5,0.6666666666666666,0.0,
W1_web,3,0.0,pin_ip_or_useragent,0.8181818181818182,0.8181818181818182,0.8181818181818182,0.0380952380952381,
W1_web,3,0.0,pin_ip_and_useragent,1.0,0.4090909090909091,0.5806451612903226,0.0,
W1_web,3,0.0,score_distinct_bindings,0.7647058823529411,0.5909090909090909,0.6666666666666667,0.0380952380952381,0.7764069264069264
W1_web,3,0.0,score_max_request_rate,0.0,0.0,0.0,0.0,0.44891774891774894
W1_web,3,0.0,score_burstiness,0.0,0.0,0.0,0.0,0.4017316017316017
W1_web,4,0.0,SICA (proposed),1.0,0.43478260869565216,0.6060606060606061,0.0,0.8971571906354515
W1_web,4,0.0,pin_ip,0.7619047619047619,0.6956521739130435,0.7272727272727272,0.04807692307692308,
W1_web,4,0.0,pin_prefix24,0.8571428571428571,0.5217391304347826,0.6486486486486486,0.019230769230769232,
W1_web,4,0.0,pin_scope16,1.0,0.30434782608695654,0.4666666666666667,0.0,
W1_web,4,0.0,pin_useragent,1.0,0.4782608695652174,0.6470588235294118,0.0,
W1_web,4,0.0,pin_useragent_core,1.0,0.391304347826087,0.5625,0.0,
W1_web,4,0.0,pin_ip_or_useragent,0.7916666666666666,0.8260869565217391,0.8085106382978724,0.04807692307692308,
W1_web,4,0.0,pin_ip_and_useragent,1.0,0.34782608695652173,0.5161290322580645,0.0,
W1_web,4,0.0,score_distinct_bindings,0.0,0.0,0.0,0.0,0.8164715719063546
W1_web,4,0.0,score_max_request_rate,0.0,0.0,0.0,0.0,0.592391304347826
W1_web,4,0.0,score_burstiness,0.0,0.0,0.0,0.0,0.5361622073578596
W1_web,5,0.0,SICA (proposed),1.0,0.2692307692307692,0.42424242424242425,0.0,0.8872810357958872
W1_web,5,0.0,pin_ip,0.7368421052631579,0.5384615384615384,0.6222222222222222,0.04950495049504951,
W1_web,5,0.0,pin_prefix24,0.9166666666666666,0.4230769230769231,0.5789473684210527,0.009900990099009901,
W1_web,5,0.0,pin_scope16,0.875,0.2692307692307692,0.411764705882353,0.009900990099009901,
W1_web,5,0.0,pin_useragent,1.0,0.5384615384615384,0.7000000000000001,0.0,
W1_web,5,0.0,pin_useragent_core,1.0,0.5384615384615384,0.7000000000000001,0.0,
W1_web,5,0.0,pin_ip_or_useragent,0.8076923076923077,0.8076923076923077,0.8076923076923077,0.04950495049504951,
W1_web,5,0.0,pin_ip_and_useragent,1.0,0.2692307692307692,0.42424242424242425,0.0,
W1_web,5,0.0,score_distinct_bindings,0.0,0.0,0.0,0.0,0.8412033511043412
W1_web,5,0.0,score_max_request_rate,0.0,0.0,0.0,0.0,0.4805788271134806
W1_web,5,0.0,score_burstiness,0.0,0.0,0.0,0.0,0.416031987814166
W1_web,6,0.0,SICA (proposed),0.9090909090909091,0.38461538461538464,0.5405405405405405,0.009900990099009901,0.8910891089108911
W1_web,6,0.0,pin_ip,0.8571428571428571,0.6923076923076923,0.7659574468085107,0.0297029702970297,
W1_web,6,0.0,pin_prefix24,0.8823529411764706,0.5769230769230769,0.6976744186046512,0.019801980198019802,
W1_web,6,0.0,pin_scope16,0.9090909090909091,0.38461538461538464,0.5405405405405405,0.009900990099009901,
W1_web,6,0.0,pin_useragent,1.0,0.4230769230769231,0.5945945945945945,0.0,
W1_web,6,0.0,pin_useragent_core,1.0,0.4230769230769231,0.5945945945945945,0.0,
W1_web,6,0.0,pin_ip_or_useragent,0.875,0.8076923076923077,0.8400000000000001,0.0297029702970297,
W1_web,6,0.0,pin_ip_and_useragent,1.0,0.3076923076923077,0.47058823529411764,0.0,
W1_web,6,0.0,score_distinct_bindings,0.0,0.0,0.0,0.0,0.8362528560548362
W1_web,6,0.0,score_max_request_rate,0.0,0.0,0.0,0.0,0.5376999238385377
W1_web,6,0.0,score_burstiness,0.0,0.0,0.0,0.0,0.5365575019040365
W1_web,7,0.0,SICA (proposed),1.0,0.2962962962962963,0.45714285714285713,0.0,0.9225925925925926
W1_web,7,0.0,pin_ip,0.9047619047619048,0.7037037037037037,0.7916666666666667,0.02,
W1_web,7,0.0,pin_prefix24,1.0,0.5925925925925926,0.7441860465116279,0.0,
W1_web,7,0.0,pin_scope16,1.0,0.4444444444444444,0.6153846153846153,0.0,
W1_web,7,0.0,pin_useragent,1.0,0.4444444444444444,0.6153846153846153,0.0,
W1_web,7,0.0,pin_useragent_core,1.0,0.4074074074074074,0.5789473684210525,0.0,
W1_web,7,0.0,pin_ip_or_useragent,0.92,0.8518518518518519,0.8846153846153846,0.02,
W1_web,7,0.0,pin_ip_and_useragent,1.0,0.2962962962962963,0.45714285714285713,0.0,
W1_web,7,0.0,score_distinct_bindings,1.0,0.037037037037037035,0.07142857142857142,0.0,0.8518518518518519
W1_web,7,0.0,score_max_request_rate,0.0,0.0,0.0,0.0,0.5675925925925925
W1_web,7,0.0,score_burstiness,0.0,0.0,0.0,0.0,0.5137037037037037
W1_web,8,0.0,SICA (proposed),0.7142857142857143,0.2777777777777778,0.4,0.01834862385321101,0.8103975535168195
W1_web,8,0.0,pin_ip,0.6428571428571429,0.5,0.5625000000000001,0.045871559633027525,
W1_web,8,0.0,pin_prefix24,0.7,0.3888888888888889,0.5,0.027522935779816515,
W1_web,8,0.0,pin_scope16,0.6666666666666666,0.2222222222222222,0.3333333333333333,0.01834862385321101,
W1_web,8,0.0,pin_useragent,1.0,0.5,0.6666666666666666,0.0,
W1_web,8,0.0,pin_useragent_core,1.0,0.3888888888888889,0.56,0.0,
W1_web,8,0.0,pin_ip_or_useragent,0.7222222222222222,0.7222222222222222,0.7222222222222222,0.045871559633027525,
W1_web,8,0.0,pin_ip_and_useragent,1.0,0.2777777777777778,0.4347826086956522,0.0,
W1_web,8,0.0,score_distinct_bindings,0.0,0.0,0.0,0.0,0.7640163098878695
W1_web,8,0.0,score_max_request_rate,0.0,0.0,0.0,0.0,0.4510703363914373
W1_web,8,0.0,score_burstiness,0.0,0.0,0.0,0.0,0.38022426095820594
W1_web,9,0.0,SICA (proposed),0.6666666666666666,0.08695652173913043,0.15384615384615383,0.009615384615384616,0.9005016722408027
W1_web,9,0.0,pin_ip,0.8823529411764706,0.6521739130434783,0.75,0.019230769230769232,
W1_web,9,0.0,pin_prefix24,0.9166666666666666,0.4782608695652174,0.6285714285714286,0.009615384615384616,
W1_web,9,0.0,pin_scope16,0.875,0.30434782608695654,0.4516129032258065,0.009615384615384616,
W1_web,9,0.0,pin_useragent,1.0,0.391304347826087,0.5625,0.0,
W1_web,9,0.0,pin_useragent_core,1.0,0.34782608695652173,0.5161290322580645,0.0,
W1_web,9,0.0,pin_ip_or_useragent,0.9047619047619048,0.8260869565217391,0.8636363636363636,0.019230769230769232,
W1_web,9,0.0,pin_ip_and_useragent,1.0,0.21739130434782608,0.3571428571428571,0.0,
W1_web,9,0.0,score_distinct_bindings,0.0,0.0,0.0,0.0,0.8212792642140468
W1_web,9,0.0,score_max_request_rate,0.0,0.0,0.0,0.0,0.5942725752508361
W1_web,9,0.0,score_burstiness,0.0,0.0,0.0,0.0,0.4753344481605351
W1_web,10,0.0,SICA (proposed),1.0,0.6818181818181818,0.8108108108108109,0.0,0.9028138528138528
W1_web,10,0.0,pin_ip,0.7647058823529411,0.5909090909090909,0.6666666666666667,0.0380952380952381,
W1_web,10,0.0,pin_prefix24,1.0,0.45454545454545453,0.625,0.0,
W1_web,10,0.0,pin_scope16,1.0,0.3181818181818182,0.4827586206896552,0.0,
W1_web,10,0.0,pin_useragent,1.0,0.7272727272727273,0.8421052631578948,0.0,
W1_web,10,0.0,pin_useragent_core,1.0,0.6363636363636364,0.7777777777777778,0.0,
W1_web,10,0.0,pin_ip_or_useragent,0.8260869565217391,0.8636363636363636,0.8444444444444444,0.0380952380952381,
W1_web,10,0.0,pin_ip_and_useragent,1.0,0.45454545454545453,0.625,0.0,
W1_web,10,0.0,score_distinct_bindings,1.0,0.6363636363636364,0.7777777777777778,0.0,0.8181818181818182
W1_web,10,0.0,score_max_request_rate,0.0,0.0,0.0,0.0,0.5181818181818182
W1_web,10,0.0,score_burstiness,0.0,0.0,0.0,0.0,0.47424242424242424
W1_web,11,0.0,SICA (proposed),1.0,0.48,0.6486486486486487,0.0,0.9515686274509804
W1_web,11,0.0,pin_ip,0.782608695652174,0.72,0.7499999999999999,0.049019607843137254,
W1_web,11,0.0,pin_prefix24,0.9285714285714286,0.52,0.6666666666666666,0.00980392156862745,
W1_web,11,0.0,pin_scope16,0.9230769230769231,0.48,0.631578947368421,0.00980392156862745,
W1_web,11,0.0,pin_useragent,1.0,0.56,0.717948717948718,0.0,
W1_web,11,0.0,pin_useragent_core,1.0,0.56,0.717948717948718,0.0,
W1_web,11,0.0,pin_ip_or_useragent,0.8214285714285714,0.92,0.8679245283018867,0.049019607843137254,
W1_web,11,0.0,pin_ip_and_useragent,1.0,0.36,0.5294117647058824,0.0,
W1_web,11,0.0,score_distinct_bindings,0.0,0.0,0.0,0.0,0.8550980392156863
W1_web,11,0.0,score_max_request_rate,0.0,0.0,0.0,0.0,0.45254901960784316
W1_web,11,0.0,score_burstiness,0.0,0.0,0.0,0.0,0.38823529411764707
W1_web,12,0.0,SICA (proposed),1.0,0.2857142857142857,0.4444444444444445,0.0,0.882973944294699
W1_web,12,0.0,pin_ip,0.7,0.6666666666666666,0.6829268292682926,0.05660377358490566,
W1_web,12,0.0,pin_prefix24,0.75,0.42857142857142855,0.5454545454545454,0.02830188679245283,
W1_web,12,0.0,pin_scope16,0.8,0.38095238095238093,0.5161290322580645,0.018867924528301886,
W1_web,12,0.0,pin_useragent,1.0,0.47619047619047616,0.6451612903225806,0.0,
W1_web,12,0.0,pin_useragent_core,1.0,0.42857142857142855,0.6,0.0,
W1_web,12,0.0,pin_ip_or_useragent,0.7391304347826086,0.8095238095238095,0.7727272727272727,0.05660377358490566,
W1_web,12,0.0,pin_ip_and_useragent,1.0,0.3333333333333333,0.5,0.0,
W1_web,12,0.0,score_distinct_bindings,0.0,0.0,0.0,0.0,0.7953728661275831
W1_web,12,0.0,score_max_request_rate,0.0,0.0,0.0,0.0,0.4508086253369272
W1_web,12,0.0,score_burstiness,0.0,0.0,0.0,0.0,0.3665768194070081
W1_web,13,0.0,SICA (proposed),1.0,0.2692307692307692,0.42424242424242425,0.0,0.9463061690784463
W1_web,13,0.0,pin_ip,0.8148148148148148,0.8461538461538461,0.830188679245283,0.04950495049504951,
W1_web,13,0.0,pin_prefix24,0.8888888888888888,0.6153846153846154,0.7272727272727274,0.019801980198019802,
W1_web,13,0.0,pin_scope16,0.9230769230769231,0.46153846153846156,0.6153846153846155,0.009900990099009901,
W1_web,13,0.0,pin_useragent,1.0,0.4230769230769231,0.5945945945945945,0.0,
W1_web,13,0.0,pin_useragent_core,1.0,0.34615384615384615,0.5142857142857142,0.0,
W1_web,13,0.0,pin_ip_or_useragent,0.8275862068965517,0.9230769230769231,0.8727272727272727,0.04950495049504951,
W1_web,13,0.0,pin_ip_and_useragent,1.0,0.34615384615384615,0.5142857142857142,0.0,
W1_web,13,0.0,score_distinct_bindings,0.0,0.0,0.0,0.0,0.8554836252856055
W1_web,13,0.0,score_max_request_rate,0.0,0.0,0.0,0.0,0.5632140137090632
W1_web,13,0.0,score_burstiness,0.0,0.0,0.0,0.0,0.5388423457730388
W1_web,14,0.0,SICA (proposed),0.8461538461538461,0.55,0.6666666666666667,0.018691588785046728,0.9336448598130841
W1_web,14,0.0,pin_ip,0.6818181818181818,0.75,0.7142857142857143,0.06542056074766354,
W1_web,14,0.0,pin_prefix24,0.7857142857142857,0.55,0.6470588235294117,0.028037383177570093,
W1_web,14,0.0,pin_scope16,0.8181818181818182,0.45,0.5806451612903226,0.018691588785046728,
W1_web,14,0.0,pin_useragent,1.0,0.75,0.8571428571428571,0.0,
W1_web,14,0.0,pin_useragent_core,1.0,0.7,0.8235294117647058,0.0,
W1_web,14,0.0,pin_ip_or_useragent,0.72,0.9,0.7999999999999999,0.06542056074766354,
W1_web,14,0.0,pin_ip_and_useragent,1.0,0.6,0.7499999999999999,0.0,
W1_web,14,0.0,score_distinct_bindings,0.0,0.0,0.0,0.0,0.835981308411215
W1_web,14,0.0,score_max_request_rate,0.0,0.0,0.0,0.0,0.5016355140186916
W1_web,14,0.0,score_burstiness,0.0,0.0,0.0,0.0,0.44672897196261685
W1_web,15,0.0,SICA (proposed),1.0,0.2916666666666667,0.45161290322580644,0.0,0.8845064724919094
W1_web,15,0.0,pin_ip,0.8125,0.5416666666666666,0.65,0.02912621359223301,
W1_web,15,0.0,pin_prefix24,0.7692307692307693,0.4166666666666667,0.5405405405405406,0.02912621359223301,
W1_web,15,0.0,pin_scope16,0.9090909090909091,0.4166666666666667,0.5714285714285715,0.009708737864077669,
W1_web,15,0.0,pin_useragent,1.0,0.4166666666666667,0.5882352941176471,0.0,
W1_web,15,0.0,pin_useragent_core,1.0,0.375,0.5454545454545454,0.0,
W1_web,15,0.0,pin_ip_or_useragent,0.8636363636363636,0.7916666666666666,0.8260869565217391,0.02912621359223301,
W1_web,15,0.0,pin_ip_and_useragent,1.0,0.16666666666666666,0.2857142857142857,0.0,
W1_web,15,0.0,score_distinct_bindings,0.0,0.0,0.0,0.0,0.8187702265372169
W1_web,15,0.0,score_max_request_rate,0.0,0.0,0.0,0.0,0.45368122977346276
W1_web,15,0.0,score_burstiness,0.0,0.0,0.0,0.0,0.39724919093851135
W1_web,16,0.0,SICA (proposed),1.0,0.45,0.6206896551724138,0.0,0.9074766355140187
W1_web,16,0.0,pin_ip,0.6956521739130435,0.8,0.7441860465116279,0.06542056074766354,
W1_web,16,0.0,pin_prefix24,0.7777777777777778,0.7,0.7368421052631577,0.037383177570093455,
W1_web,16,0.0,pin_scope16,0.9090909090909091,0.5,0.6451612903225806,0.009345794392523364,
W1_web,16,0.0,pin_useragent,1.0,0.65,0.787878787878788,0.0,
W1_web,16,0.0,pin_useragent_core,1.0,0.6,0.7499999999999999,0.0,
W1_web,16,0.0,pin_ip_or_useragent,0.7083333333333334,0.85,0.7727272727272727,0.06542056074766354,
W1_web,16,0.0,pin_ip_and_useragent,1.0,0.6,0.7499999999999999,0.0,
W1_web,16,0.0,score_distinct_bindings,0.0,0.0,0.0,0.0,0.8563084112149533
W1_web,16,0.0,score_max_request_rate,0.0,0.0,0.0,0.0,0.4960280373831776
W1_web,16,0.0,score_burstiness,0.0,0.0,0.0,0.0,0.4740654205607477
W1_web,17,0.0,SICA (proposed),0.9,0.4090909090909091,0.5625000000000001,0.009523809523809525,0.9127705627705628
W1_web,17,0.0,pin_ip,0.7142857142857143,0.6818181818181818,0.6976744186046512,0.05714285714285714,
W1_web,17,0.0,pin_prefix24,0.7142857142857143,0.45454545454545453,0.5555555555555556,0.0380952380952381,
W1_web,17,0.0,pin_scope16,0.9,0.4090909090909091,0.5625000000000001,0.009523809523809525,
W1_web,17,0.0,pin_useragent,1.0,0.36363636363636365,0.5333333333333333,0.0,
W1_web,17,0.0,pin_useragent_core,1.0,0.36363636363636365,0.5333333333333333,0.0,
W1_web,17,0.0,pin_ip_or_useragent,0.76,0.8636363636363636,0.8085106382978724,0.05714285714285714,
W1_web,17,0.0,pin_ip_and_useragent,1.0,0.18181818181818182,0.3076923076923077,0.0,
W1_web,17,0.0,score_distinct_bindings,0.0,0.0,0.0,0.0,0.7991341991341991
W1_web,17,0.0,score_max_request_rate,0.0,0.0,0.0,0.0,0.5833333333333334
W1_web,17,0.0,score_burstiness,0.0,0.0,0.0,0.0,0.546969696969697
W1_web,18,0.0,SICA (proposed),0.8461538461538461,0.4583333333333333,0.5945945945945945,0.019417475728155338,0.8808656957928802
W1_web,18,0.0,pin_ip,0.7894736842105263,0.625,0.6976744186046512,0.038834951456310676,
W1_web,18,0.0,pin_prefix24,0.8181818181818182,0.375,0.5142857142857142,0.019417475728155338,
W1_web,18,0.0,pin_scope16,0.8,0.3333333333333333,0.47058823529411764,0.019417475728155338,
W1_web,18,0.0,pin_useragent,1.0,0.4166666666666667,0.5882352941176471,0.0,
W1_web,18,0.0,pin_useragent_core,1.0,0.4166666666666667,0.5882352941176471,0.0,
W1_web,18,0.0,pin_ip_or_useragent,0.8260869565217391,0.7916666666666666,0.8085106382978724,0.038834951456310676,
W1_web,18,0.0,pin_ip_and_useragent,1.0,0.25,0.4,0.0,
W1_web,18,0.0,score_distinct_bindings,0.0,0.0,0.0,0.0,0.7611245954692557
W1_web,18,0.0,score_max_request_rate,0.0,0.0,0.0,0.0,0.5202265372168284
W1_web,18,0.0,score_burstiness,0.0,0.0,0.0,0.0,0.46217637540453077
W1_web,19,0.0,SICA (proposed),1.0,0.35,0.5185185185185185,0.0,0.8901869158878505
W1_web,19,0.0,pin_ip,0.8235294117647058,0.7,0.7567567567567567,0.028037383177570093,
W1_web,19,0.0,pin_prefix24,1.0,0.5,0.6666666666666666,0.0,
W1_web,19,0.0,pin_scope16,1.0,0.45,0.6206896551724138,0.0,
W1_web,19,0.0,pin_useragent,1.0,0.35,0.5185185185185185,0.0,
W1_web,19,0.0,pin_useragent_core,1.0,0.3,0.4615384615384615,0.0,
W1_web,19,0.0,pin_ip_or_useragent,0.8421052631578947,0.8,0.8205128205128205,0.028037383177570093,
W1_web,19,0.0,pin_ip_and_useragent,1.0,0.25,0.4,0.0,
W1_web,19,0.0,score_distinct_bindings,1.0,0.05,0.09523809523809523,0.0,0.775
W1_web,19,0.0,score_max_request_rate,0.0,0.0,0.0,0.0,0.5831775700934579
W1_web,19,0.0,score_burstiness,0.0,0.0,0.0,0.0,0.5401869158878505
W1_web,0,0.01,SICA (proposed),1.0,0.2692307692307692,0.42424242424242425,0.0,0.9299314546839299
W1_web,0,0.01,pin_ip,0.9047619047619048,0.7307692307692307,0.8085106382978723,0.019801980198019802,
W1_web,0,0.01,pin_prefix24,0.8181818181818182,0.34615384615384615,0.4864864864864865,0.019801980198019802,
W1_web,0,0.01,pin_scope16,0.875,0.2692307692307692,0.411764705882353,0.009900990099009901,
W1_web,0,0.01,pin_useragent,1.0,0.38461538461538464,0.5555555555555556,0.0,
W1_web,0,0.01,pin_useragent_core,1.0,0.38461538461538464,0.5555555555555556,0.0,
W1_web,0,0.01,pin_ip_or_useragent,0.92,0.8846153846153846,0.9019607843137256,0.019801980198019802,
W1_web,0,0.01,pin_ip_and_useragent,1.0,0.23076923076923078,0.375,0.0,
W1_web,0,0.01,score_distinct_bindings,0.0,0.0,0.0,0.0,0.7400990099009901
W1_web,0,0.01,score_max_request_rate,0.0,0.0,0.0,0.0,0.615003808073115
W1_web,0,0.01,score_burstiness,0.0,0.0,0.0,0.0,0.5753998476770754
W1_web,1,0.01,SICA (proposed),0.75,0.5217391304347826,0.6153846153846153,0.038461538461538464,0.8877508361204013
W1_web,1,0.01,pin_ip,0.6206896551724138,0.782608695652174,0.6923076923076923,0.10576923076923077,
W1_web,1,0.01,pin_prefix24,0.6842105263157895,0.5652173913043478,0.6190476190476191,0.057692307692307696,
W1_web,1,0.01,pin_scope16,0.6923076923076923,0.391304347826087,0.5,0.038461538461538464,
W1_web,1,0.01,pin_useragent,1.0,0.4782608695652174,0.6470588235294118,0.0,
W1_web,1,0.01,pin_useragent_core,1.0,0.43478260869565216,0.6060606060606061,0.0,
W1_web,1,0.01,pin_ip_or_useragent,0.65625,0.9130434782608695,0.7636363636363634,0.10576923076923077,
W1_web,1,0.01,pin_ip_and_useragent,1.0,0.34782608695652173,0.5161290322580645,0.0,
W1_web,1,0.01,score_distinct_bindings,0.0,0.0,0.0,0.0,0.7972408026755853
W1_web,1,0.01,score_max_request_rate,0.0,0.0,0.0,0.0,0.5737876254180602
W1_web,1,0.01,score_burstiness,0.0,0.0,0.0,0.0,0.5238294314381271
W1_web,2,0.01,SICA (proposed),1.0,0.2631578947368421,0.4166666666666667,0.0,0.905214424951267
W1_web,2,0.01,pin_ip,0.65,0.6842105263157895,0.6666666666666667,0.06481481481481481,
W1_web,2,0.01,pin_prefix24,0.7692307692307693,0.5263157894736842,0.625,0.027777777777777776,
W1_web,2,0.01,pin_scope16,0.8888888888888888,0.42105263157894735,0.5714285714285714,0.009259259259259259,
W1_web,2,0.01,pin_useragent,0.8888888888888888,0.42105263157894735,0.5714285714285714,0.009259259259259259,
W1_web,2,0.01,pin_useragent_core,1.0,0.3684210526315789,0.5384615384615384,0.0,
W1_web,2,0.01,pin_ip_or_useragent,0.6956521739130435,0.8421052631578947,0.761904761904762,0.06481481481481481,
W1_web,2,0.01,pin_ip_and_useragent,0.8333333333333334,0.2631578947368421,0.39999999999999997,0.009259259259259259,
W1_web,2,0.01,score_distinct_bindings,0.0,0.0,0.0,0.0,0.8282163742690059
W1_web,2,0.01,score_max_request_rate,0.0,0.0,0.0,0.0,0.49171539961013644
W1_web,2,0.01,score_burstiness,0.0,0.0,0.0,0.0,0.5024366471734892
W1_web,3,0.01,SICA (proposed),0.8235294117647058,0.7,0.7567567567567567,0.028037383177570093,0.9572429906542056
W1_web,3,0.01,pin_ip,0.6956521739130435,0.8,0.7441860465116279,0.06542056074766354,
W1_web,3,0.01,pin_prefix24,0.8333333333333334,0.75,0.7894736842105262,0.028037383177570093,
W1_web,3,0.01,pin_scope16,0.8461538461538461,0.55,0.6666666666666667,0.018691588785046728,
W1_web,3,0.01,pin_useragent,0.9230769230769231,0.6,0.7272727272727274,0.009345794392523364,
W1_web,3,0.01,pin_useragent_core,1.0,0.55,0.7096774193548387,0.0,
W1_web,3,0.01,pin_ip_or_useragent,0.7307692307692307,0.95,0.8260869565217392,0.06542056074766354,
W1_web,3,0.01,pin_ip_and_useragent,0.9,0.45,0.6,0.009345794392523364,
W1_web,3,0.01,score_distinct_bindings,0.8571428571428571,0.9,0.8780487804878048,0.028037383177570093,0.935981308411215
W1_web,3,0.01,score_max_request_rate,0.0,0.0,0.0,0.0,0.6719626168224299
W1_web,3,0.01,score_burstiness,0.0,0.0,0.0,0.0,0.6796728971962617
W1_web,4,0.01,SICA (proposed),1.0,0.43478260869565216,0.6060606060606061,0.0,0.8971571906354515
W1_web,4,0.01,pin_ip,0.7619047619047619,0.6956521739130435,0.7272727272727272,0.04807692307692308,
W1_web,4,0.01,pin_prefix24,0.8571428571428571,0.5217391304347826,0.6486486486486486,0.019230769230769232,
W1_web,4,0.01,pin_scope16,1.0,0.30434782608695654,0.4666666666666667,0.0,
W1_web,4,0.01,pin_useragent,1.0,0.4782608695652174,0.6470588235294118,0.0,
W1_web,4,0.01,pin_useragent_core,1.0,0.391304347826087,0.5625,0.0,
W1_web,4,0.01,pin_ip_or_useragent,0.7916666666666666,0.8260869565217391,0.8085106382978724,0.04807692307692308,
W1_web,4,0.01,pin_ip_and_useragent,1.0,0.34782608695652173,0.5161290322580645,0.0,
W1_web,4,0.01,score_distinct_bindings,0.0,0.0,0.0,0.0,0.8164715719063546
W1_web,4,0.01,score_max_request_rate,0.0,0.0,0.0,0.0,0.592391304347826
W1_web,4,0.01,score_burstiness,0.0,0.0,0.0,0.0,0.5361622073578596
W1_web,5,0.01,SICA (proposed),1.0,0.32142857142857145,0.4864864864864865,0.0,0.8421717171717171
W1_web,5,0.01,pin_ip,0.8,0.5714285714285714,0.6666666666666666,0.04040404040404041,
W1_web,5,0.01,pin_prefix24,0.9166666666666666,0.39285714285714285,0.55,0.010101010101010102,
W1_web,5,0.01,pin_scope16,0.8888888888888888,0.2857142857142857,0.43243243243243246,0.010101010101010102,
W1_web,5,0.01,pin_useragent,1.0,0.4642857142857143,0.6341463414634146,0.0,
W1_web,5,0.01,pin_useragent_core,1.0,0.4642857142857143,0.6341463414634146,0.0,
W1_web,5,0.01,pin_ip_or_useragent,0.8333333333333334,0.7142857142857143,0.7692307692307692,0.04040404040404041,
W1_web,5,0.01,pin_ip_and_useragent,1.0,0.32142857142857145,0.4864864864864865,0.0,
W1_web,5,0.01,score_distinct_bindings,0.0,0.0,0.0,0.0,0.7628066378066378
W1_web,5,0.01,score_max_request_rate,0.0,0.0,0.0,0.0,0.5274170274170275
W1_web,5,0.01,score_burstiness,0.0,0.0,0.0,0.0,0.4678932178932179
W1_web,6,0.01,SICA (proposed),1.0,0.48148148148148145,0.65,0.0,0.8951851851851852
W1_web,6,0.01,pin_ip,0.8181818181818182,0.6666666666666666,0.7346938775510203,0.04,
W1_web,6,0.01,pin_prefix24,0.8,0.4444444444444444,0.5714285714285714,0.03,
W1_web,6,0.01,pin_scope16,0.875,0.25925925925925924,0.39999999999999997,0.01,
W1_web,6,0.01,pin_useragent,0.9230769230769231,0.4444444444444444,0.6,0.01,
W1_web,6,0.01,pin_useragent_core,1.0,0.4444444444444444,0.6153846153846153,0.0,
W1_web,6,0.01,pin_ip_or_useragent,0.8148148148148148,0.8148148148148148,0.8148148148148148,0.05,
W1_web,6,0.01,pin_ip_and_useragent,1.0,0.2962962962962963,0.45714285714285713,0.0,
W1_web,6,0.01,score_distinct_bindings,0.0,0.0,0.0,0.0,0.7812962962962963
W1_web,6,0.01,score_max_request_rate,0.0,0.0,0.0,0.0,0.5564814814814815
W1_web,6,0.01,score_burstiness,0.0,0.0,0.0,0.0,0.5314814814814814
W1_web,7,0.01,SICA (proposed),0.8,0.34782608695652173,0.48484848484848486,0.019230769230769232,0.8486622073578596
W1_web,7,0.01,pin_ip,0.75,0.6521739130434783,0.6976744186046512,0.04807692307692308,
W1_web,7,0.01,pin_prefix24,0.8666666666666667,0.5652173913043478,0.6842105263157895,0.019230769230769232,
W1_web,7,0.01,pin_scope16,0.7777777777777778,0.30434782608695654,0.43750000000000006,0.019230769230769232,
W1_web,7,0.01,pin_useragent,0.8461538461538461,0.4782608695652174,0.6111111111111112,0.019230769230769232,
W1_web,7,0.01,pin_useragent_core,1.0,0.4782608695652174,0.6470588235294118,0.0,
W1_web,7,0.01,pin_ip_or_useragent,0.7083333333333334,0.7391304347826086,0.723404255319149,0.0673076923076923,
W1_web,7,0.01,pin_ip_and_useragent,1.0,0.391304347826087,0.5625,0.0,
W1_web,7,0.01,score_distinct_bindings,0.0,0.0,0.0,0.0,0.8164715719063546
W1_web,7,0.01,score_max_request_rate,0.0,0.0,0.0,0.0,0.4954013377926421
W1_web,7,0.01,score_burstiness,0.0,0.0,0.0,0.0,0.4391722408026756
W1_web,8,0.01,SICA (proposed),0.75,0.3333333333333333,0.46153846153846156,0.01834862385321101,0.8891437308868502
W1_web,8,0.01,pin_ip,0.6111111111111112,0.6111111111111112,0.6111111111111112,0.06422018348623854,
W1_web,8,0.01,pin_prefix24,0.6666666666666666,0.3333333333333333,0.4444444444444444,0.027522935779816515,
W1_web,8,0.01,pin_scope16,0.5714285714285714,0.2222222222222222,0.32,0.027522935779816515,
W1_web,8,0.01,pin_useragent,0.8181818181818182,0.5,0.6206896551724137,0.01834862385321101,
W1_web,8,0.01,pin_useragent_core,1.0,0.5,0.6666666666666666,0.0,
W1_web,8,0.01,pin_ip_or_useragent,0.6818181818181818,0.8333333333333334,0.7499999999999999,0.06422018348623854,
W1_web,8,0.01,pin_ip_and_useragent,0.7142857142857143,0.2777777777777778,0.4,0.01834862385321101,
W1_web,8,0.01,score_distinct_bindings,0.0,0.0,0.0,0.0,0.7640163098878695
W1_web,8,0.01,score_max_request_rate,0.0,0.0,0.0,0.0,0.6116207951070336
W1_web,8,0.01,score_burstiness,0.0,0.0,0.0,0.0,0.5723751274209989
W1_web,9,0.01,SICA (proposed),1.0,0.4166666666666667,0.5882352941176471,0.0,0.9144417475728155
W1_web,9,0.01,pin_ip,0.875,0.5833333333333334,0.7000000000000001,0.019417475728155338,
W1_web,9,0.01,pin_prefix24,0.9166666666666666,0.4583333333333333,0.611111111111111,0.009708737864077669,
W1_web,9,0.01,pin_scope16,1.0,0.25,0.4,0.0,
W1_web,9,0.01,pin_useragent,1.0,0.5833333333333334,0.7368421052631579,0.0,
W1_web,9,0.01,pin_useragent_core,1.0,0.5,0.6666666666666666,0.0,
W1_web,9,0.01,pin_ip_or_useragent,0.9090909090909091,0.8333333333333334,0.8695652173913043,0.019417475728155338,
W1_web,9,0.01,pin_ip_and_useragent,1.0,0.3333333333333333,0.5,0.0,
W1_web,9,0.01,score_distinct_bindings,1.0,0.041666666666666664,0.07999999999999999,0.0,0.8703478964401294
W1_web,9,0.01,score_max_request_rate,0.0,0.0,0.0,0.0,0.5556229773462783
W1_web,9,0.01,score_burstiness,0.0,0.0,0.0,0.0,0.5232605177993528
W1_web,10,0.01,SICA (proposed),1.0,0.6818181818181818,0.8108108108108109,0.0,0.9028138528138528
W1_web,10,0.01,pin_ip,0.7647058823529411,0.5909090909090909,0.6666666666666667,0.0380952380952381,
W1_web,10,0.01,pin_prefix24,1.0,0.45454545454545453,0.625,0.0,
W1_web,10,0.01,pin_scope16,1.0,0.3181818181818182,0.4827586206896552,0.0,
W1_web,10,0.01,pin_useragent,1.0,0.7272727272727273,0.8421052631578948,0.0,
W1_web,10,0.01,pin_useragent_core,1.0,0.6363636363636364,0.7777777777777778,0.0,
W1_web,10,0.01,pin_ip_or_useragent,0.8260869565217391,0.8636363636363636,0.8444444444444444,0.0380952380952381,
W1_web,10,0.01,pin_ip_and_useragent,1.0,0.45454545454545453,0.625,0.0,
W1_web,10,0.01,score_distinct_bindings,1.0,0.6363636363636364,0.7777777777777778,0.0,0.8181818181818182
W1_web,10,0.01,score_max_request_rate,0.0,0.0,0.0,0.0,0.5181818181818182
W1_web,10,0.01,score_burstiness,0.0,0.0,0.0,0.0,0.47424242424242424
W1_web,11,0.01,SICA (proposed),1.0,0.4230769230769231,0.5945945945945945,0.0,0.8918507235338918
W1_web,11,0.01,pin_ip,0.782608695652174,0.6923076923076923,0.7346938775510203,0.04950495049504951,
W1_web,11,0.01,pin_prefix24,0.9230769230769231,0.46153846153846156,0.6153846153846155,0.009900990099009901,
W1_web,11,0.01,pin_scope16,1.0,0.3076923076923077,0.47058823529411764,0.0,
W1_web,11,0.01,pin_useragent,1.0,0.46153846153846156,0.631578947368421,0.0,
W1_web,11,0.01,pin_useragent_core,1.0,0.46153846153846156,0.631578947368421,0.0,
W1_web,11,0.01,pin_ip_or_useragent,0.8076923076923077,0.8076923076923077,0.8076923076923077,0.04950495049504951,
W1_web,11,0.01,pin_ip_and_useragent,1.0,0.34615384615384615,0.5142857142857142,0.0,
W1_web,11,0.01,score_distinct_bindings,0.0,0.0,0.0,0.0,0.7835110434120335
W1_web,11,0.01,score_max_request_rate,0.0,0.0,0.0,0.0,0.5455064737242955
W1_web,11,0.01,score_burstiness,0.0,0.0,0.0,0.0,0.4824828636709825
W1_web,12,0.01,SICA (proposed),0.8,0.4,0.5333333333333333,0.018691588785046728,0.9453271028037383
W1_web,12,0.01,pin_ip,0.6956521739130435,0.8,0.7441860465116279,0.06542056074766354,
W1_web,12,0.01,pin_prefix24,0.6923076923076923,0.45,0.5454545454545455,0.037383177570093455,
W1_web,12,0.01,pin_scope16,0.6666666666666666,0.3,0.41379310344827586,0.028037383177570093,
W1_web,12,0.01,pin_useragent,0.75,0.3,0.4285714285714285,0.018691588785046728,
W1_web,12,0.01,pin_useragent_core,1.0,0.25,0.4,0.0,
W1_web,12,0.01,pin_ip_or_useragent,0.6785714285714286,0.95,0.7916666666666667,0.08411214953271028,
W1_web,12,0.01,pin_ip_and_useragent,1.0,0.15,0.2608695652173913,0.0,
W1_web,12,0.01,score_distinct_bindings,0.0,0.0,0.0,0.0,0.7813084112149533
W1_web,12,0.01,score_max_request_rate,0.0,0.0,0.0,0.0,0.5894859813084112
W1_web,12,0.01,score_burstiness,0.0,0.0,0.0,0.0,0.5446261682242991
W1_web,13,0.01,SICA (proposed),1.0,0.2,0.33333333333333337,0.0,0.9215686274509803
W1_web,13,0.01,pin_ip,0.8148148148148148,0.88,0.8461538461538461,0.049019607843137254,
W1_web,13,0.01,pin_prefix24,0.8571428571428571,0.48,0.6153846153846153,0.0196078431372549,
W1_web,13,0.01,pin_scope16,1.0,0.28,0.43750000000000006,0.0,
W1_web,13,0.01,pin_useragent,1.0,0.36,0.5294117647058824,0.0,
W1_web,13,0.01,pin_useragent_core,1.0,0.36,0.5294117647058824,0.0,
W1_web,13,0.01,pin_ip_or_useragent,0.8148148148148148,0.88,0.8461538461538461,0.049019607843137254,
W1_web,13,0.01,pin_ip_and_useragent,1.0,0.36,0.5294117647058824,0.0,
W1_web,13,0.01,score_distinct_bindings,0.0,0.0,0.0,0.0,0.7301960784313726
W1_web,13,0.01,score_max_request_rate,0.0,0.0,0.0,0.0,0.5403921568627451
W1_web,13,0.01,score_burstiness,0.0,0.0,0.0,0.0,0.4984313725490196
W1_web,14,0.01,SICA (proposed),1.0,0.2222222222222222,0.3636363636363636,0.0,0.9062181447502549
W1_web,14,0.01,pin_ip,0.6842105263157895,0.7222222222222222,0.7027027027027027,0.05504587155963303,
W1_web,14,0.01,pin_prefix24,0.5384615384615384,0.3888888888888889,0.45161290322580644,0.05504587155963303,
W1_web,14,0.01,pin_scope16,0.625,0.2777777777777778,0.3846153846153846,0.027522935779816515,
W1_web,14,0.01,pin_useragent,1.0,0.3888888888888889,0.56,0.0,
W1_web,14,0.01,pin_useragent_core,1.0,0.3888888888888889,0.56,0.0,
W1_web,14,0.01,pin_ip_or_useragent,0.7272727272727273,0.8888888888888888,0.7999999999999999,0.05504587155963303,
W1_web,14,0.01,pin_ip_and_useragent,1.0,0.2222222222222222,0.3636363636363636,0.0,
W1_web,14,0.01,score_distinct_bindings,0.0,0.0,0.0,0.0,0.7502548419979612
W1_web,14,0.01,score_max_request_rate,0.0,0.0,0.0,0.0,0.4299184505606524
W1_web,14,0.01,score_burstiness,0.0,0.0,0.0,0.0,0.39602446483180426
W1_web,15,0.01,SICA (proposed),1.0,0.4782608695652174,0.6470588235294118,0.0,0.8632943143812709
W1_web,15,0.01,pin_ip,0.8,0.5217391304347826,0.6315789473684211,0.028846153846153848,
W1_web,15,0.01,pin_prefix24,0.8,0.5217391304347826,0.6315789473684211,0.028846153846153848,
W1_web,15,0.01,pin_scope16,1.0,0.43478260869565216,0.6060606060606061,0.0,
W1_web,15,0.01,pin_useragent,1.0,0.5652173913043478,0.7222222222222222,0.0,
W1_web,15,0.01,pin_useragent_core,1.0,0.5652173913043478,0.7222222222222222,0.0,
W1_web,15,0.01,pin_ip_or_useragent,0.85,0.7391304347826086,0.7906976744186046,0.028846153846153848,
W1_web,15,0.01,pin_ip_and_useragent,1.0,0.34782608695652173,0.5161290322580645,0.0,
W1_web,15,0.01,score_distinct_bindings,0.0,0.0,0.0,0.0,0.8551421404682275
W1_web,15,0.01,score_max_request_rate,0.0,0.0,0.0,0.0,0.5896739130434783
W1_web,15,0.01,score_burstiness,0.0,0.0,0.0,0.0,0.5077341137123745
W1_web,16,0.01,SICA (proposed),1.0,0.375,0.5454545454545454,0.0,0.8557847896440129
W1_web,16,0.01,pin_ip,0.6470588235294118,0.4583333333333333,0.5365853658536585,0.05825242718446602,
W1_web,16,0.01,pin_prefix24,0.8181818181818182,0.375,0.5142857142857142,0.019417475728155338,
W1_web,16,0.01,pin_scope16,1.0,0.20833333333333334,0.3448275862068966,0.0,
W1_web,16,0.01,pin_useragent,0.9333333333333333,0.5833333333333334,0.7179487179487181,0.009708737864077669,
W1_web,16,0.01,pin_useragent_core,1.0,0.5,0.6666666666666666,0.0,
W1_web,16,0.01,pin_ip_or_useragent,0.7307692307692307,0.7916666666666666,0.76,0.06796116504854369,
W1_web,16,0.01,pin_ip_and_useragent,1.0,0.25,0.4,0.0,
W1_web,16,0.01,score_distinct_bindings,0.0,0.0,0.0,0.0,0.8027912621359223
W1_web,16,0.01,score_max_request_rate,0.0,0.0,0.0,0.0,0.6225728155339806
W1_web,16,0.01,score_burstiness,0.0,0.0,0.0,0.0,0.5604773462783171
W1_web,17,0.01,SICA (proposed),0.75,0.125,0.21428571428571427,0.009708737864077669,0.8446601941747572
W1_web,17,0.01,pin_ip,0.65,0.5416666666666666,0.5909090909090908,0.06796116504854369,
W1_web,17,0.01,pin_prefix24,0.6,0.25,0.35294117647058826,0.038834951456310676,
W1_web,17,0.01,pin_scope16,0.8,0.16666666666666666,0.27586206896551724,0.009708737864077669,
W1_web,17,0.01,pin_useragent,1.0,0.3333333333333333,0.5,0.0,
W1_web,17,0.01,pin_useragent_core,1.0,0.25,0.4,0.0,
W1_web,17,0.01,pin_ip_or_useragent,0.72,0.75,0.7346938775510204,0.06796116504854369,
W1_web,17,0.01,pin_ip_and_useragent,1.0,0.125,0.2222222222222222,0.0,
W1_web,17,0.01,score_distinct_bindings,0.0,0.0,0.0,0.0,0.6680825242718447
W1_web,17,0.01,score_max_request_rate,0.0,0.0,0.0,0.0,0.5382281553398058
W1_web,17,0.01,score_burstiness,0.0,0.0,0.0,0.0,0.44741100323624594
W1_web,18,0.01,SICA (proposed),0.9285714285714286,0.4482758620689655,0.6046511627906977,0.01020408163265306,0.9005981703026038
W1_web,18,0.01,pin_ip,0.7727272727272727,0.5862068965517241,0.6666666666666667,0.05102040816326531,
W1_web,18,0.01,pin_prefix24,0.9285714285714286,0.4482758620689655,0.6046511627906977,0.01020408163265306,
W1_web,18,0.01,pin_scope16,0.9,0.3103448275862069,0.4615384615384615,0.01020408163265306,
W1_web,18,0.01,pin_useragent,1.0,0.5172413793103449,0.6818181818181819,0.0,
W1_web,18,0.01,pin_useragent_core,1.0,0.4827586206896552,0.6511627906976745,0.0,
W1_web,18,0.01,pin_ip_or_useragent,0.8275862068965517,0.8275862068965517,0.8275862068965517,0.05102040816326531,
W1_web,18,0.01,pin_ip_and_useragent,1.0,0.27586206896551724,0.4324324324324324,0.0,
W1_web,18,0.01,score_distinct_bindings,0.0,0.0,0.0,0.0,0.83972554539057
W1_web,18,0.01,score_max_request_rate,0.0,0.0,0.0,0.0,0.5168895144264603
W1_web,18,0.01,score_burstiness,0.0,0.0,0.0,0.0,0.45073891625615764
W1_web,19,0.01,SICA (proposed),1.0,0.42857142857142855,0.6,0.0,0.9454177897574124
W1_web,19,0.01,pin_ip,0.8,0.7619047619047619,0.7804878048780488,0.03773584905660377,
W1_web,19,0.01,pin_prefix24,0.9230769230769231,0.5714285714285714,0.7058823529411765,0.009433962264150943,
W1_web,19,0.01,pin_scope16,1.0,0.19047619047619047,0.32,0.0,
W1_web,19,0.01,pin_useragent,1.0,0.6666666666666666,0.8,0.0,
W1_web,19,0.01,pin_useragent_core,1.0,0.6666666666666666,0.8,0.0,
W1_web,19,0.01,pin_ip_or_useragent,0.8260869565217391,0.9047619047619048,0.8636363636363636,0.03773584905660377,
W1_web,19,0.01,pin_ip_and_useragent,1.0,0.5238095238095238,0.6875000000000001,0.0,
W1_web,19,0.01,score_distinct_bindings,0.0,0.0,0.0,0.0,0.8524258760107817
W1_web,19,0.01,score_max_request_rate,0.0,0.0,0.0,0.0,0.5110062893081762
W1_web,19,0.01,score_burstiness,0.0,0.0,0.0,0.0,0.4501347708894879
W1_web,0,0.02,SICA (proposed),1.0,0.4583333333333333,0.6285714285714286,0.0,0.9097896440129449
W1_web,0,0.02,pin_ip,0.9,0.75,0.8181818181818182,0.019417475728155338,
W1_web,0,0.02,pin_prefix24,0.9230769230769231,0.5,0.6486486486486487,0.009708737864077669,
W1_web,0,0.02,pin_scope16,1.0,0.375,0.5454545454545454,0.0,
W1_web,0,0.02,pin_useragent,0.8461538461538461,0.4583333333333333,0.5945945945945945,0.019417475728155338,
W1_web,0,0.02,pin_useragent_core,1.0,0.4583333333333333,0.6285714285714286,0.0,
W1_web,0,0.02,pin_ip_or_useragent,0.8695652173913043,0.8333333333333334,0.851063829787234,0.02912621359223301,
W1_web,0,0.02,pin_ip_and_useragent,0.9,0.375,0.5294117647058825,0.009708737864077669,
W1_web,0,0.02,score_distinct_bindings,1.0,0.041666666666666664,0.07999999999999999,0.0,0.7870145631067961
W1_web,0,0.02,score_max_request_rate,0.0,0.0,0.0,0.0,0.6033576051779935
W1_web,0,0.02,score_burstiness,0.0,0.0,0.0,0.0,0.49797734627831713
W1_web,1,0.02,SICA (proposed),0.8,0.6,0.6857142857142857,0.028037383177570093,0.9149532710280374
W1_web,1,0.02,pin_ip,0.5833333333333334,0.7,0.6363636363636365,0.09345794392523364,
W1_web,1,0.02,pin_prefix24,0.7058823529411765,0.6,0.6486486486486486,0.04672897196261682,
W1_web,1,0.02,pin_scope16,0.75,0.45,0.5625000000000001,0.028037383177570093,
W1_web,1,0.02,pin_useragent,0.9230769230769231,0.6,0.7272727272727274,0.009345794392523364,
W1_web,1,0.02,pin_useragent_core,1.0,0.55,0.7096774193548387,0.0,
W1_web,1,0.02,pin_ip_or_useragent,0.6206896551724138,0.9,0.7346938775510204,0.102803738317757,
W1_web,1,0.02,pin_ip_and_useragent,1.0,0.4,0.5714285714285715,0.0,
W1_web,1,0.02,score_distinct_bindings,0.0,0.0,0.0,0.0,0.8516355140186916
W1_web,1,0.02,score_max_request_rate,0.0,0.0,0.0,0.0,0.575
W1_web,1,0.02,score_burstiness,0.0,0.0,0.0,0.0,0.5273364485981309
W1_web,2,0.02,SICA (proposed),1.0,0.22727272727272727,0.37037037037037035,0.0,0.8389610389610389
W1_web,2,0.02,pin_ip,0.625,0.6818181818181818,0.6521739130434783,0.08571428571428572,
W1_web,2,0.02,pin_prefix24,0.7857142857142857,0.5,0.6111111111111112,0.02857142857142857,
W1_web,2,0.02,pin_scope16,0.7777777777777778,0.3181818181818182,0.45161290322580644,0.01904761904761905,
W1_web,2,0.02,pin_useragent,0.9090909090909091,0.45454545454545453,0.6060606060606061,0.009523809523809525,
W1_web,2,0.02,pin_useragent_core,1.0,0.36363636363636365,0.5333333333333333,0.0,
W1_web,2,0.02,pin_ip_or_useragent,0.6538461538461539,0.7727272727272727,0.7083333333333333,0.08571428571428572,
W1_web,2,0.02,pin_ip_and_useragent,0.8888888888888888,0.36363636363636365,0.5161290322580644,0.009523809523809525,
W1_web,2,0.02,score_distinct_bindings,0.0,0.0,0.0,0.0,0.7584415584415585
W1_web,2,0.02,score_max_request_rate,0.0,0.0,0.0,0.0,0.5909090909090909
W1_web,2,0.02,score_burstiness,0.0,0.0,0.0,0.0,0.4987012987012987
W1_web,3,0.02,SICA (proposed),0.8235294117647058,0.7,0.7567567567567567,0.028037383177570093,0.9572429906542056
W1_web,3,0.02,pin_ip,0.6956521739130435,0.8,0.7441860465116279,0.06542056074766354,
W1_web,3,0.02,pin_prefix24,0.8333333333333334,0.75,0.7894736842105262,0.028037383177570093,
W1_web,3,0.02,pin_scope16,0.8461538461538461,0.55,0.6666666666666667,0.018691588785046728,
W1_web,3,0.02,pin_useragent,0.9230769230769231,0.6,0.7272727272727274,0.009345794392523364,
W1_web,3,0.02,pin_useragent_core,1.0,0.55,0.7096774193548387,0.0,
W1_web,3,0.02,pin_ip_or_useragent,0.7307692307692307,0.95,0.8260869565217392,0.06542056074766354,
W1_web,3,0.02,pin_ip_and_useragent,0.9,0.45,0.6,0.009345794392523364,
W1_web,3,0.02,score_distinct_bindings,0.8571428571428571,0.9,0.8780487804878048,0.028037383177570093,0.935981308411215
W1_web,3,0.02,score_max_request_rate,0.0,0.0,0.0,0.0,0.6719626168224299
W1_web,3,0.02,score_burstiness,0.0,0.0,0.0,0.0,0.6796728971962617
W1_web,4,0.02,SICA (proposed),0.8,0.5454545454545454,0.6486486486486486,0.02857142857142857,0.8603896103896104
W1_web,4,0.02,pin_ip,0.6818181818181818,0.6818181818181818,0.6818181818181818,0.06666666666666667,
W1_web,4,0.02,pin_prefix24,0.7647058823529411,0.5909090909090909,0.6666666666666667,0.0380952380952381,
W1_web,4,0.02,pin_scope16,0.7142857142857143,0.22727272727272727,0.3448275862068965,0.01904761904761905,
W1_web,4,0.02,pin_useragent,0.8823529411764706,0.6818181818181818,0.7692307692307693,0.01904761904761905,
W1_web,4,0.02,pin_useragent_core,1.0,0.5909090909090909,0.7428571428571429,0.0,
W1_web,4,0.02,pin_ip_or_useragent,0.68,0.7727272727272727,0.7234042553191491,0.0761904761904762,
W1_web,4,0.02,pin_ip_and_useragent,0.9285714285714286,0.5909090909090909,0.7222222222222223,0.009523809523809525,
W1_web,4,0.02,score_distinct_bindings,0.7894736842105263,0.6818181818181818,0.7317073170731707,0.0380952380952381,0.8218614718614718
W1_web,4,0.02,score_max_request_rate,0.0,0.0,0.0,0.0,0.5103896103896104
W1_web,4,0.02,score_burstiness,0.0,0.0,0.0,0.0,0.4101731601731602
W1_web,5,0.02,SICA (proposed),1.0,0.28,0.43750000000000006,0.0,0.9160784313725491
W1_web,5,0.02,pin_ip,0.72,0.72,0.72,0.06862745098039216,
W1_web,5,0.02,pin_prefix24,0.875,0.56,0.6829268292682927,0.0196078431372549,
W1_web,5,0.02,pin_scope16,0.9090909090909091,0.4,0.5555555555555556,0.00980392156862745,
W1_web,5,0.02,pin_useragent,0.9333333333333333,0.56,0.7000000000000001,0.00980392156862745,
W1_web,5,0.02,pin_useragent_core,1.0,0.44,0.6111111111111112,0.0,
W1_web,5,0.02,pin_ip_or_useragent,0.7333333333333333,0.88,0.8,0.0784313725490196,
W1_web,5,0.02,pin_ip_and_useragent,1.0,0.4,0.5714285714285715,0.0,
W1_web,5,0.02,score_distinct_bindings,1.0,0.08,0.14814814814814814,0.0,0.8309803921568627
W1_web,5,0.02,score_max_request_rate,0.0,0.0,0.0,0.0,0.611764705882353
W1_web,5,0.02,score_burstiness,0.0,0.0,0.0,0.0,0.5945098039215686
W1_web,6,0.02,SICA (proposed),1.0,0.5,0.6666666666666666,0.0,0.9668831168831169
W1_web,6,0.02,pin_ip,0.7272727272727273,0.7272727272727273,0.7272727272727273,0.05714285714285714,
W1_web,6,0.02,pin_prefix24,0.7777777777777778,0.6363636363636364,0.7000000000000001,0.0380952380952381,
W1_web,6,0.02,pin_scope16,0.9166666666666666,0.5,0.6470588235294118,0.009523809523809525,
W1_web,6,0.02,pin_useragent,0.8571428571428571,0.5454545454545454,0.6666666666666665,0.01904761904761905,
W1_web,6,0.02,pin_useragent_core,1.0,0.45454545454545453,0.625,0.0,
W1_web,6,0.02,pin_ip_or_useragent,0.7777777777777778,0.9545454545454546,0.8571428571428572,0.05714285714285714,
W1_web,6,0.02,pin_ip_and_useragent,0.7777777777777778,0.3181818181818182,0.45161290322580644,0.01904761904761905,
W1_web,6,0.02,score_distinct_bindings,1.0,0.045454545454545456,0.08695652173913045,0.0,0.8909090909090909
W1_web,6,0.02,score_max_request_rate,0.0,0.0,0.0,0.0,0.47554112554112554
W1_web,6,0.02,score_burstiness,0.0,0.0,0.0,0.0,0.42012987012987013
W1_web,7,0.02,SICA (proposed),0.8888888888888888,0.3076923076923077,0.4571428571428572,0.009900990099009901,0.8221629855293222
W1_web,7,0.02,pin_ip,0.7368421052631579,0.5384615384615384,0.6222222222222222,0.04950495049504951,
W1_web,7,0.02,pin_prefix24,0.7272727272727273,0.3076923076923077,0.43243243243243246,0.0297029702970297,
W1_web,7,0.02,pin_scope16,0.8888888888888888,0.3076923076923077,0.4571428571428572,0.009900990099009901,
W1_web,7,0.02,pin_useragent,0.7272727272727273,0.3076923076923077,0.43243243243243246,0.0297029702970297,
W1_web,7,0.02,pin_useragent_core,1.0,0.2692307692307692,0.42424242424242425,0.0,
W1_web,7,0.02,pin_ip_or_useragent,0.72,0.6923076923076923,0.7058823529411765,0.06930693069306931,
W1_web,7,0.02,pin_ip_and_useragent,0.8,0.15384615384615385,0.25806451612903225,0.009900990099009901,
W1_web,7,0.02,score_distinct_bindings,0.0,0.0,0.0,0.0,0.6966869763899467
W1_web,7,0.02,score_max_request_rate,0.0,0.0,0.0,0.0,0.523990860624524
W1_web,7,0.02,score_burstiness,0.0,0.0,0.0,0.0,0.44478293983244477
W1_web,8,0.02,SICA (proposed),1.0,0.55,0.7096774193548387,0.0,0.9366822429906542
W1_web,8,0.02,pin_ip,0.7142857142857143,0.75,0.7317073170731706,0.056074766355140186,
W1_web,8,0.02,pin_prefix24,0.8333333333333334,0.5,0.625,0.018691588785046728,
W1_web,8,0.02,pin_scope16,0.8333333333333334,0.25,0.3846153846153846,0.009345794392523364,
W1_web,8,0.02,pin_useragent,0.7857142857142857,0.55,0.6470588235294117,0.028037383177570093,
W1_web,8,0.02,pin_useragent_core,1.0,0.55,0.7096774193548387,0.0,
W1_web,8,0.02,pin_ip_or_useragent,0.75,0.9,0.8181818181818182,0.056074766355140186,
W1_web,8,0.02,pin_ip_and_useragent,0.7272727272727273,0.4,0.5161290322580645,0.028037383177570093,
W1_web,8,0.02,score_distinct_bindings,1.0,0.1,0.18181818181818182,0.0,0.8165887850467289
W1_web,8,0.02,score_max_request_rate,0.0,0.0,0.0,0.0,0.6436915887850467
W1_web,8,0.02,score_burstiness,0.0,0.0,0.0,0.0,0.5434579439252336
W1_web,9,0.02,SICA (proposed),1.0,0.25,0.4,0.0,0.934668284789644
W1_web,9,0.02,pin_ip,0.9333333333333333,0.5833333333333334,0.7179487179487181,0.009708737864077669,
W1_web,9,0.02,pin_prefix24,0.9,0.375,0.5294117647058825,0.009708737864077669,
W1_web,9,0.02,pin_scope16,1.0,0.2916666666666667,0.45161290322580644,0.0,
W1_web,9,0.02,pin_useragent,0.9230769230769231,0.5,0.6486486486486487,0.009708737864077669,
W1_web,9,0.02,pin_useragent_core,1.0,0.5,0.6666666666666666,0.0,
W1_web,9,0.02,pin_ip_or_useragent,0.9130434782608695,0.875,0.8936170212765957,0.019417475728155338,
W1_web,9,0.02,pin_ip_and_useragent,1.0,0.20833333333333334,0.3448275862068966,0.0,
W1_web,9,0.02,score_distinct_bindings,0.0,0.0,0.0,0.0,0.8493122977346278
W1_web,9,0.02,score_max_request_rate,0.0,0.0,0.0,0.0,0.5598705501618123
W1_web,9,0.02,score_burstiness,0.0,0.0,0.0,0.0,0.46217637540453077
W1_web,10,0.02,SICA (proposed),1.0,0.5238095238095238,0.6875000000000001,0.0,0.9330637915543576
W1_web,10,0.02,pin_ip,0.7272727272727273,0.7619047619047619,0.7441860465116279,0.05660377358490566,
W1_web,10,0.02,pin_prefix24,0.8181818181818182,0.42857142857142855,0.5625,0.018867924528301886,
W1_web,10,0.02,pin_scope16,1.0,0.3333333333333333,0.5,0.0,
W1_web,10,0.02,pin_useragent,0.9090909090909091,0.47619047619047616,0.6249999999999999,0.009433962264150943,
W1_web,10,0.02,pin_useragent_core,1.0,0.38095238095238093,0.5517241379310345,0.0,
W1_web,10,0.02,pin_ip_or_useragent,0.76,0.9047619047619048,0.8260869565217391,0.05660377358490566,
W1_web,10,0.02,pin_ip_and_useragent,0.875,0.3333333333333333,0.48275862068965514,0.009433962264150943,
W1_web,10,0.02,score_distinct_bindings,0.8461538461538461,0.5238095238095238,0.6470588235294118,0.018867924528301886,0.7524707996406109
W1_web,10,0.02,score_max_request_rate,0.0,0.0,0.0,0.0,0.5026954177897575
W1_web,10,0.02,score_burstiness,0.0,0.0,0.0,0.0,0.4609164420485175
W1_web,11,0.02,SICA (proposed),1.0,0.09523809523809523,0.17391304347826084,0.0,0.8086253369272237
W1_web,11,0.02,pin_ip,0.5555555555555556,0.47619047619047616,0.5128205128205129,0.07547169811320754,
W1_web,11,0.02,pin_prefix24,0.6,0.2857142857142857,0.3870967741935483,0.03773584905660377,
W1_web,11,0.02,pin_scope16,0.75,0.14285714285714285,0.24,0.009433962264150943,
W1_web,11,0.02,pin_useragent,1.0,0.3333333333333333,0.5,0.0,
W1_web,11,0.02,pin_useragent_core,1.0,0.3333333333333333,0.5,0.0,
W1_web,11,0.02,pin_ip_or_useragent,0.6363636363636364,0.6666666666666666,0.6511627906976744,0.07547169811320754,
W1_web,11,0.02,pin_ip_and_useragent,1.0,0.14285714285714285,0.25,0.0,
W1_web,11,0.02,score_distinct_bindings,0.0,0.0,0.0,0.0,0.7192273135669363
W1_web,11,0.02,score_max_request_rate,0.0,0.0,0.0,0.0,0.545822102425876
W1_web,11,0.02,score_burstiness,0.0,0.0,0.0,0.0,0.4991015274034142
W1_web,12,0.02,SICA (proposed),0.875,0.3181818181818182,0.4666666666666667,0.009523809523809525,0.8833333333333333
W1_web,12,0.02,pin_ip,0.6363636363636364,0.6363636363636364,0.6363636363636364,0.0761904761904762,
W1_web,12,0.02,pin_prefix24,0.625,0.45454545454545453,0.5263157894736842,0.05714285714285714,
W1_web,12,0.02,pin_scope16,0.7142857142857143,0.22727272727272727,0.3448275862068965,0.01904761904761905,
W1_web,12,0.02,pin_useragent,0.875,0.6363636363636364,0.7368421052631579,0.01904761904761905,
W1_web,12,0.02,pin_useragent_core,1.0,0.6363636363636364,0.7777777777777778,0.0,
W1_web,12,0.02,pin_ip_or_useragent,0.6923076923076923,0.8181818181818182,0.7500000000000001,0.0761904761904762,
W1_web,12,0.02,pin_ip_and_useragent,0.8333333333333334,0.45454545454545453,0.5882352941176471,0.01904761904761905,
W1_web,12,0.02,score_distinct_bindings,1.0,0.045454545454545456,0.08695652173913045,0.0,0.8363636363636363
W1_web,12,0.02,score_max_request_rate,0.0,0.0,0.0,0.0,0.5664502164502164
W1_web,12,0.02,score_burstiness,0.0,0.0,0.0,0.0,0.462987012987013
W1_web,13,0.02,SICA (proposed),1.0,0.46153846153846156,0.631578947368421,0.0,0.9164127951256664
W1_web,13,0.02,pin_ip,0.8095238095238095,0.6538461538461539,0.7234042553191489,0.039603960396039604,
W1_web,13,0.02,pin_prefix24,0.9285714285714286,0.5,0.65,0.009900990099009901,
W1_web,13,0.02,pin_scope16,1.0,0.3076923076923077,0.47058823529411764,0.0,
W1_web,13,0.02,pin_useragent,1.0,0.5,0.6666666666666666,0.0,
W1_web,13,0.02,pin_useragent_core,1.0,0.4230769230769231,0.5945945945945945,0.0,
W1_web,13,0.02,pin_ip_or_useragent,0.8461538461538461,0.8461538461538461,0.8461538461538461,0.039603960396039604,
W1_web,13,0.02,pin_ip_and_useragent,1.0,0.3076923076923077,0.47058823529411764,0.0,
W1_web,13,0.02,score_distinct_bindings,0.0,0.0,0.0,0.0,0.8412033511043412
W1_web,13,0.02,score_max_request_rate,0.0,0.0,0.0,0.0,0.45563594821020564
W1_web,13,0.02,score_burstiness,0.0,0.0,0.0,0.0,0.43373952779893377
W1_web,14,0.02,SICA (proposed),1.0,0.45,0.6206896551724138,0.0,0.905373831775701
W1_web,14,0.02,pin_ip,0.65,0.65,0.65,0.06542056074766354,
W1_web,14,0.02,pin_prefix24,0.625,0.5,0.5555555555555556,0.056074766355140186,
W1_web,14,0.02,pin_scope16,0.8,0.4,0.5333333333333333,0.018691588785046728,
W1_web,14,0.02,pin_useragent,0.9230769230769231,0.6,0.7272727272727274,0.009345794392523364,
W1_web,14,0.02,pin_useragent_core,1.0,0.5,0.6666666666666666,0.0,
W1_web,14,0.02,pin_ip_or_useragent,0.7083333333333334,0.85,0.7727272727272727,0.06542056074766354,
W1_web,14,0.02,pin_ip_and_useragent,0.8888888888888888,0.4,0.5517241379310346,0.009345794392523364,
W1_web,14,0.02,score_distinct_bindings,1.0,0.05,0.09523809523809523,0.0,0.8233644859813084
W1_web,14,0.02,score_max_request_rate,0.0,0.0,0.0,0.0,0.5007009345794392
W1_web,14,0.02,score_burstiness,0.0,0.0,0.0,0.0,0.4292056074766355
W1_web,15,0.02,SICA (proposed),1.0,0.3076923076923077,0.47058823529411764,0.0,0.8882330540746383
W1_web,15,0.02,pin_ip,0.7916666666666666,0.7307692307692307,0.76,0.04950495049504951,
W1_web,15,0.02,pin_prefix24,0.8666666666666667,0.5,0.6341463414634146,0.019801980198019802,
W1_web,15,0.02,pin_scope16,0.8888888888888888,0.3076923076923077,0.4571428571428572,0.009900990099009901,
W1_web,15,0.02,pin_useragent,0.9166666666666666,0.4230769230769231,0.5789473684210527,0.009900990099009901,
W1_web,15,0.02,pin_useragent_core,1.0,0.38461538461538464,0.5555555555555556,0.0,
W1_web,15,0.02,pin_ip_or_useragent,0.8076923076923077,0.8076923076923077,0.8076923076923077,0.04950495049504951,
W1_web,15,0.02,pin_ip_and_useragent,0.9,0.34615384615384615,0.5,0.009900990099009901,
W1_web,15,0.02,score_distinct_bindings,0.0,0.0,0.0,0.0,0.7785605483625285
W1_web,15,0.02,score_max_request_rate,0.0,0.0,0.0,0.0,0.5731150038080731
W1_web,15,0.02,score_burstiness,0.0,0.0,0.0,0.0,0.5466488956587966
W1_web,16,0.02,SICA (proposed),1.0,0.17391304347826086,0.29629629629629634,0.0,0.8591137123745819
W1_web,16,0.02,pin_ip,0.7391304347826086,0.7391304347826086,0.7391304347826085,0.057692307692307696,
W1_web,16,0.02,pin_prefix24,1.0,0.4782608695652174,0.6470588235294118,0.0,
W1_web,16,0.02,pin_scope16,1.0,0.30434782608695654,0.4666666666666667,0.0,
W1_web,16,0.02,pin_useragent,0.6923076923076923,0.391304347826087,0.5,0.038461538461538464,
W1_web,16,0.02,pin_useragent_core,1.0,0.30434782608695654,0.4666666666666667,0.0,
W1_web,16,0.02,pin_ip_or_useragent,0.6785714285714286,0.8260869565217391,0.7450980392156864,0.08653846153846154,
W1_web,16,0.02,pin_ip_and_useragent,0.875,0.30434782608695654,0.4516129032258065,0.009615384615384616,
W1_web,16,0.02,score_distinct_bindings,1.0,0.043478260869565216,0.08333333333333333,0.0,0.7608695652173914
W1_web,16,0.02,score_max_request_rate,0.0,0.0,0.0,0.0,0.4475334448160535
W1_web,16,0.02,score_burstiness,0.0,0.0,0.0,0.0,0.37520903010033446
W1_web,17,0.02,SICA (proposed),0.8571428571428571,0.2727272727272727,0.41379310344827586,0.009523809523809525,0.8670995670995671
W1_web,17,0.02,pin_ip,0.7368421052631579,0.6363636363636364,0.6829268292682926,0.047619047619047616,
W1_web,17,0.02,pin_prefix24,0.7333333333333333,0.5,0.5945945945945945,0.0380952380952381,
W1_web,17,0.02,pin_scope16,0.75,0.2727272727272727,0.39999999999999997,0.01904761904761905,
W1_web,17,0.02,pin_useragent,0.9166666666666666,0.5,0.6470588235294118,0.009523809523809525,
W1_web,17,0.02,pin_useragent_core,1.0,0.4090909090909091,0.5806451612903226,0.0,
W1_web,17,0.02,pin_ip_or_useragent,0.7391304347826086,0.7727272727272727,0.7555555555555555,0.05714285714285714,
W1_web,17,0.02,pin_ip_and_useragent,1.0,0.36363636363636365,0.5333333333333333,0.0,
W1_web,17,0.02,score_distinct_bindings,1.0,0.045454545454545456,0.08695652173913045,0.0,0.8
W1_web,17,0.02,score_max_request_rate,0.0,0.0,0.0,0.0,0.4694805194805195
W1_web,17,0.02,score_burstiness,0.0,0.0,0.0,0.0,0.3948051948051948
W1_web,18,0.02,SICA (proposed),0.9166666666666666,0.39285714285714285,0.55,0.010101010101010102,0.8207070707070707
W1_web,18,0.02,pin_ip,0.7222222222222222,0.4642857142857143,0.5652173913043479,0.050505050505050504,
W1_web,18,0.02,pin_prefix24,0.9,0.32142857142857145,0.4736842105263158,0.010101010101010102,
W1_web,18,0.02,pin_scope16,0.8571428571428571,0.21428571428571427,0.34285714285714286,0.010101010101010102,
W1_web,18,0.02,pin_useragent,0.875,0.5,0.6363636363636364,0.020202020202020204,
W1_web,18,0.02,pin_useragent_core,1.0,0.42857142857142855,0.6,0.0,
W1_web,18,0.02,pin_ip_or_useragent,0.7692307692307693,0.7142857142857143,0.7407407407407408,0.06060606060606061,
W1_web,18,0.02,pin_ip_and_useragent,0.875,0.25,0.3888888888888889,0.010101010101010102,
W1_web,18,0.02,score_distinct_bindings,0.0,0.0,0.0,0.0,0.7449494949494949
W1_web,18,0.02,score_max_request_rate,0.0,0.0,0.0,0.0,0.5275974025974026
W1_web,18,0.02,score_burstiness,0.0,0.0,0.0,0.0,0.443001443001443
W1_web,19,0.02,SICA (proposed),0.9,0.391304347826087,0.5454545454545454,0.009615384615384616,0.8777173913043478
W1_web,19,0.02,pin_ip,0.7619047619047619,0.6956521739130435,0.7272727272727272,0.04807692307692308,
W1_web,19,0.02,pin_prefix24,0.9333333333333333,0.6086956521739131,0.7368421052631579,0.009615384615384616,
W1_web,19,0.02,pin_scope16,0.9090909090909091,0.43478260869565216,0.5882352941176471,0.009615384615384616,
W1_web,19,0.02,pin_useragent,1.0,0.5217391304347826,0.6857142857142856,0.0,
W1_web,19,0.02,pin_useragent_core,1.0,0.5217391304347826,0.6857142857142856,0.0,
W1_web,19,0.02,pin_ip_or_useragent,0.782608695652174,0.782608695652174,0.782608695652174,0.04807692307692308,
W1_web,19,0.02,pin_ip_and_useragent,1.0,0.43478260869565216,0.6060606060606061,0.0,
W1_web,19,0.02,score_distinct_bindings,1.0,0.043478260869565216,0.08333333333333333,0.0,0.8432274247491639
W1_web,19,0.02,score_max_request_rate,0.0,0.0,0.0,0.0,0.4182692307692308
W1_web,19,0.02,score_burstiness,0.0,0.0,0.0,0.0,0.4080267558528428
W1_web,0,0.05,SICA (proposed),1.0,0.2727272727272727,0.42857142857142855,0.0,0.8642857142857143
W1_web,0,0.05,pin_ip,0.7142857142857143,0.6818181818181818,0.6976744186046512,0.05714285714285714,
W1_web,0,0.05,pin_prefix24,0.8,0.5454545454545454,0.6486486486486486,0.02857142857142857,
W1_web,0,0.05,pin_scope16,0.8888888888888888,0.36363636363636365,0.5161290322580644,0.009523809523809525,
W1_web,0,0.05,pin_useragent,0.6666666666666666,0.45454545454545453,0.5405405405405405,0.047619047619047616,
W1_web,0,0.05,pin_useragent_core,1.0,0.4090909090909091,0.5806451612903226,0.0,
W1_web,0,0.05,pin_ip_or_useragent,0.6296296296296297,0.7727272727272727,0.6938775510204083,0.09523809523809523,
W1_web,0,0.05,pin_ip_and_useragent,0.8888888888888888,0.36363636363636365,0.5161290322580644,0.009523809523809525,
W1_web,0,0.05,score_distinct_bindings,0.0,0.0,0.0,0.0,0.8038961038961039
W1_web,0,0.05,score_max_request_rate,0.0,0.0,0.0,0.0,0.466017316017316
W1_web,0,0.05,score_burstiness,0.0,0.0,0.0,0.0,0.4067099567099567
W1_web,1,0.05,SICA (proposed),0.8571428571428571,0.3333333333333333,0.48,0.009174311926605505,0.8769113149847095
W1_web,1,0.05,pin_ip,0.44,0.6111111111111112,0.5116279069767442,0.12844036697247707,
W1_web,1,0.05,pin_prefix24,0.5833333333333334,0.3888888888888889,0.4666666666666666,0.045871559633027525,
W1_web,1,0.05,pin_scope16,0.8333333333333334,0.2777777777777778,0.4166666666666667,0.009174311926605505,
W1_web,1,0.05,pin_useragent,0.6923076923076923,0.5,0.5806451612903226,0.03669724770642202,
W1_web,1,0.05,pin_useragent_core,1.0,0.4444444444444444,0.6153846153846153,0.0,
W1_web,1,0.05,pin_ip_or_useragent,0.5,0.8333333333333334,0.625,0.13761467889908258,
W1_web,1,0.05,pin_ip_and_useragent,0.625,0.2777777777777778,0.3846153846153846,0.027522935779816515,
W1_web,1,0.05,score_distinct_bindings,0.0,0.0,0.0,0.0,0.7826197757390418
W1_web,1,0.05,score_max_request_rate,0.0,0.0,0.0,0.0,0.5300713557594292
W1_web,1,0.05,score_burstiness,0.0,0.0,0.0,0.0,0.5300713557594292
W1_web,2,0.05,SICA (proposed),1.0,0.3333333333333333,0.5,0.0,0.910826594788859
W1_web,2,0.05,pin_ip,0.6363636363636364,0.6666666666666666,0.6511627906976744,0.07547169811320754,
W1_web,2,0.05,pin_prefix24,0.8571428571428571,0.5714285714285714,0.6857142857142857,0.018867924528301886,
W1_web,2,0.05,pin_scope16,0.875,0.3333333333333333,0.48275862068965514,0.009433962264150943,
W1_web,2,0.05,pin_useragent,0.8,0.5714285714285714,0.6666666666666666,0.02830188679245283,
W1_web,2,0.05,pin_useragent_core,1.0,0.5238095238095238,0.6875000000000001,0.0,
W1_web,2,0.05,pin_ip_or_useragent,0.6428571428571429,0.8571428571428571,0.7346938775510204,0.09433962264150944,
W1_web,2,0.05,pin_ip_and_useragent,0.8888888888888888,0.38095238095238093,0.5333333333333333,0.009433962264150943,
W1_web,2,0.05,score_distinct_bindings,0.0,0.0,0.0,0.0,0.8477088948787062
W1_web,2,0.05,score_max_request_rate,0.0,0.0,0.0,0.0,0.6019766397124887
W1_web,2,0.05,score_burstiness,0.0,0.0,0.0,0.0,0.5134770889487871
W1_web,3,0.05,SICA (proposed),0.7777777777777778,0.5833333333333334,0.6666666666666666,0.038834951456310676,0.9478155339805825
W1_web,3,0.05,pin_ip,0.6551724137931034,0.7916666666666666,0.7169811320754716,0.0970873786407767,
W1_web,3,0.05,pin_prefix24,0.75,0.625,0.6818181818181818,0.04854368932038835,
W1_web,3,0.05,pin_scope16,0.6875,0.4583333333333333,0.5499999999999999,0.04854368932038835,
W1_web,3,0.05,pin_useragent,0.9375,0.625,0.75,0.009708737864077669,
W1_web,3,0.05,pin_useragent_core,1.0,0.5833333333333334,0.7368421052631579,0.0,
W1_web,3,0.05,pin_ip_or_useragent,0.696969696969697,0.9583333333333334,0.8070175438596493,0.0970873786407767,
W1_web,3,0.05,pin_ip_and_useragent,0.9166666666666666,0.4583333333333333,0.611111111111111,0.009708737864077669,
W1_web,3,0.05,score_distinct_bindings,0.0,0.0,0.0,0.0,0.8715614886731392
W1_web,3,0.05,score_max_request_rate,0.0,0.0,0.0,0.0,0.5932443365695793
W1_web,3,0.05,score_burstiness,0.0,0.0,0.0,0.0,0.5584546925566343
W1_web,4,0.05,SICA (proposed),1.0,0.4583333333333333,0.6285714285714286,0.0,0.8903721682847896
W1_web,4,0.05,pin_ip,0.68,0.7083333333333334,0.6938775510204083,0.07766990291262135,
W1_web,4,0.05,pin_prefix24,0.8333333333333334,0.625,0.7142857142857143,0.02912621359223301,
W1_web,4,0.05,pin_scope16,0.9230769230769231,0.5,0.6486486486486487,0.009708737864077669,
W1_web,4,0.05,pin_useragent,0.7333333333333333,0.4583333333333333,0.5641025641025641,0.038834951456310676,
W1_web,4,0.05,pin_useragent_core,1.0,0.4583333333333333,0.6285714285714286,0.0,
W1_web,4,0.05,pin_ip_or_useragent,0.6896551724137931,0.8333333333333334,0.7547169811320755,0.08737864077669903,
W1_web,4,0.05,pin_ip_and_useragent,0.7272727272727273,0.3333333333333333,0.4571428571428572,0.02912621359223301,
W1_web,4,0.05,score_distinct_bindings,0.0,0.0,0.0,0.0,0.8604368932038835
W1_web,4,0.05,score_max_request_rate,0.0,0.0,0.0,0.0,0.4969660194174757
W1_web,4,0.05,score_burstiness,0.0,0.0,0.0,0.0,0.4174757281553398
W1_web,5,0.05,SICA (proposed),1.0,0.25,0.4,0.0,0.8658980582524272
W1_web,5,0.05,pin_ip,0.6538461538461539,0.7083333333333334,0.68,0.08737864077669903,
W1_web,5,0.05,pin_prefix24,0.8333333333333334,0.625,0.7142857142857143,0.02912621359223301,
W1_web,5,0.05,pin_scope16,0.8181818181818182,0.375,0.5142857142857142,0.019417475728155338,
W1_web,5,0.05,pin_useragent,0.7222222222222222,0.5416666666666666,0.619047619047619,0.04854368932038835,
W1_web,5,0.05,pin_useragent_core,1.0,0.5,0.6666666666666666,0.0,
W1_web,5,0.05,pin_ip_or_useragent,0.6129032258064516,0.7916666666666666,0.6909090909090909,0.11650485436893204,
W1_web,5,0.05,pin_ip_and_useragent,0.8461538461538461,0.4583333333333333,0.5945945945945945,0.019417475728155338,
W1_web,5,0.05,score_distinct_bindings,1.0,0.041666666666666664,0.07999999999999999,0.0,0.8402103559870551
W1_web,5,0.05,score_max_request_rate,0.0,0.0,0.0,0.0,0.5962783171521036
W1_web,5,0.05,score_burstiness,0.0,0.0,0.0,0.0,0.5562297734627831
W1_web,6,0.05,SICA (proposed),1.0,0.5263157894736842,0.6896551724137931,0.0,0.9566276803118908
W1_web,6,0.05,pin_ip,0.5555555555555556,0.7894736842105263,0.6521739130434783,0.1111111111111111,
W1_web,6,0.05,pin_prefix24,0.5789473684210527,0.5789473684210527,0.5789473684210527,0.07407407407407407,
W1_web,6,0.05,pin_scope16,0.5555555555555556,0.2631578947368421,0.35714285714285715,0.037037037037037035,
W1_web,6,0.05,pin_useragent,0.6470588235294118,0.5789473684210527,0.6111111111111113,0.05555555555555555,
W1_web,6,0.05,pin_useragent_core,1.0,0.5263157894736842,0.6896551724137931,0.0,
W1_web,6,0.05,pin_ip_or_useragent,0.5454545454545454,0.9473684210526315,0.6923076923076923,0.1388888888888889,
W1_web,6,0.05,pin_ip_and_useragent,0.7272727272727273,0.42105263157894735,0.5333333333333333,0.027777777777777776,
W1_web,6,0.05,score_distinct_bindings,0.0,0.0,0.0,0.0,0.8313840155945419
W1_web,6,0.05,score_max_request_rate,0.0,0.0,0.0,0.0,0.5528752436647173
W1_web,6,0.05,score_burstiness,0.0,0.0,0.0,0.0,0.5752923976608187
W1_web,7,0.05,SICA (proposed),1.0,0.391304347826087,0.5625,0.0,0.9360367892976589
W1_web,7,0.05,pin_ip,0.6551724137931034,0.8260869565217391,0.7307692307692308,0.09615384615384616,
W1_web,7,0.05,pin_prefix24,0.7894736842105263,0.6521739130434783,0.7142857142857143,0.038461538461538464,
W1_web,7,0.05,pin_scope16,0.8571428571428571,0.5217391304347826,0.6486486486486486,0.019230769230769232,
W1_web,7,0.05,pin_useragent,0.6470588235294118,0.4782608695652174,0.55,0.057692307692307696,
W1_web,7,0.05,pin_useragent_core,1.0,0.4782608695652174,0.6470588235294118,0.0,
W1_web,7,0.05,pin_ip_or_useragent,0.6363636363636364,0.9130434782608695,0.75,0.11538461538461539,
W1_web,7,0.05,pin_ip_and_useragent,0.6923076923076923,0.391304347826087,0.5,0.038461538461538464,
W1_web,7,0.05,score_distinct_bindings,0.0,0.0,0.0,0.0,0.8503344481605352
W1_web,7,0.05,score_max_request_rate,0.0,0.0,0.0,0.0,0.544732441471572
W1_web,7,0.05,score_burstiness,0.0,0.0,0.0,0.0,0.469690635451505
W1_web,8,0.05,SICA (proposed),0.8571428571428571,0.2608695652173913,0.4,0.009615384615384616,0.8175167224080268
W1_web,8,0.05,pin_ip,0.5909090909090909,0.5652173913043478,0.5777777777777778,0.08653846153846154,
W1_web,8,0.05,pin_prefix24,0.6363636363636364,0.30434782608695654,0.411764705882353,0.038461538461538464,
W1_web,8,0.05,pin_scope16,0.8333333333333334,0.21739130434782608,0.3448275862068966,0.009615384615384616,
W1_web,8,0.05,pin_useragent,0.75,0.391304347826087,0.5142857142857143,0.028846153846153848,
W1_web,8,0.05,pin_useragent_core,1.0,0.30434782608695654,0.4666666666666667,0.0,
W1_web,8,0.05,pin_ip_or_useragent,0.5925925925925926,0.6956521739130435,0.6399999999999999,0.10576923076923077,
W1_web,8,0.05,pin_ip_and_useragent,0.8571428571428571,0.2608695652173913,0.4,0.009615384615384616,
W1_web,8,0.05,score_distinct_bindings,1.0,0.043478260869565216,0.08333333333333333,0.0,0.6989966555183946
W1_web,8,0.05,score_max_request_rate,0.0,0.0,0.0,0.0,0.45464046822742477
W1_web,8,0.05,score_burstiness,0.0,0.0,0.0,0.0,0.40384615384615385
W1_web,9,0.05,SICA (proposed),1.0,0.2692307692307692,0.42424242424242425,0.0,0.912033511043412
W1_web,9,0.05,pin_ip,0.7142857142857143,0.5769230769230769,0.6382978723404256,0.0594059405940594,
W1_web,9,0.05,pin_prefix24,0.9285714285714286,0.5,0.65,0.009900990099009901,
W1_web,9,0.05,pin_scope16,1.0,0.15384615384615385,0.2666666666666667,0.0,
W1_web,9,0.05,pin_useragent,0.8888888888888888,0.6153846153846154,0.7272727272727274,0.019801980198019802,
W1_web,9,0.05,pin_useragent_core,1.0,0.5769230769230769,0.7317073170731707,0.0,
W1_web,9,0.05,pin_ip_or_useragent,0.7586206896551724,0.8461538461538461,0.8,0.06930693069306931,
W1_web,9,0.05,pin_ip_and_useragent,0.9,0.34615384615384615,0.5,0.009900990099009901,
W1_web,9,0.05,score_distinct_bindings,0.0,0.0,0.0,0.0,0.8604341203351105
W1_web,9,0.05,score_max_request_rate,0.0,0.0,0.0,0.0,0.6485148514851485
W1_web,9,0.05,score_burstiness,0.0,0.0,0.0,0.0,0.5228484386900228
W1_web,10,0.05,SICA (proposed),0.875,0.6086956521739131,0.717948717948718,0.019230769230769232,0.8910953177257525
W1_web,10,0.05,pin_ip,0.6296296296296297,0.7391304347826086,0.68,0.09615384615384616,
W1_web,10,0.05,pin_prefix24,0.7368421052631579,0.6086956521739131,0.6666666666666666,0.04807692307692308,
W1_web,10,0.05,pin_scope16,0.9090909090909091,0.43478260869565216,0.5882352941176471,0.009615384615384616,
W1_web,10,0.05,pin_useragent,0.7647058823529411,0.5652173913043478,0.65,0.038461538461538464,
W1_web,10,0.05,pin_useragent_core,1.0,0.5652173913043478,0.7222222222222222,0.0,
W1_web,10,0.05,pin_ip_or_useragent,0.6551724137931034,0.8260869565217391,0.7307692307692308,0.09615384615384616,
W1_web,10,0.05,pin_ip_and_useragent,0.7333333333333333,0.4782608695652174,0.5789473684210527,0.038461538461538464,
W1_web,10,0.05,score_distinct_bindings,0.0,0.0,0.0,0.0,0.8237876254180602
W1_web,10,0.05,score_max_request_rate,0.0,0.0,0.0,0.0,0.5556020066889632
W1_web,10,0.05,score_burstiness,0.0,0.0,0.0,0.0,0.4951923076923077
W1_web,11,0.05,SICA (proposed),1.0,0.15,0.2608695652173913,0.0,0.7799065420560748
W1_web,11,0.05,pin_ip,0.4,0.5,0.4444444444444445,0.14018691588785046,
W1_web,11,0.05,pin_prefix24,0.5,0.4,0.4444444444444445,0.07476635514018691,
W1_web,11,0.05,pin_scope16,0.5,0.1,0.16666666666666669,0.018691588785046728,
W1_web,11,0.05,pin_useragent,0.6666666666666666,0.5,0.5714285714285715,0.04672897196261682,
W1_web,11,0.05,pin_useragent_core,1.0,0.45,0.6206896551724138,0.0,
W1_web,11,0.05,pin_ip_or_useragent,0.4666666666666667,0.7,0.56,0.14953271028037382,
W1_web,11,0.05,pin_ip_and_useragent,0.6,0.3,0.4,0.037383177570093455,
W1_web,11,0.05,score_distinct_bindings,0.0,0.0,0.0,0.0,0.7376168224299066
W1_web,11,0.05,score_max_request_rate,0.0,0.0,0.0,0.0,0.5623831775700935
W1_web,11,0.05,score_burstiness,0.0,0.0,0.0,0.0,0.47546728971962615
W1_web,12,0.05,SICA (proposed),1.0,0.08695652173913043,0.16,0.0,0.830267558528428
W1_web,12,0.05,pin_ip,0.625,0.6521739130434783,0.6382978723404256,0.08653846153846154,
W1_web,12,0.05,pin_prefix24,0.6,0.391304347826087,0.47368421052631576,0.057692307692307696,
W1_web,12,0.05,pin_scope16,0.6666666666666666,0.34782608695652173,0.4571428571428571,0.038461538461538464,
W1_web,12,0.05,pin_useragent,0.8,0.17391304347826086,0.2857142857142857,0.009615384615384616,
W1_web,12,0.05,pin_useragent_core,1.0,0.17391304347826086,0.29629629629629634,0.0,
W1_web,12,0.05,pin_ip_or_useragent,0.6296296296296297,0.7391304347826086,0.68,0.09615384615384616,
W1_web,12,0.05,pin_ip_and_useragent,1.0,0.08695652173913043,0.16,0.0,
W1_web,12,0.05,score_distinct_bindings,0.0,0.0,0.0,0.0,0.7102842809364549
W1_web,12,0.05,score_max_request_rate,0.0,0.0,0.0,0.0,0.5683528428093646
W1_web,12,0.05,score_burstiness,0.0,0.0,0.0,0.0,0.5487040133779264
W1_web,13,0.05,SICA (proposed),1.0,0.4482758620689655,0.6190476190476191,0.0,0.8970795214637579
W1_web,13,0.05,pin_ip,0.84,0.7241379310344828,0.7777777777777777,0.04081632653061224,
W1_web,13,0.05,pin_prefix24,0.85,0.5862068965517241,0.6938775510204082,0.030612244897959183,
W1_web,13,0.05,pin_scope16,1.0,0.5517241379310345,0.7111111111111111,0.0,
W1_web,13,0.05,pin_useragent,0.75,0.41379310344827586,0.5333333333333333,0.04081632653061224,
W1_web,13,0.05,pin_useragent_core,1.0,0.3448275862068966,0.5128205128205129,0.0,
W1_web,13,0.05,pin_ip_or_useragent,0.75,0.8275862068965517,0.7868852459016394,0.08163265306122448,
W1_web,13,0.05,pin_ip_and_useragent,1.0,0.3103448275862069,0.4736842105263158,0.0,
W1_web,13,0.05,score_distinct_bindings,0.0,0.0,0.0,0.0,0.8295214637579169
W1_web,13,0.05,score_max_request_rate,0.0,0.0,0.0,0.0,0.5631597466572836
W1_web,13,0.05,score_burstiness,0.0,0.0,0.0,0.0,0.526917663617171
W1_web,14,0.05,SICA (proposed),1.0,0.3181818181818182,0.4827586206896552,0.0,0.841991341991342
W1_web,14,0.05,pin_ip,0.4,0.36363636363636365,0.380952380952381,0.11428571428571428,
W1_web,14,0.05,pin_prefix24,0.5,0.3181818181818182,0.3888888888888889,0.06666666666666667,
W1_web,14,0.05,pin_scope16,0.8571428571428571,0.2727272727272727,0.41379310344827586,0.009523809523809525,
W1_web,14,0.05,pin_useragent,0.75,0.5454545454545454,0.631578947368421,0.0380952380952381,
W1_web,14,0.05,pin_useragent_core,1.0,0.45454545454545453,0.625,0.0,
W1_web,14,0.05,pin_ip_or_useragent,0.5714285714285714,0.7272727272727273,0.64,0.11428571428571428,
W1_web,14,0.05,pin_ip_and_useragent,0.5,0.18181818181818182,0.26666666666666666,0.0380952380952381,
W1_web,14,0.05,score_distinct_bindings,0.0,0.0,0.0,0.0,0.7848484848484848
W1_web,14,0.05,score_max_request_rate,0.0,0.0,0.0,0.0,0.5993506493506493
W1_web,14,0.05,score_burstiness,0.0,0.0,0.0,0.0,0.5047619047619047
W1_web,15,0.05,SICA (proposed),1.0,0.37037037037037035,0.5405405405405406,0.0,0.8911111111111111
W1_web,15,0.05,pin_ip,0.8,0.7407407407407407,0.7692307692307692,0.05,
W1_web,15,0.05,pin_prefix24,0.8095238095238095,0.6296296296296297,0.7083333333333334,0.04,
W1_web,15,0.05,pin_scope16,1.0,0.37037037037037035,0.5405405405405406,0.0,
W1_web,15,0.05,pin_useragent,0.9333333333333333,0.5185185185185185,0.6666666666666667,0.01,
W1_web,15,0.05,pin_useragent_core,1.0,0.5185185185185185,0.6829268292682926,0.0,
W1_web,15,0.05,pin_ip_or_useragent,0.8148148148148148,0.8148148148148148,0.8148148148148148,0.05,
W1_web,15,0.05,pin_ip_and_useragent,0.9230769230769231,0.4444444444444444,0.6,0.01,
W1_web,15,0.05,score_distinct_bindings,1.0,0.037037037037037035,0.07142857142857142,0.0,0.8325925925925926
W1_web,15,0.05,score_max_request_rate,0.0,0.0,0.0,0.0,0.5177777777777778
W1_web,15,0.05,score_burstiness,0.0,0.0,0.0,0.0,0.4698148148148148
W1_web,16,0.05,SICA (proposed),1.0,0.3076923076923077,0.47058823529411764,0.0,0.9095582635186595
W1_web,16,0.05,pin_ip,0.76,0.7307692307692307,0.7450980392156863,0.0594059405940594,
W1_web,16,0.05,pin_prefix24,0.7647058823529411,0.5,0.6046511627906976,0.039603960396039604,
W1_web,16,0.05,pin_scope16,0.8888888888888888,0.3076923076923077,0.4571428571428572,0.009900990099009901,
W1_web,16,0.05,pin_useragent,0.7368421052631579,0.5384615384615384,0.6222222222222222,0.04950495049504951,
W1_web,16,0.05,pin_useragent_core,1.0,0.46153846153846156,0.631578947368421,0.0,
W1_web,16,0.05,pin_ip_or_useragent,0.696969696969697,0.8846153846153846,0.7796610169491526,0.09900990099009901,
W1_web,16,0.05,pin_ip_and_useragent,0.9090909090909091,0.38461538461538464,0.5405405405405405,0.009900990099009901,
W1_web,16,0.05,score_distinct_bindings,0.0,0.0,0.0,0.0,0.7878903274942879
W1_web,16,0.05,score_max_request_rate,0.0,0.0,0.0,0.0,0.5291317593297792
W1_web,16,0.05,score_burstiness,0.0,0.0,0.0,0.0,0.40308453922315307
W1_web,17,0.05,SICA (proposed),1.0,0.2916666666666667,0.45161290322580644,0.0,0.9178802588996764
W1_web,17,0.05,pin_ip,0.6774193548387096,0.875,0.7636363636363636,0.0970873786407767,
W1_web,17,0.05,pin_prefix24,0.75,0.625,0.6818181818181818,0.04854368932038835,
W1_web,17,0.05,pin_scope16,0.8333333333333334,0.4166666666666667,0.5555555555555556,0.019417475728155338,
W1_web,17,0.05,pin_useragent,0.6666666666666666,0.3333333333333333,0.4444444444444444,0.038834951456310676,
W1_web,17,0.05,pin_useragent_core,1.0,0.2916666666666667,0.45161290322580644,0.0,
W1_web,17,0.05,pin_ip_or_useragent,0.6666666666666666,0.9166666666666666,0.7719298245614035,0.10679611650485436,
W1_web,17,0.05,pin_ip_and_useragent,0.7,0.2916666666666667,0.4117647058823529,0.02912621359223301,
W1_web,17,0.05,score_distinct_bindings,1.0,0.041666666666666664,0.07999999999999999,0.0,0.8100728155339806
W1_web,17,0.05,score_max_request_rate,0.0,0.0,0.0,0.0,0.5341828478964401
W1_web,17,0.05,score_burstiness,0.0,0.0,0.0,0.0,0.5269012944983819
W1_web,18,0.05,SICA (proposed),0.75,0.24,0.36363636363636365,0.0196078431372549,0.8937254901960784
W1_web,18,0.05,pin_ip,0.7142857142857143,0.6,0.6521739130434783,0.058823529411764705,
W1_web,18,0.05,pin_prefix24,0.7647058823529411,0.52,0.6190476190476191,0.0392156862745098,
W1_web,18,0.05,pin_scope16,0.75,0.36,0.48648648648648657,0.029411764705882353,
W1_web,18,0.05,pin_useragent,0.8333333333333334,0.6,0.6976744186046512,0.029411764705882353,
W1_web,18,0.05,pin_useragent_core,1.0,0.56,0.717948717948718,0.0,
W1_web,18,0.05,pin_ip_or_useragent,0.7241379310344828,0.84,0.7777777777777777,0.0784313725490196,
W1_web,18,0.05,pin_ip_and_useragent,0.9,0.36,0.5142857142857143,0.00980392156862745,
W1_web,18,0.05,score_distinct_bindings,0.0,0.0,0.0,0.0,0.8603921568627451
W1_web,18,0.05,score_max_request_rate,0.0,0.0,0.0,0.0,0.5154901960784314
W1_web,18,0.05,score_burstiness,0.0,0.0,0.0,0.0,0.4209803921568627
W1_web,19,0.05,SICA (proposed),1.0,0.3157894736842105,0.4799999999999999,0.0,0.9310428849902534
W1_web,19,0.05,pin_ip,0.7619047619047619,0.8421052631578947,0.8,0.046296296296296294,
W1_web,19,0.05,pin_prefix24,0.8333333333333334,0.5263157894736842,0.6451612903225806,0.018518518518518517,
W1_web,19,0.05,pin_scope16,1.0,0.3157894736842105,0.4799999999999999,0.0,
W1_web,19,0.05,pin_useragent,0.8181818181818182,0.47368421052631576,0.6,0.018518518518518517,
W1_web,19,0.05,pin_useragent_core,1.0,0.42105263157894735,0.5925925925925926,0.0,
W1_web,19,0.05,pin_ip_or_useragent,0.7727272727272727,0.8947368421052632,0.8292682926829269,0.046296296296296294,
W1_web,19,0.05,pin_ip_and_useragent,0.8,0.42105263157894735,0.5517241379310345,0.018518518518518517,
W1_web,19,0.05,score_distinct_bindings,0.0,0.0,0.0,0.0,0.8065302144249513
W1_web,19,0.05,score_max_request_rate,0.0,0.0,0.0,0.0,0.45248538011695905
W1_web,19,0.05,score_burstiness,0.0,0.0,0.0,0.0,0.3803606237816764
W1_web,0,0.1,SICA (proposed),1.0,0.22727272727272727,0.37037037037037035,0.0,0.7772727272727272
W1_web,0,0.1,pin_ip,0.5,0.45454545454545453,0.47619047619047616,0.09523809523809523,
W1_web,0,0.1,pin_prefix24,0.6363636363636364,0.3181818181818182,0.4242424242424242,0.0380952380952381,
W1_web,0,0.1,pin_scope16,1.0,0.09090909090909091,0.16666666666666669,0.0,
W1_web,0,0.1,pin_useragent,0.5882352941176471,0.45454545454545453,0.5128205128205129,0.06666666666666667,
W1_web,0,0.1,pin_useragent_core,1.0,0.4090909090909091,0.5806451612903226,0.0,
W1_web,0,0.1,pin_ip_or_useragent,0.5,0.6818181818181818,0.576923076923077,0.14285714285714285,
W1_web,0,0.1,pin_ip_and_useragent,0.7142857142857143,0.22727272727272727,0.3448275862068965,0.01904761904761905,
W1_web,0,0.1,score_distinct_bindings,0.0,0.0,0.0,0.0,0.7309523809523809
W1_web,0,0.1,score_max_request_rate,0.0,0.0,0.0,0.0,0.5803030303030303
W1_web,0,0.1,score_burstiness,0.0,0.0,0.0,0.0,0.5296536796536796
W1_web,1,0.1,SICA (proposed),0.8181818181818182,0.47368421052631576,0.6,0.018518518518518517,0.9127680311890838
W1_web,1,0.1,pin_ip,0.4117647058823529,0.7368421052631579,0.5283018867924528,0.18518518518518517,
W1_web,1,0.1,pin_prefix24,0.5263157894736842,0.5263157894736842,0.5263157894736842,0.08333333333333333,
W1_web,1,0.1,pin_scope16,0.6666666666666666,0.3157894736842105,0.42857142857142855,0.027777777777777776,
W1_web,1,0.1,pin_useragent,0.5454545454545454,0.631578947368421,0.5853658536585366,0.09259259259259259,
W1_web,1,0.1,pin_useragent_core,1.0,0.5263157894736842,0.6896551724137931,0.0,
W1_web,1,0.1,pin_ip_or_useragent,0.43902439024390244,0.9473684210526315,0.6,0.21296296296296297,
W1_web,1,0.1,pin_ip_and_useragent,0.5333333333333333,0.42105263157894735,0.47058823529411764,0.06481481481481481,
W1_web,1,0.1,score_distinct_bindings,0.0,0.0,0.0,0.0,0.8267543859649122
W1_web,1,0.1,score_max_request_rate,0.0,0.0,0.0,0.0,0.5614035087719298
W1_web,1,0.1,score_burstiness,0.0,0.0,0.0,0.0,0.4739278752436647
W1_web,2,0.1,SICA (proposed),0.9166666666666666,0.5,0.6470588235294118,0.009523809523809525,0.9404761904761905
W1_web,2,0.1,pin_ip,0.5769230769230769,0.6818181818181818,0.6249999999999999,0.10476190476190476,
W1_web,2,0.1,pin_prefix24,0.75,0.5454545454545454,0.631578947368421,0.0380952380952381,
W1_web,2,0.1,pin_scope16,0.875,0.3181818181818182,0.4666666666666667,0.009523809523809525,
W1_web,2,0.1,pin_useragent,0.8235294117647058,0.6363636363636364,0.717948717948718,0.02857142857142857,
W1_web,2,0.1,pin_useragent_core,1.0,0.6363636363636364,0.7777777777777778,0.0,
W1_web,2,0.1,pin_ip_or_useragent,0.625,0.9090909090909091,0.7407407407407406,0.11428571428571428,
W1_web,2,0.1,pin_ip_and_useragent,0.8181818181818182,0.4090909090909091,0.5454545454545455,0.01904761904761905,
W1_web,2,0.1,score_distinct_bindings,1.0,0.045454545454545456,0.08695652173913045,0.0,0.8681818181818182
W1_web,2,0.1,score_max_request_rate,0.0,0.0,0.0,0.0,0.558008658008658
W1_web,2,0.1,score_burstiness,0.0,0.0,0.0,0.0,0.5060606060606061
W1_web,3,0.1,SICA (proposed),0.75,0.2903225806451613,0.4186046511627908,0.03125,0.8697916666666666
W1_web,3,0.1,pin_ip,0.6206896551724138,0.5806451612903226,0.6000000000000001,0.11458333333333333,
W1_web,3,0.1,pin_prefix24,0.6190476190476191,0.41935483870967744,0.5,0.08333333333333333,
W1_web,3,0.1,pin_scope16,0.6153846153846154,0.25806451612903225,0.36363636363636365,0.052083333333333336,
W1_web,3,0.1,pin_useragent,0.8181818181818182,0.5806451612903226,0.679245283018868,0.041666666666666664,
W1_web,3,0.1,pin_useragent_core,1.0,0.5483870967741935,0.7083333333333333,0.0,
W1_web,3,0.1,pin_ip_or_useragent,0.6666666666666666,0.8387096774193549,0.7428571428571428,0.13541666666666666,
W1_web,3,0.1,pin_ip_and_useragent,0.8333333333333334,0.3225806451612903,0.4651162790697674,0.020833333333333332,
W1_web,3,0.1,score_distinct_bindings,1.0,0.03225806451612903,0.0625,0.0,0.782258064516129
W1_web,3,0.1,score_max_request_rate,0.0,0.0,0.0,0.0,0.4837029569892473
W1_web,3,0.1,score_burstiness,0.0,0.0,0.0,0.0,0.44388440860215056
W1_web,4,0.1,SICA (proposed),0.7142857142857143,0.25,0.37037037037037035,0.018691588785046728,0.8635514018691589
W1_web,4,0.1,pin_ip,0.4642857142857143,0.65,0.5416666666666667,0.14018691588785046,
W1_web,4,0.1,pin_prefix24,0.5714285714285714,0.4,0.47058823529411764,0.056074766355140186,
W1_web,4,0.1,pin_scope16,0.4444444444444444,0.2,0.2758620689655173,0.04672897196261682,
W1_web,4,0.1,pin_useragent,0.6,0.45,0.5142857142857143,0.056074766355140186,
W1_web,4,0.1,pin_useragent_core,1.0,0.45,0.6206896551724138,0.0,
W1_web,4,0.1,pin_ip_or_useragent,0.5,0.85,0.6296296296296295,0.1588785046728972,
W1_web,4,0.1,pin_ip_and_useragent,0.5555555555555556,0.25,0.3448275862068966,0.037383177570093455,
W1_web,4,0.1,score_distinct_bindings,0.0,0.0,0.0,0.0,0.77196261682243
W1_web,4,0.1,score_max_request_rate,0.0,0.0,0.0,0.0,0.4593457943925234
W1_web,4,0.1,score_burstiness,0.0,0.0,0.0,0.0,0.38060747663551403
W1_web,5,0.1,SICA (proposed),1.0,0.2692307692307692,0.42424242424242425,0.0,0.9295506473724295
W1_web,5,0.1,pin_ip,0.5806451612903226,0.6923076923076923,0.631578947368421,0.12871287128712872,
W1_web,5,0.1,pin_prefix24,0.7142857142857143,0.5769230769230769,0.6382978723404256,0.0594059405940594,
W1_web,5,0.1,pin_scope16,0.7142857142857143,0.38461538461538464,0.5,0.039603960396039604,
W1_web,5,0.1,pin_useragent,0.625,0.5769230769230769,0.6,0.0891089108910891,
W1_web,5,0.1,pin_useragent_core,1.0,0.46153846153846156,0.631578947368421,0.0,
W1_web,5,0.1,pin_ip_or_useragent,0.5581395348837209,0.9230769230769231,0.6956521739130436,0.18811881188118812,
W1_web,5,0.1,pin_ip_and_useragent,0.75,0.34615384615384615,0.4736842105263157,0.0297029702970297,
W1_web,5,0.1,score_distinct_bindings,0.0,0.0,0.0,0.0,0.854912414318355
W1_web,5,0.1,score_max_request_rate,0.0,0.0,0.0,0.0,0.6094821020563594
W1_web,5,0.1,score_burstiness,0.0,0.0,0.0,0.0,0.5024752475247525
W1_web,6,0.1,SICA (proposed),1.0,0.47368421052631576,0.6428571428571429,0.0,0.9230019493177388
W1_web,6,0.1,pin_ip,0.5909090909090909,0.6842105263157895,0.6341463414634148,0.08333333333333333,
W1_web,6,0.1,pin_prefix24,0.7333333333333333,0.5789473684210527,0.6470588235294117,0.037037037037037035,
W1_web,6,0.1,pin_scope16,1.0,0.42105263157894735,0.5925925925925926,0.0,
W1_web,6,0.1,pin_useragent,0.55,0.5789473684210527,0.5641025641025641,0.08333333333333333,
W1_web,6,0.1,pin_useragent_core,1.0,0.5789473684210527,0.7333333333333334,0.0,
W1_web,6,0.1,pin_ip_or_useragent,0.5483870967741935,0.8947368421052632,0.6799999999999999,0.12962962962962962,
W1_web,6,0.1,pin_ip_and_useragent,0.6363636363636364,0.3684210526315789,0.4666666666666667,0.037037037037037035,
W1_web,6,0.1,score_distinct_bindings,1.0,0.05263157894736842,0.1,0.0,0.8771929824561403
W1_web,6,0.1,score_max_request_rate,0.0,0.0,0.0,0.0,0.5667641325536062
W1_web,6,0.1,score_burstiness,0.0,0.0,0.0,0.0,0.506578947368421
W1_web,7,0.1,SICA (proposed),1.0,0.2857142857142857,0.4444444444444445,0.0,0.8520859671302149
W1_web,7,0.1,pin_ip,0.391304347826087,0.6428571428571429,0.4864864864864865,0.12389380530973451,
W1_web,7,0.1,pin_prefix24,0.42105263157894735,0.5714285714285714,0.48484848484848486,0.09734513274336283,
W1_web,7,0.1,pin_scope16,0.6,0.42857142857142855,0.5,0.035398230088495575,
W1_web,7,0.1,pin_useragent,0.4375,0.5,0.4666666666666667,0.07964601769911504,
W1_web,7,0.1,pin_useragent_core,1.0,0.42857142857142855,0.6,0.0,
W1_web,7,0.1,pin_ip_or_useragent,0.3548387096774194,0.7857142857142857,0.48888888888888893,0.17699115044247787,
W1_web,7,0.1,pin_ip_and_useragent,0.625,0.35714285714285715,0.45454545454545453,0.02654867256637168,
W1_web,7,0.1,score_distinct_bindings,0.0,0.0,0.0,0.0,0.8084702907711757
W1_web,7,0.1,score_max_request_rate,0.0,0.0,0.0,0.0,0.488621997471555
W1_web,7,0.1,score_burstiness,0.0,0.0,0.0,0.0,0.3780025284450063
W1_web,8,0.1,SICA (proposed),0.625,0.22727272727272727,0.3333333333333333,0.02857142857142857,0.7688311688311689
W1_web,8,0.1,pin_ip,0.46153846153846156,0.5454545454545454,0.4999999999999999,0.13333333333333333,
W1_web,8,0.1,pin_prefix24,0.5,0.3181818181818182,0.3888888888888889,0.06666666666666667,
W1_web,8,0.1,pin_scope16,0.625,0.22727272727272727,0.3333333333333333,0.02857142857142857,
W1_web,8,0.1,pin_useragent,0.7777777777777778,0.3181818181818182,0.45161290322580644,0.01904761904761905,
W1_web,8,0.1,pin_useragent_core,1.0,0.18181818181818182,0.3076923076923077,0.0,
W1_web,8,0.1,pin_ip_or_useragent,0.5,0.6363636363636364,0.56,0.13333333333333333,
W1_web,8,0.1,pin_ip_and_useragent,0.7142857142857143,0.22727272727272727,0.3448275862068965,0.01904761904761905,
W1_web,8,0.1,score_distinct_bindings,0.0,0.0,0.0,0.0,0.6712121212121213
W1_web,8,0.1,score_max_request_rate,0.0,0.0,0.0,0.0,0.5471861471861472
W1_web,8,0.1,score_burstiness,0.0,0.0,0.0,0.0,0.49913419913419915
W1_web,9,0.1,SICA (proposed),1.0,0.28,0.43750000000000006,0.0,0.8490196078431372
W1_web,9,0.1,pin_ip,0.6153846153846154,0.64,0.6274509803921569,0.09803921568627451,
W1_web,9,0.1,pin_prefix24,0.7058823529411765,0.48,0.5714285714285713,0.049019607843137254,
W1_web,9,0.1,pin_scope16,0.8,0.32,0.45714285714285713,0.0196078431372549,
W1_web,9,0.1,pin_useragent,0.8,0.48,0.6,0.029411764705882353,
W1_web,9,0.1,pin_useragent_core,1.0,0.4,0.5714285714285715,0.0,
W1_web,9,0.1,pin_ip_or_useragent,0.6129032258064516,0.76,0.6785714285714285,0.11764705882352941,
W1_web,9,0.1,pin_ip_and_useragent,0.9,0.36,0.5142857142857143,0.00980392156862745,
W1_web,9,0.1,score_distinct_bindings,0.0,0.0,0.0,0.0,0.7754901960784314
W1_web,9,0.1,score_max_request_rate,0.0,0.0,0.0,0.0,0.5568627450980392
W1_web,9,0.1,score_burstiness,0.0,0.0,0.0,0.0,0.4845098039215686
W1_web,10,0.1,SICA (proposed),1.0,0.42857142857142855,0.6,0.0,0.8858939802336029
W1_web,10,0.1,pin_ip,0.47058823529411764,0.7619047619047619,0.5818181818181817,0.16981132075471697,
W1_web,10,0.1,pin_prefix24,0.48148148148148145,0.6190476190476191,0.5416666666666666,0.1320754716981132,
W1_web,10,0.1,pin_scope16,0.6111111111111112,0.5238095238095238,0.5641025641025642,0.0660377358490566,
W1_web,10,0.1,pin_useragent,0.6,0.7142857142857143,0.6521739130434783,0.09433962264150944,
W1_web,10,0.1,pin_useragent_core,1.0,0.5714285714285714,0.7272727272727273,0.0,
W1_web,10,0.1,pin_ip_or_useragent,0.46511627906976744,0.9523809523809523,0.625,0.2169811320754717,
W1_web,10,0.1,pin_ip_and_useragent,0.6875,0.5238095238095238,0.5945945945945946,0.04716981132075472,
W1_web,10,0.1,score_distinct_bindings,1.0,0.047619047619047616,0.0909090909090909,0.0,0.8180592991913747
W1_web,10,0.1,score_max_request_rate,0.0,0.0,0.0,0.0,0.5060646900269542
W1_web,10,0.1,score_burstiness,0.0,0.0,0.0,0.0,0.45530098831985627
W1_web,11,0.1,SICA (proposed),1.0,0.375,0.5454545454545454,0.0,0.928490990990991
W1_web,11,0.1,pin_ip,0.48148148148148145,0.8125,0.6046511627906976,0.12612612612612611,
W1_web,11,0.1,pin_prefix24,0.6923076923076923,0.5625,0.6206896551724138,0.036036036036036036,
W1_web,11,0.1,pin_scope16,0.8,0.5,0.6153846153846154,0.018018018018018018,
W1_web,11,0.1,pin_useragent,0.4666666666666667,0.4375,0.45161290322580644,0.07207207207207207,
W1_web,11,0.1,pin_useragent_core,1.0,0.3125,0.47619047619047616,0.0,
W1_web,11,0.1,pin_ip_or_useragent,0.4838709677419355,0.9375,0.6382978723404255,0.14414414414414414,
W1_web,11,0.1,pin_ip_and_useragent,0.45454545454545453,0.3125,0.3703703703703703,0.05405405405405406,
W1_web,11,0.1,score_distinct_bindings,0.0,0.0,0.0,0.0,0.8257319819819819
W1_web,11,0.1,score_max_request_rate,0.0,0.0,0.0,0.0,0.5349099099099099
W1_web,11,0.1,score_burstiness,0.0,0.0,0.0,0.0,0.5363175675675675
W1_web,12,0.1,SICA (proposed),0.9,0.375,0.5294117647058825,0.009708737864077669,0.9105987055016181
W1_web,12,0.1,pin_ip,0.6666666666666666,0.8333333333333334,0.7407407407407408,0.0970873786407767,
W1_web,12,0.1,pin_prefix24,0.5909090909090909,0.5416666666666666,0.5652173913043478,0.08737864077669903,
W1_web,12,0.1,pin_scope16,0.8888888888888888,0.3333333333333333,0.48484848484848486,0.009708737864077669,
W1_web,12,0.1,pin_useragent,0.631578947368421,0.5,0.5581395348837209,0.06796116504854369,
W1_web,12,0.1,pin_useragent_core,1.0,0.4583333333333333,0.6285714285714286,0.0,
W1_web,12,0.1,pin_ip_or_useragent,0.6111111111111112,0.9166666666666666,0.7333333333333334,0.13592233009708737,
W1_web,12,0.1,pin_ip_and_useragent,0.7692307692307693,0.4166666666666667,0.5405405405405406,0.02912621359223301,
W1_web,12,0.1,score_distinct_bindings,0.0,0.0,0.0,0.0,0.7688106796116505
W1_web,12,0.1,score_max_request_rate,0.0,0.0,0.0,0.0,0.5772653721682848
W1_web,12,0.1,score_burstiness,0.0,0.0,0.0,0.0,0.5006067961165048
W1_web,13,0.1,SICA (proposed),1.0,0.391304347826087,0.5625,0.0,0.8944397993311036
W1_web,13,0.1,pin_ip,0.5161290322580645,0.6956521739130435,0.5925925925925926,0.14423076923076922,
W1_web,13,0.1,pin_prefix24,0.7777777777777778,0.6086956521739131,0.6829268292682927,0.038461538461538464,
W1_web,13,0.1,pin_scope16,0.8888888888888888,0.34782608695652173,0.5,0.009615384615384616,
W1_web,13,0.1,pin_useragent,0.7272727272727273,0.6956521739130435,0.711111111111111,0.057692307692307696,
W1_web,13,0.1,pin_useragent_core,1.0,0.5652173913043478,0.7222222222222222,0.0,
W1_web,13,0.1,pin_ip_or_useragent,0.5277777777777778,0.8260869565217391,0.6440677966101694,0.16346153846153846,
W1_web,13,0.1,pin_ip_and_useragent,0.7647058823529411,0.5652173913043478,0.65,0.038461538461538464,
W1_web,13,0.1,score_distinct_bindings,0.0,0.0,0.0,0.0,0.8503344481605352
W1_web,13,0.1,score_max_request_rate,0.0,0.0,0.0,0.0,0.5811036789297659
W1_web,13,0.1,score_burstiness,0.0,0.0,0.0,0.0,0.5334448160535117
W1_web,14,0.1,SICA (proposed),1.0,0.25,0.4,0.0,0.844457928802589
W1_web,14,0.1,pin_ip,0.6818181818181818,0.625,0.6521739130434783,0.06796116504854369,
W1_web,14,0.1,pin_prefix24,0.7692307692307693,0.4166666666666667,0.5405405405405406,0.02912621359223301,
W1_web,14,0.1,pin_scope16,0.7142857142857143,0.20833333333333334,0.3225806451612903,0.019417475728155338,
W1_web,14,0.1,pin_useragent,0.6111111111111112,0.4583333333333333,0.5238095238095238,0.06796116504854369,
W1_web,14,0.1,pin_useragent_core,1.0,0.4166666666666667,0.5882352941176471,0.0,
W1_web,14,0.1,pin_ip_or_useragent,0.6206896551724138,0.75,0.679245283018868,0.10679611650485436,
W1_web,14,0.1,pin_ip_and_useragent,0.7272727272727273,0.3333333333333333,0.4571428571428572,0.02912621359223301,
W1_web,14,0.1,score_distinct_bindings,0.0,0.0,0.0,0.0,0.7562702265372169
W1_web,14,0.1,score_max_request_rate,0.0,0.0,0.0,0.0,0.6349110032362459
W1_web,14,0.1,score_burstiness,0.0,0.0,0.0,0.0,0.6104368932038835
W1_web,15,0.1,SICA (proposed),1.0,0.20833333333333334,0.3448275862068966,0.0,0.9164644012944984
W1_web,15,0.1,pin_ip,0.75,0.75,0.75,0.05825242718446602,
W1_web,15,0.1,pin_prefix24,0.7647058823529411,0.5416666666666666,0.6341463414634146,0.038834951456310676,
W1_web,15,0.1,pin_scope16,1.0,0.375,0.5454545454545454,0.0,
W1_web,15,0.1,pin_useragent,0.7333333333333333,0.4583333333333333,0.5641025641025641,0.038834951456310676,
W1_web,15,0.1,pin_useragent_core,1.0,0.4583333333333333,0.6285714285714286,0.0,
W1_web,15,0.1,pin_ip_or_useragent,0.75,0.875,0.8076923076923077,0.06796116504854369,
W1_web,15,0.1,pin_ip_and_useragent,0.7272727272727273,0.3333333333333333,0.4571428571428572,0.02912621359223301,
W1_web,15,0.1,score_distinct_bindings,0.0,0.0,0.0,0.0,0.8347491909385113
W1_web,15,0.1,score_max_request_rate,0.0,0.0,0.0,0.0,0.5677588996763754
W1_web,15,0.1,score_burstiness,0.0,0.0,0.0,0.0,0.5202265372168284
W1_web,16,0.1,SICA (proposed),0.8333333333333334,0.43478260869565216,0.5714285714285714,0.019230769230769232,0.9170150501672241
W1_web,16,0.1,pin_ip,0.5172413793103449,0.6521739130434783,0.576923076923077,0.1346153846153846,
W1_web,16,0.1,pin_prefix24,0.6111111111111112,0.4782608695652174,0.5365853658536586,0.0673076923076923,
W1_web,16,0.1,pin_scope16,0.6923076923076923,0.391304347826087,0.5,0.038461538461538464,
W1_web,16,0.1,pin_useragent,0.55,0.4782608695652174,0.5116279069767442,0.08653846153846154,
W1_web,16,0.1,pin_useragent_core,1.0,0.43478260869565216,0.6060606060606061,0.0,
W1_web,16,0.1,pin_ip_or_useragent,0.5384615384615384,0.9130434782608695,0.6774193548387096,0.17307692307692307,
W1_web,16,0.1,pin_ip_and_useragent,0.5,0.21739130434782608,0.30303030303030304,0.04807692307692308,
W1_web,16,0.1,score_distinct_bindings,0.0,0.0,0.0,0.0,0.8359113712374582
W1_web,16,0.1,score_max_request_rate,0.0,0.0,0.0,0.0,0.5813127090301003
W1_web,16,0.1,score_burstiness,0.0,0.0,0.0,0.0,0.4770066889632107
W1_web,17,0.1,SICA (proposed),1.0,0.5384615384615384,0.7000000000000001,0.0,0.8899466869763899
W1_web,17,0.1,pin_ip,0.6060606060606061,0.7692307692307693,0.6779661016949152,0.12871287128712872,
W1_web,17,0.1,pin_prefix24,0.7083333333333334,0.6538461538461539,0.68,0.06930693069306931,
W1_web,17,0.1,pin_scope16,0.8666666666666667,0.5,0.6341463414634146,0.019801980198019802,
W1_web,17,0.1,pin_useragent,0.8235294117647058,0.5384615384615384,0.6511627906976744,0.0297029702970297,
W1_web,17,0.1,pin_useragent_core,1.0,0.4230769230769231,0.5945945945945945,0.0,
W1_web,17,0.1,pin_ip_or_useragent,0.6111111111111112,0.8461538461538461,0.7096774193548387,0.13861386138613863,
W1_web,17,0.1,pin_ip_and_useragent,0.8571428571428571,0.46153846153846156,0.6,0.019801980198019802,
W1_web,17,0.1,score_distinct_bindings,1.0,0.038461538461538464,0.07407407407407407,0.0,0.832063975628332
W1_web,17,0.1,score_max_request_rate,0.0,0.0,0.0,0.0,0.5276085300837776
W1_web,17,0.1,score_burstiness,0.0,0.0,0.0,0.0,0.46153846153846156
W1_web,18,0.1,SICA (proposed),1.0,0.3103448275862069,0.4736842105263158,0.0,0.9021815622800844
W1_web,18,0.1,pin_ip,0.7037037037037037,0.6551724137931034,0.6785714285714286,0.08163265306122448,
W1_web,18,0.1,pin_prefix24,0.7142857142857143,0.3448275862068966,0.46511627906976755,0.04081632653061224,
W1_web,18,0.1,pin_scope16,1.0,0.3103448275862069,0.4736842105263158,0.0,
W1_web,18,0.1,pin_useragent,0.7368421052631579,0.4827586206896552,0.5833333333333334,0.05102040816326531,
W1_web,18,0.1,pin_useragent_core,1.0,0.4827586206896552,0.6511627906976745,0.0,
W1_web,18,0.1,pin_ip_or_useragent,0.7142857142857143,0.8620689655172413,0.7812500000000001,0.10204081632653061,
W1_web,18,0.1,pin_ip_and_useragent,0.7272727272727273,0.27586206896551724,0.4,0.030612244897959183,
W1_web,18,0.1,score_distinct_bindings,0.0,0.0,0.0,0.0,0.7899366643209008
W1_web,18,0.1,score_max_request_rate,0.0,0.0,0.0,0.0,0.5036945812807881
W1_web,18,0.1,score_burstiness,0.0,0.0,0.0,0.0,0.40816326530612246
W1_web,19,0.1,SICA (proposed),1.0,0.5789473684210527,0.7333333333333334,0.0,0.9403021442495126
W1_web,19,0.1,pin_ip,0.5,0.8947368421052632,0.6415094339622641,0.1574074074074074,
W1_web,19,0.1,pin_prefix24,0.8125,0.6842105263157895,0.742857142857143,0.027777777777777776,
W1_web,19,0.1,pin_scope16,0.8888888888888888,0.42105263157894735,0.5714285714285714,0.009259259259259259,
W1_web,19,0.1,pin_useragent,0.6666666666666666,0.5263157894736842,0.5882352941176471,0.046296296296296294,
W1_web,19,0.1,pin_useragent_core,1.0,0.5263157894736842,0.6896551724137931,0.0,
W1_web,19,0.1,pin_ip_or_useragent,0.5,0.9473684210526315,0.6545454545454545,0.16666666666666666,
W1_web,19,0.1,pin_ip_and_useragent,0.6923076923076923,0.47368421052631576,0.5625,0.037037037037037035,
W1_web,19,0.1,score_distinct_bindings,1.0,0.05263157894736842,0.1,0.0,0.8552631578947368
W1_web,19,0.1,score_max_request_rate,0.0,0.0,0.0,0.0,0.47490253411306044
W1_web,19,0.1,score_burstiness,0.0,0.0,0.0,0.0,0.4534600389863548
W1_web,0,0.2,SICA (proposed),1.0,0.25,0.4,0.0,0.8238317757009346
W1_web,0,0.2,pin_ip,0.5,0.65,0.5652173913043479,0.12149532710280374,
W1_web,0,0.2,pin_prefix24,0.6428571428571429,0.45,0.5294117647058824,0.04672897196261682,
W1_web,0,0.2,pin_scope16,0.8,0.2,0.32000000000000006,0.009345794392523364,
W1_web,0,0.2,pin_useragent,0.4,0.4,0.4000000000000001,0.11214953271028037,
W1_web,0,0.2,pin_useragent_core,1.0,0.3,0.4615384615384615,0.0,
W1_web,0,0.2,pin_ip_or_useragent,0.39473684210526316,0.75,0.5172413793103448,0.21495327102803738,
W1_web,0,0.2,pin_ip_and_useragent,0.75,0.3,0.4285714285714285,0.018691588785046728,
W1_web,0,0.2,score_distinct_bindings,1.0,0.05,0.09523809523809523,0.0,0.727803738317757
W1_web,0,0.2,score_max_request_rate,0.0,0.0,0.0,0.0,0.5509345794392523
W1_web,0,0.2,score_burstiness,0.0,0.0,0.0,0.0,0.45630841121495325
W1_web,1,0.2,SICA (proposed),0.8571428571428571,0.48,0.6153846153846153,0.0196078431372549,0.9115686274509804
W1_web,1,0.2,pin_ip,0.5,0.76,0.6031746031746031,0.18627450980392157,
W1_web,1,0.2,pin_prefix24,0.5909090909090909,0.52,0.5531914893617023,0.08823529411764706,
W1_web,1,0.2,pin_scope16,0.7272727272727273,0.32,0.4444444444444444,0.029411764705882353,
W1_web,1,0.2,pin_useragent,0.64,0.64,0.64,0.08823529411764706,
W1_web,1,0.2,pin_useragent_core,1.0,0.52,0.6842105263157895,0.0,
W1_web,1,0.2,pin_ip_or_useragent,0.4791666666666667,0.92,0.6301369863013699,0.24509803921568626,
W1_web,1,0.2,pin_ip_and_useragent,0.8,0.48,0.6,0.029411764705882353,
W1_web,1,0.2,score_distinct_bindings,0.0,0.0,0.0,0.0,0.7758823529411765
W1_web,1,0.2,score_max_request_rate,0.0,0.0,0.0,0.0,0.46509803921568627
W1_web,1,0.2,score_burstiness,0.0,0.0,0.0,0.0,0.42215686274509806
W1_web,2,0.2,SICA (proposed),1.0,0.36363636363636365,0.5333333333333333,0.0,0.8954545454545455
W1_web,2,0.2,pin_ip,0.45714285714285713,0.7272727272727273,0.5614035087719298,0.18095238095238095,
W1_web,2,0.2,pin_prefix24,0.6,0.6818181818181818,0.6382978723404256,0.09523809523809523,
W1_web,2,0.2,pin_scope16,0.75,0.5454545454545454,0.631578947368421,0.0380952380952381,
W1_web,2,0.2,pin_useragent,0.48,0.5454545454545454,0.5106382978723404,0.12380952380952381,
W1_web,2,0.2,pin_useragent_core,1.0,0.5,0.6666666666666666,0.0,
W1_web,2,0.2,pin_ip_or_useragent,0.41304347826086957,0.8636363636363636,0.5588235294117647,0.2571428571428571,
W1_web,2,0.2,pin_ip_and_useragent,0.6428571428571429,0.4090909090909091,0.5000000000000001,0.047619047619047616,
W1_web,2,0.2,score_distinct_bindings,0.0,0.0,0.0,0.0,0.8387445887445888
W1_web,2,0.2,score_max_request_rate,0.0,0.0,0.0,0.0,0.4987012987012987
W1_web,2,0.2,score_burstiness,0.0,0.0,0.0,0.0,0.4487012987012987
W1_web,3,0.2,SICA (proposed),1.0,0.35714285714285715,0.5263157894736842,0.0,0.8867243867243867
W1_web,3,0.2,pin_ip,0.5714285714285714,0.7142857142857143,0.634920634920635,0.15151515151515152,
W1_web,3,0.2,pin_prefix24,0.64,0.5714285714285714,0.6037735849056605,0.09090909090909091,
W1_web,3,0.2,pin_scope16,0.7857142857142857,0.39285714285714285,0.5238095238095237,0.030303030303030304,
W1_web,3,0.2,pin_useragent,0.56,0.5,0.5283018867924528,0.1111111111111111,
W1_web,3,0.2,pin_useragent_core,1.0,0.4642857142857143,0.6341463414634146,0.0,
W1_web,3,0.2,pin_ip_or_useragent,0.5333333333333333,0.8571428571428571,0.6575342465753424,0.21212121212121213,
W1_web,3,0.2,pin_ip_and_useragent,0.6666666666666666,0.35714285714285715,0.46511627906976744,0.050505050505050504,
W1_web,3,0.2,score_distinct_bindings,1.0,0.03571428571428571,0.0689655172413793,0.0,0.8133116883116883
W1_web,3,0.2,score_max_request_rate,0.0,0.0,0.0,0.0,0.5541125541125541
W1_web,3,0.2,score_burstiness,0.0,0.0,0.0,0.0,0.4915223665223665
W1_web,4,0.2,SICA (proposed),1.0,0.4,0.5714285714285715,0.0,0.8837254901960784
W1_web,4,0.2,pin_ip,0.48484848484848486,0.64,0.5517241379310344,0.16666666666666666,
W1_web,4,0.2,pin_prefix24,0.5789473684210527,0.44,0.5,0.0784313725490196,
W1_web,4,0.2,pin_scope16,0.6666666666666666,0.32,0.43243243243243246,0.0392156862745098,
W1_web,4,0.2,pin_useragent,0.7142857142857143,0.6,0.6521739130434783,0.058823529411764705,
W1_web,4,0.2,pin_useragent_core,1.0,0.52,0.6842105263157895,0.0,
W1_web,4,0.2,pin_ip_or_useragent,0.525,0.84,0.6461538461538462,0.18627450980392157,
W1_web,4,0.2,pin_ip_and_useragent,0.7142857142857143,0.4,0.5128205128205129,0.0392156862745098,
W1_web,4,0.2,score_distinct_bindings,0.0,0.0,0.0,0.0,0.8207843137254902
W1_web,4,0.2,score_max_request_rate,0.0,0.0,0.0,0.0,0.5409803921568628
W1_web,4,0.2,score_burstiness,0.0,0.0,0.0,0.0,0.46627450980392154
W1_web,5,0.2,SICA (proposed),0.75,0.36,0.48648648648648657,0.029411764705882353,0.8394117647058823
W1_web,5,0.2,pin_ip,0.4,0.72,0.5142857142857142,0.2647058823529412,
W1_web,5,0.2,pin_prefix24,0.4117647058823529,0.56,0.4745762711864407,0.19607843137254902,
W1_web,5,0.2,pin_scope16,0.3181818181818182,0.28,0.29787234042553196,0.14705882352941177,
W1_web,5,0.2,pin_useragent,0.4838709677419355,0.6,0.5357142857142857,0.1568627450980392,
W1_web,5,0.2,pin_useragent_core,1.0,0.44,0.6111111111111112,0.0,
W1_web,5,0.2,pin_ip_or_useragent,0.3888888888888889,0.84,0.5316455696202531,0.3235294117647059,
W1_web,5,0.2,pin_ip_and_useragent,0.5454545454545454,0.48,0.5106382978723404,0.09803921568627451,
W1_web,5,0.2,score_distinct_bindings,1.0,0.12,0.21428571428571425,0.0,0.7537254901960785
W1_web,5,0.2,score_max_request_rate,0.0,0.0,0.0,0.0,0.5649019607843138
W1_web,5,0.2,score_burstiness,0.0,0.0,0.0,0.0,0.5111764705882353
W1_web,6,0.2,SICA (proposed),1.0,0.1875,0.3157894736842105,0.0,0.8316441441441441
W1_web,6,0.2,pin_ip,0.4,0.625,0.48780487804878053,0.13513513513513514,
W1_web,6,0.2,pin_prefix24,0.6428571428571429,0.5625,0.6000000000000001,0.04504504504504504,
W1_web,6,0.2,pin_scope16,0.6666666666666666,0.375,0.4800000000000001,0.02702702702702703,
W1_web,6,0.2,pin_useragent,0.5625,0.5625,0.5625,0.06306306306306306,
W1_web,6,0.2,pin_useragent_core,1.0,0.375,0.5454545454545454,0.0,
W1_web,6,0.2,pin_ip_or_useragent,0.375,0.75,0.5,0.18018018018018017,
W1_web,6,0.2,pin_ip_and_useragent,0.7777777777777778,0.4375,0.56,0.018018018018018018,
W1_web,6,0.2,score_distinct_bindings,1.0,0.0625,0.11764705882352941,0.0,0.8226351351351351
W1_web,6,0.2,score_max_request_rate,0.0,0.0,0.0,0.0,0.5492680180180181
W1_web,6,0.2,score_burstiness,0.0,0.0,0.0,0.0,0.46452702702702703
W1_web,7,0.2,SICA (proposed),0.9166666666666666,0.6111111111111112,0.7333333333333334,0.009174311926605505,0.9439347604485219
W1_web,7,0.2,pin_ip,0.4444444444444444,0.8888888888888888,0.5925925925925926,0.1834862385321101,
W1_web,7,0.2,pin_prefix24,0.5652173913043478,0.7222222222222222,0.6341463414634146,0.09174311926605505,
W1_web,7,0.2,pin_scope16,0.6428571428571429,0.5,0.5625000000000001,0.045871559633027525,
W1_web,7,0.2,pin_useragent,0.4166666666666667,0.5555555555555556,0.4761904761904762,0.12844036697247707,
W1_web,7,0.2,pin_useragent_core,1.0,0.5,0.6666666666666666,0.0,
W1_web,7,0.2,pin_ip_or_useragent,0.40476190476190477,0.9444444444444444,0.5666666666666667,0.22935779816513763,
W1_web,7,0.2,pin_ip_and_useragent,0.5,0.5,0.5,0.08256880733944955,
W1_web,7,0.2,score_distinct_bindings,0.0,0.0,0.0,0.0,0.8430173292558614
W1_web,7,0.2,score_max_request_rate,0.0,0.0,0.0,0.0,0.527013251783894
W1_web,7,0.2,score_burstiness,0.0,0.0,0.0,0.0,0.45310907237512743
W1_web,8,0.2,SICA (proposed),0.9166666666666666,0.4583333333333333,0.611111111111111,0.009708737864077669,0.8683252427184466
W1_web,8,0.2,pin_ip,0.5428571428571428,0.7916666666666666,0.6440677966101694,0.1553398058252427,
W1_web,8,0.2,pin_prefix24,0.7368421052631579,0.5833333333333334,0.6511627906976745,0.04854368932038835,
W1_web,8,0.2,pin_scope16,0.9285714285714286,0.5416666666666666,0.6842105263157894,0.009708737864077669,
W1_web,8,0.2,pin_useragent,0.4166666666666667,0.4166666666666667,0.4166666666666667,0.13592233009708737,
W1_web,8,0.2,pin_useragent_core,1.0,0.375,0.5454545454545454,0.0,
W1_web,8,0.2,pin_ip_or_useragent,0.5128205128205128,0.8333333333333334,0.6349206349206349,0.18446601941747573,
W1_web,8,0.2,pin_ip_and_useragent,0.45,0.375,0.4090909090909091,0.10679611650485436,
W1_web,8,0.2,score_distinct_bindings,0.0,0.0,0.0,0.0,0.7882281553398058
W1_web,8,0.2,score_max_request_rate,0.0,0.0,0.0,0.0,0.5487459546925566
W1_web,8,0.2,score_burstiness,0.0,0.0,0.0,0.0,0.5515776699029126
W1_web,9,0.2,SICA (proposed),0.8333333333333334,0.2777777777777778,0.4166666666666667,0.009174311926605505,0.8063200815494393
W1_web,9,0.2,pin_ip,0.2894736842105263,0.6111111111111112,0.3928571428571429,0.24770642201834864,
W1_web,9,0.2,pin_prefix24,0.38095238095238093,0.4444444444444444,0.41025641025641024,0.11926605504587157,
W1_web,9,0.2,pin_scope16,0.6,0.3333333333333333,0.42857142857142855,0.03669724770642202,
W1_web,9,0.2,pin_useragent,0.34615384615384615,0.5,0.40909090909090906,0.1559633027522936,
W1_web,9,0.2,pin_useragent_core,1.0,0.2777777777777778,0.4347826086956522,0.0,
W1_web,9,0.2,pin_ip_or_useragent,0.2978723404255319,0.7777777777777778,0.43076923076923074,0.30275229357798167,
W1_web,9,0.2,pin_ip_and_useragent,0.35294117647058826,0.3333333333333333,0.34285714285714286,0.10091743119266056,
W1_web,9,0.2,score_distinct_bindings,1.0,0.05555555555555555,0.10526315789473684,0.0,0.6659021406727829
W1_web,9,0.2,score_max_request_rate,0.0,0.0,0.0,0.0,0.5884301732925586
W1_web,9,0.2,score_burstiness,0.0,0.0,0.0,0.0,0.5193679918450561
W1_web,10,0.2,SICA (proposed),0.7777777777777778,0.25925925925925924,0.3888888888888889,0.02,0.7887037037037037
W1_web,10,0.2,pin_ip,0.4090909090909091,0.6666666666666666,0.5070422535211268,0.26,
W1_web,10,0.2,pin_prefix24,0.46153846153846156,0.4444444444444444,0.4528301886792453,0.14,
W1_web,10,0.2,pin_scope16,0.6,0.3333333333333333,0.42857142857142855,0.06,
W1_web,10,0.2,pin_useragent,0.45454545454545453,0.37037037037037035,0.40816326530612246,0.12,
W1_web,10,0.2,pin_useragent_core,1.0,0.3333333333333333,0.5,0.0,
W1_web,10,0.2,pin_ip_or_useragent,0.42,0.7777777777777778,0.5454545454545454,0.29,
W1_web,10,0.2,pin_ip_and_useragent,0.4375,0.25925925925925924,0.3255813953488372,0.09,
W1_web,10,0.2,score_distinct_bindings,1.0,0.07407407407407407,0.13793103448275862,0.0,0.7129629629629629
W1_web,10,0.2,score_max_request_rate,0.0,0.0,0.0,0.0,0.5111111111111111
W1_web,10,0.2,score_burstiness,0.0,0.0,0.0,0.0,0.4305555555555556
W1_web,11,0.2,SICA (proposed),1.0,0.6086956521739131,0.7567567567567568,0.0,0.9471153846153846
W1_web,11,0.2,pin_ip,0.5,0.7391304347826086,0.5964912280701754,0.16346153846153846,
W1_web,11,0.2,pin_prefix24,0.6666666666666666,0.5217391304347826,0.5853658536585366,0.057692307692307696,
W1_web,11,0.2,pin_scope16,0.875,0.30434782608695654,0.4516129032258065,0.009615384615384616,
W1_web,11,0.2,pin_useragent,0.625,0.6521739130434783,0.6382978723404256,0.08653846153846154,
W1_web,11,0.2,pin_useragent_core,1.0,0.5652173913043478,0.7222222222222222,0.0,
W1_web,11,0.2,pin_ip_or_useragent,0.5238095238095238,0.9565217391304348,0.6769230769230768,0.19230769230769232,
W1_web,11,0.2,pin_ip_and_useragent,0.625,0.43478260869565216,0.5128205128205128,0.057692307692307696,
W1_web,11,0.2,score_distinct_bindings,0.0,0.0,0.0,0.0,0.8407190635451505
W1_web,11,0.2,score_max_request_rate,0.0,0.0,0.0,0.0,0.615175585284281
W1_web,11,0.2,score_burstiness,0.0,0.0,0.0,0.0,0.5788043478260869
W1_web,12,0.2,SICA (proposed),1.0,0.2857142857142857,0.4444444444444445,0.0,0.8066378066378066
W1_web,12,0.2,pin_ip,0.4666666666666667,0.5,0.4827586206896552,0.16161616161616163,
W1_web,12,0.2,pin_prefix24,0.625,0.35714285714285715,0.45454545454545453,0.06060606060606061,
W1_web,12,0.2,pin_scope16,0.8,0.2857142857142857,0.4210526315789473,0.020202020202020204,
W1_web,12,0.2,pin_useragent,0.5714285714285714,0.5714285714285714,0.5714285714285714,0.12121212121212122,
W1_web,12,0.2,pin_useragent_core,1.0,0.42857142857142855,0.6,0.0,
W1_web,12,0.2,pin_ip_or_useragent,0.4666666666666667,0.75,0.5753424657534245,0.24242424242424243,
W1_web,12,0.2,pin_ip_and_useragent,0.6923076923076923,0.32142857142857145,0.4390243902439025,0.04040404040404041,
W1_web,12,0.2,score_distinct_bindings,0.0,0.0,0.0,0.0,0.7554112554112554
W1_web,12,0.2,score_max_request_rate,0.0,0.0,0.0,0.0,0.42514430014430016
W1_web,12,0.2,score_burstiness,0.0,0.0,0.0,0.0,0.36832611832611833
W1_web,13,0.2,SICA (proposed),0.8571428571428571,0.5217391304347826,0.6486486486486486,0.019230769230769232,0.892767558528428
W1_web,13,0.2,pin_ip,0.4358974358974359,0.7391304347826086,0.5483870967741935,0.21153846153846154,
W1_web,13,0.2,pin_prefix24,0.6190476190476191,0.5652173913043478,0.5909090909090909,0.07692307692307693,
W1_web,13,0.2,pin_scope16,0.8,0.34782608695652173,0.48484848484848486,0.019230769230769232,
W1_web,13,0.2,pin_useragent,0.42105263157894735,0.6956521739130435,0.5245901639344263,0.21153846153846154,
W1_web,13,0.2,pin_useragent_core,1.0,0.6086956521739131,0.7567567567567568,0.0,
W1_web,13,0.2,pin_ip_or_useragent,0.38181818181818183,0.9130434782608695,0.5384615384615384,0.3269230769230769,
W1_web,13,0.2,pin_ip_and_useragent,0.5454545454545454,0.5217391304347826,0.5333333333333332,0.09615384615384616,
W1_web,13,0.2,score_distinct_bindings,1.0,0.043478260869565216,0.08333333333333333,0.0,0.8545150501672241
W1_web,13,0.2,score_max_request_rate,0.0,0.0,0.0,0.0,0.6494565217391305
W1_web,13,0.2,score_burstiness,0.0,0.0,0.0,0.0,0.5754598662207357
W1_web,14,0.2,SICA (proposed),0.875,0.2692307692307692,0.411764705882353,0.009900990099009901,0.8012185833968012
W1_web,14,0.2,pin_ip,0.4230769230769231,0.4230769230769231,0.4230769230769231,0.1485148514851485,
W1_web,14,0.2,pin_prefix24,0.5263157894736842,0.38461538461538464,0.4444444444444444,0.0891089108910891,
W1_web,14,0.2,pin_scope16,0.7272727272727273,0.3076923076923077,0.43243243243243246,0.0297029702970297,
W1_web,14,0.2,pin_useragent,0.5454545454545454,0.46153846153846156,0.4999999999999999,0.09900990099009901,
W1_web,14,0.2,pin_useragent_core,1.0,0.4230769230769231,0.5945945945945945,0.0,
W1_web,14,0.2,pin_ip_or_useragent,0.5,0.6923076923076923,0.5806451612903226,0.1782178217821782,
W1_web,14,0.2,pin_ip_and_useragent,0.4166666666666667,0.19230769230769232,0.2631578947368421,0.06930693069306931,
W1_web,14,0.2,score_distinct_bindings,1.0,0.07692307692307693,0.14285714285714288,0.0,0.7857958872810358
W1_web,14,0.2,score_max_request_rate,0.0,0.0,0.0,0.0,0.6317593297791317
W1_web,14,0.2,score_burstiness,0.0,0.0,0.0,0.0,0.5059025133282559
W1_web,15,0.2,SICA (proposed),1.0,0.25,0.4,0.0,0.8930016181229773
W1_web,15,0.2,pin_ip,0.4857142857142857,0.7083333333333334,0.576271186440678,0.17475728155339806,
W1_web,15,0.2,pin_prefix24,0.5925925925925926,0.6666666666666666,0.627450980392157,0.10679611650485436,
W1_web,15,0.2,pin_scope16,0.7222222222222222,0.5416666666666666,0.619047619047619,0.04854368932038835,
W1_web,15,0.2,pin_useragent,0.5,0.5416666666666666,0.52,0.1262135922330097,
W1_web,15,0.2,pin_useragent_core,1.0,0.4166666666666667,0.5882352941176471,0.0,
W1_web,15,0.2,pin_ip_or_useragent,0.45652173913043476,0.875,0.6,0.24271844660194175,
W1_web,15,0.2,pin_ip_and_useragent,0.6,0.375,0.4615384615384615,0.05825242718446602,
W1_web,15,0.2,score_distinct_bindings,1.0,0.041666666666666664,0.07999999999999999,0.0,0.8446601941747572
W1_web,15,0.2,score_max_request_rate,0.0,0.0,0.0,0.0,0.5691747572815534
W1_web,15,0.2,score_burstiness,0.0,0.0,0.0,0.0,0.4904935275080906
W1_web,16,0.2,SICA (proposed),0.8,0.42105263157894735,0.5517241379310345,0.018518518518518517,0.9074074074074074
W1_web,16,0.2,pin_ip,0.42105263157894735,0.8421052631578947,0.5614035087719298,0.2037037037037037,
W1_web,16,0.2,pin_prefix24,0.4090909090909091,0.47368421052631576,0.43902439024390244,0.12037037037037036,
W1_web,16,0.2,pin_scope16,0.6,0.47368421052631576,0.5294117647058824,0.05555555555555555,
W1_web,16,0.2,pin_useragent,0.42857142857142855,0.47368421052631576,0.45,0.1111111111111111,
W1_web,16,0.2,pin_useragent_core,1.0,0.3684210526315789,0.5384615384615384,0.0,
W1_web,16,0.2,pin_ip_or_useragent,0.4186046511627907,0.9473684210526315,0.5806451612903226,0.23148148148148148,
W1_web,16,0.2,pin_ip_and_useragent,0.4375,0.3684210526315789,0.39999999999999997,0.08333333333333333,
W1_web,16,0.2,score_distinct_bindings,0.0,0.0,0.0,0.0,0.7029727095516569
W1_web,16,0.2,score_max_request_rate,0.0,0.0,0.0,0.0,0.5397173489278753
W1_web,16,0.2,score_burstiness,0.0,0.0,0.0,0.0,0.5487329434697856
W1_web,17,0.2,SICA (proposed),0.9230769230769231,0.42857142857142855,0.5853658536585366,0.010101010101010102,0.926948051948052
W1_web,17,0.2,pin_ip,0.5116279069767442,0.7857142857142857,0.619718309859155,0.21212121212121213,
W1_web,17,0.2,pin_prefix24,0.6538461538461539,0.6071428571428571,0.6296296296296297,0.09090909090909091,
W1_web,17,0.2,pin_scope16,0.7222222222222222,0.4642857142857143,0.5652173913043479,0.050505050505050504,
W1_web,17,0.2,pin_useragent,0.6923076923076923,0.6428571428571429,0.6666666666666666,0.08080808080808081,
W1_web,17,0.2,pin_useragent_core,1.0,0.6071428571428571,0.7555555555555554,0.0,
W1_web,17,0.2,pin_ip_or_useragent,0.5416666666666666,0.9285714285714286,0.6842105263157894,0.2222222222222222,
W1_web,17,0.2,pin_ip_and_useragent,0.6666666666666666,0.5,0.5714285714285715,0.0707070707070707,
W1_web,17,0.2,score_distinct_bindings,0.0,0.0,0.0,0.0,0.8474025974025974
W1_web,17,0.2,score_max_request_rate,0.0,0.0,0.0,0.0,0.6313131313131313
W1_web,17,0.2,score_burstiness,1.0,0.03571428571428571,0.0689655172413793,0.0,0.6067821067821068
W1_web,18,0.2,SICA (proposed),1.0,0.32,0.48484848484848486,0.0,0.8792156862745099
W1_web,18,0.2,pin_ip,0.41025641025641024,0.64,0.5,0.22549019607843138,
W1_web,18,0.2,pin_prefix24,0.5909090909090909,0.52,0.5531914893617023,0.08823529411764706,
W1_web,18,0.2,pin_scope16,0.75,0.48,0.5853658536585366,0.0392156862745098,
W1_web,18,0.2,pin_useragent,0.35294117647058826,0.48,0.4067796610169491,0.21568627450980393,
W1_web,18,0.2,pin_useragent_core,1.0,0.44,0.6111111111111112,0.0,
W1_web,18,0.2,pin_ip_or_useragent,0.4,0.88,0.55,0.3235294117647059,
W1_web,18,0.2,pin_ip_and_useragent,0.3333333333333333,0.24,0.27906976744186046,0.11764705882352941,
W1_web,18,0.2,score_distinct_bindings,1.0,0.04,0.07692307692307693,0.0,0.8376470588235294
W1_web,18,0.2,score_max_request_rate,0.0,0.0,0.0,0.0,0.5037254901960785
W1_web,18,0.2,score_burstiness,0.0,0.0,0.0,0.0,0.4447058823529412
W1_web,19,0.2,SICA (proposed),1.0,0.3333333333333333,0.5,0.0,0.9083557951482479
W1_web,19,0.2,pin_ip,0.48148148148148145,0.6190476190476191,0.5416666666666666,0.1320754716981132,
W1_web,19,0.2,pin_prefix24,0.5714285714285714,0.38095238095238093,0.4571428571428571,0.05660377358490566,
W1_web,19,0.2,pin_scope16,0.8,0.19047619047619047,0.3076923076923077,0.009433962264150943,
W1_web,19,0.2,pin_useragent,0.3793103448275862,0.5238095238095238,0.44,0.16981132075471697,
W1_web,19,0.2,pin_useragent_core,1.0,0.5238095238095238,0.6875000000000001,0.0,
W1_web,19,0.2,pin_ip_or_useragent,0.4222222222222222,0.9047619047619048,0.5757575757575758,0.24528301886792453,
W1_web,19,0.2,pin_ip_and_useragent,0.45454545454545453,0.23809523809523808,0.31249999999999994,0.05660377358490566,
W1_web,19,0.2,score_distinct_bindings,1.0,0.09523809523809523,0.17391304347826084,0.0,0.8315363881401617
W1_web,19,0.2,score_max_request_rate,0.0,0.0,0.0,0.0,0.4977538185085355
W1_web,19,0.2,score_burstiness,0.0,0.0,0.0,0.0,0.424303683737646
W1_web,0,0.35,SICA (proposed),1.0,0.375,0.5454545454545454,0.0,0.8944174757281553
W1_web,0,0.35,pin_ip,0.3695652173913043,0.7083333333333334,0.4857142857142857,0.2815533980582524,
W1_web,0,0.35,pin_prefix24,0.4375,0.5833333333333334,0.5,0.17475728155339806,
W1_web,0,0.35,pin_scope16,0.5625,0.375,0.45,0.06796116504854369,
W1_web,0,0.35,pin_useragent,0.47058823529411764,0.6666666666666666,0.5517241379310345,0.17475728155339806,
W1_web,0,0.35,pin_useragent_core,1.0,0.4583333333333333,0.6285714285714286,0.0,
W1_web,0,0.35,pin_ip_or_useragent,0.3793103448275862,0.9166666666666666,0.5365853658536586,0.34951456310679613,
W1_web,0,0.35,pin_ip_and_useragent,0.5,0.4583333333333333,0.4782608695652174,0.10679611650485436,
W1_web,0,0.35,score_distinct_bindings,1.0,0.041666666666666664,0.07999999999999999,0.0,0.8120954692556634
W1_web,0,0.35,score_max_request_rate,0.0,0.0,0.0,0.0,0.4134304207119741
W1_web,0,0.35,score_burstiness,0.0,0.0,0.0,0.0,0.36144822006472493
W1_web,1,0.35,SICA (proposed),1.0,0.26666666666666666,0.4210526315789474,0.0,0.7991071428571429
W1_web,1,0.35,pin_ip,0.23255813953488372,0.6666666666666666,0.3448275862068966,0.29464285714285715,
W1_web,1,0.35,pin_prefix24,0.3333333333333333,0.4666666666666667,0.3888888888888889,0.125,
W1_web,1,0.35,pin_scope16,0.3,0.2,0.24,0.0625,
W1_web,1,0.35,pin_useragent,0.2647058823529412,0.6,0.36734693877551017,0.22321428571428573,
W1_web,1,0.35,pin_useragent_core,1.0,0.4,0.5714285714285715,0.0,
W1_web,1,0.35,pin_ip_or_useragent,0.22413793103448276,0.8666666666666667,0.35616438356164387,0.4017857142857143,
W1_web,1,0.35,pin_ip_and_useragent,0.3157894736842105,0.4,0.35294117647058826,0.11607142857142858,
W1_web,1,0.35,score_distinct_bindings,0.0,0.0,0.0,0.0,0.7041666666666667
W1_web,1,0.35,score_max_request_rate,0.0,0.0,0.0,0.0,0.46517857142857144
W1_web,1,0.35,score_burstiness,0.0,0.0,0.0,0.0,0.4148809523809524
W1_web,2,0.35,SICA (proposed),1.0,0.3333333333333333,0.5,0.0,0.8971248876909255
W1_web,2,0.35,pin_ip,0.3404255319148936,0.7619047619047619,0.4705882352941176,0.29245283018867924,
W1_web,2,0.35,pin_prefix24,0.36363636363636365,0.5714285714285714,0.4444444444444444,0.19811320754716982,
W1_web,2,0.35,pin_scope16,0.5384615384615384,0.3333333333333333,0.41176470588235287,0.05660377358490566,
W1_web,2,0.35,pin_useragent,0.37142857142857144,0.6190476190476191,0.4642857142857143,0.20754716981132076,
W1_web,2,0.35,pin_useragent_core,1.0,0.47619047619047616,0.6451612903225806,0.0,
W1_web,2,0.35,pin_ip_or_useragent,0.31746031746031744,0.9523809523809523,0.47619047619047616,0.4056603773584906,
W1_web,2,0.35,pin_ip_and_useragent,0.47368421052631576,0.42857142857142855,0.45,0.09433962264150944,
W1_web,2,0.35,score_distinct_bindings,1.0,0.14285714285714285,0.25,0.0,0.7960467205750225
W1_web,2,0.35,score_max_request_rate,0.0,0.0,0.0,0.0,0.6221922731356694
W1_web,2,0.35,score_burstiness,0.0,0.0,0.0,0.0,0.564240790655885
W1_web,3,0.35,SICA (proposed),1.0,0.25806451612903225,0.41025641025641024,0.0,0.7847782258064516
W1_web,3,0.35,pin_ip,0.43137254901960786,0.7096774193548387,0.5365853658536586,0.3020833333333333,
W1_web,3,0.35,pin_prefix24,0.5,0.4838709677419355,0.4918032786885246,0.15625,
W1_web,3,0.35,pin_scope16,0.6,0.2903225806451613,0.3913043478260869,0.0625,
W1_web,3,0.35,pin_useragent,0.42105263157894735,0.5161290322580645,0.46376811594202894,0.22916666666666666,
W1_web,3,0.35,pin_useragent_core,1.0,0.3870967741935484,0.5581395348837209,0.0,
W1_web,3,0.35,pin_ip_or_useragent,0.375,0.7741935483870968,0.5052631578947367,0.4166666666666667,
W1_web,3,0.35,pin_ip_and_useragent,0.56,0.45161290322580644,0.5,0.11458333333333333,
W1_web,3,0.35,score_distinct_bindings,1.0,0.03225806451612903,0.0625,0.0,0.7147177419354839
W1_web,3,0.35,score_max_request_rate,0.0,0.0,0.0,0.0,0.4905913978494624
W1_web,3,0.35,score_burstiness,0.0,0.0,0.0,0.0,0.45346102150537637
W1_web,4,0.35,SICA (proposed),0.8,0.3076923076923077,0.4444444444444444,0.019801980198019802,0.8196877380045697
W1_web,4,0.35,pin_ip,0.3953488372093023,0.6538461538461539,0.49275362318840576,0.25742574257425743,
W1_web,4,0.35,pin_prefix24,0.42857142857142855,0.46153846153846156,0.4444444444444445,0.15841584158415842,
W1_web,4,0.35,pin_scope16,0.55,0.4230769230769231,0.47826086956521735,0.0891089108910891,
W1_web,4,0.35,pin_useragent,0.5,0.5,0.5,0.12871287128712872,
W1_web,4,0.35,pin_useragent_core,1.0,0.3076923076923077,0.47058823529411764,0.0,
W1_web,4,0.35,pin_ip_or_useragent,0.38596491228070173,0.8461538461538461,0.5301204819277108,0.3465346534653465,
W1_web,4,0.35,pin_ip_and_useragent,0.6666666666666666,0.3076923076923077,0.42105263157894735,0.039603960396039604,
W1_web,4,0.35,score_distinct_bindings,1.0,0.038461538461538464,0.07407407407407407,0.0,0.7315308453922316
W1_web,4,0.35,score_max_request_rate,0.0,0.0,0.0,0.0,0.6018659558263518
W1_web,4,0.35,score_burstiness,0.0,0.0,0.0,0.0,0.5436024371667936
W1_web,5,0.35,SICA (proposed),1.0,0.16129032258064516,0.27777777777777773,0.0,0.7624327956989247
W1_web,5,0.35,pin_ip,0.425531914893617,0.6451612903225806,0.5128205128205128,0.28125,
W1_web,5,0.35,pin_prefix24,0.5,0.3870967741935484,0.43636363636363634,0.125,
W1_web,5,0.35,pin_scope16,0.6153846153846154,0.25806451612903225,0.36363636363636365,0.052083333333333336,
W1_web,5,0.35,pin_useragent,0.36363636363636365,0.3870967741935484,0.37500000000000006,0.21875,
W1_web,5,0.35,pin_useragent_core,1.0,0.3225806451612903,0.4878048780487805,0.0,
W1_web,5,0.35,pin_ip_or_useragent,0.39344262295081966,0.7741935483870968,0.5217391304347826,0.3854166666666667,
W1_web,5,0.35,pin_ip_and_useragent,0.42105263157894735,0.25806451612903225,0.31999999999999995,0.11458333333333333,
W1_web,5,0.35,score_distinct_bindings,1.0,0.06451612903225806,0.12121212121212122,0.0,0.6995967741935484
W1_web,5,0.35,score_max_request_rate,0.0,0.0,0.0,0.0,0.5320900537634409
W1_web,5,0.35,score_burstiness,0.0,0.0,0.0,0.0,0.5011760752688172
W1_web,6,0.35,SICA (proposed),1.0,0.19230769230769232,0.32258064516129037,0.0,0.8621477532368621
W1_web,6,0.35,pin_ip,0.43902439024390244,0.6923076923076923,0.5373134328358209,0.22772277227722773,
W1_web,6,0.35,pin_prefix24,0.5789473684210527,0.4230769230769231,0.4888888888888889,0.07920792079207921,
W1_web,6,0.35,pin_scope16,0.7692307692307693,0.38461538461538464,0.5128205128205128,0.0297029702970297,
W1_web,6,0.35,pin_useragent,0.3939393939393939,0.5,0.4406779661016949,0.19801980198019803,
W1_web,6,0.35,pin_useragent_core,1.0,0.34615384615384615,0.5142857142857142,0.0,
W1_web,6,0.35,pin_ip_or_useragent,0.4107142857142857,0.8846153846153846,0.5609756097560976,0.32673267326732675,
W1_web,6,0.35,pin_ip_and_useragent,0.4444444444444444,0.3076923076923077,0.3636363636363637,0.09900990099009901,
W1_web,6,0.35,score_distinct_bindings,1.0,0.07692307692307693,0.14285714285714288,0.0,0.7519040365575019
W1_web,6,0.35,score_max_request_rate,0.0,0.0,0.0,0.0,0.582063975628332
W1_web,6,0.35,score_burstiness,0.0,0.0,0.0,0.0,0.5114242193450115
W1_web,7,0.35,SICA (proposed),1.0,0.4166666666666667,0.5882352941176471,0.0,0.8719660194174758
W1_web,7,0.35,pin_ip,0.41304347826086957,0.7916666666666666,0.5428571428571429,0.2621359223300971,
W1_web,7,0.35,pin_prefix24,0.5384615384615384,0.5833333333333334,0.5599999999999999,0.11650485436893204,
W1_web,7,0.35,pin_scope16,0.7692307692307693,0.4166666666666667,0.5405405405405406,0.02912621359223301,
W1_web,7,0.35,pin_useragent,0.42857142857142855,0.5,0.4615384615384615,0.1553398058252427,
W1_web,7,0.35,pin_useragent_core,1.0,0.375,0.5454545454545454,0.0,
W1_web,7,0.35,pin_ip_or_useragent,0.39622641509433965,0.875,0.5454545454545454,0.3106796116504854,
W1_web,7,0.35,pin_ip_and_useragent,0.47619047619047616,0.4166666666666667,0.4444444444444445,0.10679611650485436,
W1_web,7,0.35,score_distinct_bindings,1.0,0.041666666666666664,0.07999999999999999,0.0,0.7775080906148867
W1_web,7,0.35,score_max_request_rate,0.0,0.0,0.0,0.0,0.5285194174757282
W1_web,7,0.35,score_burstiness,0.0,0.0,0.0,0.0,0.45024271844660196
W1_web,8,0.35,SICA (proposed),1.0,0.22727272727272727,0.37037037037037035,0.0,0.8852813852813853
W1_web,8,0.35,pin_ip,0.46153846153846156,0.8181818181818182,0.5901639344262295,0.2,
W1_web,8,0.35,pin_prefix24,0.42857142857142855,0.4090909090909091,0.4186046511627907,0.11428571428571428,
W1_web,8,0.35,pin_scope16,0.625,0.22727272727272727,0.3333333333333333,0.02857142857142857,
W1_web,8,0.35,pin_useragent,0.38461538461538464,0.45454545454545453,0.41666666666666663,0.1523809523809524,
W1_web,8,0.35,pin_useragent_core,1.0,0.36363636363636365,0.5333333333333333,0.0,
W1_web,8,0.35,pin_ip_or_useragent,0.39215686274509803,0.9090909090909091,0.547945205479452,0.29523809523809524,
W1_web,8,0.35,pin_ip_and_useragent,0.5714285714285714,0.36363636363636365,0.4444444444444444,0.05714285714285714,
W1_web,8,0.35,score_distinct_bindings,1.0,0.09090909090909091,0.16666666666666669,0.0,0.698051948051948
W1_web,8,0.35,score_max_request_rate,0.0,0.0,0.0,0.0,0.5794372294372294
W1_web,8,0.35,score_burstiness,0.0,0.0,0.0,0.0,0.504978354978355
W1_web,9,0.35,SICA (proposed),1.0,0.34782608695652173,0.5161290322580645,0.0,0.8116638795986622
W1_web,9,0.35,pin_ip,0.2826086956521739,0.5652173913043478,0.3768115942028985,0.3173076923076923,
W1_web,9,0.35,pin_prefix24,0.3870967741935484,0.5217391304347826,0.4444444444444444,0.18269230769230768,
W1_web,9,0.35,pin_scope16,0.6,0.2608695652173913,0.36363636363636365,0.038461538461538464,
W1_web,9,0.35,pin_useragent,0.4166666666666667,0.6521739130434783,0.5084745762711865,0.20192307692307693,
W1_web,9,0.35,pin_useragent_core,1.0,0.6086956521739131,0.7567567567567568,0.0,
W1_web,9,0.35,pin_ip_or_useragent,0.29508196721311475,0.782608695652174,0.42857142857142855,0.41346153846153844,
W1_web,9,0.35,pin_ip_and_useragent,0.47619047619047616,0.43478260869565216,0.4545454545454545,0.10576923076923077,
W1_web,9,0.35,score_distinct_bindings,0.0,0.0,0.0,0.0,0.7782190635451505
W1_web,9,0.35,score_max_request_rate,0.0,0.0,0.0,0.0,0.5294732441471572
W1_web,9,0.35,score_burstiness,0.0,0.0,0.0,0.0,0.4701086956521739
W1_web,10,0.35,SICA (proposed),0.8461538461538461,0.4230769230769231,0.5641025641025641,0.019801980198019802,0.8432977913175933
W1_web,10,0.35,pin_ip,0.32653061224489793,0.6153846153846154,0.42666666666666664,0.32673267326732675,
W1_web,10,0.35,pin_prefix24,0.3939393939393939,0.5,0.4406779661016949,0.19801980198019803,
W1_web,10,0.35,pin_scope16,0.6,0.46153846153846156,0.5217391304347826,0.07920792079207921,
W1_web,10,0.35,pin_useragent,0.3783783783783784,0.5384615384615384,0.4444444444444445,0.22772277227722773,
W1_web,10,0.35,pin_useragent_core,1.0,0.46153846153846156,0.631578947368421,0.0,
W1_web,10,0.35,pin_ip_or_useragent,0.3382352941176471,0.8846153846153846,0.4893617021276595,0.44554455445544555,
W1_web,10,0.35,pin_ip_and_useragent,0.3888888888888889,0.2692307692307692,0.3181818181818182,0.10891089108910891,
W1_web,10,0.35,score_distinct_bindings,1.0,0.038461538461538464,0.07407407407407407,0.0,0.7894135567402895
W1_web,10,0.35,score_max_request_rate,0.0,0.0,0.0,0.0,0.5609291698400609
W1_web,10,0.35,score_burstiness,0.0,0.0,0.0,0.0,0.4984767707539985
W1_web,11,0.35,SICA (proposed),1.0,0.2222222222222222,0.3636363636363636,0.0,0.7988888888888889
W1_web,11,0.35,pin_ip,0.4117647058823529,0.7777777777777778,0.5384615384615384,0.3,
W1_web,11,0.35,pin_prefix24,0.5333333333333333,0.5925925925925926,0.5614035087719299,0.14,
W1_web,11,0.35,pin_scope16,0.8333333333333334,0.5555555555555556,0.6666666666666667,0.03,
W1_web,11,0.35,pin_useragent,0.24242424242424243,0.2962962962962963,0.26666666666666666,0.25,
W1_web,11,0.35,pin_useragent_core,1.0,0.25925925925925924,0.4117647058823529,0.0,
W1_web,11,0.35,pin_ip_or_useragent,0.359375,0.8518518518518519,0.5054945054945055,0.41,
W1_web,11,0.35,pin_ip_and_useragent,0.3,0.2222222222222222,0.25531914893617025,0.14,
W1_web,11,0.35,score_distinct_bindings,1.0,0.037037037037037035,0.07142857142857142,0.0,0.7474074074074074
W1_web,11,0.35,score_max_request_rate,0.0,0.0,0.0,0.0,0.6112962962962963
W1_web,11,0.35,score_burstiness,0.0,0.0,0.0,0.0,0.5448148148148149
W1_web,12,0.35,SICA (proposed),1.0,0.30434782608695654,0.4666666666666667,0.0,0.8196070234113713
W1_web,12,0.35,pin_ip,0.3333333333333333,0.6521739130434783,0.44117647058823534,0.28846153846153844,
W1_web,12,0.35,pin_prefix24,0.39285714285714285,0.4782608695652174,0.4313725490196078,0.16346153846153846,
W1_web,12,0.35,pin_scope16,0.4444444444444444,0.17391304347826086,0.25,0.04807692307692308,
W1_web,12,0.35,pin_useragent,0.3157894736842105,0.5217391304347826,0.39344262295081966,0.25,
W1_web,12,0.35,pin_useragent_core,1.0,0.391304347826087,0.5625,0.0,
W1_web,12,0.35,pin_ip_or_useragent,0.30158730158730157,0.8260869565217391,0.4418604651162791,0.4230769230769231,
W1_web,12,0.35,pin_ip_and_useragent,0.4,0.34782608695652173,0.37209302325581395,0.11538461538461539,
W1_web,12,0.35,score_distinct_bindings,1.0,0.08695652173913043,0.16,0.0,0.7514632107023411
W1_web,12,0.35,score_max_request_rate,0.0,0.0,0.0,0.0,0.4816053511705686
W1_web,12,0.35,score_burstiness,0.0,0.0,0.0,0.0,0.4713628762541806
W1_web,13,0.35,SICA (proposed),1.0,0.35,0.5185185185185185,0.0,0.7773364485981309
W1_web,13,0.35,pin_ip,0.2857142857142857,0.7,0.40579710144927533,0.32710280373831774,
W1_web,13,0.35,pin_prefix24,0.35714285714285715,0.5,0.41666666666666663,0.16822429906542055,
W1_web,13,0.35,pin_scope16,0.7272727272727273,0.4,0.5161290322580645,0.028037383177570093,
W1_web,13,0.35,pin_useragent,0.25925925925925924,0.35,0.29787234042553196,0.18691588785046728,
W1_web,13,0.35,pin_useragent_core,1.0,0.25,0.4,0.0,
W1_web,13,0.35,pin_ip_or_useragent,0.2542372881355932,0.75,0.37974683544303794,0.411214953271028,
W1_web,13,0.35,pin_ip_and_useragent,0.35294117647058826,0.3,0.3243243243243243,0.102803738317757,
W1_web,13,0.35,score_distinct_bindings,1.0,0.05,0.09523809523809523,0.0,0.6950934579439252
W1_web,13,0.35,score_max_request_rate,0.0,0.0,0.0,0.0,0.6140186915887851
W1_web,13,0.35,score_burstiness,0.0,0.0,0.0,0.0,0.5507009345794392
W1_web,14,0.35,SICA (proposed),1.0,0.25,0.4,0.0,0.8474919093851133
W1_web,14,0.35,pin_ip,0.2978723404255319,0.5833333333333334,0.39436619718309857,0.32038834951456313,
W1_web,14,0.35,pin_prefix24,0.28125,0.375,0.32142857142857145,0.22330097087378642,
W1_web,14,0.35,pin_scope16,0.6363636363636364,0.2916666666666667,0.4,0.038834951456310676,
W1_web,14,0.35,pin_useragent,0.36585365853658536,0.625,0.4615384615384615,0.2524271844660194,
W1_web,14,0.35,pin_useragent_core,1.0,0.5416666666666666,0.7027027027027027,0.0,
W1_web,14,0.35,pin_ip_or_useragent,0.3384615384615385,0.9166666666666666,0.49438202247191015,0.4174757281553398,
W1_web,14,0.35,pin_ip_and_useragent,0.30434782608695654,0.2916666666666667,0.2978723404255319,0.1553398058252427,
W1_web,14,0.35,score_distinct_bindings,0.0,0.0,0.0,0.0,0.7425161812297735
W1_web,14,0.35,score_max_request_rate,0.0,0.0,0.0,0.0,0.4733009708737864
W1_web,14,0.35,score_burstiness,0.0,0.0,0.0,0.0,0.4039239482200647
W1_web,15,0.35,SICA (proposed),1.0,0.3181818181818182,0.4827586206896552,0.0,0.9251082251082251
W1_web,15,0.35,pin_ip,0.38461538461538464,0.9090909090909091,0.5405405405405405,0.3047619047619048,
W1_web,15,0.35,pin_prefix24,0.5185185185185185,0.6363636363636364,0.5714285714285714,0.12380952380952381,
W1_web,15,0.35,pin_scope16,0.6923076923076923,0.4090909090909091,0.5142857142857142,0.0380952380952381,
W1_web,15,0.35,pin_useragent,0.41935483870967744,0.5909090909090909,0.4905660377358491,0.17142857142857143,
W1_web,15,0.35,pin_useragent_core,1.0,0.5,0.6666666666666666,0.0,
W1_web,15,0.35,pin_ip_or_useragent,0.36666666666666664,1.0,0.5365853658536585,0.3619047619047619,
W1_web,15,0.35,pin_ip_and_useragent,0.4782608695652174,0.5,0.4888888888888889,0.11428571428571428,
W1_web,15,0.35,score_distinct_bindings,1.0,0.13636363636363635,0.24000000000000002,0.0,0.8101731601731602
W1_web,15,0.35,score_max_request_rate,0.0,0.0,0.0,0.0,0.5906926406926407
W1_web,15,0.35,score_burstiness,0.0,0.0,0.0,0.0,0.5177489177489177
W1_web,16,0.35,SICA (proposed),1.0,0.30434782608695654,0.4666666666666667,0.0,0.8806438127090301
W1_web,16,0.35,pin_ip,0.35294117647058826,0.782608695652174,0.48648648648648657,0.3173076923076923,
W1_web,16,0.35,pin_prefix24,0.43333333333333335,0.5652173913043478,0.49056603773584906,0.16346153846153846,
W1_web,16,0.35,pin_scope16,0.7142857142857143,0.43478260869565216,0.5405405405405405,0.038461538461538464,
W1_web,16,0.35,pin_useragent,0.4411764705882353,0.6521739130434783,0.5263157894736842,0.18269230769230768,
W1_web,16,0.35,pin_useragent_core,1.0,0.43478260869565216,0.6060606060606061,0.0,
W1_web,16,0.35,pin_ip_or_useragent,0.36666666666666664,0.9565217391304348,0.5301204819277108,0.36538461538461536,
W1_web,16,0.35,pin_ip_and_useragent,0.44,0.4782608695652174,0.4583333333333333,0.1346153846153846,
W1_web,16,0.35,score_distinct_bindings,1.0,0.08695652173913043,0.16,0.0,0.7514632107023411
W1_web,16,0.35,score_max_request_rate,0.0,0.0,0.0,0.0,0.4853678929765886
W1_web,16,0.35,score_burstiness,0.0,0.0,0.0,0.0,0.4161789297658863
W1_web,17,0.35,SICA (proposed),1.0,0.3684210526315789,0.5384615384615384,0.0,0.8126218323586745
W1_web,17,0.35,pin_ip,0.2765957446808511,0.6842105263157895,0.393939393939394,0.3148148148148148,
W1_web,17,0.35,pin_prefix24,0.39285714285714285,0.5789473684210527,0.46808510638297873,0.1574074074074074,
W1_web,17,0.35,pin_scope16,0.42857142857142855,0.3157894736842105,0.36363636363636365,0.07407407407407407,
W1_web,17,0.35,pin_useragent,0.37142857142857144,0.6842105263157895,0.4814814814814815,0.2037037037037037,
W1_web,17,0.35,pin_useragent_core,1.0,0.5263157894736842,0.6896551724137931,0.0,
W1_web,17,0.35,pin_ip_or_useragent,0.2698412698412698,0.8947368421052632,0.4146341463414634,0.42592592592592593,
W1_web,17,0.35,pin_ip_and_useragent,0.47368421052631576,0.47368421052631576,0.47368421052631576,0.09259259259259259,
W1_web,17,0.35,score_distinct_bindings,1.0,0.05263157894736842,0.1,0.0,0.7675438596491229
W1_web,17,0.35,score_max_request_rate,0.0,0.0,0.0,0.0,0.5548245614035088
W1_web,17,0.35,score_burstiness,0.0,0.0,0.0,0.0,0.5557992202729045
W1_web,18,0.35,SICA (proposed),1.0,0.6363636363636364,0.7777777777777778,0.0,0.9725108225108225
W1_web,18,0.35,pin_ip,0.3392857142857143,0.8636363636363636,0.48717948717948717,0.3523809523809524,
W1_web,18,0.35,pin_prefix24,0.48484848484848486,0.7272727272727273,0.5818181818181818,0.1619047619047619,
W1_web,18,0.35,pin_scope16,0.9090909090909091,0.45454545454545453,0.6060606060606061,0.009523809523809525,
W1_web,18,0.35,pin_useragent,0.3409090909090909,0.6818181818181818,0.45454545454545453,0.2761904761904762,
W1_web,18,0.35,pin_useragent_core,1.0,0.5909090909090909,0.7428571428571429,0.0,
W1_web,18,0.35,pin_ip_or_useragent,0.2972972972972973,1.0,0.4583333333333333,0.49523809523809526,
W1_web,18,0.35,pin_ip_and_useragent,0.46153846153846156,0.5454545454545454,0.4999999999999999,0.13333333333333333,
W1_web,18,0.35,score_distinct_bindings,1.0,0.045454545454545456,0.08695652173913045,0.0,0.8545454545454545
W1_web,18,0.35,score_max_request_rate,0.0,0.0,0.0,0.0,0.5818181818181818
W1_web,18,0.35,score_burstiness,0.0,0.0,0.0,0.0,0.5175324675324675
W1_web,19,0.35,SICA (proposed),1.0,0.3333333333333333,0.5,0.0,0.9469928644240571
W1_web,19,0.35,pin_ip,0.3076923076923077,0.6666666666666666,0.42105263157894735,0.24770642201834864,
W1_web,19,0.35,pin_prefix24,0.34615384615384615,0.5,0.40909090909090906,0.1559633027522936,
W1_web,19,0.35,pin_scope16,0.5555555555555556,0.2777777777777778,0.3703703703703704,0.03669724770642202,
W1_web,19,0.35,pin_useragent,0.375,0.6666666666666666,0.4800000000000001,0.1834862385321101,
W1_web,19,0.35,pin_useragent_core,1.0,0.4444444444444444,0.6153846153846153,0.0,
W1_web,19,0.35,pin_ip_or_useragent,0.3148148148148148,0.9444444444444444,0.4722222222222222,0.3394495412844037,
W1_web,19,0.35,pin_ip_and_useragent,0.4117647058823529,0.3888888888888889,0.39999999999999997,0.09174311926605505,
W1_web,19,0.35,score_distinct_bindings,0.0,0.0,0.0,0.0,0.8109072375127421
W1_web,19,0.35,score_max_request_rate,0.0,0.0,0.0,0.0,0.5285423037716616
W1_web,19,0.35,score_burstiness,0.0,0.0,0.0,0.0,0.4230377166156983
W2_apt,0,0.0,SICA (proposed),1.0,0.16927899686520376,0.28954423592493295,0.0,0.8659446219597012
W2_apt,0,0.0,pin_ip,0.7640845070422535,0.6802507836990596,0.7197346600331677,0.053858520900321546,
W2_apt,0,0.0,pin_prefix24,0.8494623655913979,0.4952978056426332,0.6257425742574257,0.022508038585209004,
W2_apt,0,0.0,pin_scope16,0.8928571428571429,0.31347962382445144,0.4640371229698377,0.00964630225080386,
W2_apt,0,0.0,pin_useragent,1.0,0.4231974921630094,0.5947136563876652,0.0,
W2_apt,0,0.0,pin_useragent_core,1.0,0.21316614420062696,0.35142118863049093,0.0,
W2_apt,0,0.0,pin_ip_or_useragent,0.7951070336391437,0.8150470219435737,0.804953560371517,0.053858520900321546,
W2_apt,0,0.0,pin_ip_and_useragent,1.0,0.2884012539184953,0.44768856447688565,0.0,
W2_apt,0,0.0,score_distinct_bindings,1.0,0.012539184952978056,0.024767801857585137,0.0,0.7710187583787761
W2_apt,0,0.0,score_max_request_rate,0.0,0.0,0.0,0.0,0.5029584009515266
W2_apt,0,0.0,score_burstiness,0.0,0.0,0.0,0.007234726688102894,0.46810269229606183
W2_apt,1,0.0,SICA (proposed),0.8823529411764706,0.29508196721311475,0.4422604422604423,0.009538950715421303,0.8699536083817665
W2_apt,1,0.0,pin_ip,0.7509578544061303,0.6426229508196721,0.6925795053003533,0.051669316375198726,
W2_apt,1,0.0,pin_prefix24,0.8,0.4852459016393443,0.6040816326530613,0.029411764705882353,
W2_apt,1,0.0,pin_scope16,0.875,0.32131147540983607,0.47002398081534774,0.011128775834658187,
W2_apt,1,0.0,pin_useragent,1.0,0.46229508196721314,0.6322869955156951,0.0,
W2_apt,1,0.0,pin_useragent_core,1.0,0.26229508196721313,0.41558441558441556,0.0,
W2_apt,1,0.0,pin_ip_or_useragent,0.7955974842767296,0.8295081967213115,0.8121990369181381,0.051669316375198726,
W2_apt,1,0.0,pin_ip_and_useragent,1.0,0.2754098360655738,0.4318766066838046,0.0,
W2_apt,1,0.0,score_distinct_bindings,1.0,0.01639344262295082,0.03225806451612903,0.0,0.7806171648987463
W2_apt,1,0.0,score_max_request_rate,0.0,0.0,0.0,0.0,0.5193294065521645
W2_apt,1,0.0,score_burstiness,0.09090909090909091,0.003278688524590164,0.006329113924050633,0.00794912559618442,0.49155307670254633
W2_apt,2,0.0,SICA (proposed),1.0,0.15210355987055016,0.2640449438202247,0.0,0.8727128205922279
W2_apt,2,0.0,pin_ip,0.810077519379845,0.6763754045307443,0.7372134038800705,0.03907496012759171,
W2_apt,2,0.0,pin_prefix24,0.8988095238095238,0.4886731391585761,0.6331236897274634,0.013556618819776715,
W2_apt,2,0.0,pin_scope16,0.918918918918919,0.3300970873786408,0.48571428571428577,0.007177033492822967,
W2_apt,2,0.0,pin_useragent,1.0,0.45307443365695793,0.623608017817372,0.0,
W2_apt,2,0.0,pin_useragent_core,1.0,0.20711974110032363,0.34316353887399464,0.0,
W2_apt,2,0.0,pin_ip_or_useragent,0.839344262295082,0.8284789644012945,0.8338762214983713,0.03907496012759171,
W2_apt,2,0.0,pin_ip_and_useragent,1.0,0.30097087378640774,0.4626865671641791,0.0,
W2_apt,2,0.0,score_distinct_bindings,1.0,0.006472491909385114,0.012861736334405146,0.0,0.7732008382238326
W2_apt,2,0.0,score_max_request_rate,0.0,0.0,0.0,0.0,0.5039743371373417
W2_apt,2,0.0,score_burstiness,0.07692307692307693,0.003236245954692557,0.006211180124223602,0.009569377990430622,0.47199382687374514
W2_apt,3,0.0,SICA (proposed),1.0,0.17207792207792208,0.29362880886426596,0.0,0.8734710508614891
W2_apt,3,0.0,pin_ip,0.7326007326007326,0.6493506493506493,0.6884681583476764,0.05816733067729084,
W2_apt,3,0.0,pin_prefix24,0.7828282828282829,0.5032467532467533,0.6126482213438735,0.034262948207171316,
W2_apt,3,0.0,pin_scope16,0.8347107438016529,0.32792207792207795,0.47086247086247096,0.01593625498007968,
W2_apt,3,0.0,pin_useragent,1.0,0.44805194805194803,0.6188340807174888,0.0,
W2_apt,3,0.0,pin_useragent_core,1.0,0.25,0.4,0.0,
W2_apt,3,0.0,pin_ip_or_useragent,0.7753846153846153,0.8181818181818182,0.7962085308056872,0.05816733067729084,
W2_apt,3,0.0,pin_ip_and_useragent,1.0,0.2792207792207792,0.4365482233502538,0.0,
W2_apt,3,0.0,score_distinct_bindings,1.0,0.003246753246753247,0.006472491909385114,0.0,0.7864955761370104
W2_apt,3,0.0,score_max_request_rate,0.0,0.0,0.0,0.0,0.4978294613752781
W2_apt,3,0.0,score_burstiness,0.14285714285714285,0.006493506493506494,0.012422360248447206,0.009561752988047808,0.44376649247167177
W2_apt,4,0.0,SICA (proposed),0.9361702127659575,0.26506024096385544,0.4131455399061033,0.00487408610885459,0.8819979348751628
W2_apt,4,0.0,pin_ip,0.8141263940520446,0.6596385542168675,0.7287853577371048,0.04061738424045491,
W2_apt,4,0.0,pin_prefix24,0.8512820512820513,0.5,0.6299810246679316,0.023558082859463852,
W2_apt,4,0.0,pin_scope16,0.9396551724137931,0.32831325301204817,0.48660714285714274,0.005686433793663688,
W2_apt,4,0.0,pin_useragent,1.0,0.463855421686747,0.6337448559670782,0.0,
W2_apt,4,0.0,pin_useragent_core,1.0,0.20481927710843373,0.34,0.0,
W2_apt,4,0.0,pin_ip_or_useragent,0.8470948012232415,0.8343373493975904,0.8406676783004553,0.04061738424045491,
W2_apt,4,0.0,pin_ip_and_useragent,1.0,0.2891566265060241,0.44859813084112143,0.0,
W2_apt,4,0.0,score_distinct_bindings,1.0,0.012048192771084338,0.02380952380952381,0.0,0.7865556458164095
W2_apt,4,0.0,score_max_request_rate,0.0,0.0,0.0,0.0,0.5132765016198018
W2_apt,4,0.0,score_burstiness,0.0,0.0,0.0,0.00974817221770918,0.4712362855157429
W2_apt,5,0.0,SICA (proposed),0.8701298701298701,0.21474358974358973,0.3444730077120823,0.007993605115907274,0.8712965525015884
W2_apt,5,0.0,pin_ip,0.7753623188405797,0.6858974358974359,0.7278911564625851,0.0495603517186251,
W2_apt,5,0.0,pin_prefix24,0.8611111111111112,0.4967948717948718,0.6300813008130082,0.019984012789768184,
W2_apt,5,0.0,pin_scope16,0.8936170212765957,0.2692307692307692,0.41379310344827586,0.007993605115907274,
W2_apt,5,0.0,pin_useragent,1.0,0.4358974358974359,0.6071428571428571,0.0,
W2_apt,5,0.0,pin_useragent_core,1.0,0.1762820512820513,0.2997275204359673,0.0,
W2_apt,5,0.0,pin_ip_or_useragent,0.8080495356037152,0.8365384615384616,0.8220472440944883,0.0495603517186251,
W2_apt,5,0.0,pin_ip_and_useragent,1.0,0.28525641025641024,0.44389027431421446,0.0,
W2_apt,5,0.0,score_distinct_bindings,1.0,0.009615384615384616,0.01904761904761905,0.0,0.7721553526409641
W2_apt,5,0.0,score_max_request_rate,0.0,0.0,0.0,0.0,0.5170030642152944
W2_apt,5,0.0,score_burstiness,0.07692307692307693,0.003205128205128205,0.006153846153846154,0.009592326139088728,0.48551159072741806
W2_apt,6,0.0,SICA (proposed),1.0,0.18543046357615894,0.3128491620111732,0.0,0.8903608510012552
W2_apt,6,0.0,pin_ip,0.7482758620689656,0.7185430463576159,0.7331081081081081,0.05789056304520222,
W2_apt,6,0.0,pin_prefix24,0.8018433179723502,0.5761589403973509,0.6705202312138727,0.03409992069785884,
W2_apt,6,0.0,pin_scope16,0.9024390243902439,0.3675496688741722,0.5223529411764705,0.00951625693893735,
W2_apt,6,0.0,pin_useragent,1.0,0.5066225165562914,0.6725274725274726,0.0,
W2_apt,6,0.0,pin_useragent_core,1.0,0.25496688741721857,0.40633245382585753,0.0,
W2_apt,6,0.0,pin_ip_or_useragent,0.7840236686390533,0.8774834437086093,0.828125,0.05789056304520222,
W2_apt,6,0.0,pin_ip_and_useragent,1.0,0.347682119205298,0.515970515970516,0.0,
W2_apt,6,0.0,score_distinct_bindings,1.0,0.009933774834437087,0.019672131147540985,0.0,0.8159008670717554
W2_apt,6,0.0,score_max_request_rate,0.0,0.0,0.0,0.0,0.48774493070253294
W2_apt,6,0.0,score_burstiness,0.0,0.0,0.0,0.007137192704203013,0.45794754504729246
W2_apt,7,0.0,SICA (proposed),1.0,0.14102564102564102,0.24719101123595508,0.0,0.8743697349812458
W2_apt,7,0.0,pin_ip,0.7601476014760148,0.6602564102564102,0.7066895368782161,0.05195843325339728,
W2_apt,7,0.0,pin_prefix24,0.8144329896907216,0.5064102564102564,0.6245059288537549,0.02877697841726619,
W2_apt,7,0.0,pin_scope16,0.868421052631579,0.3173076923076923,0.46478873239436613,0.011990407673860911,
W2_apt,7,0.0,pin_useragent,1.0,0.49038461538461536,0.6580645161290322,0.0,
W2_apt,7,0.0,pin_useragent_core,1.0,0.20512820512820512,0.3404255319148936,0.0,
W2_apt,7,0.0,pin_ip_or_useragent,0.8,0.8333333333333334,0.816326530612245,0.05195843325339728,
W2_apt,7,0.0,pin_ip_and_useragent,1.0,0.3173076923076923,0.4817518248175182,0.0,
W2_apt,7,0.0,score_distinct_bindings,1.0,0.00641025641025641,0.012738853503184714,0.0,0.7773704113632172
W2_apt,7,0.0,score_max_request_rate,0.0,0.0,0.0,0.0,0.5255705691856771
W2_apt,7,0.0,score_burstiness,0.0,0.0,0.0,0.009592326139088728,0.4806347229908381
W2_apt,8,0.0,SICA (proposed),0.8974358974358975,0.25925925925925924,0.40229885057471265,0.006187161639597835,0.8807968835037667
W2_apt,8,0.0,pin_ip,0.7739130434782608,0.6592592592592592,0.7119999999999999,0.04021655065738593,
W2_apt,8,0.0,pin_prefix24,0.8271604938271605,0.4962962962962963,0.6203703703703703,0.02165506573859242,
W2_apt,8,0.0,pin_scope16,0.9238095238095239,0.3592592592592593,0.5173333333333333,0.006187161639597835,
W2_apt,8,0.0,pin_useragent,1.0,0.44074074074074077,0.6118251928020566,0.0,
W2_apt,8,0.0,pin_useragent_core,1.0,0.22962962962962963,0.37349397590361444,0.0,
W2_apt,8,0.0,pin_ip_or_useragent,0.8115942028985508,0.8296296296296296,0.8205128205128206,0.04021655065738593,
W2_apt,8,0.0,pin_ip_and_useragent,1.0,0.27037037037037037,0.42565597667638483,0.0,
W2_apt,8,0.0,score_distinct_bindings,1.0,0.014814814814814815,0.029197080291970802,0.0,0.7911847268769155
W2_apt,8,0.0,score_max_request_rate,0.0,0.0,0.0,0.0,0.5173942310446564
W2_apt,8,0.0,score_burstiness,0.0,0.0,0.0,0.007733952049497293,0.4583154306665521
W2_apt,9,0.0,SICA (proposed),0.8823529411764706,0.2459016393442623,0.3846153846153846,0.00794912559618442,0.872678464385311
W2_apt,9,0.0,pin_ip,0.7859922178988327,0.6622950819672131,0.7188612099644127,0.04372019077901431,
W2_apt,9,0.0,pin_prefix24,0.8128654970760234,0.4557377049180328,0.5840336134453781,0.025437201907790145,
W2_apt,9,0.0,pin_scope16,0.8942307692307693,0.30491803278688523,0.4547677261613691,0.008744038155802861,
W2_apt,9,0.0,pin_useragent,1.0,0.419672131147541,0.5912240184757506,0.0,
W2_apt,9,0.0,pin_useragent_core,1.0,0.18688524590163935,0.31491712707182323,0.0,
W2_apt,9,0.0,pin_ip_or_useragent,0.819672131147541,0.819672131147541,0.819672131147541,0.04372019077901431,
W2_apt,9,0.0,pin_ip_and_useragent,1.0,0.26229508196721313,0.41558441558441556,0.0,
W2_apt,9,0.0,score_distinct_bindings,0.0,0.0,0.0,0.0,0.7512158252756131
W2_apt,9,0.0,score_max_request_rate,0.0,0.0,0.0,0.0,0.5049597331178817
W2_apt,9,0.0,score_burstiness,0.14285714285714285,0.006557377049180328,0.012539184952978058,0.009538950715421303,0.47228100810550183
W2_apt,10,0.0,SICA (proposed),0.8734177215189873,0.24642857142857144,0.38440111420612816,0.00779423226812159,0.8721926845562855
W2_apt,10,0.0,pin_ip,0.7601626016260162,0.6678571428571428,0.7110266159695817,0.04598597038191738,
W2_apt,10,0.0,pin_prefix24,0.8292682926829268,0.4857142857142857,0.6126126126126126,0.021823850350740453,
W2_apt,10,0.0,pin_scope16,0.8865979381443299,0.30714285714285716,0.45623342175066317,0.00857365549493375,
W2_apt,10,0.0,pin_useragent,1.0,0.4642857142857143,0.6341463414634146,0.0,
W2_apt,10,0.0,pin_useragent_core,1.0,0.21071428571428572,0.3480825958702065,0.0,
W2_apt,10,0.0,pin_ip_or_useragent,0.7951388888888888,0.8178571428571428,0.806338028169014,0.04598597038191738,
W2_apt,10,0.0,pin_ip_and_useragent,1.0,0.3142857142857143,0.4782608695652174,0.0,
W2_apt,10,0.0,score_distinct_bindings,1.0,0.010714285714285714,0.02120141342756184,0.0,0.7659907025943659
W2_apt,10,0.0,score_max_request_rate,0.0,0.0,0.0,0.0,0.5358743458412204
W2_apt,10,0.0,score_burstiness,0.0,0.0,0.0,0.010132501948558068,0.49005121924061906
W2_apt,11,0.0,SICA (proposed),1.0,0.16981132075471697,0.2903225806451613,0.0,0.8766593016832863
W2_apt,11,0.0,pin_ip,0.7457627118644068,0.6641509433962264,0.7025948103792414,0.046224961479198766,
W2_apt,11,0.0,pin_prefix24,0.8152866242038217,0.4830188679245283,0.6066350710900473,0.02234206471494607,
W2_apt,11,0.0,pin_scope16,0.8979591836734694,0.3320754716981132,0.48484848484848486,0.007704160246533128,
W2_apt,11,0.0,pin_useragent,1.0,0.4377358490566038,0.6089238845144358,0.0,
W2_apt,11,0.0,pin_useragent_core,1.0,0.21509433962264152,0.35403726708074534,0.0,
W2_apt,11,0.0,pin_ip_or_useragent,0.7857142857142857,0.8301886792452831,0.8073394495412844,0.046224961479198766,
W2_apt,11,0.0,pin_ip_and_useragent,1.0,0.27169811320754716,0.42729970326409494,0.0,
W2_apt,11,0.0,score_distinct_bindings,1.0,0.007547169811320755,0.0149812734082397,0.0,0.7643849754339042
W2_apt,11,0.0,score_max_request_rate,0.0,0.0,0.0,0.0,0.5108890310201472
W2_apt,11,0.0,score_burstiness,0.1,0.0037735849056603774,0.007272727272727273,0.006933744221879815,0.47741954240195367
W2_apt,12,0.0,SICA (proposed),1.0,0.1705685618729097,0.29142857142857137,0.0,0.8850665191990178
W2_apt,12,0.0,pin_ip,0.7564575645756457,0.68561872909699,0.7192982456140351,0.05221518987341772,
W2_apt,12,0.0,pin_prefix24,0.8074866310160428,0.5050167224080268,0.6213991769547326,0.028481012658227847,
W2_apt,12,0.0,pin_scope16,0.8695652173913043,0.33444816053511706,0.4830917874396135,0.011867088607594937,
W2_apt,12,0.0,pin_useragent,1.0,0.4682274247491639,0.6378132118451024,0.0,
W2_apt,12,0.0,pin_useragent_core,1.0,0.22073578595317725,0.3616438356164383,0.0,
W2_apt,12,0.0,pin_ip_or_useragent,0.7956656346749226,0.8595317725752508,0.8263665594855306,0.05221518987341772,
W2_apt,12,0.0,pin_ip_and_useragent,1.0,0.29431438127090304,0.45478036175710596,0.0,
W2_apt,12,0.0,score_distinct_bindings,1.0,0.006688963210702341,0.013289036544850499,0.0,0.7734801659540239
W2_apt,12,0.0,score_max_request_rate,0.0,0.0,0.0,0.0,0.5010477964523093
W2_apt,12,0.0,score_burstiness,0.0,0.0,0.0,0.00949367088607595,0.4584466682189577
W2_apt,13,0.0,SICA (proposed),0.8378378378378378,0.21232876712328766,0.33879781420765026,0.00944138473642801,0.8686208680469483
W2_apt,13,0.0,pin_ip,0.7764705882352941,0.678082191780822,0.7239488117001829,0.044846577498033044,
W2_apt,13,0.0,pin_prefix24,0.84,0.5034246575342466,0.6295503211991434,0.022029897718332022,
W2_apt,13,0.0,pin_scope16,0.8739495798319328,0.3561643835616438,0.5060827250608272,0.011801730920535013,
W2_apt,13,0.0,pin_useragent,1.0,0.410958904109589,0.5825242718446603,0.0,
W2_apt,13,0.0,pin_useragent_core,1.0,0.18493150684931506,0.3121387283236994,0.0,
W2_apt,13,0.0,pin_ip_or_useragent,0.8087248322147651,0.8253424657534246,0.8169491525423729,0.044846577498033044,
W2_apt,13,0.0,pin_ip_and_useragent,1.0,0.2636986301369863,0.4173441734417344,0.0,
W2_apt,13,0.0,score_distinct_bindings,0.0,0.0,0.0,0.0,0.7715192977161764
W2_apt,13,0.0,score_max_request_rate,0.0,0.0,0.0,0.0,0.5246502592069668
W2_apt,13,0.0,score_burstiness,0.1,0.003424657534246575,0.006622516556291391,0.007081038552321007,0.5070891219296638
W2_apt,14,0.0,SICA (proposed),1.0,0.1762820512820513,0.2997275204359673,0.0,0.8784062493594867
W2_apt,14,0.0,pin_ip,0.7859778597785978,0.6826923076923077,0.7307032590051459,0.04636290967226219,
W2_apt,14,0.0,pin_prefix24,0.8393782383419689,0.5192307692307693,0.6415841584158416,0.02478017585931255,
W2_apt,14,0.0,pin_scope16,0.888,0.3557692307692308,0.5080091533180778,0.011191047162270184,
W2_apt,14,0.0,pin_useragent,1.0,0.44551282051282054,0.6164079822616408,0.0,
W2_apt,14,0.0,pin_useragent_core,1.0,0.22756410256410256,0.37075718015665793,0.0,
W2_apt,14,0.0,pin_ip_or_useragent,0.8198757763975155,0.8461538461538461,0.8328075709779179,0.04636290967226219,
W2_apt,14,0.0,pin_ip_and_useragent,1.0,0.28205128205128205,0.44000000000000006,0.0,
W2_apt,14,0.0,score_distinct_bindings,1.0,0.01282051282051282,0.02531645569620253,0.0,0.7874482465309803
W2_apt,14,0.0,score_max_request_rate,0.0,0.0,0.0,0.0,0.5036931992867245
W2_apt,14,0.0,score_burstiness,0.0,0.0,0.0,0.008792965627498001,0.44128287113898623
W2_apt,15,0.0,SICA (proposed),0.8913043478260869,0.2523076923076923,0.39328537170263783,0.008077544426494346,0.8807555610786628
W2_apt,15,0.0,pin_ip,0.7703180212014135,0.6707692307692308,0.7171052631578947,0.05250403877221325,
W2_apt,15,0.0,pin_prefix24,0.8164251207729468,0.52,0.6353383458646616,0.030694668820678513,
W2_apt,15,0.0,pin_scope16,0.896,0.3446153846153846,0.49777777777777776,0.01050080775444265,
W2_apt,15,0.0,pin_useragent,1.0,0.4584615384615385,0.6286919831223629,0.0,
W2_apt,15,0.0,pin_useragent_core,1.0,0.23076923076923078,0.375,0.0,
W2_apt,15,0.0,pin_ip_or_useragent,0.8104956268221575,0.8553846153846154,0.8323353293413174,0.05250403877221325,
W2_apt,15,0.0,pin_ip_and_useragent,1.0,0.27384615384615385,0.42995169082125606,0.0,
W2_apt,15,0.0,score_distinct_bindings,1.0,0.003076923076923077,0.006134969325153375,0.0,0.7970075804647695
W2_apt,15,0.0,score_max_request_rate,0.0,0.0,0.0,0.0,0.49688455324965825
W2_apt,15,0.0,score_burstiness,0.08333333333333333,0.003076923076923077,0.005934718100890208,0.008885298869143781,0.46080526904436436
W2_apt,16,0.0,SICA (proposed),1.0,0.15593220338983052,0.26979472140762467,0.0,0.8696465807624445
W2_apt,16,0.0,pin_ip,0.8048780487804879,0.6711864406779661,0.7319778188539742,0.03785488958990536,
W2_apt,16,0.0,pin_prefix24,0.8409090909090909,0.5016949152542373,0.6284501061571125,0.022082018927444796,
W2_apt,16,0.0,pin_scope16,0.8981481481481481,0.3288135593220339,0.4813895781637717,0.008675078864353312,
W2_apt,16,0.0,pin_useragent,1.0,0.46779661016949153,0.6374133949191686,0.0,
W2_apt,16,0.0,pin_useragent_core,1.0,0.1864406779661017,0.3142857142857143,0.0,
W2_apt,16,0.0,pin_ip_or_useragent,0.8333333333333334,0.8135593220338984,0.823327615780446,0.03785488958990536,
W2_apt,16,0.0,pin_ip_and_useragent,1.0,0.3254237288135593,0.4910485933503836,0.0,
W2_apt,16,0.0,score_distinct_bindings,1.0,0.010169491525423728,0.020134228187919462,0.0,0.7619526279206544
W2_apt,16,0.0,score_max_request_rate,0.0,0.0,0.0,0.0,0.5422178260172165
W2_apt,16,0.0,score_burstiness,0.2727272727272727,0.010169491525423728,0.019607843137254898,0.006309148264984227,0.5014984227129338
W2_apt,17,0.0,SICA (proposed),0.8301886792452831,0.30985915492957744,0.45128205128205123,0.014073494917904612,0.8808598266691627
W2_apt,17,0.0,pin_ip,0.724,0.6373239436619719,0.6779026217228465,0.05394839718530102,
W2_apt,17,0.0,pin_prefix24,0.7897727272727273,0.4894366197183099,0.6043478260869566,0.028928850664581705,
W2_apt,17,0.0,pin_scope16,0.8235294117647058,0.34507042253521125,0.48635235732009924,0.01641907740422205,
W2_apt,17,0.0,pin_useragent,1.0,0.45774647887323944,0.6280193236714976,0.0,
W2_apt,17,0.0,pin_useragent_core,1.0,0.2640845070422535,0.41782729805013924,0.0,
W2_apt,17,0.0,pin_ip_or_useragent,0.7745098039215687,0.8345070422535211,0.8033898305084746,0.05394839718530102,
W2_apt,17,0.0,pin_ip_and_useragent,1.0,0.2605633802816901,0.4134078212290503,0.0,
W2_apt,17,0.0,score_distinct_bindings,1.0,0.007042253521126761,0.013986013986013986,0.0,0.790214901606669
W2_apt,17,0.0,score_max_request_rate,0.0,0.0,0.0,0.0,0.5036986972656895
W2_apt,17,0.0,score_burstiness,0.08333333333333333,0.0035211267605633804,0.006756756756756758,0.008600469116497263,0.45660534748758386
W2_apt,18,0.0,SICA (proposed),1.0,0.14715719063545152,0.25655976676384845,0.0,0.8972524448583887
W2_apt,18,0.0,pin_ip,0.782608695652174,0.7224080267558528,0.7513043478260871,0.04746835443037975,
W2_apt,18,0.0,pin_prefix24,0.8358974358974359,0.5451505016722408,0.659919028340081,0.02531645569620253,
W2_apt,18,0.0,pin_scope16,0.8839285714285714,0.3311036789297659,0.48175182481751827,0.010284810126582278,
W2_apt,18,0.0,pin_useragent,1.0,0.44481605351170567,0.6157407407407407,0.0,
W2_apt,18,0.0,pin_useragent_core,1.0,0.2040133779264214,0.33888888888888885,0.0,
W2_apt,18,0.0,pin_ip_or_useragent,0.8125,0.8695652173913043,0.8400646203554121,0.04746835443037975,
W2_apt,18,0.0,pin_ip_and_useragent,1.0,0.2976588628762542,0.4587628865979382,0.0,
W2_apt,18,0.0,score_distinct_bindings,1.0,0.0033444816053511705,0.006666666666666666,0.0,0.7984208966597519
W2_apt,18,0.0,score_max_request_rate,0.0,0.0,0.0,0.0,0.5208117247364633
W2_apt,18,0.0,score_burstiness,0.08333333333333333,0.0033444816053511705,0.006430868167202573,0.00870253164556962,0.4694220714618348
W2_apt,19,0.0,SICA (proposed),0.8415841584158416,0.2664576802507837,0.4047619047619047,0.012861736334405145,0.888097350038807
W2_apt,19,0.0,pin_ip,0.745928338762215,0.7178683385579937,0.7316293929712461,0.06270096463022508,
W2_apt,19,0.0,pin_prefix24,0.7990867579908676,0.54858934169279,0.6505576208178437,0.03536977491961415,
W2_apt,19,0.0,pin_scope16,0.847457627118644,0.31347962382445144,0.4576659038901602,0.014469453376205787,
W2_apt,19,0.0,pin_useragent,1.0,0.48589341692789967,0.6540084388185654,0.0,
W2_apt,19,0.0,pin_useragent_core,1.0,0.23824451410658307,0.3848101265822785,0.0,
W2_apt,19,0.0,pin_ip_or_useragent,0.7808988764044944,0.8714733542319749,0.8237037037037037,0.06270096463022508,
W2_apt,19,0.0,pin_ip_and_useragent,1.0,0.3322884012539185,0.4988235294117647,0.0,
W2_apt,19,0.0,score_distinct_bindings,1.0,0.012539184952978056,0.024767801857585137,0.0,0.7913142960820087
W2_apt,19,0.0,score_max_request_rate,0.0,0.0,0.0,0.0,0.47444032295457067
W2_apt,19,0.0,score_burstiness,0.0,0.0,0.0,0.008842443729903537,0.43919528470199276
W2_apt,0,0.01,SICA (proposed),1.0,0.14018691588785046,0.2459016393442623,0.0,0.8743246497208301
W2_apt,0,0.01,pin_ip,0.75,0.6728971962616822,0.70935960591133,0.057971014492753624,
W2_apt,0,0.01,pin_prefix24,0.8232323232323232,0.5077881619937694,0.628131021194605,0.02818035426731079,
W2_apt,0,0.01,pin_scope16,0.8677685950413223,0.32710280373831774,0.47511312217194573,0.01288244766505636,
W2_apt,0,0.01,pin_useragent,0.9668874172185431,0.45482866043613707,0.6186440677966102,0.004025764895330112,
W2_apt,0,0.01,pin_useragent_core,1.0,0.205607476635514,0.34108527131782945,0.0,
W2_apt,0,0.01,pin_ip_or_useragent,0.7809798270893372,0.8442367601246106,0.8113772455089822,0.061191626409017714,
W2_apt,0,0.01,pin_ip_and_useragent,0.9891304347826086,0.2834890965732087,0.4406779661016949,0.0008051529790660225,
W2_apt,0,0.01,score_distinct_bindings,1.0,0.003115264797507788,0.006211180124223603,0.0,0.7803462408636457
W2_apt,0,0.01,score_max_request_rate,0.0,0.0,0.0,0.0,0.5085506744723866
W2_apt,0,0.01,score_burstiness,0.0,0.0,0.0,0.010466988727858293,0.45862366497609625
W2_apt,1,0.01,SICA (proposed),0.8863636363636364,0.2635135135135135,0.40625,0.007892659826361484,0.864779538812688
W2_apt,1,0.01,pin_ip,0.7137546468401487,0.6486486486486487,0.6796460176991149,0.06077348066298342,
W2_apt,1,0.01,pin_prefix24,0.7593582887700535,0.4797297297297297,0.587991718426501,0.035516969218626675,
W2_apt,1,0.01,pin_scope16,0.8608695652173913,0.3344594594594595,0.4817518248175182,0.012628255722178374,
W2_apt,1,0.01,pin_useragent,0.9271523178807947,0.47297297297297297,0.6263982102908278,0.008681925808997633,
W2_apt,1,0.01,pin_useragent_core,1.0,0.21283783783783783,0.350974930362117,0.0,
W2_apt,1,0.01,pin_ip_or_useragent,0.7469879518072289,0.8378378378378378,0.7898089171974523,0.06629834254143646,
W2_apt,1,0.01,pin_ip_and_useragent,0.9545454545454546,0.28378378378378377,0.43749999999999994,0.0031570639305445935,
W2_apt,1,0.01,score_distinct_bindings,1.0,0.016891891891891893,0.03322259136212625,0.0,0.7646360843874656
W2_apt,1,0.01,score_max_request_rate,0.0,0.0,0.0,0.0,0.5101084707438298
W2_apt,1,0.01,score_burstiness,0.0,0.0,0.0,0.009471191791633781,0.47523677979479084
W2_apt,2,0.01,SICA (proposed),1.0,0.15064102564102563,0.2618384401114206,0.0,0.8852635840045912
W2_apt,2,0.01,pin_ip,0.7859778597785978,0.6826923076923077,0.7307032590051459,0.04636290967226219,
W2_apt,2,0.01,pin_prefix24,0.8651685393258427,0.4935897435897436,0.6285714285714286,0.019184652278177457,
W2_apt,2,0.01,pin_scope16,0.8947368421052632,0.3269230769230769,0.4788732394366197,0.009592326139088728,
W2_apt,2,0.01,pin_useragent,0.9664429530201343,0.46153846153846156,0.6247288503253796,0.003996802557953637,
W2_apt,2,0.01,pin_useragent_core,1.0,0.20192307692307693,0.336,0.0,
W2_apt,2,0.01,pin_ip_or_useragent,0.8105590062111802,0.8365384615384616,0.8233438485804416,0.04876099120703437,
W2_apt,2,0.01,pin_ip_and_useragent,0.9795918367346939,0.3076923076923077,0.4682926829268293,0.0015987210231814548,
W2_apt,2,0.01,score_distinct_bindings,1.0,0.003205128205128205,0.006389776357827476,0.0,0.7821050851626391
W2_apt,2,0.01,score_max_request_rate,0.0,0.0,0.0,0.0,0.5024608518313555
W2_apt,2,0.01,score_burstiness,0.0,0.0,0.0,0.007993605115907274,0.4619330176884134
W2_apt,3,0.01,SICA (proposed),0.8791208791208791,0.26490066225165565,0.40712468193384227,0.008723235527359239,0.8517312550220313
W2_apt,3,0.01,pin_ip,0.6989247311827957,0.6456953642384106,0.6712564543889844,0.06661379857256146,
W2_apt,3,0.01,pin_prefix24,0.7772020725388601,0.4966887417218543,0.606060606060606,0.03409992069785884,
W2_apt,3,0.01,pin_scope16,0.8571428571428571,0.3576158940397351,0.5046728971962617,0.014274385408406027,
W2_apt,3,0.01,pin_useragent,0.9230769230769231,0.4370860927152318,0.5932584269662922,0.008723235527359239,
W2_apt,3,0.01,pin_useragent_core,1.0,0.20198675496688742,0.33608815426997246,0.0,
W2_apt,3,0.01,pin_ip_or_useragent,0.7365269461077845,0.8145695364238411,0.7735849056603774,0.06978588421887391,
W2_apt,3,0.01,pin_ip_and_useragent,0.9204545454545454,0.2682119205298013,0.4153846153846154,0.0055511498810467885,
W2_apt,3,0.01,score_distinct_bindings,1.0,0.006622516556291391,0.013157894736842105,0.0,0.7661755360772224
W2_apt,3,0.01,score_max_request_rate,0.0,0.0,0.0,0.0,0.5006394063368188
W2_apt,3,0.01,score_burstiness,0.09090909090909091,0.0033112582781456954,0.006389776357827476,0.007930214115781126,0.4586880484845939
W2_apt,4,0.01,SICA (proposed),1.0,0.15151515151515152,0.2631578947368421,0.0,0.8565226473985598
W2_apt,4,0.01,pin_ip,0.7563636363636363,0.6303030303030303,0.6876033057851239,0.054339010543390104,
W2_apt,4,0.01,pin_prefix24,0.8051282051282052,0.47575757575757577,0.598095238095238,0.030819140308191405,
W2_apt,4,0.01,pin_scope16,0.8909090909090909,0.296969696969697,0.4454545454545454,0.009732360097323601,
W2_apt,4,0.01,pin_useragent,0.95625,0.4636363636363636,0.6244897959183674,0.0056772100567721,
W2_apt,4,0.01,pin_useragent_core,1.0,0.21515151515151515,0.35411471321695764,0.0,
W2_apt,4,0.01,pin_ip_or_useragent,0.7905604719764012,0.8121212121212121,0.8011958146487296,0.0575831305758313,
W2_apt,4,0.01,pin_ip_and_useragent,0.96875,0.2818181818181818,0.4366197183098592,0.0024330900243309003,
W2_apt,4,0.01,score_distinct_bindings,0.0,0.0,0.0,0.0,0.7588328540883286
W2_apt,4,0.01,score_max_request_rate,0.0,0.0,0.0,0.0,0.5251247265845806
W2_apt,4,0.01,score_burstiness,0.15384615384615385,0.006060606060606061,0.011661807580174925,0.008921330089213302,0.46988375236550417
W2_apt,5,0.01,SICA (proposed),0.9181818181818182,0.3344370860927152,0.4902912621359223,0.007137192704203013,0.897343115681342
W2_apt,5,0.01,pin_ip,0.7681159420289855,0.7019867549668874,0.7335640138408306,0.05075337034099921,
W2_apt,5,0.01,pin_prefix24,0.8556149732620321,0.5298013245033113,0.65439672801636,0.02141157811260904,
W2_apt,5,0.01,pin_scope16,0.9196428571428571,0.34105960264900664,0.497584541062802,0.007137192704203013,
W2_apt,5,0.01,pin_useragent,0.9699248120300752,0.4271523178807947,0.593103448275862,0.0031720856463124504,
W2_apt,5,0.01,pin_useragent_core,1.0,0.19536423841059603,0.3268698060941828,0.0,
W2_apt,5,0.01,pin_ip_or_useragent,0.7981651376146789,0.8642384105960265,0.8298887122416534,0.052339413164155434,
W2_apt,5,0.01,pin_ip_and_useragent,0.975609756097561,0.26490066225165565,0.4166666666666667,0.0015860428231562252,
W2_apt,5,0.01,score_distinct_bindings,1.0,0.019867549668874173,0.03896103896103896,0.0,0.7974539286070658
W2_apt,5,0.01,score_max_request_rate,0.0,0.0,0.0,0.0,0.5036014200860245
W2_apt,5,0.01,score_burstiness,0.0,0.0,0.0,0.008723235527359239,0.4643192882764126
W2_apt,6,0.01,SICA (proposed),1.0,0.18122977346278318,0.30684931506849317,0.0,0.8871339867762964
W2_apt,6,0.01,pin_ip,0.7235494880546075,0.686084142394822,0.7043189368770764,0.0645933014354067,
W2_apt,6,0.01,pin_prefix24,0.7860696517412935,0.511326860841424,0.6196078431372549,0.0342902711323764,
W2_apt,6,0.01,pin_scope16,0.8976377952755905,0.36893203883495146,0.5229357798165137,0.01036682615629984,
W2_apt,6,0.01,pin_useragent,0.9527027027027027,0.4563106796116505,0.6170678336980306,0.005582137161084529,
W2_apt,6,0.01,pin_useragent_core,1.0,0.23948220064724918,0.38642297650130547,0.0,
W2_apt,6,0.01,pin_ip_or_useragent,0.7542372881355932,0.8640776699029126,0.8054298642533937,0.06937799043062201,
W2_apt,6,0.01,pin_ip_and_useragent,0.9885057471264368,0.2783171521035599,0.4343434343434344,0.0007974481658692185,
W2_apt,6,0.01,score_distinct_bindings,1.0,0.016181229773462782,0.03184713375796178,0.0,0.7938119054623909
W2_apt,6,0.01,score_max_request_rate,0.0,0.0,0.0,0.0,0.518723257098321
W2_apt,6,0.01,score_burstiness,0.23076923076923078,0.009708737864077669,0.018633540372670808,0.007974481658692184,0.48095673133997097
W2_apt,7,0.01,SICA (proposed),1.0,0.13291139240506328,0.23463687150837986,0.0,0.8725942261427426
W2_apt,7,0.01,pin_ip,0.7544483985765125,0.6708860759493671,0.7102177554438861,0.05533279871692061,
W2_apt,7,0.01,pin_prefix24,0.8206521739130435,0.4778481012658228,0.604,0.026463512429831595,
W2_apt,7,0.01,pin_scope16,0.8677685950413223,0.3322784810126582,0.4805491990846682,0.012830793905372895,
W2_apt,7,0.01,pin_useragent,0.9461538461538461,0.38924050632911394,0.5515695067264574,0.0056134723336006415,
W2_apt,7,0.01,pin_useragent_core,1.0,0.18354430379746836,0.3101604278074866,0.0,
W2_apt,7,0.01,pin_ip_or_useragent,0.7837837837837838,0.8259493670886076,0.8043143297380586,0.057738572574178026,
W2_apt,7,0.01,pin_ip_and_useragent,0.9487179487179487,0.23417721518987342,0.3756345177664975,0.0032076984763432237,
W2_apt,7,0.01,score_distinct_bindings,1.0,0.012658227848101266,0.024999999999999998,0.0,0.7669990255093236
W2_apt,7,0.01,score_max_request_rate,0.0,0.0,0.0,0.0,0.5090191142285789
W2_apt,7,0.01,score_burstiness,0.0,0.0,0.0,0.008821170809943865,0.45964618882787045
W2_apt,8,0.01,SICA (proposed),0.9306930693069307,0.3533834586466165,0.5122615803814714,0.005397070161912105,0.8874861595005247
W2_apt,8,0.01,pin_ip,0.7574468085106383,0.6691729323308271,0.7105788423153693,0.04394757131842714,
W2_apt,8,0.01,pin_prefix24,0.8343949044585988,0.4924812030075188,0.6193853427895981,0.020046260601387818,
W2_apt,8,0.01,pin_scope16,0.9278350515463918,0.3383458646616541,0.4958677685950413,0.005397070161912105,
W2_apt,8,0.01,pin_useragent,0.9344262295081968,0.42857142857142855,0.5876288659793815,0.006168080185042405,
W2_apt,8,0.01,pin_useragent_core,1.0,0.18421052631578946,0.3111111111111111,0.0,
W2_apt,8,0.01,pin_ip_or_useragent,0.7836879432624113,0.8308270676691729,0.8065693430656934,0.047031611410948346,
W2_apt,8,0.01,pin_ip_and_useragent,0.9466666666666667,0.2669172932330827,0.41642228739002934,0.0030840400925212026,
W2_apt,8,0.01,score_distinct_bindings,1.0,0.0037593984962406013,0.00749063670411985,0.0,0.7776085356026922
W2_apt,8,0.01,score_max_request_rate,0.0,0.0,0.0,0.0,0.4997434797479435
W2_apt,8,0.01,score_burstiness,0.07692307692307693,0.0037593984962406013,0.007168458781362006,0.009252120277563608,0.45963211807467785
W2_apt,9,0.01,SICA (proposed),0.8942307692307693,0.30097087378640774,0.450363196125908,0.008771929824561403,0.8763942439210707
W2_apt,9,0.01,pin_ip,0.7636363636363637,0.6796116504854369,0.7191780821917808,0.051834130781499205,
W2_apt,9,0.01,pin_prefix24,0.8172043010752689,0.4919093851132686,0.6141414141414142,0.02711323763955343,
W2_apt,9,0.01,pin_scope16,0.8796992481203008,0.3786407766990291,0.5294117647058824,0.012759170653907496,
W2_apt,9,0.01,pin_useragent,0.9705882352941176,0.42718446601941745,0.593258426966292,0.003189792663476874,
W2_apt,9,0.01,pin_useragent_core,1.0,0.21359223300970873,0.35200000000000004,0.0,
W2_apt,9,0.01,pin_ip_or_useragent,0.7907692307692308,0.8317152103559871,0.8107255520504733,0.05422647527910686,
W2_apt,9,0.01,pin_ip_and_useragent,0.9883720930232558,0.2750809061488673,0.43037974683544306,0.0007974481658692185,
W2_apt,9,0.01,score_distinct_bindings,1.0,0.016181229773462782,0.03184713375796178,0.0,0.7714523879572424
W2_apt,9,0.01,score_max_request_rate,0.0,0.0,0.0,0.0,0.48041090516818674
W2_apt,9,0.01,score_burstiness,0.0,0.0,0.0,0.007974481658692184,0.4275251234883325
W2_apt,10,0.01,SICA (proposed),0.8636363636363636,0.2733812949640288,0.4153005464480875,0.00933852140077821,0.8481062620720544
W2_apt,10,0.01,pin_ip,0.7298387096774194,0.6510791366906474,0.6882129277566539,0.052140077821011675,
W2_apt,10,0.01,pin_prefix24,0.79375,0.4568345323741007,0.5799086757990867,0.025680933852140077,
W2_apt,10,0.01,pin_scope16,0.86,0.30935251798561153,0.45502645502645506,0.010894941634241245,
W2_apt,10,0.01,pin_useragent,0.9344262295081968,0.41007194244604317,0.57,0.0062256809338521405,
W2_apt,10,0.01,pin_useragent_core,1.0,0.17985611510791366,0.3048780487804878,0.0,
W2_apt,10,0.01,pin_ip_or_useragent,0.7585034013605442,0.802158273381295,0.7797202797202797,0.05525291828793774,
W2_apt,10,0.01,pin_ip_and_useragent,0.9473684210526315,0.2589928057553957,0.4067796610169491,0.0031128404669260703,
W2_apt,10,0.01,score_distinct_bindings,1.0,0.01079136690647482,0.02135231316725979,0.0,0.7408952215659379
W2_apt,10,0.01,score_max_request_rate,0.0,0.0,0.0,0.0,0.5115653780477564
W2_apt,10,0.01,score_burstiness,0.0,0.0,0.0,0.007782101167315175,0.46680709906782747
W2_apt,11,0.01,SICA (proposed),1.0,0.14869888475836432,0.2588996763754045,0.0,0.886121533184328
W2_apt,11,0.01,pin_ip,0.7224334600760456,0.7063197026022305,0.7142857142857143,0.05641421947449768,
W2_apt,11,0.01,pin_prefix24,0.7988165680473372,0.5018587360594795,0.6164383561643836,0.02627511591962906,
W2_apt,11,0.01,pin_scope16,0.8818181818181818,0.36059479553903345,0.5118733509234829,0.010046367851622875,
W2_apt,11,0.01,pin_useragent,0.9206349206349206,0.4312267657992565,0.5873417721518988,0.0077279752704791345,
W2_apt,11,0.01,pin_useragent_core,1.0,0.1970260223048327,0.3291925465838509,0.0,
W2_apt,11,0.01,pin_ip_or_useragent,0.752442996742671,0.8587360594795539,0.8020833333333333,0.05873261205564142,
W2_apt,11,0.01,pin_ip_and_useragent,0.9146341463414634,0.2788104089219331,0.4273504273504274,0.005409582689335394,
W2_apt,11,0.01,score_distinct_bindings,1.0,0.011152416356877323,0.022058823529411766,0.0,0.7676781025378786
W2_apt,11,0.01,score_max_request_rate,0.0,0.0,0.0,0.0,0.5016059249725643
W2_apt,11,0.01,score_burstiness,0.07692307692307693,0.0037174721189591076,0.007092198581560284,0.00927357032457496,0.4481895278752952
W2_apt,12,0.01,SICA (proposed),0.8709677419354839,0.26384364820846906,0.405,0.009554140127388535,0.8684412539679246
W2_apt,12,0.01,pin_ip,0.7472924187725631,0.6742671009771987,0.7089041095890412,0.05573248407643312,
W2_apt,12,0.01,pin_prefix24,0.7989690721649485,0.504885993485342,0.6187624750499002,0.03105095541401274,
W2_apt,12,0.01,pin_scope16,0.8790322580645161,0.3550488599348534,0.505800464037123,0.01194267515923567,
W2_apt,12,0.01,pin_useragent,0.948905109489051,0.4234527687296417,0.5855855855855856,0.005573248407643312,
W2_apt,12,0.01,pin_useragent_core,1.0,0.20195439739413681,0.33604336043360433,0.0,
W2_apt,12,0.01,pin_ip_or_useragent,0.7668711656441718,0.8143322475570033,0.7898894154818327,0.06050955414012739,
W2_apt,12,0.01,pin_ip_and_useragent,0.9886363636363636,0.28338762214983715,0.44050632911392407,0.0007961783439490446,
W2_apt,12,0.01,score_distinct_bindings,1.0,0.006514657980456026,0.012944983818770227,0.0,0.7712206166103032
W2_apt,12,0.01,score_max_request_rate,0.0,0.0,0.0,0.0,0.4740697421108322
W2_apt,12,0.01,score_burstiness,0.07692307692307693,0.003257328990228013,0.0062499999999999995,0.009554140127388535,0.4266686030830515
W2_apt,13,0.01,SICA (proposed),0.9523809523809523,0.33112582781456956,0.49140049140049136,0.003965107057890563,0.8822140002415827
W2_apt,13,0.01,pin_ip,0.7713178294573644,0.6589403973509934,0.7107142857142857,0.046788263283108644,
W2_apt,13,0.01,pin_prefix24,0.8469945355191257,0.5132450331125827,0.6391752577319588,0.022204599524187154,
W2_apt,13,0.01,pin_scope16,0.9142857142857143,0.31788079470198677,0.47174447174447176,0.007137192704203013,
W2_apt,13,0.01,pin_useragent,0.9801324503311258,0.4900662251655629,0.6534216335540839,0.0023790642347343376,
W2_apt,13,0.01,pin_useragent_core,1.0,0.23178807947019867,0.3763440860215053,0.0,
W2_apt,13,0.01,pin_ip_or_useragent,0.8107255520504731,0.8509933774834437,0.8303715670436187,0.047581284694686754,
W2_apt,13,0.01,pin_ip_and_useragent,0.9782608695652174,0.2980132450331126,0.4568527918781726,0.0015860428231562252,
W2_apt,13,0.01,score_distinct_bindings,1.0,0.009933774834437087,0.019672131147540985,0.0,0.7820543455997815
W2_apt,13,0.01,score_max_request_rate,0.0,0.0,0.0,0.0,0.5025523735498474
W2_apt,13,0.01,score_burstiness,0.25,0.009933774834437087,0.019108280254777073,0.007137192704203013,0.4617892348656328
W2_apt,14,0.01,SICA (proposed),1.0,0.12828947368421054,0.22740524781341107,0.0,0.8767035241001631
W2_apt,14,0.01,pin_ip,0.7285223367697594,0.6973684210526315,0.7126050420168066,0.06274821286735505,
W2_apt,14,0.01,pin_prefix24,0.7878787878787878,0.5131578947368421,0.6215139442231075,0.03335980937251787,
W2_apt,14,0.01,pin_scope16,0.8319327731092437,0.3256578947368421,0.4680851063829787,0.015885623510722795,
W2_apt,14,0.01,pin_useragent,0.9015151515151515,0.39144736842105265,0.5458715596330276,0.010325655281969817,
W2_apt,14,0.01,pin_useragent_core,1.0,0.17763157894736842,0.3016759776536313,0.0,
W2_apt,14,0.01,pin_ip_or_useragent,0.747093023255814,0.8453947368421053,0.79320987654321,0.06910246227164417,
W2_apt,14,0.01,pin_ip_and_useragent,0.9367088607594937,0.24342105263157895,0.3864229765013055,0.003971405877680699,
W2_apt,14,0.01,score_distinct_bindings,1.0,0.003289473684210526,0.006557377049180327,0.0,0.7761381213159985
W2_apt,14,0.01,score_max_request_rate,0.0,0.0,0.0,0.0,0.5052581936373898
W2_apt,14,0.01,score_burstiness,0.07692307692307693,0.003289473684210526,0.006309148264984227,0.009531374106433678,0.470827149784708
W2_apt,15,0.01,SICA (proposed),0.8728813559322034,0.3188854489164087,0.46712018140589573,0.012096774193548387,0.880725057425347
W2_apt,15,0.01,pin_ip,0.7533783783783784,0.6904024767801857,0.7205169628432956,0.05887096774193548,
W2_apt,15,0.01,pin_prefix24,0.7910447761194029,0.49226006191950467,0.6068702290076337,0.03387096774193549,
W2_apt,15,0.01,pin_scope16,0.8503937007874016,0.33436532507739936,0.4799999999999999,0.01532258064516129,
W2_apt,15,0.01,pin_useragent,0.9354838709677419,0.44891640866873067,0.6066945606694562,0.008064516129032258,
W2_apt,15,0.01,pin_useragent_core,1.0,0.21052631578947367,0.34782608695652173,0.0,
W2_apt,15,0.01,pin_ip_or_useragent,0.7759103641456583,0.8575851393188855,0.8147058823529413,0.06451612903225806,
W2_apt,15,0.01,pin_ip_and_useragent,0.9680851063829787,0.28173374613003094,0.43645083932853723,0.0024193548387096775,
W2_apt,15,0.01,score_distinct_bindings,1.0,0.01238390092879257,0.02446483180428135,0.0,0.7696519524617996
W2_apt,15,0.01,score_max_request_rate,0.0,0.0,0.0,0.0,0.5283032058324179
W2_apt,15,0.01,score_burstiness,0.14285714285714285,0.006191950464396285,0.011869436201780418,0.00967741935483871,0.48462373913911916
W2_apt,16,0.01,SICA (proposed),0.9354838709677419,0.2824675324675325,0.4339152119700749,0.004780876494023904,0.8787551094324003
W2_apt,16,0.01,pin_ip,0.7916666666666666,0.6785714285714286,0.7307692307692307,0.043824701195219126,
W2_apt,16,0.01,pin_prefix24,0.8633879781420765,0.512987012987013,0.6435845213849287,0.0199203187250996,
W2_apt,16,0.01,pin_scope16,0.9150943396226415,0.31493506493506496,0.46859903381642515,0.007171314741035857,
W2_apt,16,0.01,pin_useragent,0.9574468085106383,0.4383116883116883,0.6013363028953229,0.004780876494023904,
W2_apt,16,0.01,pin_useragent_core,1.0,0.21428571428571427,0.35294117647058826,0.0,
W2_apt,16,0.01,pin_ip_or_useragent,0.8107255520504731,0.8344155844155844,0.8224,0.04780876494023904,
W2_apt,16,0.01,pin_ip_and_useragent,0.9886363636363636,0.2824675324675325,0.43939393939393945,0.0007968127490039841,
W2_apt,16,0.01,score_distinct_bindings,1.0,0.022727272727272728,0.044444444444444446,0.0,0.7840973767268588
W2_apt,16,0.01,score_max_request_rate,0.0,0.0,0.0,0.0,0.4973055828633518
W2_apt,16,0.01,score_burstiness,0.1,0.003246753246753247,0.006289308176100629,0.007171314741035857,0.44974905572515134
W2_apt,17,0.01,SICA (proposed),0.8706896551724138,0.3506944444444444,0.4999999999999999,0.011764705882352941,0.8929765795206972
W2_apt,17,0.01,pin_ip,0.7418181818181818,0.7083333333333334,0.724689165186501,0.05568627450980392,
W2_apt,17,0.01,pin_prefix24,0.8191489361702128,0.5347222222222222,0.6470588235294118,0.02666666666666667,
W2_apt,17,0.01,pin_scope16,0.8617886178861789,0.3680555555555556,0.5158150851581509,0.013333333333333334,
W2_apt,17,0.01,pin_useragent,0.9440559440559441,0.46875,0.6264501160092807,0.006274509803921568,
W2_apt,17,0.01,pin_useragent_core,1.0,0.1909722222222222,0.32069970845481044,0.0,
W2_apt,17,0.01,pin_ip_or_useragent,0.7682926829268293,0.875,0.8181818181818181,0.0596078431372549,
W2_apt,17,0.01,pin_ip_and_useragent,0.9666666666666667,0.3020833333333333,0.46031746031746024,0.002352941176470588,
W2_apt,17,0.01,score_distinct_bindings,1.0,0.006944444444444444,0.013793103448275862,0.0,0.7888425925925926
W2_apt,17,0.01,score_max_request_rate,0.0,0.0,0.0,0.0,0.5203894335511983
W2_apt,17,0.01,score_burstiness,0.16666666666666666,0.006944444444444444,0.013333333333333332,0.00784313725490196,0.5106399782135076
W2_apt,18,0.01,SICA (proposed),1.0,0.17973856209150327,0.3047091412742382,0.0,0.8937895497631564
W2_apt,18,0.01,pin_ip,0.7490909090909091,0.673202614379085,0.7091222030981066,0.05489260143198091,
W2_apt,18,0.01,pin_prefix24,0.8608247422680413,0.545751633986928,0.668,0.021479713603818614,
W2_apt,18,0.01,pin_scope16,0.9545454545454546,0.3431372549019608,0.5048076923076923,0.003977724741447892,
W2_apt,18,0.01,pin_useragent,0.9559748427672956,0.49673202614379086,0.6537634408602151,0.005568814638027049,
W2_apt,18,0.01,pin_useragent_core,1.0,0.21895424836601307,0.3592493297587131,0.0,
W2_apt,18,0.01,pin_ip_or_useragent,0.7854984894259819,0.8496732026143791,0.8163265306122449,0.056483691328560064,
W2_apt,18,0.01,pin_ip_and_useragent,0.9514563106796117,0.3202614379084967,0.4792176039119804,0.003977724741447892,
W2_apt,18,0.01,score_distinct_bindings,1.0,0.013071895424836602,0.02580645161290323,0.0,0.8080279844634751
W2_apt,18,0.01,score_max_request_rate,0.0,0.0,0.0,0.0,0.49265290841873743
W2_apt,18,0.01,score_burstiness,0.25,0.00980392156862745,0.018867924528301886,0.007159904534606206,0.4513339676894359
W2_apt,19,0.01,SICA (proposed),0.9016393442622951,0.34810126582278483,0.5022831050228311,0.009623095429029671,0.8939086719519251
W2_apt,19,0.01,pin_ip,0.7220447284345048,0.7151898734177216,0.7186009538950716,0.06976744186046512,
W2_apt,19,0.01,pin_prefix24,0.7747747747747747,0.5443037974683544,0.6394052044609666,0.040096230954290296,
W2_apt,19,0.01,pin_scope16,0.8970588235294118,0.3860759493670886,0.5398230088495576,0.011226944667201283,
W2_apt,19,0.01,pin_useragent,0.9113924050632911,0.45569620253164556,0.6075949367088608,0.011226944667201283,
W2_apt,19,0.01,pin_useragent_core,1.0,0.20253164556962025,0.3368421052631579,0.0,
W2_apt,19,0.01,pin_ip_or_useragent,0.744,0.8829113924050633,0.8075253256150506,0.07698476343223737,
W2_apt,19,0.01,pin_ip_and_useragent,0.9479166666666666,0.2879746835443038,0.44174757281553395,0.00400962309542903,
W2_apt,19,0.01,score_distinct_bindings,1.0,0.0031645569620253164,0.006309148264984227,0.0,0.7933064671667699
W2_apt,19,0.01,score_max_request_rate,0.0,0.0,0.0,0.0,0.49605508917604785
W2_apt,19,0.01,score_burstiness,0.09090909090909091,0.0031645569620253164,0.0061162079510703364,0.00801924619085806,0.4666389207515759
W2_apt,0,0.02,SICA (proposed),1.0,0.17791411042944785,0.3020833333333333,0.0,0.8733900045131949
W2_apt,0,0.02,pin_ip,0.7457627118644068,0.6748466257668712,0.7085346215780999,0.060630557801131774,
W2_apt,0,0.02,pin_prefix24,0.8241206030150754,0.5030674846625767,0.6247619047619047,0.028294260307194827,
W2_apt,0,0.02,pin_scope16,0.8571428571428571,0.3496932515337423,0.4967320261437908,0.015359741309620048,
W2_apt,0,0.02,pin_useragent,0.8975903614457831,0.4570552147239264,0.6056910569105691,0.0137429264349232,
W2_apt,0,0.02,pin_useragent_core,1.0,0.22085889570552147,0.36180904522613067,0.0,
W2_apt,0,0.02,pin_ip_or_useragent,0.7625698324022346,0.8374233128834356,0.7982456140350879,0.068714632174616,
W2_apt,0,0.02,pin_ip_and_useragent,0.9320388349514563,0.294478527607362,0.44755244755244755,0.005658852061438965,
W2_apt,0,0.02,score_distinct_bindings,1.0,0.02147239263803681,0.04204204204204204,0.0,0.776033943193259
W2_apt,0,0.02,score_max_request_rate,0.0,0.0,0.0,0.0,0.5159251305602809
W2_apt,0,0.02,score_burstiness,0.0,0.0,0.0,0.007275666936135812,0.4783949392702511
W2_apt,1,0.02,SICA (proposed),0.8867924528301887,0.3092105263157895,0.4585365853658537,0.009531374106433678,0.8646429915137327
W2_apt,1,0.02,pin_ip,0.717687074829932,0.694078947368421,0.705685618729097,0.0659253375694996,
W2_apt,1,0.02,pin_prefix24,0.7828282828282829,0.5098684210526315,0.6175298804780877,0.03415409054805401,
W2_apt,1,0.02,pin_scope16,0.8571428571428571,0.3157894736842105,0.46153846153846156,0.012708498808578236,
W2_apt,1,0.02,pin_useragent,0.9101796407185628,0.5,0.6454352441613588,0.011914217633042097,
W2_apt,1,0.02,pin_useragent_core,1.0,0.20065789473684212,0.33424657534246577,0.0,
W2_apt,1,0.02,pin_ip_or_useragent,0.7371428571428571,0.8486842105263158,0.7889908256880733,0.07307386814932486,
W2_apt,1,0.02,pin_ip_and_useragent,0.9459459459459459,0.34539473684210525,0.5060240963855422,0.004765687053216839,
W2_apt,1,0.02,score_distinct_bindings,1.0,0.009868421052631578,0.019543973941368076,0.0,0.7610520045148614
W2_apt,1,0.02,score_max_request_rate,0.0,0.0,0.0,0.0,0.506337266418628
W2_apt,1,0.02,score_burstiness,0.08333333333333333,0.003289473684210526,0.006329113924050633,0.008737092930897538,0.4524972827222942
W2_apt,2,0.02,SICA (proposed),1.0,0.16613418530351437,0.28493150684931506,0.0,0.8776063897763579
W2_apt,2,0.02,pin_ip,0.7545787545787546,0.65814696485623,0.7030716723549488,0.0536,
W2_apt,2,0.02,pin_prefix24,0.8333333333333334,0.4792332268370607,0.6085192697768763,0.024,
W2_apt,2,0.02,pin_scope16,0.8846153846153846,0.2939297124600639,0.44124700239808146,0.0096,
W2_apt,2,0.02,pin_useragent,0.9216867469879518,0.48881789137380194,0.6388308977035492,0.0104,
W2_apt,2,0.02,pin_useragent_core,1.0,0.23003194888178913,0.37402597402597404,0.0,
W2_apt,2,0.02,pin_ip_or_useragent,0.7837837837837838,0.8338658146964856,0.8080495356037151,0.0576,
W2_apt,2,0.02,pin_ip_and_useragent,0.9245283018867925,0.31309904153354634,0.4677804295942721,0.0064,
W2_apt,2,0.02,score_distinct_bindings,1.0,0.006389776357827476,0.012698412698412697,0.0,0.7772140575079872
W2_apt,2,0.02,score_max_request_rate,0.0,0.0,0.0,0.0,0.5321597444089456
W2_apt,2,0.02,score_burstiness,0.08333333333333333,0.003194888178913738,0.006153846153846154,0.0088,0.49101214057507986
W2_apt,3,0.02,SICA (proposed),1.0,0.15488215488215487,0.26822157434402333,0.0,0.8650871537917352
W2_apt,3,0.02,pin_ip,0.6700680272108843,0.6632996632996633,0.6666666666666666,0.07661927330173776,
W2_apt,3,0.02,pin_prefix24,0.76,0.5117845117845118,0.6116700201207242,0.037914691943127965,
W2_apt,3,0.02,pin_scope16,0.8503937007874016,0.36363636363636365,0.509433962264151,0.015007898894154818,
W2_apt,3,0.02,pin_useragent,0.8571428571428571,0.46464646464646464,0.6026200873362445,0.018167456556082148,
W2_apt,3,0.02,pin_useragent_core,1.0,0.21885521885521886,0.35911602209944754,0.0,
W2_apt,3,0.02,pin_ip_or_useragent,0.6977401129943502,0.8316498316498316,0.7588325652841782,0.08451816745655608,
W2_apt,3,0.02,pin_ip_and_useragent,0.8712871287128713,0.2962962962962963,0.442211055276382,0.010268562401263823,
W2_apt,3,0.02,score_distinct_bindings,1.0,0.020202020202020204,0.03960396039603961,0.0,0.7794054286945282
W2_apt,3,0.02,score_max_request_rate,0.0,0.0,0.0,0.0,0.5004069127291876
W2_apt,3,0.02,score_burstiness,0.0,0.0,0.0,0.007898894154818325,0.4553619395641513
W2_apt,4,0.02,SICA (proposed),0.8977272727272727,0.23372781065088757,0.3708920187793427,0.007346938775510204,0.8803163869097935
W2_apt,4,0.02,pin_ip,0.7785234899328859,0.6863905325443787,0.729559748427673,0.053877551020408164,
W2_apt,4,0.02,pin_prefix24,0.8348623853211009,0.5384615384615384,0.6546762589928057,0.029387755102040815,
W2_apt,4,0.02,pin_scope16,0.896551724137931,0.3076923076923077,0.4581497797356828,0.009795918367346938,
W2_apt,4,0.02,pin_useragent,0.9065934065934066,0.4881656804733728,0.6346153846153846,0.013877551020408163,
W2_apt,4,0.02,pin_useragent_core,1.0,0.21597633136094674,0.35523114355231145,0.0,
W2_apt,4,0.02,pin_ip_or_useragent,0.7890410958904109,0.8520710059171598,0.8193456614509246,0.06285714285714286,
W2_apt,4,0.02,pin_ip_and_useragent,0.9478260869565217,0.3224852071005917,0.4812362030905078,0.004897959183673469,
W2_apt,4,0.02,score_distinct_bindings,1.0,0.023668639053254437,0.04624277456647399,0.0,0.7918669242845067
W2_apt,4,0.02,score_max_request_rate,0.0,0.0,0.0,0.0,0.5027581209998793
W2_apt,4,0.02,score_burstiness,0.09090909090909091,0.0029585798816568047,0.005730659025787965,0.00816326530612245,0.4625637000362275
W2_apt,5,0.02,SICA (proposed),0.9298245614035088,0.3475409836065574,0.5059665871121719,0.006359300476947536,0.8620748520941385
W2_apt,5,0.02,pin_ip,0.708185053380783,0.6524590163934426,0.6791808873720137,0.06518282988871224,
W2_apt,5,0.02,pin_prefix24,0.7853403141361257,0.4918032786885246,0.6048387096774193,0.03259141494435612,
W2_apt,5,0.02,pin_scope16,0.9196428571428571,0.3377049180327869,0.4940047961630696,0.007154213036565978,
W2_apt,5,0.02,pin_useragent,0.8943661971830986,0.4163934426229508,0.5682326621923938,0.01192368839427663,
W2_apt,5,0.02,pin_useragent_core,1.0,0.20655737704918034,0.3423913043478261,0.0,
W2_apt,5,0.02,pin_ip_or_useragent,0.7329376854599406,0.8098360655737705,0.7694704049844237,0.07154213036565978,
W2_apt,5,0.02,pin_ip_and_useragent,0.9186046511627907,0.25901639344262295,0.40409207161125316,0.005564387917329093,
W2_apt,5,0.02,score_distinct_bindings,1.0,0.013114754098360656,0.02588996763754045,0.0,0.7675245641012276
W2_apt,5,0.02,score_max_request_rate,0.0,0.0,0.0,0.0,0.48968438061977115
W2_apt,5,0.02,score_burstiness,0.09090909090909091,0.003278688524590164,0.006329113924050633,0.00794912559618442,0.4443196330370872
W2_apt,6,0.02,SICA (proposed),0.8117647058823529,0.22330097087378642,0.350253807106599,0.012759170653907496,0.8669616450658862
W2_apt,6,0.02,pin_ip,0.71,0.6893203883495146,0.6995073891625615,0.06937799043062201,
W2_apt,6,0.02,pin_prefix24,0.7819905213270142,0.5339805825242718,0.6346153846153846,0.03668261562998405,
W2_apt,6,0.02,pin_scope16,0.8527131782945736,0.3559870550161812,0.502283105022831,0.015151515151515152,
W2_apt,6,0.02,pin_useragent,0.9308176100628931,0.47896440129449835,0.6324786324786326,0.008771929824561403,
W2_apt,6,0.02,pin_useragent_core,1.0,0.20388349514563106,0.33870967741935487,0.0,
W2_apt,6,0.02,pin_ip_or_useragent,0.7310924369747899,0.8446601941747572,0.7837837837837838,0.07655502392344497,
W2_apt,6,0.02,pin_ip_and_useragent,0.9803921568627451,0.32362459546925565,0.48661800486617995,0.001594896331738437,
W2_apt,6,0.02,score_distinct_bindings,1.0,0.012944983818770227,0.025559105431309903,0.0,0.7780126249722571
W2_apt,6,0.02,score_max_request_rate,0.0,0.0,0.0,0.0,0.5123462525097681
W2_apt,6,0.02,score_burstiness,0.09090909090909091,0.003236245954692557,0.00625,0.007974481658692184,0.47406745017884516
W2_apt,7,0.02,SICA (proposed),1.0,0.1723076923076923,0.29396325459317585,0.0,0.868495091338387
W2_apt,7,0.02,pin_ip,0.7251655629139073,0.6738461538461539,0.6985645933014354,0.06704361873990307,
W2_apt,7,0.02,pin_prefix24,0.8118811881188119,0.5046153846153846,0.6223908918406073,0.030694668820678513,
W2_apt,7,0.02,pin_scope16,0.8373983739837398,0.3169230769230769,0.45982142857142855,0.01615508885298869,
W2_apt,7,0.02,pin_useragent,0.9119496855345912,0.4461538461538462,0.5991735537190083,0.011308562197092083,
W2_apt,7,0.02,pin_useragent_core,1.0,0.2153846153846154,0.35443037974683544,0.0,
W2_apt,7,0.02,pin_ip_or_useragent,0.7584269662921348,0.8307692307692308,0.7929515418502202,0.06946688206785137,
W2_apt,7,0.02,pin_ip_and_useragent,0.8952380952380953,0.28923076923076924,0.43720930232558136,0.008885298869143781,
W2_apt,7,0.02,score_distinct_bindings,1.0,0.009230769230769232,0.01829268292682927,0.0,0.7709481794457562
W2_apt,7,0.02,score_max_request_rate,0.0,0.0,0.0,0.0,0.5189809867031192
W2_apt,7,0.02,score_burstiness,0.0,0.0,0.0,0.01050080775444265,0.48026966571393065
W2_apt,8,0.02,SICA (proposed),0.8679245283018868,0.3420074349442379,0.49066666666666664,0.010819165378670788,0.8813985624242285
W2_apt,8,0.02,pin_ip,0.688715953307393,0.6579925650557621,0.6730038022813688,0.061823802163833076,
W2_apt,8,0.02,pin_prefix24,0.7901234567901234,0.4758364312267658,0.5939675174013921,0.02627511591962906,
W2_apt,8,0.02,pin_scope16,0.839622641509434,0.3308550185873606,0.47466666666666674,0.01313755795981453,
W2_apt,8,0.02,pin_useragent,0.8540145985401459,0.4349442379182156,0.5763546798029557,0.015455950540958269,
W2_apt,8,0.02,pin_useragent_core,1.0,0.2342007434944238,0.3795180722891566,0.0,
W2_apt,8,0.02,pin_ip_or_useragent,0.7160883280757098,0.8438661710037175,0.7747440273037542,0.0695517774343122,
W2_apt,8,0.02,pin_ip_and_useragent,0.8701298701298701,0.24907063197026022,0.3872832369942196,0.0077279752704791345,
W2_apt,8,0.02,score_distinct_bindings,1.0,0.007434944237918215,0.014760147601476014,0.0,0.7824991525082882
W2_apt,8,0.02,score_max_request_rate,0.0,0.0,0.0,0.0,0.5393868182000999
W2_apt,8,0.02,score_burstiness,0.09090909090909091,0.0037174721189591076,0.007142857142857143,0.0077279752704791345,0.4919445194578351
W2_apt,9,0.02,SICA (proposed),0.9032258064516129,0.2727272727272727,0.41895261845386533,0.007171314741035857,0.8978178196305686
W2_apt,9,0.02,pin_ip,0.7431506849315068,0.7045454545454546,0.7233333333333333,0.05976095617529881,
W2_apt,9,0.02,pin_prefix24,0.8080808080808081,0.5194805194805194,0.6324110671936758,0.030278884462151396,
W2_apt,9,0.02,pin_scope16,0.9008264462809917,0.3538961038961039,0.5081585081585082,0.009561752988047808,
W2_apt,9,0.02,pin_useragent,0.8795180722891566,0.474025974025974,0.6160337552742615,0.01593625498007968,
W2_apt,9,0.02,pin_useragent_core,1.0,0.21753246753246752,0.35733333333333334,0.0,
W2_apt,9,0.02,pin_ip_or_useragent,0.7613636363636364,0.8701298701298701,0.8121212121212121,0.06693227091633466,
W2_apt,9,0.02,pin_ip_and_useragent,0.8962264150943396,0.30844155844155846,0.4589371980676329,0.008764940239043825,
W2_apt,9,0.02,score_distinct_bindings,1.0,0.00974025974025974,0.019292604501607715,0.0,0.7869560718166296
W2_apt,9,0.02,score_max_request_rate,0.0,0.0,0.0,0.0,0.511702540487401
W2_apt,9,0.02,score_burstiness,0.0,0.0,0.0,0.009561752988047808,0.46266880529828736
W2_apt,10,0.02,SICA (proposed),1.0,0.16842105263157894,0.2882882882882883,0.0,0.885537984240727
W2_apt,10,0.02,pin_ip,0.7403100775193798,0.6701754385964912,0.703499079189687,0.05242566510172144,
W2_apt,10,0.02,pin_prefix24,0.8430232558139535,0.5087719298245614,0.6345733041575493,0.02112676056338028,
W2_apt,10,0.02,pin_scope16,0.9065420560747663,0.34035087719298246,0.49489795918367346,0.00782472613458529,
W2_apt,10,0.02,pin_useragent,0.910958904109589,0.4666666666666667,0.617169373549884,0.010172143974960876,
W2_apt,10,0.02,pin_useragent_core,1.0,0.23157894736842105,0.37606837606837606,0.0,
W2_apt,10,0.02,pin_ip_or_useragent,0.768025078369906,0.8596491228070176,0.8112582781456955,0.057902973395931145,
W2_apt,10,0.02,pin_ip_and_useragent,0.9294117647058824,0.2771929824561403,0.427027027027027,0.004694835680751174,
W2_apt,10,0.02,score_distinct_bindings,1.0,0.010526315789473684,0.020833333333333332,0.0,0.7860390412651347
W2_apt,10,0.02,score_max_request_rate,0.0,0.0,0.0,0.0,0.5424786535980013
W2_apt,10,0.02,score_burstiness,0.08333333333333333,0.0035087719298245615,0.006734006734006735,0.008607198748043818,0.4802130521922961
W2_apt,11,0.02,SICA (proposed),1.0,0.1509433962264151,0.26229508196721313,0.0,0.8667790795708928
W2_apt,11,0.02,pin_ip,0.6771653543307087,0.6490566037735849,0.6628131021194604,0.06317411402157165,
W2_apt,11,0.02,pin_prefix24,0.7771084337349398,0.4867924528301887,0.5986078886310905,0.028505392912172575,
W2_apt,11,0.02,pin_scope16,0.8478260869565217,0.2943396226415094,0.4369747899159664,0.01078582434514638,
W2_apt,11,0.02,pin_useragent,0.8926174496644296,0.5018867924528302,0.642512077294686,0.012326656394453005,
W2_apt,11,0.02,pin_useragent_core,1.0,0.21509433962264152,0.35403726708074534,0.0,
W2_apt,11,0.02,pin_ip_or_useragent,0.7092651757188498,0.8377358490566038,0.768166089965398,0.07010785824345146,
W2_apt,11,0.02,pin_ip_and_useragent,0.9222222222222223,0.3132075471698113,0.4676056338028169,0.00539291217257319,
W2_apt,11,0.02,score_distinct_bindings,1.0,0.011320754716981131,0.022388059701492536,0.0,0.7821350699188883
W2_apt,11,0.02,score_max_request_rate,0.0,0.0,0.0,0.0,0.4886908742041457
W2_apt,11,0.02,score_burstiness,0.08333333333333333,0.0037735849056603774,0.007220216606498195,0.00847457627118644,0.4405326045876094
W2_apt,12,0.02,SICA (proposed),0.8333333333333334,0.24916943521594684,0.38363171355498715,0.011885895404120444,0.870464800374873
W2_apt,12,0.02,pin_ip,0.7228070175438597,0.6843853820598007,0.7030716723549488,0.06259904912836767,
W2_apt,12,0.02,pin_prefix24,0.7905759162303665,0.5016611295681063,0.6138211382113822,0.03169572107765452,
W2_apt,12,0.02,pin_scope16,0.8442622950819673,0.34219269102990035,0.48699763593380613,0.015055467511885896,
W2_apt,12,0.02,pin_useragent,0.8918918918918919,0.43853820598006643,0.5879732739420935,0.012678288431061807,
W2_apt,12,0.02,pin_useragent_core,1.0,0.2159468438538206,0.3551912568306011,0.0,
W2_apt,12,0.02,pin_ip_or_useragent,0.7366863905325444,0.8272425249169435,0.7793427230046948,0.0705229793977813,
W2_apt,12,0.02,pin_ip_and_useragent,0.9368421052631579,0.2956810631229236,0.44949494949494945,0.004754358161648178,
W2_apt,12,0.02,score_distinct_bindings,1.0,0.006644518272425249,0.013201320132013201,0.0,0.7732939857106002
W2_apt,12,0.02,score_max_request_rate,0.0,0.0,0.0,0.0,0.5035855126335353
W2_apt,12,0.02,score_burstiness,0.07692307692307693,0.0033222591362126247,0.006369426751592357,0.009508716323296355,0.4489604119390726
W2_apt,13,0.02,SICA (proposed),0.9133858267716536,0.380327868852459,0.537037037037037,0.008744038155802861,0.9126065313143423
W2_apt,13,0.02,pin_ip,0.7702702702702703,0.7475409836065574,0.7587354409317805,0.05405405405405406,
W2_apt,13,0.02,pin_prefix24,0.8446601941747572,0.5704918032786885,0.6810176125244618,0.025437201907790145,
W2_apt,13,0.02,pin_scope16,0.8739495798319328,0.34098360655737703,0.490566037735849,0.01192368839427663,
W2_apt,13,0.02,pin_useragent,0.9090909090909091,0.4918032786885246,0.6382978723404255,0.01192368839427663,
W2_apt,13,0.02,pin_useragent_core,1.0,0.26229508196721313,0.41558441558441556,0.0,
W2_apt,13,0.02,pin_ip_or_useragent,0.7745664739884393,0.8786885245901639,0.8233486943164362,0.06200317965023847,
W2_apt,13,0.02,pin_ip_and_useragent,0.9565217391304348,0.36065573770491804,0.5238095238095238,0.00397456279809221,
W2_apt,13,0.02,score_distinct_bindings,1.0,0.003278688524590164,0.006535947712418301,0.0,0.8119132633115276
W2_apt,13,0.02,score_max_request_rate,0.0,0.0,0.0,0.0,0.5112108733613073
W2_apt,13,0.02,score_burstiness,0.16666666666666666,0.006557377049180328,0.012618296529968456,0.00794912559618442,0.45135526075738225
W2_apt,14,0.02,SICA (proposed),1.0,0.1331168831168831,0.23495702005730656,0.0,0.8678028147151653
W2_apt,14,0.02,pin_ip,0.7205387205387206,0.6948051948051948,0.7074380165289256,0.06613545816733067,
W2_apt,14,0.02,pin_prefix24,0.7783505154639175,0.4902597402597403,0.601593625498008,0.034262948207171316,
W2_apt,14,0.02,pin_scope16,0.8205128205128205,0.3116883116883117,0.451764705882353,0.016733067729083666,
W2_apt,14,0.02,pin_useragent,0.8456375838926175,0.4090909090909091,0.5514223194748359,0.018326693227091632,
W2_apt,14,0.02,pin_useragent_core,1.0,0.17207792207792208,0.29362880886426596,0.0,
W2_apt,14,0.02,pin_ip_or_useragent,0.7310924369747899,0.8474025974025974,0.7849624060150375,0.07649402390438247,
W2_apt,14,0.02,pin_ip_and_useragent,0.8876404494382022,0.2564935064935065,0.397984886649874,0.00796812749003984,
W2_apt,14,0.02,score_distinct_bindings,1.0,0.00974025974025974,0.019292604501607715,0.0,0.7590094168779428
W2_apt,14,0.02,score_max_request_rate,0.0,0.0,0.0,0.0,0.522656128731826
W2_apt,14,0.02,score_burstiness,0.0,0.0,0.0,0.009561752988047808,0.4686436073886273
W2_apt,15,0.02,SICA (proposed),0.8968253968253969,0.35202492211838005,0.5055928411633109,0.010466988727858293,0.8759725796499466
W2_apt,15,0.02,pin_ip,0.7353951890034365,0.6666666666666666,0.6993464052287582,0.061996779388083734,
W2_apt,15,0.02,pin_prefix24,0.7929292929292929,0.48909657320872274,0.605009633911368,0.033011272141706925,
W2_apt,15,0.02,pin_scope16,0.865546218487395,0.32087227414330216,0.4681818181818182,0.01288244766505636,
W2_apt,15,0.02,pin_useragent,0.8959537572254336,0.48286604361370716,0.6275303643724696,0.014492753623188406,
W2_apt,15,0.02,pin_useragent_core,1.0,0.22429906542056074,0.366412213740458,0.0,
W2_apt,15,0.02,pin_ip_or_useragent,0.7520891364902507,0.8411214953271028,0.7941176470588235,0.071658615136876,
W2_apt,15,0.02,pin_ip_and_useragent,0.9428571428571428,0.308411214953271,0.4647887323943662,0.004830917874396135,
W2_apt,15,0.02,score_distinct_bindings,1.0,0.012461059190031152,0.024615384615384615,0.0,0.7765349326029266
W2_apt,15,0.02,score_max_request_rate,0.0,0.0,0.0,0.0,0.5208762873668739
W2_apt,15,0.02,score_burstiness,0.21428571428571427,0.009345794392523364,0.017910447761194027,0.008856682769726247,0.46245253108994133
W2_apt,16,0.02,SICA (proposed),0.8640776699029126,0.2870967741935484,0.43099273607748184,0.0111731843575419,0.8742849419457818
W2_apt,16,0.02,pin_ip,0.7362637362637363,0.6483870967741936,0.6895368782161236,0.05746209098164405,
W2_apt,16,0.02,pin_prefix24,0.7908163265306123,0.5,0.6126482213438735,0.03272146847565842,
W2_apt,16,0.02,pin_scope16,0.8360655737704918,0.32903225806451614,0.47222222222222227,0.01596169193934557,
W2_apt,16,0.02,pin_useragent,0.9210526315789473,0.45161290322580644,0.6060606060606061,0.009577015163607342,
W2_apt,16,0.02,pin_useragent_core,1.0,0.24838709677419354,0.3979328165374677,0.0,
W2_apt,16,0.02,pin_ip_or_useragent,0.7685459940652819,0.8354838709677419,0.8006182380216383,0.06225059856344772,
W2_apt,16,0.02,pin_ip_and_useragent,0.9318181818181818,0.2645161290322581,0.4120603015075377,0.004788507581803671,
W2_apt,16,0.02,score_distinct_bindings,1.0,0.00967741935483871,0.019169329073482427,0.0,0.7902492083515691
W2_apt,16,0.02,score_max_request_rate,0.0,0.0,0.0,0.0,0.5054372731251449
W2_apt,16,0.02,score_burstiness,0.08333333333333333,0.0032258064516129032,0.006211180124223603,0.008778930566640064,0.47258450686095305
W2_apt,17,0.02,SICA (proposed),0.8785046728971962,0.33098591549295775,0.4808184143222506,0.010164190774042221,0.8990422204847537
W2_apt,17,0.02,pin_ip,0.7028985507246377,0.6830985915492958,0.6928571428571428,0.06411258795934324,
W2_apt,17,0.02,pin_prefix24,0.7978142076502732,0.5140845070422535,0.6252676659528907,0.028928850664581705,
W2_apt,17,0.02,pin_scope16,0.8691588785046729,0.3274647887323944,0.4757033248081842,0.0109460516028147,
W2_apt,17,0.02,pin_useragent,0.9013157894736842,0.4823943661971831,0.6284403669724771,0.011727912431587178,
W2_apt,17,0.02,pin_useragent_core,1.0,0.2323943661971831,0.37714285714285717,0.0,
W2_apt,17,0.02,pin_ip_or_useragent,0.7369942196531792,0.897887323943662,0.8095238095238095,0.07114933541829555,
W2_apt,17,0.02,pin_ip_and_useragent,0.926829268292683,0.2676056338028169,0.4153005464480874,0.004691164972634871,
W2_apt,17,0.02,score_distinct_bindings,1.0,0.007042253521126761,0.013986013986013986,0.0,0.7919754649869506
W2_apt,17,0.02,score_max_request_rate,0.0,0.0,0.0,0.0,0.5014618595073176
W2_apt,17,0.02,score_burstiness,0.14285714285714285,0.007042253521126761,0.013422818791946308,0.009382329945269743,0.46988459293682344
W2_apt,18,0.02,SICA (proposed),1.0,0.2064516129032258,0.3422459893048128,0.0,0.8692467111191206
W2_apt,18,0.02,pin_ip,0.7464285714285714,0.6741935483870968,0.7084745762711864,0.05666400638467677,
W2_apt,18,0.02,pin_prefix24,0.8390243902439024,0.5548387096774193,0.6679611650485436,0.026336791699920193,
W2_apt,18,0.02,pin_scope16,0.921875,0.38064516129032255,0.5388127853881278,0.007980845969672785,
W2_apt,18,0.02,pin_useragent,0.9395973154362416,0.45161290322580644,0.6100217864923747,0.007182761372705506,
W2_apt,18,0.02,pin_useragent_core,1.0,0.25806451612903225,0.41025641025641024,0.0,
W2_apt,18,0.02,pin_ip_or_useragent,0.7692307692307693,0.8064516129032258,0.7874015748031495,0.05985634477254589,
W2_apt,18,0.02,pin_ip_and_useragent,0.9519230769230769,0.3193548387096774,0.4782608695652174,0.0039904229848363925,
W2_apt,18,0.02,score_distinct_bindings,1.0,0.00967741935483871,0.019169329073482427,0.0,0.8047009757227814
W2_apt,18,0.02,score_max_request_rate,0.0,0.0,0.0,0.0,0.4845184460520557
W2_apt,18,0.02,score_burstiness,0.0,0.0,0.0,0.006384676775738229,0.4401552403264423
W2_apt,19,0.02,SICA (proposed),0.8545454545454545,0.31438127090301005,0.4596577017114914,0.012658227848101266,0.8587088819270988
W2_apt,19,0.02,pin_ip,0.6744186046511628,0.6789297658862876,0.6766666666666666,0.07753164556962025,
W2_apt,19,0.02,pin_prefix24,0.751269035532995,0.49498327759197325,0.596774193548387,0.038765822784810125,
W2_apt,19,0.02,pin_scope16,0.7946428571428571,0.2976588628762542,0.4330900243309002,0.01819620253164557,
W2_apt,19,0.02,pin_useragent,0.8562091503267973,0.43812709030100333,0.579646017699115,0.01740506329113924,
W2_apt,19,0.02,pin_useragent_core,1.0,0.19063545150501673,0.3202247191011236,0.0,
W2_apt,19,0.02,pin_ip_or_useragent,0.6853932584269663,0.8160535117056856,0.7450381679389314,0.08860759493670886,
W2_apt,19,0.02,pin_ip_and_useragent,0.9183673469387755,0.3010033444816054,0.4534005037783375,0.006329113924050633,
W2_apt,19,0.02,score_distinct_bindings,1.0,0.010033444816053512,0.019867549668874173,0.0,0.7617480208289235
W2_apt,19,0.02,score_max_request_rate,0.0,0.0,0.0,0.0,0.49719132339867067
W2_apt,19,0.02,score_burstiness,0.0,0.0,0.0,0.00949367088607595,0.44908926379069475
W2_apt,0,0.05,SICA (proposed),1.0,0.15605095541401273,0.26997245179063356,0.0,0.8759109198186574
W2_apt,0,0.05,pin_ip,0.6746987951807228,0.7133757961783439,0.6934984520123839,0.08646917534027222,
W2_apt,0,0.05,pin_prefix24,0.7577092511013216,0.5477707006369427,0.6358595194085027,0.044035228182546036,
W2_apt,0,0.05,pin_scope16,0.8489208633093526,0.37579617834394907,0.5209713024282561,0.016813450760608487,
W2_apt,0,0.05,pin_useragent,0.7422680412371134,0.4585987261146497,0.5669291338582678,0.040032025620496396,
W2_apt,0,0.05,pin_useragent_core,1.0,0.1751592356687898,0.29810298102981025,0.0,
W2_apt,0,0.05,pin_ip_or_useragent,0.6699751861042184,0.8598726114649682,0.7531380753138075,0.10648518815052041,
W2_apt,0,0.05,pin_ip_and_useragent,0.7967479674796748,0.31210191082802546,0.4485125858123569,0.020016012810248198,
W2_apt,0,0.05,score_distinct_bindings,1.0,0.009554140127388535,0.018927444794952678,0.0,0.7839252293554589
W2_apt,0,0.05,score_max_request_rate,0.0,0.0,0.0,0.0,0.48895677051195097
W2_apt,0,0.05,score_burstiness,0.0,0.0,0.0,0.008006405124099279,0.4455322219559087
W2_apt,1,0.05,SICA (proposed),0.8777777777777778,0.2633333333333333,0.40512820512820513,0.00870942201108472,0.8695130641330167
W2_apt,1,0.05,pin_ip,0.6222222222222222,0.6533333333333333,0.6373983739837398,0.09422011084718923,
W2_apt,1,0.05,pin_prefix24,0.7205882352941176,0.49,0.5833333333333334,0.04513064133016627,
W2_apt,1,0.05,pin_scope16,0.8376068376068376,0.32666666666666666,0.4700239808153477,0.015043547110055424,
W2_apt,1,0.05,pin_useragent,0.7877094972067039,0.47,0.5887265135699373,0.030087094220110848,
W2_apt,1,0.05,pin_useragent_core,1.0,0.23333333333333334,0.37837837837837834,0.0,
W2_apt,1,0.05,pin_ip_or_useragent,0.6503856041131105,0.8433333333333334,0.7343976777939042,0.10768012668250197,
W2_apt,1,0.05,pin_ip_and_useragent,0.8,0.28,0.41481481481481486,0.0166270783847981,
W2_apt,1,0.05,score_distinct_bindings,1.0,0.016666666666666666,0.03278688524590164,0.0,0.7744774346793349
W2_apt,1,0.05,score_max_request_rate,0.0,0.0,0.0,0.0,0.5086117709158089
W2_apt,1,0.05,score_burstiness,0.0,0.0,0.0,0.00791765637371338,0.4861309052520454
W2_apt,2,0.05,SICA (proposed),0.8266666666666667,0.21016949152542372,0.3351351351351351,0.01025236593059937,0.8789712880286585
W2_apt,2,0.05,pin_ip,0.6754098360655738,0.6983050847457627,0.6866666666666666,0.07807570977917981,
W2_apt,2,0.05,pin_prefix24,0.7575757575757576,0.5084745762711864,0.6085192697768762,0.03785488958990536,
W2_apt,2,0.05,pin_scope16,0.8389830508474576,0.33559322033898303,0.47941888619854717,0.01498422712933754,
W2_apt,2,0.05,pin_useragent,0.8083832335329342,0.4576271186440678,0.5844155844155845,0.025236593059936908,
W2_apt,2,0.05,pin_useragent_core,1.0,0.20677966101694914,0.3426966292134831,0.0,
W2_apt,2,0.05,pin_ip_or_useragent,0.6857923497267759,0.8508474576271187,0.7594553706505295,0.09069400630914827,
W2_apt,2,0.05,pin_ip_and_useragent,0.8490566037735849,0.3050847457627119,0.4488778054862843,0.012618296529968454,
W2_apt,2,0.05,score_distinct_bindings,1.0,0.013559322033898305,0.026755852842809364,0.0,0.7779393680158263
W2_apt,2,0.05,score_max_request_rate,0.0,0.0,0.0,0.0,0.5171149013527242
W2_apt,2,0.05,score_burstiness,0.07692307692307693,0.003389830508474576,0.006493506493506493,0.00946372239747634,0.4642771213174357
W2_apt,3,0.05,SICA (proposed),1.0,0.17666666666666667,0.30028328611898014,0.0,0.8458907363420427
W2_apt,3,0.05,pin_ip,0.616822429906542,0.66,0.6376811594202898,0.09738717339667459,
W2_apt,3,0.05,pin_prefix24,0.6908212560386473,0.4766666666666667,0.5641025641025642,0.050673000791765635,
W2_apt,3,0.05,pin_scope16,0.7946428571428571,0.2966666666666667,0.43203883495145634,0.018210609659540775,
W2_apt,3,0.05,pin_useragent,0.734375,0.47,0.573170731707317,0.040380047505938245,
W2_apt,3,0.05,pin_useragent_core,1.0,0.23666666666666666,0.38274932614555257,0.0,
W2_apt,3,0.05,pin_ip_or_useragent,0.628498727735369,0.8233333333333334,0.7128427128427129,0.11559778305621536,
W2_apt,3,0.05,pin_ip_and_useragent,0.7666666666666667,0.30666666666666664,0.4380952380952381,0.022169437846397466,
W2_apt,3,0.05,score_distinct_bindings,1.0,0.02,0.0392156862745098,0.0,0.7568368962787015
W2_apt,3,0.05,score_max_request_rate,0.0,0.0,0.0,0.0,0.5243705463182898
W2_apt,3,0.05,score_burstiness,0.16666666666666666,0.006666666666666667,0.012820512820512822,0.00791765637371338,0.47804038004750593
W2_apt,4,0.05,SICA (proposed),1.0,0.15151515151515152,0.2631578947368421,0.0,0.8676226990095603
W2_apt,4,0.05,pin_ip,0.6779141104294478,0.6696969696969697,0.673780487804878,0.0851581508515815,
W2_apt,4,0.05,pin_prefix24,0.7330316742081447,0.4909090909090909,0.5880217785843921,0.047850770478507706,
W2_apt,4,0.05,pin_scope16,0.848,0.3212121212121212,0.46593406593406594,0.015409570154095702,
W2_apt,4,0.05,pin_useragent,0.7574257425742574,0.4636363636363636,0.575187969924812,0.039740470397404706,
W2_apt,4,0.05,pin_useragent_core,1.0,0.20606060606060606,0.3417085427135678,0.0,
W2_apt,4,0.05,pin_ip_or_useragent,0.6834170854271356,0.8242424242424242,0.7472527472527473,0.10218978102189781,
W2_apt,4,0.05,pin_ip_and_useragent,0.7846153846153846,0.3090909090909091,0.44347826086956527,0.0227088402270884,
W2_apt,4,0.05,score_distinct_bindings,1.0,0.012121212121212121,0.02395209580838323,0.0,0.7672737103394037
W2_apt,4,0.05,score_max_request_rate,0.0,0.0,0.0,0.0,0.5030180146968468
W2_apt,4,0.05,score_burstiness,0.0,0.0,0.0,0.009732360097323601,0.4542493057091597
W2_apt,5,0.05,SICA (proposed),1.0,0.16556291390728478,0.2840909090909091,0.0,0.8803601157496153
W2_apt,5,0.05,pin_ip,0.64,0.6887417218543046,0.6634768740031898,0.09278350515463918,
W2_apt,5,0.05,pin_prefix24,0.7438423645320197,0.5,0.5980198019801981,0.041237113402061855,
W2_apt,5,0.05,pin_scope16,0.8048780487804879,0.32781456953642385,0.46588235294117647,0.0190325138778747,
W2_apt,5,0.05,pin_useragent,0.7679558011049724,0.4602649006622517,0.5755693581780538,0.03330689928628073,
W2_apt,5,0.05,pin_useragent_core,1.0,0.2185430463576159,0.358695652173913,0.0,
W2_apt,5,0.05,pin_ip_or_useragent,0.6556962025316456,0.8576158940397351,0.7431850789096127,0.10785091197462332,
W2_apt,5,0.05,pin_ip_and_useragent,0.7927927927927928,0.2913907284768212,0.42615012106537525,0.01823949246629659,
W2_apt,5,0.05,score_distinct_bindings,1.0,0.023178807947019868,0.045307443365695796,0.0,0.772905714480781
W2_apt,5,0.05,score_max_request_rate,0.0,0.0,0.0,0.0,0.5139185761326814
W2_apt,5,0.05,score_burstiness,0.0,0.0,0.0,0.006344171292624901,0.47201711035601934
W2_apt,6,0.05,SICA (proposed),1.0,0.1650485436893204,0.2833333333333334,0.0,0.8747877342665283
W2_apt,6,0.05,pin_ip,0.6666666666666666,0.7055016181229773,0.6855345911949685,0.08692185007974482,
W2_apt,6,0.05,pin_prefix24,0.7105263157894737,0.5242718446601942,0.6033519553072626,0.05263157894736842,
W2_apt,6,0.05,pin_scope16,0.8095238095238095,0.3300970873786408,0.4689655172413793,0.019138755980861243,
W2_apt,6,0.05,pin_useragent,0.7845303867403315,0.459546925566343,0.5795918367346938,0.03110047846889952,
W2_apt,6,0.05,pin_useragent_core,1.0,0.23300970873786409,0.37795275590551186,0.0,
W2_apt,6,0.05,pin_ip_or_useragent,0.6625,0.8576051779935275,0.7475317348377997,0.1076555023923445,
W2_apt,6,0.05,pin_ip_and_useragent,0.8796296296296297,0.3074433656957929,0.45563549160671457,0.01036682615629984,
W2_apt,6,0.05,score_distinct_bindings,1.0,0.019417475728155338,0.03809523809523809,0.0,0.78649293135752
W2_apt,6,0.05,score_max_request_rate,0.0,0.0,0.0,0.0,0.5248654144923945
W2_apt,6,0.05,score_burstiness,0.0,0.0,0.0,0.007974481658692184,0.48652209370144983
W2_apt,7,0.05,SICA (proposed),1.0,0.14106583072100312,0.24725274725274723,0.0,0.8612915662893488
W2_apt,7,0.05,pin_ip,0.6857142857142857,0.677115987460815,0.6813880126182965,0.07958199356913183,
W2_apt,7,0.05,pin_prefix24,0.7625570776255708,0.5235109717868338,0.620817843866171,0.04180064308681672,
W2_apt,7,0.05,pin_scope16,0.8518518518518519,0.3605015673981191,0.5066079295154186,0.01607717041800643,
W2_apt,7,0.05,pin_useragent,0.7865168539325843,0.438871473354232,0.5633802816901409,0.03054662379421222,
W2_apt,7,0.05,pin_useragent_core,1.0,0.18495297805642633,0.31216931216931215,0.0,
W2_apt,7,0.05,pin_ip_or_useragent,0.6894736842105263,0.8213166144200627,0.7496423462088698,0.09485530546623794,
W2_apt,7,0.05,pin_ip_and_useragent,0.831858407079646,0.2946708463949843,0.4351851851851852,0.01527331189710611,
W2_apt,7,0.05,score_distinct_bindings,1.0,0.0219435736677116,0.04294478527607362,0.0,0.7695269582396759
W2_apt,7,0.05,score_max_request_rate,0.0,0.0,0.0,0.0,0.48424916086242176
W2_apt,7,0.05,score_burstiness,0.08333333333333333,0.003134796238244514,0.006042296072507552,0.008842443729903537,0.4514194780715459
W2_apt,8,0.05,SICA (proposed),0.8859649122807017,0.35815602836879434,0.51010101010101,0.01014832162373146,0.85538503274813
W2_apt,8,0.05,pin_ip,0.6402877697841727,0.6312056737588653,0.6357142857142858,0.078064012490242,
W2_apt,8,0.05,pin_prefix24,0.764367816091954,0.4716312056737589,0.5833333333333334,0.03200624512099922,
W2_apt,8,0.05,pin_scope16,0.8584905660377359,0.32269503546099293,0.46907216494845366,0.0117096018735363,
W2_apt,8,0.05,pin_useragent,0.7597765363128491,0.48226950354609927,0.5900216919739697,0.03356752537080406,
W2_apt,8,0.05,pin_useragent_core,1.0,0.2198581560283688,0.3604651162790698,0.0,
W2_apt,8,0.05,pin_ip_or_useragent,0.6456043956043956,0.8333333333333334,0.7275541795665635,0.10070257611241218,
W2_apt,8,0.05,pin_ip_and_useragent,0.8494623655913979,0.2801418439716312,0.42133333333333334,0.01092896174863388,
W2_apt,8,0.05,score_distinct_bindings,1.0,0.0070921985815602835,0.014084507042253521,0.0,0.7660252683796458
W2_apt,8,0.05,score_max_request_rate,0.0,0.0,0.0,0.0,0.508969056754198
W2_apt,8,0.05,score_burstiness,0.0,0.0,0.0,0.0078064012490242,0.4675273085632346
W2_apt,9,0.05,SICA (proposed),0.9387755102040817,0.2866043613707165,0.43914081145584727,0.004830917874396135,0.8889478331100977
W2_apt,9,0.05,pin_ip,0.6882716049382716,0.6947040498442367,0.6914728682170542,0.08132045088566828,
W2_apt,9,0.05,pin_prefix24,0.7752293577981652,0.5264797507788161,0.6270871985157699,0.039452495974235106,
W2_apt,9,0.05,pin_scope16,0.8604651162790697,0.34579439252336447,0.4933333333333333,0.014492753623188406,
W2_apt,9,0.05,pin_useragent,0.7777777777777778,0.4797507788161994,0.5934489402697496,0.03542673107890499,
W2_apt,9,0.05,pin_useragent_core,1.0,0.2616822429906542,0.41481481481481475,0.0,
W2_apt,9,0.05,pin_ip_or_useragent,0.6984924623115578,0.8660436137071651,0.7732962447844228,0.0966183574879227,
W2_apt,9,0.05,pin_ip_and_useragent,0.7983870967741935,0.308411214953271,0.4449438202247191,0.020128824476650563,
W2_apt,9,0.05,score_distinct_bindings,1.0,0.012461059190031152,0.024615384615384615,0.0,0.7951613065049338
W2_apt,9,0.05,score_max_request_rate,0.0,0.0,0.0,0.0,0.5095552344976698
W2_apt,9,0.05,score_burstiness,0.0,0.0,0.0,0.008051529790660225,0.4646309590099377
W2_apt,10,0.05,SICA (proposed),1.0,0.17437722419928825,0.29696969696969694,0.0,0.872024916583852
W2_apt,10,0.05,pin_ip,0.6776556776556777,0.6583629893238434,0.667870036101083,0.0686427457098284,
W2_apt,10,0.05,pin_prefix24,0.7486910994764397,0.5088967971530249,0.6059322033898306,0.0374414976599064,
W2_apt,10,0.05,pin_scope16,0.8070175438596491,0.3274021352313167,0.46582278481012657,0.0171606864274571,
W2_apt,10,0.05,pin_useragent,0.7486338797814208,0.4875444839857651,0.5905172413793104,0.0358814352574103,
W2_apt,10,0.05,pin_useragent_core,1.0,0.23843416370106763,0.38505747126436785,0.0,
W2_apt,10,0.05,pin_ip_or_useragent,0.6762177650429799,0.8398576512455516,0.7492063492063492,0.08814352574102964,
W2_apt,10,0.05,pin_ip_and_useragent,0.8037383177570093,0.30604982206405695,0.443298969072165,0.01638065522620905,
W2_apt,10,0.05,score_distinct_bindings,1.0,0.010676156583629894,0.02112676056338028,0.0,0.7857495794493702
W2_apt,10,0.05,score_max_request_rate,0.0,0.0,0.0,0.0,0.5322075160586495
W2_apt,10,0.05,score_burstiness,0.07692307692307693,0.0035587188612099642,0.006802721088435373,0.0093603744149766,0.4854306271895004
W2_apt,11,0.05,SICA (proposed),1.0,0.16483516483516483,0.2830188679245283,0.0,0.8670045716557344
W2_apt,11,0.05,pin_ip,0.6360424028268551,0.6593406593406593,0.6474820143884892,0.07984496124031008,
W2_apt,11,0.05,pin_prefix24,0.7105263157894737,0.4945054945054945,0.5831533477321814,0.04263565891472868,
W2_apt,11,0.05,pin_scope16,0.8189655172413793,0.34798534798534797,0.48843187660668375,0.01627906976744186,
W2_apt,11,0.05,pin_useragent,0.7444444444444445,0.4908424908424908,0.5916114790286976,0.03565891472868217,
W2_apt,11,0.05,pin_useragent_core,1.0,0.24175824175824176,0.3893805309734513,0.0,
W2_apt,11,0.05,pin_ip_or_useragent,0.643646408839779,0.8534798534798534,0.7338582677165354,0.1,
W2_apt,11,0.05,pin_ip_and_useragent,0.801980198019802,0.2967032967032967,0.4331550802139037,0.015503875968992248,
W2_apt,11,0.05,score_distinct_bindings,1.0,0.018315018315018316,0.03597122302158274,0.0,0.7739444018513786
W2_apt,11,0.05,score_max_request_rate,0.0,0.0,0.0,0.0,0.5128162535139279
W2_apt,11,0.05,score_burstiness,0.0,0.0,0.0,0.009302325581395349,0.4876025783002527
W2_apt,12,0.05,SICA (proposed),1.0,0.11627906976744186,0.20833333333333334,0.0,0.8584972963865825
W2_apt,12,0.05,pin_ip,0.6391437308868502,0.6943521594684385,0.6656050955414013,0.09350237717908082,
W2_apt,12,0.05,pin_prefix24,0.7225130890052356,0.4584717607973422,0.5609756097560976,0.041996830427892234,
W2_apt,12,0.05,pin_scope16,0.8454545454545455,0.3089700996677741,0.45255474452554745,0.01347068145800317,
W2_apt,12,0.05,pin_useragent,0.7666666666666667,0.38205980066445183,0.5099778270509977,0.0277337559429477,
W2_apt,12,0.05,pin_useragent_core,1.0,0.15614617940199335,0.27011494252873564,0.0,
W2_apt,12,0.05,pin_ip_or_useragent,0.6459948320413437,0.8305647840531561,0.7267441860465116,0.10855784469096671,
W2_apt,12,0.05,pin_ip_and_useragent,0.8222222222222222,0.24584717607973422,0.3785166240409207,0.012678288431061807,
W2_apt,12,0.05,score_distinct_bindings,1.0,0.006644518272425249,0.013201320132013201,0.0,0.7415995809004322
W2_apt,12,0.05,score_max_request_rate,0.0,0.0,0.0,0.0,0.5168916606557118
W2_apt,12,0.05,score_burstiness,0.0,0.0,0.0,0.00792393026941363,0.4824383591936019
W2_apt,13,0.05,SICA (proposed),0.945054945054945,0.2857142857142857,0.4387755102040816,0.003961965134706815,0.8821703671333274
W2_apt,13,0.05,pin_ip,0.7006802721088435,0.6843853820598007,0.6924369747899161,0.06973058637083994,
W2_apt,13,0.05,pin_prefix24,0.8,0.53156146179402,0.6387225548902196,0.03169572107765452,
W2_apt,13,0.05,pin_scope16,0.8898305084745762,0.3488372093023256,0.5011933174224343,0.010301109350237718,
W2_apt,13,0.05,pin_useragent,0.7810945273631841,0.521594684385382,0.6254980079681274,0.03486529318541997,
W2_apt,13,0.05,pin_useragent_core,1.0,0.24916943521594684,0.39893617021276595,0.0,
W2_apt,13,0.05,pin_ip_or_useragent,0.6883468834688347,0.8438538205980066,0.7582089552238805,0.09112519809825674,
W2_apt,13,0.05,pin_ip_and_useragent,0.8650793650793651,0.36212624584717606,0.5105386416861826,0.01347068145800317,
W2_apt,13,0.05,score_distinct_bindings,1.0,0.013289036544850499,0.02622950819672131,0.0,0.7916717123586987
W2_apt,13,0.05,score_max_request_rate,0.0,0.0,0.0,0.0,0.5087505462510069
W2_apt,13,0.05,score_burstiness,0.15384615384615385,0.006644518272425249,0.012738853503184714,0.008716323296354992,0.4604698548420216
W2_apt,14,0.05,SICA (proposed),1.0,0.15282392026578073,0.2651296829971182,0.0,0.8885463668384834
W2_apt,14,0.05,pin_ip,0.655786350148368,0.7342192691029901,0.6927899686520376,0.0919175911251981,
W2_apt,14,0.05,pin_prefix24,0.7413793103448276,0.5714285714285714,0.6454033771106942,0.04754358161648178,
W2_apt,14,0.05,pin_scope16,0.8345323741007195,0.3853820598006645,0.5272727272727273,0.018225039619651346,
W2_apt,14,0.05,pin_useragent,0.7401960784313726,0.5016611295681063,0.5980198019801979,0.041996830427892234,
W2_apt,14,0.05,pin_useragent_core,1.0,0.23588039867109634,0.3817204301075268,0.0,
W2_apt,14,0.05,pin_ip_or_useragent,0.6550868486352357,0.8770764119601329,0.7499999999999999,0.11014263074484945,
W2_apt,14,0.05,pin_ip_and_useragent,0.782608695652174,0.3588039867109635,0.4920273348519362,0.02377179080824089,
W2_apt,14,0.05,score_distinct_bindings,1.0,0.019933554817275746,0.03908794788273616,0.0,0.8006223312676709
W2_apt,14,0.05,score_max_request_rate,0.0,0.0,0.0,0.0,0.5106262274194313
W2_apt,14,0.05,score_burstiness,0.16666666666666666,0.006644518272425249,0.012779552715654953,0.00792393026941363,0.4571318004959696
W2_apt,15,0.05,SICA (proposed),0.8666666666666667,0.24074074074074073,0.37681159420289856,0.009685230024213076,0.8642984186769498
W2_apt,15,0.05,pin_ip,0.6900958466453674,0.6666666666666666,0.6781789638932496,0.07828894269572235,
W2_apt,15,0.05,pin_prefix24,0.7477477477477478,0.5123456790123457,0.6080586080586081,0.04519774011299435,
W2_apt,15,0.05,pin_scope16,0.8549618320610687,0.345679012345679,0.49230769230769234,0.01533494753833737,
W2_apt,15,0.05,pin_useragent,0.8142076502732241,0.45987654320987653,0.5877712031558184,0.02744148506860371,
W2_apt,15,0.05,pin_useragent_core,1.0,0.19444444444444445,0.32558139534883723,0.0,
W2_apt,15,0.05,pin_ip_or_useragent,0.7090909090909091,0.8425925925925926,0.7700987306064881,0.0903954802259887,
W2_apt,15,0.05,pin_ip_and_useragent,0.8288288288288288,0.2839506172839506,0.42298850574712643,0.01533494753833737,
W2_apt,15,0.05,score_distinct_bindings,1.0,0.009259259259259259,0.018348623853211007,0.0,0.7646474157773593
W2_apt,15,0.05,score_max_request_rate,0.0,0.0,0.0,0.0,0.498023346187188
W2_apt,15,0.05,score_burstiness,0.15384615384615385,0.006172839506172839,0.011869436201780416,0.00887812752219532,0.45263877679131914
W2_apt,16,0.05,SICA (proposed),0.9010989010989011,0.2611464968152866,0.4049382716049382,0.007205764611689352,0.8764591290867089
W2_apt,16,0.05,pin_ip,0.71,0.678343949044586,0.6938110749185668,0.06965572457966374,
W2_apt,16,0.05,pin_prefix24,0.7711442786069652,0.49363057324840764,0.6019417475728155,0.03682946357085669,
W2_apt,16,0.05,pin_scope16,0.8333333333333334,0.30254777070063693,0.4439252336448598,0.01521216973578863,
W2_apt,16,0.05,pin_useragent,0.8216216216216217,0.4840764331210191,0.6092184368737475,0.02642113690952762,
W2_apt,16,0.05,pin_useragent_core,1.0,0.25477707006369427,0.40609137055837563,0.0,
W2_apt,16,0.05,pin_ip_or_useragent,0.7119565217391305,0.8343949044585988,0.7683284457478007,0.08486789431545236,
W2_apt,16,0.05,pin_ip_and_useragent,0.8803418803418803,0.32802547770700635,0.47795823665893267,0.01120896717373899,
W2_apt,16,0.05,score_distinct_bindings,1.0,0.012738853503184714,0.025157232704402517,0.0,0.7684440546067427
W2_apt,16,0.05,score_max_request_rate,0.0,0.0,0.0,0.0,0.4783648574910884
W2_apt,16,0.05,score_burstiness,0.0,0.0,0.0,0.008807045636509208,0.4264175671747589
W2_apt,17,0.05,SICA (proposed),0.9270833333333334,0.30689655172413793,0.4611398963730571,0.0054988216810683424,0.8870032776227754
W2_apt,17,0.05,pin_ip,0.6699346405228758,0.7068965517241379,0.6879194630872484,0.0793401413982718,
W2_apt,17,0.05,pin_prefix24,0.7927461139896373,0.5275862068965518,0.6335403726708074,0.031421838177533384,
W2_apt,17,0.05,pin_scope16,0.8596491228070176,0.33793103448275863,0.4851485148514852,0.012568735271013355,
W2_apt,17,0.05,pin_useragent,0.7687861271676301,0.4586206896551724,0.5745140388768898,0.031421838177533384,
W2_apt,17,0.05,pin_useragent_core,1.0,0.25517241379310346,0.4065934065934066,0.0,
W2_apt,17,0.05,pin_ip_or_useragent,0.6747311827956989,0.8655172413793103,0.7583081570996979,0.09505106048703849,
W2_apt,17,0.05,pin_ip_and_useragent,0.8130841121495327,0.3,0.4382871536523929,0.015710919088766692,
W2_apt,17,0.05,score_distinct_bindings,1.0,0.010344827586206896,0.020477815699658706,0.0,0.7930722973155998
W2_apt,17,0.05,score_max_request_rate,0.0,0.0,0.0,0.0,0.5180811008478479
W2_apt,17,0.05,score_burstiness,0.0,0.0,0.0,0.01021209740769835,0.4682571714928082
W2_apt,18,0.05,SICA (proposed),1.0,0.17391304347826086,0.29629629629629634,0.0,0.8694024914271199
W2_apt,18,0.05,pin_ip,0.6571428571428571,0.6923076923076923,0.6742671009771987,0.08544303797468354,
W2_apt,18,0.05,pin_prefix24,0.7586206896551724,0.5150501672240803,0.6135458167330677,0.038765822784810125,
W2_apt,18,0.05,pin_scope16,0.8102189781021898,0.3712374581939799,0.5091743119266054,0.020569620253164556,
W2_apt,18,0.05,pin_useragent,0.7828571428571428,0.45819397993311034,0.5780590717299577,0.030063291139240507,
W2_apt,18,0.05,pin_useragent_core,1.0,0.22408026755852842,0.36612021857923494,0.0,
W2_apt,18,0.05,pin_ip_or_useragent,0.6631853785900783,0.8494983277591973,0.7448680351906158,0.10205696202531646,
W2_apt,18,0.05,pin_ip_and_useragent,0.8411214953271028,0.3010033444816054,0.4433497536945813,0.013449367088607595,
W2_apt,18,0.05,score_distinct_bindings,1.0,0.006688963210702341,0.013289036544850499,0.0,0.783422325473096
W2_apt,18,0.05,score_max_request_rate,0.0,0.0,0.0,0.0,0.4681202637483595
W2_apt,18,0.05,score_burstiness,0.09090909090909091,0.0033444816053511705,0.0064516129032258064,0.007911392405063292,0.43532105965031115
W2_apt,19,0.05,SICA (proposed),0.9111111111111111,0.2733333333333333,0.4205128205128205,0.006334125098970704,0.8806386909474796
W2_apt,19,0.05,pin_ip,0.6456456456456456,0.7166666666666667,0.679304897314376,0.0934283452098179,
W2_apt,19,0.05,pin_prefix24,0.7309417040358744,0.5433333333333333,0.6233269598470363,0.047505938242280284,
W2_apt,19,0.05,pin_scope16,0.851063829787234,0.4,0.54421768707483,0.0166270783847981,
W2_apt,19,0.05,pin_useragent,0.7456647398843931,0.43,0.5454545454545454,0.03483768804433888,
W2_apt,19,0.05,pin_useragent_core,1.0,0.17,0.2905982905982906,0.0,
W2_apt,19,0.05,pin_ip_or_useragent,0.6540404040404041,0.8633333333333333,0.7442528735632185,0.10847189231987332,
W2_apt,19,0.05,pin_ip_and_useragent,0.7727272727272727,0.2833333333333333,0.4146341463414634,0.01979414093428345,
W2_apt,19,0.05,score_distinct_bindings,1.0,0.023333333333333334,0.04560260586319218,0.0,0.7868012668250198
W2_apt,19,0.05,score_max_request_rate,0.0,0.0,0.0,0.0,0.5102599630509369
W2_apt,19,0.05,score_burstiness,0.08333333333333333,0.0033333333333333335,0.006410256410256411,0.00870942201108472,0.4593573502243336
W2_apt,0,0.1,SICA (proposed),1.0,0.1188118811881188,0.21238938053097342,0.0,0.8646013410864896
W2_apt,0,0.1,pin_ip,0.5913978494623656,0.7260726072607261,0.6518518518518519,0.12063492063492064,
W2_apt,0,0.1,pin_prefix24,0.6763485477178424,0.5379537953795379,0.5992647058823529,0.06190476190476191,
W2_apt,0,0.1,pin_scope16,0.7647058823529411,0.3432343234323432,0.47380410022779046,0.025396825396825397,
W2_apt,0,0.1,pin_useragent,0.588495575221239,0.4389438943894389,0.5028355387523629,0.07380952380952381,
W2_apt,0,0.1,pin_useragent_core,1.0,0.19141914191419143,0.32132963988919666,0.0,
W2_apt,0,0.1,pin_ip_or_useragent,0.5661605206073753,0.8613861386138614,0.6832460732984293,0.15873015873015872,
W2_apt,0,0.1,pin_ip_and_useragent,0.6715328467153284,0.30363036303630364,0.41818181818181815,0.03571428571428571,
W2_apt,0,0.1,score_distinct_bindings,1.0,0.026402640264026403,0.05144694533762057,0.0,0.7718450416470218
W2_apt,0,0.1,score_max_request_rate,0.0,0.0,0.0,0.0,0.4906621614542407
W2_apt,0,0.1,score_burstiness,0.09090909090909091,0.0033003300330033004,0.006369426751592357,0.007936507936507936,0.44012389334171514
W2_apt,1,0.1,SICA (proposed),0.7661290322580645,0.3231292517006803,0.4545454545454546,0.022852639873916468,0.8424867188798293
W2_apt,1,0.1,pin_ip,0.5399449035812672,0.6666666666666666,0.5966514459665144,0.13159968479117415,
W2_apt,1,0.1,pin_prefix24,0.5991189427312775,0.46258503401360546,0.5220729366602688,0.07171000788022065,
W2_apt,1,0.1,pin_scope16,0.7107438016528925,0.2925170068027211,0.4144578313253012,0.027580772261623327,
W2_apt,1,0.1,pin_useragent,0.6081632653061224,0.5068027210884354,0.5528756957328386,0.07565011820330969,
W2_apt,1,0.1,pin_useragent_core,1.0,0.23469387755102042,0.3801652892561984,0.0,
W2_apt,1,0.1,pin_ip_or_useragent,0.543859649122807,0.8435374149659864,0.6613333333333334,0.16390858944050432,
W2_apt,1,0.1,pin_ip_and_useragent,0.6381578947368421,0.3299319727891156,0.43497757847533636,0.04334121355397951,
W2_apt,1,0.1,score_distinct_bindings,1.0,0.030612244897959183,0.05940594059405941,0.0,0.7407528023029543
W2_apt,1,0.1,score_max_request_rate,0.0,0.0,0.0,0.0,0.5063644843280102
W2_apt,1,0.1,score_burstiness,0.09090909090909091,0.003401360544217687,0.006557377049180328,0.007880220646178092,0.47542925759744403
W2_apt,2,0.1,SICA (proposed),0.8648648648648649,0.32653061224489793,0.47407407407407404,0.01182033096926714,0.8474359799081177
W2_apt,2,0.1,pin_ip,0.5365168539325843,0.6496598639455783,0.5876923076923077,0.13002364066193853,
W2_apt,2,0.1,pin_prefix24,0.6228070175438597,0.48299319727891155,0.5440613026819923,0.0677698975571316,
W2_apt,2,0.1,pin_scope16,0.7753623188405797,0.36394557823129253,0.4953703703703704,0.02442868400315209,
W2_apt,2,0.1,pin_useragent,0.6330275229357798,0.46938775510204084,0.5390624999999999,0.06304176516942474,
W2_apt,2,0.1,pin_useragent_core,1.0,0.23809523809523808,0.3846153846153846,0.0,
W2_apt,2,0.1,pin_ip_or_useragent,0.5573394495412844,0.826530612244898,0.6657534246575343,0.1520882584712372,
W2_apt,2,0.1,pin_ip_and_useragent,0.6231884057971014,0.2925170068027211,0.39814814814814814,0.04097714736012608,
W2_apt,2,0.1,score_distinct_bindings,1.0,0.02040816326530612,0.039999999999999994,0.0,0.7542215467747383
W2_apt,2,0.1,score_max_request_rate,0.0,0.0,0.0,0.0,0.5066365395646044
W2_apt,2,0.1,score_burstiness,0.0,0.0,0.0,0.007880220646178092,0.4606002369426888
W2_apt,3,0.1,SICA (proposed),1.0,0.18421052631578946,0.3111111111111111,0.0,0.8632046632665858
W2_apt,3,0.1,pin_ip,0.5863013698630137,0.7039473684210527,0.6397608370702541,0.1199364575059571,
W2_apt,3,0.1,pin_prefix24,0.6735537190082644,0.5361842105263158,0.5970695970695971,0.06274821286735505,
W2_apt,3,0.1,pin_scope16,0.7755102040816326,0.375,0.5055432372505543,0.026211278792692614,
W2_apt,3,0.1,pin_useragent,0.6130434782608696,0.46381578947368424,0.5280898876404494,0.07069102462271644,
W2_apt,3,0.1,pin_useragent_core,1.0,0.20723684210526316,0.3433242506811989,0.0,
W2_apt,3,0.1,pin_ip_or_useragent,0.5787139689578714,0.8585526315789473,0.6913907284768213,0.15091342335186655,
W2_apt,3,0.1,pin_ip_and_useragent,0.6527777777777778,0.3092105263157895,0.41964285714285715,0.03971405877680699,
W2_apt,3,0.1,score_distinct_bindings,1.0,0.02631578947368421,0.05128205128205127,0.0,0.7803067911040509
W2_apt,3,0.1,score_max_request_rate,0.0,0.0,0.0,0.0,0.5270160110363279
W2_apt,3,0.1,score_burstiness,0.07692307692307693,0.003289473684210526,0.006309148264984227,0.009531374106433678,0.48895975293675015
W2_apt,4,0.1,SICA (proposed),1.0,0.15141955835962145,0.263013698630137,0.0,0.8573048898430815
W2_apt,4,0.1,pin_ip,0.5940860215053764,0.6971608832807571,0.6415094339622642,0.12118780096308186,
W2_apt,4,0.1,pin_prefix24,0.680327868852459,0.5236593059936908,0.5918003565062389,0.06260032102728733,
W2_apt,4,0.1,pin_scope16,0.7910447761194029,0.334384858044164,0.47006651884700656,0.02247191011235955,
W2_apt,4,0.1,pin_useragent,0.6212765957446809,0.4605678233438486,0.5289855072463768,0.07142857142857142,
W2_apt,4,0.1,pin_useragent_core,1.0,0.19558359621451105,0.3271767810026385,0.0,
W2_apt,4,0.1,pin_ip_or_useragent,0.578494623655914,0.8485804416403786,0.6879795396419437,0.15730337078651685,
W2_apt,4,0.1,pin_ip_and_useragent,0.6901408450704225,0.30914826498422715,0.42701525054466233,0.03531300160513644,
W2_apt,4,0.1,score_distinct_bindings,1.0,0.03785488958990536,0.0729483282674772,0.0,0.7664146720610053
W2_apt,4,0.1,score_max_request_rate,0.0,0.0,0.0,0.0,0.5356003564719405
W2_apt,4,0.1,score_burstiness,0.09090909090909091,0.0031545741324921135,0.006097560975609756,0.008025682182985553,0.4970467008623178
W2_apt,5,0.1,SICA (proposed),0.8977272727272727,0.2687074829931973,0.4136125654450262,0.0070921985815602835,0.858791270645374
W2_apt,5,0.1,pin_ip,0.5292553191489362,0.6768707482993197,0.5940298507462686,0.13947990543735225,
W2_apt,5,0.1,pin_prefix24,0.6504424778761062,0.5,0.5653846153846154,0.062253743104806934,
W2_apt,5,0.1,pin_scope16,0.7681159420289855,0.36054421768707484,0.4907407407407407,0.0252167060677699,
W2_apt,5,0.1,pin_useragent,0.5807860262008734,0.4523809523809524,0.5086042065009561,0.07565011820330969,
W2_apt,5,0.1,pin_useragent_core,1.0,0.22108843537414966,0.36211699164345407,0.0,
W2_apt,5,0.1,pin_ip_or_useragent,0.5330490405117271,0.8503401360544217,0.655307994757536,0.17257683215130024,
W2_apt,5,0.1,pin_ip_and_useragent,0.6029411764705882,0.2789115646258503,0.38139534883720927,0.0425531914893617,
W2_apt,5,0.1,score_distinct_bindings,1.0,0.017006802721088437,0.03344481605351171,0.0,0.7670215446304606
W2_apt,5,0.1,score_max_request_rate,0.0,0.0,0.0,0.0,0.4986638469414559
W2_apt,5,0.1,score_burstiness,0.14285714285714285,0.006802721088435374,0.012987012987012986,0.009456264775413711,0.4520673517634004
W2_apt,6,0.1,SICA (proposed),1.0,0.16199376947040497,0.2788203753351206,0.0,0.8670770187768698
W2_apt,6,0.1,pin_ip,0.6151761517615176,0.7071651090342679,0.6579710144927536,0.1143317230273752,
W2_apt,6,0.1,pin_prefix24,0.6666666666666666,0.5171339563862928,0.5824561403508772,0.06682769726247988,
W2_apt,6,0.1,pin_scope16,0.782312925170068,0.3582554517133956,0.4914529914529915,0.02576489533011272,
W2_apt,6,0.1,pin_useragent,0.6666666666666666,0.46105919003115264,0.5451197053406998,0.05958132045088567,
W2_apt,6,0.1,pin_useragent_core,1.0,0.22429906542056074,0.366412213740458,0.0,
W2_apt,6,0.1,pin_ip_or_useragent,0.5986984815618221,0.8598130841121495,0.7058823529411764,0.14895330112721417,
W2_apt,6,0.1,pin_ip_and_useragent,0.7615384615384615,0.308411214953271,0.43902439024390244,0.0249597423510467,
W2_apt,6,0.1,score_distinct_bindings,1.0,0.028037383177570093,0.05454545454545455,0.0,0.768146041205773
W2_apt,6,0.1,score_max_request_rate,0.0,0.0,0.0,0.0,0.528062465824893
W2_apt,6,0.1,score_burstiness,0.08333333333333333,0.003115264797507788,0.006006006006006006,0.008856682769726247,0.4862522010023026
W2_apt,7,0.1,SICA (proposed),0.8829787234042553,0.2618296529968454,0.4038929440389294,0.00882825040128411,0.854733886607491
W2_apt,7,0.1,pin_ip,0.5962566844919787,0.7034700315457413,0.6454413892908828,0.12118780096308186,
W2_apt,7,0.1,pin_prefix24,0.6962025316455697,0.5205047318611987,0.5956678700361011,0.05778491171749599,
W2_apt,7,0.1,pin_scope16,0.7709923664122137,0.3186119873817035,0.4508928571428571,0.024077046548956663,
W2_apt,7,0.1,pin_useragent,0.6563876651982379,0.47003154574132494,0.5477941176470589,0.06260032102728733,
W2_apt,7,0.1,pin_useragent_core,1.0,0.2334384858044164,0.37851662404092073,0.0,
W2_apt,7,0.1,pin_ip_or_useragent,0.5844155844155844,0.8517350157728707,0.693196405648267,0.15409309791332262,
W2_apt,7,0.1,pin_ip_and_useragent,0.7338129496402878,0.3217665615141956,0.4473684210526315,0.02969502407704655,
W2_apt,7,0.1,score_distinct_bindings,1.0,0.025236593059936908,0.049230769230769224,0.0,0.765212085614028
W2_apt,7,0.1,score_max_request_rate,0.0,0.0,0.0,0.0,0.4986075314824473
W2_apt,7,0.1,score_burstiness,0.08333333333333333,0.0031545741324921135,0.006079027355623101,0.00882825040128411,0.45930953815616915
W2_apt,8,0.1,SICA (proposed),0.8817204301075269,0.296028880866426,0.44324324324324327,0.008553654743390357,0.8813183913402316
W2_apt,8,0.1,pin_ip,0.5934718100890207,0.7220216606498195,0.6514657980456026,0.10653188180404355,
W2_apt,8,0.1,pin_prefix24,0.7136150234741784,0.5487364620938628,0.6204081632653062,0.04743390357698289,
W2_apt,8,0.1,pin_scope16,0.7777777777777778,0.35379061371841153,0.48635235732009924,0.02177293934681182,
W2_apt,8,0.1,pin_useragent,0.6721311475409836,0.44404332129963897,0.5347826086956521,0.04665629860031104,
W2_apt,8,0.1,pin_useragent_core,1.0,0.21660649819494585,0.3560830860534125,0.0,
W2_apt,8,0.1,pin_ip_or_useragent,0.5882352941176471,0.8664259927797834,0.7007299270072993,0.13063763608087092,
W2_apt,8,0.1,pin_ip_and_useragent,0.7410714285714286,0.2996389891696751,0.4267352185089974,0.02255054432348367,
W2_apt,8,0.1,score_distinct_bindings,1.0,0.01444043321299639,0.028469750889679717,0.0,0.7943150619557467
W2_apt,8,0.1,score_max_request_rate,0.0,0.0,0.0,0.0,0.4985430433830589
W2_apt,8,0.1,score_burstiness,0.13333333333333333,0.007220216606498195,0.013698630136986302,0.01010886469673406,0.46054847819618105
W2_apt,9,0.1,SICA (proposed),0.8795180722891566,0.2260061919504644,0.3596059113300492,0.008064516129032258,0.8534879656446619
W2_apt,9,0.1,pin_ip,0.6145833333333334,0.7306501547987616,0.6676096181046676,0.11935483870967742,
W2_apt,9,0.1,pin_prefix24,0.7162790697674418,0.47678018575851394,0.5724907063197026,0.049193548387096775,
W2_apt,9,0.1,pin_scope16,0.8076923076923077,0.26006191950464397,0.39344262295081966,0.016129032258064516,
W2_apt,9,0.1,pin_useragent,0.6454545454545455,0.43962848297213625,0.5230202578268878,0.06290322580645161,
W2_apt,9,0.1,pin_useragent_core,1.0,0.16718266253869968,0.2864721485411141,0.0,
W2_apt,9,0.1,pin_ip_or_useragent,0.6013215859030837,0.8452012383900929,0.7027027027027026,0.14596774193548387,
W2_apt,9,0.1,pin_ip_and_useragent,0.7,0.32507739938080493,0.4439746300211416,0.036290322580645164,
W2_apt,9,0.1,score_distinct_bindings,1.0,0.02786377708978328,0.05421686746987951,0.0,0.7392464795765504
W2_apt,9,0.1,score_max_request_rate,0.0,0.0,0.0,0.0,0.5150067412363927
W2_apt,9,0.1,score_burstiness,0.0,0.0,0.0,0.007258064516129033,0.4831206930989713
W2_apt,10,0.1,SICA (proposed),0.8875,0.2581818181818182,0.4,0.006987577639751553,0.8710601355166573
W2_apt,10,0.1,pin_ip,0.5917721518987342,0.68,0.6328257191201353,0.10015527950310558,
W2_apt,10,0.1,pin_prefix24,0.6767676767676768,0.48727272727272725,0.5665961945031713,0.049689440993788817,
W2_apt,10,0.1,pin_scope16,0.7452830188679245,0.2872727272727273,0.41469816272965876,0.02096273291925466,
W2_apt,10,0.1,pin_useragent,0.5948275862068966,0.5018181818181818,0.5443786982248522,0.07298136645962733,
W2_apt,10,0.1,pin_useragent_core,1.0,0.2109090909090909,0.3483483483483483,0.0,
W2_apt,10,0.1,pin_ip_or_useragent,0.5645933014354066,0.8581818181818182,0.6810966810966811,0.14130434782608695,
W2_apt,10,0.1,pin_ip_and_useragent,0.6846153846153846,0.3236363636363636,0.4395061728395062,0.03183229813664596,
W2_apt,10,0.1,score_distinct_bindings,1.0,0.03636363636363636,0.07017543859649122,0.0,0.7596950875211744
W2_apt,10,0.1,score_max_request_rate,0.0,0.0,0.0,0.0,0.5271979107848673
W2_apt,10,0.1,score_burstiness,0.1,0.0036363636363636364,0.007017543859649123,0.006987577639751553,0.48185064935064936
W2_apt,11,0.1,SICA (proposed),0.8888888888888888,0.21694915254237288,0.3487738419618529,0.006309148264984227,0.8367868791103031
W2_apt,11,0.1,pin_ip,0.5770392749244713,0.6474576271186441,0.6102236421725239,0.11041009463722397,
W2_apt,11,0.1,pin_prefix24,0.6802030456852792,0.4542372881355932,0.5447154471544716,0.04968454258675079,
W2_apt,11,0.1,pin_scope16,0.7876106194690266,0.3016949152542373,0.4362745098039216,0.01892744479495268,
W2_apt,11,0.1,pin_useragent,0.6150234741784038,0.4440677966101695,0.515748031496063,0.06466876971608833,
W2_apt,11,0.1,pin_useragent_core,1.0,0.22372881355932203,0.3656509695290859,0.0,
W2_apt,11,0.1,pin_ip_or_useragent,0.5642857142857143,0.8033898305084746,0.662937062937063,0.1443217665615142,
W2_apt,11,0.1,pin_ip_and_useragent,0.6854838709677419,0.288135593220339,0.405727923627685,0.030757097791798107,
W2_apt,11,0.1,score_distinct_bindings,1.0,0.01694915254237288,0.03333333333333333,0.0,0.739985563813292
W2_apt,11,0.1,score_max_request_rate,0.0,0.0,0.0,0.0,0.48041624338341443
W2_apt,11,0.1,score_burstiness,0.21428571428571427,0.010169491525423728,0.019417475728155338,0.008675078864353312,0.43904988504517994
W2_apt,12,0.1,SICA (proposed),0.8421052631578947,0.26229508196721313,0.4,0.01192368839427663,0.8393377466183638
W2_apt,12,0.1,pin_ip,0.5580110497237569,0.6622950819672131,0.6056971514242878,0.1271860095389507,
W2_apt,12,0.1,pin_prefix24,0.6455696202531646,0.5016393442622951,0.5645756457564576,0.06677265500794913,
W2_apt,12,0.1,pin_scope16,0.7050359712230215,0.32131147540983607,0.4414414414414414,0.03259141494435612,
W2_apt,12,0.1,pin_useragent,0.6492890995260664,0.4491803278688525,0.5310077519379844,0.058823529411764705,
W2_apt,12,0.1,pin_useragent_core,1.0,0.22295081967213115,0.3646112600536193,0.0,
W2_apt,12,0.1,pin_ip_or_useragent,0.5560538116591929,0.8131147540983606,0.6604527296937417,0.1573926868044515,
W2_apt,12,0.1,pin_ip_and_useragent,0.7165354330708661,0.2983606557377049,0.4212962962962963,0.028616852146263912,
W2_apt,12,0.1,score_distinct_bindings,1.0,0.019672131147540985,0.03858520900321544,0.0,0.7590737313977429
W2_apt,12,0.1,score_max_request_rate,0.0,0.0,0.0,0.0,0.5149730250983867
W2_apt,12,0.1,score_burstiness,0.07142857142857142,0.003278688524590164,0.006269592476489029,0.010333863275039745,0.46967213114754097
W2_apt,13,0.1,SICA (proposed),0.8690476190476191,0.25886524822695034,0.39890710382513667,0.00858704137392662,0.8721867889115884
W2_apt,13,0.1,pin_ip,0.6,0.7340425531914894,0.6602870813397129,0.10772833723653395,
W2_apt,13,0.1,pin_prefix24,0.6905829596412556,0.5460992907801419,0.6099009900990099,0.053864168618266976,
W2_apt,13,0.1,pin_scope16,0.8074074074074075,0.38652482269503546,0.5227817745803358,0.02029664324746292,
W2_apt,13,0.1,pin_useragent,0.6127450980392157,0.4432624113475177,0.51440329218107,0.06167056986729118,
W2_apt,13,0.1,pin_useragent_core,1.0,0.23049645390070922,0.37463976945244953,0.0,
W2_apt,13,0.1,pin_ip_or_useragent,0.5741176470588235,0.8652482269503546,0.6902404526166903,0.141295862607338,
W2_apt,13,0.1,pin_ip_and_useragent,0.7096774193548387,0.3120567375886525,0.43349753694581283,0.02810304449648712,
W2_apt,13,0.1,score_distinct_bindings,1.0,0.028368794326241134,0.05517241379310345,0.0,0.7823425847492816
W2_apt,13,0.1,score_max_request_rate,0.0,0.0,0.0,0.0,0.4967833197690191
W2_apt,13,0.1,score_burstiness,0.07142857142857142,0.0035460992907801418,0.006756756756756755,0.01014832162373146,0.4494646248221414
W2_apt,14,0.1,SICA (proposed),1.0,0.15841584158415842,0.27350427350427353,0.0,0.8536290533815286
W2_apt,14,0.1,pin_ip,0.5650969529085873,0.6732673267326733,0.6144578313253012,0.1246031746031746,
W2_apt,14,0.1,pin_prefix24,0.6416666666666667,0.5082508250825083,0.567219152854512,0.06825396825396825,
W2_apt,14,0.1,pin_scope16,0.738562091503268,0.37293729372937295,0.4956140350877193,0.031746031746031744,
W2_apt,14,0.1,pin_useragent,0.6056910569105691,0.49174917491749176,0.5428051001821493,0.07698412698412699,
W2_apt,14,0.1,pin_useragent_core,1.0,0.21782178217821782,0.35772357723577236,0.0,
W2_apt,14,0.1,pin_ip_or_useragent,0.5575221238938053,0.8316831683168316,0.6675496688741721,0.15873015873015872,
W2_apt,14,0.1,pin_ip_and_useragent,0.6516129032258065,0.3333333333333333,0.44104803493449785,0.04285714285714286,
W2_apt,14,0.1,score_distinct_bindings,1.0,0.0231023102310231,0.04516129032258064,0.0,0.7636911310178637
W2_apt,14,0.1,score_max_request_rate,0.0,0.0,0.0,0.0,0.5103226989365603
W2_apt,14,0.1,score_burstiness,0.1,0.0033003300330033004,0.006389776357827476,0.007142857142857143,0.46244041070773745
W2_apt,15,0.1,SICA (proposed),0.8524590163934426,0.33876221498371334,0.4848484848484848,0.014331210191082803,0.8560771489035042
W2_apt,15,0.1,pin_ip,0.5853658536585366,0.7035830618892508,0.6390532544378698,0.12181528662420382,
W2_apt,15,0.1,pin_prefix24,0.6929133858267716,0.5732899022801303,0.6274509803921569,0.06210191082802548,
W2_apt,15,0.1,pin_scope16,0.8308823529411765,0.36807817589576547,0.510158013544018,0.018312101910828025,
W2_apt,15,0.1,pin_useragent,0.6150442477876106,0.4527687296416938,0.5215759849906191,0.06926751592356688,
W2_apt,15,0.1,pin_useragent_core,1.0,0.22149837133550487,0.36266666666666664,0.0,
W2_apt,15,0.1,pin_ip_or_useragent,0.5714285714285714,0.8338762214983714,0.6781456953642384,0.15286624203821655,
W2_apt,15,0.1,pin_ip_and_useragent,0.673469387755102,0.32247557003257327,0.4361233480176211,0.03821656050955414,
W2_apt,15,0.1,score_distinct_bindings,1.0,0.035830618892508145,0.06918238993710692,0.0,0.7876511960829062
W2_apt,15,0.1,score_max_request_rate,0.0,0.0,0.0,0.0,0.5118207846635823
W2_apt,15,0.1,score_burstiness,0.0,0.0,0.0,0.009554140127388535,0.4598059607045789
W2_apt,16,0.1,SICA (proposed),0.9,0.29411764705882354,0.4433497536945813,0.007955449482895784,0.8720030573884288
W2_apt,16,0.1,pin_ip,0.5821727019498607,0.6830065359477124,0.6285714285714287,0.11933174224343675,
W2_apt,16,0.1,pin_prefix24,0.6724890829694323,0.5032679738562091,0.5757009345794393,0.059665871121718374,
W2_apt,16,0.1,pin_scope16,0.8142857142857143,0.37254901960784315,0.5112107623318386,0.020684168655529037,
W2_apt,16,0.1,pin_useragent,0.6375545851528385,0.477124183006536,0.5457943925233646,0.066030230708035,
W2_apt,16,0.1,pin_useragent_core,1.0,0.24836601307189543,0.3979057591623037,0.0,
W2_apt,16,0.1,pin_ip_or_useragent,0.5856832971800434,0.8823529411764706,0.7040417209908736,0.15194908512330946,
W2_apt,16,0.1,pin_ip_and_useragent,0.6692913385826772,0.2777777777777778,0.39260969976905313,0.03341288782816229,
W2_apt,16,0.1,score_distinct_bindings,1.0,0.0196078431372549,0.038461538461538464,0.0,0.7812095402998113
W2_apt,16,0.1,score_max_request_rate,0.0,0.0,0.0,0.0,0.5033745664799996
W2_apt,16,0.1,score_burstiness,0.16666666666666666,0.006535947712418301,0.012578616352201257,0.007955449482895784,0.4473757415986814
W2_apt,17,0.1,SICA (proposed),0.8850574712643678,0.25666666666666665,0.39793281653746765,0.00791765637371338,0.8716429136975455
W2_apt,17,0.1,pin_ip,0.6164772727272727,0.7233333333333334,0.6656441717791411,0.10688836104513064,
W2_apt,17,0.1,pin_prefix24,0.7534246575342466,0.55,0.6358381502890174,0.04275534441805225,
W2_apt,17,0.1,pin_scope16,0.8615384615384616,0.37333333333333335,0.5209302325581395,0.014251781472684086,
W2_apt,17,0.1,pin_useragent,0.6681614349775785,0.49666666666666665,0.5697896749521988,0.05859065716547902,
W2_apt,17,0.1,pin_useragent_core,1.0,0.22333333333333333,0.36512261580381467,0.0,
W2_apt,17,0.1,pin_ip_or_useragent,0.5963718820861678,0.8766666666666667,0.7098515519568152,0.14093428345209819,
W2_apt,17,0.1,pin_ip_and_useragent,0.7686567164179104,0.3433333333333333,0.4746543778801843,0.02454473475851148,
W2_apt,17,0.1,score_distinct_bindings,1.0,0.01,0.019801980198019802,0.0,0.7871694378463975
W2_apt,17,0.1,score_max_request_rate,0.0,0.0,0.0,0.0,0.4756875164951174
W2_apt,17,0.1,score_burstiness,0.0,0.0,0.0,0.009501187648456057,0.4110464502507258
W2_apt,18,0.1,SICA (proposed),0.88,0.277602523659306,0.4220623501199041,0.009630818619582664,0.8617557255773681
W2_apt,18,0.1,pin_ip,0.5782493368700266,0.6876971608832808,0.6282420749279539,0.1276083467094703,
W2_apt,18,0.1,pin_prefix24,0.6968503937007874,0.5583596214511041,0.6199649737302977,0.06179775280898876,
W2_apt,18,0.1,pin_scope16,0.7464788732394366,0.334384858044164,0.46187363834422657,0.028892455858747994,
W2_apt,18,0.1,pin_useragent,0.6816326530612244,0.526813880126183,0.594306049822064,0.06260032102728733,
W2_apt,18,0.1,pin_useragent_core,1.0,0.26813880126182965,0.42288557213930345,0.0,
W2_apt,18,0.1,pin_ip_or_useragent,0.5806451612903226,0.8517350157728707,0.690537084398977,0.1565008025682183,
W2_apt,18,0.1,pin_ip_and_useragent,0.732484076433121,0.3627760252365931,0.4852320675105485,0.033707865168539325,
W2_apt,18,0.1,score_distinct_bindings,1.0,0.022082018927444796,0.043209876543209874,0.0,0.7852408464183178
W2_apt,18,0.1,score_max_request_rate,0.0,0.0,0.0,0.0,0.49169455823303343
W2_apt,18,0.1,score_burstiness,0.0,0.0,0.0,0.00882825040128411,0.4392858408737613
W2_apt,19,0.1,SICA (proposed),0.8333333333333334,0.24305555555555555,0.37634408602150543,0.010980392156862745,0.8575653594771242
W2_apt,19,0.1,pin_ip,0.5494505494505495,0.6944444444444444,0.6134969325153374,0.12862745098039216,
W2_apt,19,0.1,pin_prefix24,0.6497695852534562,0.4895833333333333,0.5584158415841584,0.0596078431372549,
W2_apt,19,0.1,pin_scope16,0.7364341085271318,0.3298611111111111,0.4556354916067146,0.02666666666666667,
W2_apt,19,0.1,pin_useragent,0.6465116279069767,0.4826388888888889,0.5526838966202783,0.0596078431372549,
W2_apt,19,0.1,pin_useragent_core,1.0,0.23958333333333334,0.3865546218487395,0.0,
W2_apt,19,0.1,pin_ip_or_useragent,0.5540540540540541,0.8541666666666666,0.6721311475409837,0.15529411764705883,
W2_apt,19,0.1,pin_ip_and_useragent,0.6888888888888889,0.3229166666666667,0.43971631205673756,0.03294117647058824,
W2_apt,19,0.1,score_distinct_bindings,1.0,0.006944444444444444,0.013793103448275862,0.0,0.7620697167755991
W2_apt,19,0.1,score_max_request_rate,0.0,0.0,0.0,0.0,0.5025394880174292
W2_apt,19,0.1,score_burstiness,0.08333333333333333,0.003472222222222222,0.006666666666666666,0.008627450980392156,0.44909177559912855
W2_apt,0,0.2,SICA (proposed),1.0,0.17272727272727273,0.2945736434108527,0.0,0.8542247290422473
W2_apt,0,0.2,pin_ip,0.5286343612334802,0.7272727272727273,0.6122448979591838,0.1735604217356042,
W2_apt,0,0.2,pin_prefix24,0.6382252559726962,0.5666666666666667,0.6003210272873194,0.08596918085969181,
W2_apt,0,0.2,pin_scope16,0.73125,0.35454545454545455,0.47755102040816333,0.034874290348742905,
W2_apt,0,0.2,pin_useragent,0.4899713467048711,0.5181818181818182,0.5036818851251842,0.14436334144363341,
W2_apt,0,0.2,pin_useragent_core,1.0,0.22727272727272727,0.37037037037037035,0.0,
W2_apt,0,0.2,pin_ip_or_useragent,0.4872665534804754,0.8696969696969697,0.6245919477693145,0.24493106244931062,
W2_apt,0,0.2,pin_ip_and_useragent,0.5794392523364486,0.37575757575757573,0.4558823529411764,0.072992700729927,
W2_apt,0,0.2,score_distinct_bindings,1.0,0.06666666666666667,0.125,0.0,0.778062867113962
W2_apt,0,0.2,score_max_request_rate,0.0,0.0,0.0,0.0,0.5073201602398683
W2_apt,0,0.2,score_burstiness,0.0,0.0,0.0,0.008921330089213302,0.44924918282582516
W2_apt,1,0.2,SICA (proposed),0.8775510204081632,0.3049645390070922,0.4526315789473684,0.00936768149882904,0.8352932383277692
W2_apt,1,0.2,pin_ip,0.4349775784753363,0.6879432624113475,0.532967032967033,0.19672131147540983,
W2_apt,1,0.2,pin_prefix24,0.5172413793103449,0.5319148936170213,0.5244755244755246,0.1092896174863388,
W2_apt,1,0.2,pin_scope16,0.6265822784810127,0.35106382978723405,0.45,0.04605776736924278,
W2_apt,1,0.2,pin_useragent,0.43478260869565216,0.46099290780141844,0.44750430292598964,0.13192818110850899,
W2_apt,1,0.2,pin_useragent_core,1.0,0.24468085106382978,0.39316239316239315,0.0,
W2_apt,1,0.2,pin_ip_or_useragent,0.4175627240143369,0.8262411347517731,0.5547619047619048,0.2537080405932865,
W2_apt,1,0.2,pin_ip_and_useragent,0.48663101604278075,0.32269503546099293,0.3880597014925374,0.07494145199063232,
W2_apt,1,0.2,score_distinct_bindings,1.0,0.0425531914893617,0.08163265306122448,0.0,0.766829438437391
W2_apt,1,0.2,score_max_request_rate,0.0,0.0,0.0,0.0,0.47139590634533085
W2_apt,1,0.2,score_burstiness,0.0,0.0,0.0,0.00858704137392662,0.4233159488653036
W2_apt,2,0.2,SICA (proposed),1.0,0.1503267973856209,0.26136363636363635,0.0,0.8635458426276902
W2_apt,2,0.2,pin_ip,0.5,0.7222222222222222,0.5909090909090908,0.1758154335719968,
W2_apt,2,0.2,pin_prefix24,0.5909090909090909,0.5522875816993464,0.5709459459459459,0.09307875894988067,
W2_apt,2,0.2,pin_scope16,0.7125748502994012,0.3888888888888889,0.5031712473572939,0.03818615751789976,
W2_apt,2,0.2,pin_useragent,0.4791666666666667,0.5261437908496732,0.501557632398754,0.13922036595067622,
W2_apt,2,0.2,pin_useragent_core,1.0,0.19281045751633988,0.3232876712328767,0.0,
W2_apt,2,0.2,pin_ip_or_useragent,0.466893039049236,0.8986928104575164,0.6145251396648046,0.2498011137629276,
W2_apt,2,0.2,pin_ip_and_useragent,0.5661375661375662,0.34967320261437906,0.43232323232323233,0.06523468575974542,
W2_apt,2,0.2,score_distinct_bindings,1.0,0.05555555555555555,0.10526315789473684,0.0,0.7681376448749746
W2_apt,2,0.2,score_max_request_rate,0.0,0.0,0.0,0.0,0.49748207424046254
W2_apt,2,0.2,score_burstiness,0.0,0.0,0.0,0.00954653937947494,0.45006395557427425
W2_apt,3,0.2,SICA (proposed),1.0,0.1639871382636656,0.281767955801105,0.0,0.8412700450982608
W2_apt,3,0.2,pin_ip,0.4814004376367615,0.707395498392283,0.5729166666666666,0.18929712460063897,
W2_apt,3,0.2,pin_prefix24,0.5847750865051903,0.5434083601286174,0.5633333333333334,0.09584664536741214,
W2_apt,3,0.2,pin_scope16,0.6590909090909091,0.3729903536977492,0.47638603696098564,0.04792332268370607,
W2_apt,3,0.2,pin_useragent,0.5078864353312302,0.5176848874598071,0.5127388535031847,0.12460063897763578,
W2_apt,3,0.2,pin_useragent_core,1.0,0.2282958199356913,0.3717277486910995,0.0,
W2_apt,3,0.2,pin_ip_or_useragent,0.46608695652173915,0.8617363344051447,0.6049661399548533,0.2452076677316294,
W2_apt,3,0.2,pin_ip_and_useragent,0.5678391959798995,0.3633440514469453,0.44313725490196076,0.06869009584664537,
W2_apt,3,0.2,score_distinct_bindings,1.0,0.03536977491961415,0.06832298136645962,0.0,0.7737074057713447
W2_apt,3,0.2,score_max_request_rate,0.0,0.0,0.0,0.0,0.5261382431196902
W2_apt,3,0.2,score_burstiness,0.16666666666666666,0.006430868167202572,0.01238390092879257,0.007987220447284345,0.47729934355834525
W2_apt,4,0.2,SICA (proposed),1.0,0.12786885245901639,0.22674418604651161,0.0,0.8295733534884934
W2_apt,4,0.2,pin_ip,0.45701357466063347,0.6622950819672131,0.5408299866131192,0.1907790143084261,
W2_apt,4,0.2,pin_prefix24,0.5797101449275363,0.5245901639344263,0.5507745266781412,0.09220985691573927,
W2_apt,4,0.2,pin_scope16,0.6971830985915493,0.32459016393442625,0.4429530201342282,0.03418124006359301,
W2_apt,4,0.2,pin_useragent,0.468944099378882,0.49508196721311476,0.481658692185008,0.1359300476947536,
W2_apt,4,0.2,pin_useragent_core,1.0,0.21311475409836064,0.3513513513513513,0.0,
W2_apt,4,0.2,pin_ip_or_useragent,0.43771626297577854,0.8295081967213115,0.5730464326160815,0.25834658187599363,
W2_apt,4,0.2,pin_ip_and_useragent,0.5376344086021505,0.32786885245901637,0.4073319755600815,0.06836248012718601,
W2_apt,4,0.2,score_distinct_bindings,1.0,0.03934426229508197,0.07570977917981074,0.0,0.7573483802027678
W2_apt,4,0.2,score_max_request_rate,0.0,0.0,0.0,0.0,0.5118728661158748
W2_apt,4,0.2,score_burstiness,0.08333333333333333,0.003278688524590164,0.006309148264984228,0.008744038155802861,0.48251322682373793
W2_apt,5,0.2,SICA (proposed),0.8478260869565217,0.25742574257425743,0.3949367088607595,0.011111111111111112,0.8512756037508513
W2_apt,5,0.2,pin_ip,0.4774193548387097,0.7326732673267327,0.5781250000000001,0.19285714285714287,
W2_apt,5,0.2,pin_prefix24,0.5777027027027027,0.5643564356435643,0.5709515859766278,0.0992063492063492,
W2_apt,5,0.2,pin_scope16,0.7151898734177216,0.37293729372937295,0.490238611713666,0.03571428571428571,
W2_apt,5,0.2,pin_useragent,0.46178343949044587,0.47854785478547857,0.4700162074554295,0.13412698412698412,
W2_apt,5,0.2,pin_useragent_core,1.0,0.19471947194719472,0.3259668508287293,0.0,
W2_apt,5,0.2,pin_ip_or_useragent,0.4440677966101695,0.8646864686468647,0.5867861142217246,0.26031746031746034,
W2_apt,5,0.2,pin_ip_and_useragent,0.5555555555555556,0.3465346534653465,0.4268292682926829,0.06666666666666667,
W2_apt,5,0.2,score_distinct_bindings,1.0,0.019801980198019802,0.038834951456310676,0.0,0.7649104196133899
W2_apt,5,0.2,score_max_request_rate,0.0,0.0,0.0,0.0,0.5154853580596155
W2_apt,5,0.2,score_burstiness,0.09090909090909091,0.0033003300330033004,0.006369426751592357,0.007936507936507936,0.46543297186861543
W2_apt,6,0.2,SICA (proposed),0.8796296296296297,0.2852852852852853,0.43083900226757366,0.01056910569105691,0.8436558509729242
W2_apt,6,0.2,pin_ip,0.5123042505592841,0.6876876876876877,0.5871794871794871,0.1772357723577236,
W2_apt,6,0.2,pin_prefix24,0.5824915824915825,0.5195195195195195,0.5492063492063493,0.1008130081300813,
W2_apt,6,0.2,pin_scope16,0.7080745341614907,0.34234234234234234,0.4615384615384615,0.038211382113821135,
W2_apt,6,0.2,pin_useragent,0.51875,0.4984984984984985,0.5084226646248087,0.12520325203252033,
W2_apt,6,0.2,pin_useragent_core,1.0,0.24924924924924924,0.3990384615384615,0.0,
W2_apt,6,0.2,pin_ip_or_useragent,0.48739495798319327,0.8708708708708709,0.6250000000000001,0.24796747967479674,
W2_apt,6,0.2,pin_ip_and_useragent,0.6104651162790697,0.3153153153153153,0.4158415841584158,0.05447154471544716,
W2_apt,6,0.2,score_distinct_bindings,1.0,0.036036036036036036,0.06956521739130435,0.0,0.751710246832198
W2_apt,6,0.2,score_max_request_rate,0.0,0.0,0.0,0.0,0.5215288459190898
W2_apt,6,0.2,score_burstiness,0.0,0.0,0.0,0.008130081300813009,0.4790436778241656
W2_apt,7,0.2,SICA (proposed),0.8552631578947368,0.22727272727272727,0.35911602209944754,0.008613938919342208,0.8609037790713593
W2_apt,7,0.2,pin_ip,0.48148148148148145,0.7272727272727273,0.5793871866295265,0.1754111198120595,
W2_apt,7,0.2,pin_prefix24,0.620817843866171,0.583916083916084,0.6018018018018018,0.07987470634299139,
W2_apt,7,0.2,pin_scope16,0.7254901960784313,0.3881118881118881,0.5056947608200456,0.03288958496476116,
W2_apt,7,0.2,pin_useragent,0.44648318042813456,0.5104895104895105,0.4763458401305058,0.1417384494909945,
W2_apt,7,0.2,pin_useragent_core,1.0,0.22727272727272727,0.37037037037037035,0.0,
W2_apt,7,0.2,pin_ip_or_useragent,0.43478260869565216,0.8741258741258742,0.5807200929152149,0.2545027407987471,
W2_apt,7,0.2,pin_ip_and_useragent,0.5652173913043478,0.36363636363636365,0.4425531914893617,0.06264682850430697,
W2_apt,7,0.2,score_distinct_bindings,1.0,0.04195804195804196,0.08053691275167786,0.0,0.7974026756329027
W2_apt,7,0.2,score_max_request_rate,0.0,0.0,0.0,0.0,0.5132316782669171
W2_apt,7,0.2,score_burstiness,0.08333333333333333,0.0034965034965034965,0.006711409395973154,0.008613938919342208,0.47638970270137065
W2_apt,8,0.2,SICA (proposed),0.8673469387755102,0.2901023890784983,0.43478260869565205,0.010236220472440945,0.8353242320819113
W2_apt,8,0.2,pin_ip,0.5098039215686274,0.7098976109215017,0.5934379457917262,0.15748031496062992,
W2_apt,8,0.2,pin_prefix24,0.5842696629213483,0.5324232081911263,0.5571428571428572,0.08740157480314961,
W2_apt,8,0.2,pin_scope16,0.7272727272727273,0.35494880546075086,0.47706422018348627,0.030708661417322834,
W2_apt,8,0.2,pin_useragent,0.46075085324232085,0.46075085324232085,0.46075085324232085,0.12440944881889764,
W2_apt,8,0.2,pin_useragent_core,1.0,0.21843003412969283,0.3585434173669468,0.0,
W2_apt,8,0.2,pin_ip_or_useragent,0.45935727788279773,0.8293515358361775,0.5912408759124088,0.2251968503937008,
W2_apt,8,0.2,pin_ip_and_useragent,0.5813953488372093,0.3412969283276451,0.43010752688172044,0.05669291338582677,
W2_apt,8,0.2,score_distinct_bindings,1.0,0.030716723549488054,0.059602649006622516,0.0,0.7562763698906237
W2_apt,8,0.2,score_max_request_rate,0.0,0.0,0.0,0.0,0.5010386713606192
W2_apt,8,0.2,score_burstiness,0.0,0.0,0.0,0.007874015748031496,0.455002553008519
W2_apt,9,0.2,SICA (proposed),0.9340659340659341,0.25757575757575757,0.4038004750593824,0.004866180048661801,0.8316461451497947
W2_apt,9,0.2,pin_ip,0.4955947136563877,0.6818181818181818,0.5739795918367346,0.18572587185725872,
W2_apt,9,0.2,pin_prefix24,0.6075471698113207,0.48787878787878786,0.5411764705882353,0.08434712084347121,
W2_apt,9,0.2,pin_scope16,0.75,0.34545454545454546,0.4730290456431535,0.030819140308191405,
W2_apt,9,0.2,pin_useragent,0.48639455782312924,0.43333333333333335,0.45833333333333337,0.12246553122465531,
W2_apt,9,0.2,pin_useragent_core,1.0,0.18181818181818182,0.3076923076923077,0.0,
W2_apt,9,0.2,pin_ip_or_useragent,0.47332185886402756,0.8333333333333334,0.6037321624588365,0.24817518248175183,
W2_apt,9,0.2,pin_ip_and_useragent,0.5568862275449101,0.2818181818181818,0.3742454728370221,0.06001622060016221,
W2_apt,9,0.2,score_distinct_bindings,1.0,0.015151515151515152,0.02985074626865672,0.0,0.738768463221018
W2_apt,9,0.2,score_max_request_rate,0.0,0.0,0.0,0.0,0.5165794194991276
W2_apt,9,0.2,score_burstiness,0.0,0.0,0.0,0.008921330089213302,0.4664749686647497
W2_apt,10,0.2,SICA (proposed),0.9054054054054054,0.24014336917562723,0.37960339943342775,0.005451713395638629,0.8365867751984725
W2_apt,10,0.2,pin_ip,0.4937655860349127,0.7096774193548387,0.5823529411764706,0.15809968847352024,
W2_apt,10,0.2,pin_prefix24,0.601593625498008,0.5412186379928315,0.569811320754717,0.0778816199376947,
W2_apt,10,0.2,pin_scope16,0.7480916030534351,0.35125448028673834,0.4780487804878048,0.02570093457943925,
W2_apt,10,0.2,pin_useragent,0.445578231292517,0.46953405017921146,0.4572425828970331,0.12694704049844235,
W2_apt,10,0.2,pin_useragent_core,1.0,0.1935483870967742,0.3243243243243243,0.0,
W2_apt,10,0.2,pin_ip_or_useragent,0.4444444444444444,0.8172043010752689,0.5757575757575758,0.2219626168224299,
W2_apt,10,0.2,pin_ip_and_useragent,0.554945054945055,0.36200716845878134,0.43817787418655096,0.0630841121495327,
W2_apt,10,0.2,score_distinct_bindings,1.0,0.03942652329749104,0.07586206896551724,0.0,0.7582934155137954
W2_apt,10,0.2,score_max_request_rate,0.0,0.0,0.0,0.0,0.5227098895700041
W2_apt,10,0.2,score_burstiness,0.15384615384615385,0.007168458781362007,0.013698630136986299,0.008566978193146417,0.4786509451869717
W2_apt,11,0.2,SICA (proposed),0.9117647058823529,0.30097087378640774,0.45255474452554745,0.007177033492822967,0.8482745183051775
W2_apt,11,0.2,pin_ip,0.5083135391923991,0.6925566343042071,0.5863013698630137,0.16507177033492823,
W2_apt,11,0.2,pin_prefix24,0.6245210727969349,0.5275080906148867,0.5719298245614035,0.07814992025518341,
W2_apt,11,0.2,pin_scope16,0.7604790419161677,0.4110032362459547,0.5336134453781513,0.03189792663476874,
W2_apt,11,0.2,pin_useragent,0.47266881028938906,0.47572815533980584,0.4741935483870968,0.13078149920255183,
W2_apt,11,0.2,pin_useragent_core,1.0,0.2168284789644013,0.3563829787234043,0.0,
W2_apt,11,0.2,pin_ip_or_useragent,0.47302158273381295,0.8511326860841424,0.608092485549133,0.23365231259968103,
W2_apt,11,0.2,pin_ip_and_useragent,0.5568181818181818,0.31715210355987056,0.4041237113402062,0.06220095693779904,
W2_apt,11,0.2,score_distinct_bindings,1.0,0.032362459546925564,0.06269592476489028,0.0,0.7583061065432042
W2_apt,11,0.2,score_max_request_rate,0.0,0.0,0.0,0.0,0.48765632822863275
W2_apt,11,0.2,score_burstiness,0.07692307692307693,0.003236245954692557,0.006211180124223602,0.009569377990430622,0.4327691839189029
W2_apt,12,0.2,SICA (proposed),1.0,0.15673981191222572,0.2710027100271003,0.0,0.8350326079287161
W2_apt,12,0.2,pin_ip,0.5021645021645021,0.7272727272727273,0.5941101152368757,0.18488745980707397,
W2_apt,12,0.2,pin_prefix24,0.5932203389830508,0.54858934169279,0.5700325732899022,0.09646302250803858,
W2_apt,12,0.2,pin_scope16,0.6428571428571429,0.3667711598746082,0.4670658682634731,0.0522508038585209,
W2_apt,12,0.2,pin_useragent,0.5167785234899329,0.4827586206896552,0.49918962722852517,0.1157556270096463,
W2_apt,12,0.2,pin_useragent_core,1.0,0.2225705329153605,0.3641025641025641,0.0,
W2_apt,12,0.2,pin_ip_or_useragent,0.4781849912739965,0.8589341692789969,0.6143497757847534,0.24035369774919615,
W2_apt,12,0.2,pin_ip_and_useragent,0.5989304812834224,0.3510971786833856,0.44268774703557306,0.06028938906752412,
W2_apt,12,0.2,score_distinct_bindings,1.0,0.025078369905956112,0.04892966360856269,0.0,0.7586206896551724
W2_apt,12,0.2,score_max_request_rate,0.0,0.0,0.0,0.0,0.5249977320605993
W2_apt,12,0.2,score_burstiness,0.09090909090909091,0.003134796238244514,0.006060606060606061,0.008038585209003215,0.4688498523319457
W2_apt,13,0.2,SICA (proposed),0.9139784946236559,0.2842809364548495,0.4336734693877551,0.006329113924050633,0.8513967973413488
W2_apt,13,0.2,pin_ip,0.4965034965034965,0.7123745819397993,0.5851648351648352,0.17088607594936708,
W2_apt,13,0.2,pin_prefix24,0.5645756457564576,0.5117056856187291,0.5368421052631579,0.09335443037974683,
W2_apt,13,0.2,pin_scope16,0.7307692307692307,0.38127090301003347,0.5010989010989011,0.03322784810126582,
W2_apt,13,0.2,pin_useragent,0.48514851485148514,0.4916387959866221,0.4883720930232558,0.12341772151898735,
W2_apt,13,0.2,pin_useragent_core,1.0,0.20735785953177258,0.34349030470914127,0.0,
W2_apt,13,0.2,pin_ip_or_useragent,0.4659498207885305,0.8695652173913043,0.6067677946324387,0.23575949367088608,
W2_apt,13,0.2,pin_ip_and_useragent,0.5747126436781609,0.33444816053511706,0.4228329809725158,0.058544303797468354,
W2_apt,13,0.2,score_distinct_bindings,1.0,0.033444816053511704,0.06472491909385113,0.0,0.7458537953515939
W2_apt,13,0.2,score_max_request_rate,0.0,0.0,0.0,0.0,0.5055512044367301
W2_apt,13,0.2,score_burstiness,0.0,0.0,0.0,0.00949367088607595,0.44832326108124126
W2_apt,14,0.2,SICA (proposed),0.8210526315789474,0.2582781456953642,0.3929471032745591,0.013481363996827915,0.8090196994921511
W2_apt,14,0.2,pin_ip,0.46511627906976744,0.6622516556291391,0.546448087431694,0.1823949246629659,
W2_apt,14,0.2,pin_prefix24,0.5376344086021505,0.4966887417218543,0.5163511187607572,0.10229976209357652,
W2_apt,14,0.2,pin_scope16,0.6024844720496895,0.3211920529801324,0.41900647948164144,0.05075337034099921,
W2_apt,14,0.2,pin_useragent,0.46060606060606063,0.5033112582781457,0.4810126582278481,0.14115781126090404,
W2_apt,14,0.2,pin_useragent_core,1.0,0.20198675496688742,0.33608815426997246,0.0,
W2_apt,14,0.2,pin_ip_or_useragent,0.4432624113475177,0.8278145695364238,0.5773672055427251,0.24900872323552736,
W2_apt,14,0.2,pin_ip_and_useragent,0.5204081632653061,0.33774834437086093,0.40963855421686746,0.07454401268834258,
W2_apt,14,0.2,score_distinct_bindings,1.0,0.026490066225165563,0.05161290322580646,0.0,0.7283507780537889
W2_apt,14,0.2,score_max_request_rate,0.0,0.0,0.0,0.0,0.49880915493327593
W2_apt,14,0.2,score_burstiness,0.09090909090909091,0.0033112582781456954,0.006389776357827476,0.007930214115781126,0.43661474389609845
W2_apt,15,0.2,SICA (proposed),0.8631578947368421,0.26366559485530544,0.40394088669950734,0.010383386581469648,0.8596637662697882
W2_apt,15,0.2,pin_ip,0.5077605321507761,0.7363344051446945,0.6010498687664042,0.17731629392971246,
W2_apt,15,0.2,pin_prefix24,0.584192439862543,0.5466237942122186,0.5647840531561462,0.09664536741214058,
W2_apt,15,0.2,pin_scope16,0.6946107784431138,0.3729903536977492,0.4853556485355649,0.04073482428115016,
W2_apt,15,0.2,pin_useragent,0.49226006191950467,0.5112540192926045,0.501577287066246,0.13099041533546327,
W2_apt,15,0.2,pin_useragent_core,1.0,0.2090032154340836,0.34574468085106386,0.0,
W2_apt,15,0.2,pin_ip_or_useragent,0.4717948717948718,0.887459807073955,0.6160714285714285,0.24680511182108625,
W2_apt,15,0.2,pin_ip_and_useragent,0.5925925925925926,0.36012861736334406,0.448,0.06150159744408946,
W2_apt,15,0.2,score_distinct_bindings,1.0,0.03215434083601286,0.06230529595015576,0.0,0.7683436405288516
W2_apt,15,0.2,score_max_request_rate,0.0,0.0,0.0,0.0,0.5134010663324533
W2_apt,15,0.2,score_burstiness,0.0,0.0,0.0,0.009584664536741214,0.46601835776583833
W2_apt,16,0.2,SICA (proposed),0.8817204301075269,0.2949640287769784,0.4420485175202156,0.008560311284046693,0.8518083587604625
W2_apt,16,0.2,pin_ip,0.44124168514412415,0.7158273381294964,0.5459533607681756,0.1961089494163424,
W2_apt,16,0.2,pin_prefix24,0.5604395604395604,0.5503597122302158,0.5553539019963702,0.0933852140077821,
W2_apt,16,0.2,pin_scope16,0.6821192052980133,0.37050359712230213,0.48018648018648014,0.03735408560311284,
W2_apt,16,0.2,pin_useragent,0.45180722891566266,0.539568345323741,0.4918032786885246,0.14163424124513618,
W2_apt,16,0.2,pin_useragent_core,1.0,0.22661870503597123,0.3695014662756599,0.0,
W2_apt,16,0.2,pin_ip_or_useragent,0.41694915254237286,0.8848920863309353,0.5668202764976958,0.267704280155642,
W2_apt,16,0.2,pin_ip_and_useragent,0.533678756476684,0.37050359712230213,0.4373673036093418,0.07003891050583658,
W2_apt,16,0.2,score_distinct_bindings,1.0,0.046762589928057555,0.08934707903780069,0.0,0.7774333062732693
W2_apt,16,0.2,score_max_request_rate,0.0,0.0,0.0,0.0,0.5146054362735493
W2_apt,16,0.2,score_burstiness,0.1111111111111111,0.0035971223021582736,0.006968641114982578,0.0062256809338521405,0.46238417826050443
W2_apt,17,0.2,SICA (proposed),0.8842105263157894,0.25688073394495414,0.39810426540284366,0.00889967637540453,0.8409427174569243
W2_apt,17,0.2,pin_ip,0.5,0.6666666666666666,0.5714285714285715,0.17637540453074432,
W2_apt,17,0.2,pin_prefix24,0.6102941176470589,0.5076452599388379,0.5542570951585977,0.08576051779935275,
W2_apt,17,0.2,pin_scope16,0.7284768211920529,0.3363914373088685,0.4602510460251046,0.03317152103559871,
W2_apt,17,0.2,pin_useragent,0.5238095238095238,0.5045871559633027,0.5140186915887851,0.12135922330097088,
W2_apt,17,0.2,pin_useragent_core,1.0,0.22935779816513763,0.373134328358209,0.0,
W2_apt,17,0.2,pin_ip_or_useragent,0.4859154929577465,0.8440366972477065,0.6167597765363129,0.23624595469255663,
W2_apt,17,0.2,pin_ip_and_useragent,0.5846994535519126,0.327217125382263,0.4196078431372549,0.061488673139158574,
W2_apt,17,0.2,score_distinct_bindings,1.0,0.03058103975535168,0.05934718100890208,0.0,0.7565962016171333
W2_apt,17,0.2,score_max_request_rate,0.0,0.0,0.0,0.0,0.5121878804073513
W2_apt,17,0.2,score_burstiness,0.0,0.0,0.0,0.009708737864077669,0.4686705165127718
W2_apt,18,0.2,SICA (proposed),1.0,0.19727891156462585,0.32954545454545453,0.0,0.8556968098508119
W2_apt,18,0.2,pin_ip,0.46220302375809935,0.7278911564625851,0.5653896961690885,0.19621749408983452,
W2_apt,18,0.2,pin_prefix24,0.5422535211267606,0.5238095238095238,0.5328719723183392,0.1024428684003152,
W2_apt,18,0.2,pin_scope16,0.6538461538461539,0.3469387755102041,0.45333333333333325,0.0425531914893617,
W2_apt,18,0.2,pin_useragent,0.4744744744744745,0.5374149659863946,0.5039872408293461,0.13790386130811663,
W2_apt,18,0.2,pin_useragent_core,1.0,0.25170068027210885,0.40217391304347827,0.0,
W2_apt,18,0.2,pin_ip_or_useragent,0.4319327731092437,0.8741496598639455,0.578177727784027,0.26635145784081954,
W2_apt,18,0.2,pin_ip_and_useragent,0.572139303482587,0.391156462585034,0.4646464646464646,0.0677698975571316,
W2_apt,18,0.2,score_distinct_bindings,1.0,0.03741496598639456,0.07213114754098361,0.0,0.7483140616372632
W2_apt,18,0.2,score_max_request_rate,0.0,0.0,0.0,0.0,0.491664120336866
W2_apt,18,0.2,score_burstiness,0.0,0.0,0.0,0.01024428684003152,0.44115565848088645
W2_apt,19,0.2,SICA (proposed),0.8928571428571429,0.25510204081632654,0.39682539682539686,0.0070921985815602835,0.8465635269080051
W2_apt,19,0.2,pin_ip,0.46466809421841543,0.7380952380952381,0.5703022339027596,0.19700551615445233,
W2_apt,19,0.2,pin_prefix24,0.5371024734982333,0.5170068027210885,0.5268630849220104,0.10323089046493301,
W2_apt,19,0.2,pin_scope16,0.65,0.30952380952380953,0.41935483870967744,0.038613081166272656,
W2_apt,19,0.2,pin_useragent,0.49185667752442996,0.5136054421768708,0.502495840266223,0.12293144208037825,
W2_apt,19,0.2,pin_useragent_core,1.0,0.22789115646258504,0.37119113573407203,0.0,
W2_apt,19,0.2,pin_ip_or_useragent,0.4431239388794567,0.8877551020408163,0.5911664779161948,0.25847123719464143,
W2_apt,19,0.2,pin_ip_and_useragent,0.5783783783783784,0.36394557823129253,0.4467640918580376,0.061465721040189124,
W2_apt,19,0.2,score_distinct_bindings,1.0,0.034013605442176874,0.06578947368421054,0.0,0.742657188959114
W2_apt,19,0.2,score_max_request_rate,0.0,0.0,0.0,0.0,0.5010842004256392
W2_apt,19,0.2,score_burstiness,0.2,0.006802721088435374,0.013157894736842105,0.006304176516942475,0.46406592581871203
W2_apt,0,0.35,SICA (proposed),1.0,0.14814814814814814,0.25806451612903225,0.0,0.8081087334641837
W2_apt,0,0.35,pin_ip,0.3645833333333333,0.7070707070707071,0.4810996563573883,0.2890995260663507,
W2_apt,0,0.35,pin_prefix24,0.46745562130177515,0.531986531986532,0.4976377952755906,0.14218009478672985,
W2_apt,0,0.35,pin_scope16,0.5534591194968553,0.2962962962962963,0.38596491228070173,0.05608214849921011,
W2_apt,0,0.35,pin_useragent,0.3547008547008547,0.5589225589225589,0.43398692810457523,0.23854660347551343,
W2_apt,0,0.35,pin_useragent_core,1.0,0.25252525252525254,0.40322580645161293,0.0,
W2_apt,0,0.35,pin_ip_or_useragent,0.33634020618556704,0.8787878787878788,0.48648648648648646,0.4067930489731438,
W2_apt,0,0.35,pin_ip_and_useragent,0.4291044776119403,0.3872053872053872,0.4070796460176992,0.12085308056872038,
W2_apt,0,0.35,score_distinct_bindings,1.0,0.04040404040404041,0.07766990291262137,0.0,0.7398630858346498
W2_apt,0,0.35,score_max_request_rate,0.0,0.0,0.0,0.0,0.49647076345338587
W2_apt,0,0.35,score_burstiness,0.08333333333333333,0.003367003367003367,0.006472491909385113,0.008688783570300158,0.45243642321051486
W2_apt,1,0.35,SICA (proposed),0.9125,0.23934426229508196,0.37922077922077924,0.005564387917329093,0.8158513383199979
W2_apt,1,0.35,pin_ip,0.3968804159445407,0.7508196721311475,0.5192743764172335,0.2766295707472178,
W2_apt,1,0.35,pin_prefix24,0.48158640226628896,0.5573770491803278,0.5167173252279634,0.14546899841017488,
W2_apt,1,0.35,pin_scope16,0.6132596685082873,0.3639344262295082,0.45679012345679015,0.05564387917329094,
W2_apt,1,0.35,pin_useragent,0.3579418344519016,0.5245901639344263,0.4255319148936171,0.22813990461049286,
W2_apt,1,0.35,pin_useragent_core,1.0,0.18032786885245902,0.3055555555555556,0.0,
W2_apt,1,0.35,pin_ip_or_useragent,0.3548812664907652,0.8819672131147541,0.5061147695202258,0.3887122416534181,
W2_apt,1,0.35,pin_ip_and_useragent,0.45112781954887216,0.39344262295081966,0.4203152364273205,0.11605723370429252,
W2_apt,1,0.35,score_distinct_bindings,1.0,0.06557377049180328,0.12307692307692307,0.0,0.7385923532018035
W2_apt,1,0.35,score_max_request_rate,0.0,0.0,0.0,0.0,0.510451145455967
W2_apt,1,0.35,score_burstiness,0.18181818181818182,0.006557377049180328,0.012658227848101266,0.007154213036565978,0.48962964893533845
W2_apt,2,0.35,SICA (proposed),1.0,0.14705882352941177,0.25641025641025644,0.0,0.7872242240836934
W2_apt,2,0.35,pin_ip,0.3608768971332209,0.6993464052287581,0.47608453837597325,0.3015115354017502,
W2_apt,2,0.35,pin_prefix24,0.4393063583815029,0.49673202614379086,0.46625766871165647,0.15433571996817821,
W2_apt,2,0.35,pin_scope16,0.5906432748538012,0.3300653594771242,0.42348008385744235,0.05568814638027048,
W2_apt,2,0.35,pin_useragent,0.34945054945054943,0.5196078431372549,0.41787122207621546,0.2354813046937152,
W2_apt,2,0.35,pin_useragent_core,1.0,0.21895424836601307,0.3592493297587131,0.0,
W2_apt,2,0.35,pin_ip_or_useragent,0.33161290322580644,0.8398692810457516,0.47548566142460685,0.4120922832140016,
W2_apt,2,0.35,pin_ip_and_useragent,0.4249084249084249,0.3790849673202614,0.4006908462867012,0.1249005568814638,
W2_apt,2,0.35,score_distinct_bindings,1.0,0.049019607843137254,0.09345794392523364,0.0,0.719098538381144
W2_apt,2,0.35,score_max_request_rate,0.0,0.0,0.0,0.0,0.506719235028936
W2_apt,2,0.35,score_burstiness,0.0,0.0,0.0,0.00954653937947494,0.4584847728537185
W2_apt,3,0.35,SICA (proposed),0.826530612244898,0.2604501607717042,0.39608801955990225,0.013578274760383386,0.8264063671758627
W2_apt,3,0.35,pin_ip,0.40034071550255534,0.7556270096463023,0.5233853006681515,0.28115015974440893,
W2_apt,3,0.35,pin_prefix24,0.509915014164306,0.5787781350482315,0.5421686746987951,0.13817891373801916,
W2_apt,3,0.35,pin_scope16,0.6345177664974619,0.40192926045016075,0.49212598425196846,0.05750798722044728,
W2_apt,3,0.35,pin_useragent,0.3741339491916859,0.5209003215434084,0.435483870967742,0.21645367412140576,
W2_apt,3,0.35,pin_useragent_core,1.0,0.22508038585209003,0.3674540682414698,0.0,
W2_apt,3,0.35,pin_ip_or_useragent,0.35826771653543305,0.8778135048231511,0.5088536812674743,0.39057507987220447,
W2_apt,3,0.35,pin_ip_and_useragent,0.4806201550387597,0.3987138263665595,0.43585237258347986,0.10702875399361023,
W2_apt,3,0.35,score_distinct_bindings,1.0,0.05466237942122187,0.10365853658536586,0.0,0.7578382626382997
W2_apt,3,0.35,score_max_request_rate,0.0,0.0,0.0,0.0,0.49913450376503704
W2_apt,3,0.35,score_burstiness,0.0,0.0,0.0,0.009584664536741214,0.4620003492803797
W2_apt,4,0.35,SICA (proposed),0.8043478260869565,0.24666666666666667,0.3775510204081633,0.014251781472684086,0.8058498284507786
W2_apt,4,0.35,pin_ip,0.36363636363636365,0.7333333333333333,0.48618784530386744,0.30482977038796516,
W2_apt,4,0.35,pin_prefix24,0.48579545454545453,0.57,0.5245398773006135,0.14330958036421218,
W2_apt,4,0.35,pin_scope16,0.625,0.36666666666666664,0.4621848739495798,0.052256532066508314,
W2_apt,4,0.35,pin_useragent,0.35344827586206895,0.5466666666666666,0.4293193717277487,0.2375296912114014,
W2_apt,4,0.35,pin_useragent_core,1.0,0.23,0.3739837398373984,0.0,
W2_apt,4,0.35,pin_ip_or_useragent,0.32957393483709274,0.8766666666666667,0.4790528233151184,0.4235946159936659,
W2_apt,4,0.35,pin_ip_and_useragent,0.44649446494464945,0.4033333333333333,0.4238178633975482,0.1187648456057007,
W2_apt,4,0.35,score_distinct_bindings,1.0,0.04666666666666667,0.089171974522293,0.0,0.7533557666930588
W2_apt,4,0.35,score_max_request_rate,0.0,0.0,0.0,0.0,0.5119292689363948
W2_apt,4,0.35,score_burstiness,0.0,0.0,0.0,0.010292953285827395,0.4698680390604381
W2_apt,5,0.35,SICA (proposed),1.0,0.17288135593220338,0.2947976878612717,0.0,0.8355624766080308
W2_apt,5,0.35,pin_ip,0.38408304498269896,0.752542372881356,0.5085910652920962,0.2807570977917981,
W2_apt,5,0.35,pin_prefix24,0.47878787878787876,0.535593220338983,0.5055999999999999,0.13564668769716087,
W2_apt,5,0.35,pin_scope16,0.5833333333333334,0.33220338983050846,0.42332613390928725,0.055205047318611984,
W2_apt,5,0.35,pin_useragent,0.38181818181818183,0.5694915254237288,0.45714285714285713,0.21451104100946372,
W2_apt,5,0.35,pin_useragent_core,1.0,0.25084745762711863,0.40108401084010836,0.0,
W2_apt,5,0.35,pin_ip_or_useragent,0.3464566929133858,0.8949152542372881,0.49952696310312206,0.39274447949526814,
W2_apt,5,0.35,pin_ip_and_useragent,0.4921875,0.4271186440677966,0.4573502722323049,0.10252365930599369,
W2_apt,5,0.35,score_distinct_bindings,1.0,0.0576271186440678,0.10897435897435898,0.0,0.7394749505426936
W2_apt,5,0.35,score_max_request_rate,0.0,0.0,0.0,0.0,0.5098059134898145
W2_apt,5,0.35,score_burstiness,0.07692307692307693,0.003389830508474576,0.006493506493506493,0.00946372239747634,0.4702908624284874
W2_apt,6,0.35,SICA (proposed),1.0,0.15034965034965034,0.2613981762917933,0.0,0.820155959936696
W2_apt,6,0.35,pin_ip,0.370242214532872,0.7482517482517482,0.49537037037037035,0.2850430696945967,
W2_apt,6,0.35,pin_prefix24,0.4553072625698324,0.5699300699300699,0.5062111801242236,0.15270164447924825,
W2_apt,6,0.35,pin_scope16,0.5955056179775281,0.3706293706293706,0.45689655172413796,0.056382145653876274,
W2_apt,6,0.35,pin_useragent,0.34675615212527966,0.541958041958042,0.42291950886766716,0.22866092404072044,
W2_apt,6,0.35,pin_useragent_core,1.0,0.2062937062937063,0.3420289855072464,0.0,
W2_apt,6,0.35,pin_ip_or_useragent,0.32989690721649484,0.8951048951048951,0.4821092278719397,0.4072043852779953,
W2_apt,6,0.35,pin_ip_and_useragent,0.4538152610441767,0.3951048951048951,0.42242990654205603,0.10649960845732184,
W2_apt,6,0.35,score_distinct_bindings,1.0,0.038461538461538464,0.07407407407407407,0.0,0.7430193142800817
W2_apt,6,0.35,score_max_request_rate,0.0,0.0,0.0,0.0,0.4934820465360794
W2_apt,6,0.35,score_burstiness,0.09090909090909091,0.0034965034965034965,0.006734006734006734,0.007830853563038372,0.4520784618670288
W2_apt,7,0.35,SICA (proposed),0.851063829787234,0.26755852842809363,0.4071246819338422,0.011075949367088608,0.8101755323652682
W2_apt,7,0.35,pin_ip,0.37094017094017095,0.725752508361204,0.4909502262443439,0.2911392405063291,
W2_apt,7,0.35,pin_prefix24,0.4871060171919771,0.568561872909699,0.5246913580246914,0.14161392405063292,
W2_apt,7,0.35,pin_scope16,0.5869565217391305,0.3612040133779264,0.4472049689440994,0.060126582278481014,
W2_apt,7,0.35,pin_useragent,0.3425531914893617,0.5384615384615384,0.4187256176853056,0.2444620253164557,
W2_apt,7,0.35,pin_useragent_core,1.0,0.22408026755852842,0.36612021857923494,0.0,
W2_apt,7,0.35,pin_ip_or_useragent,0.3294871794871795,0.8595317725752508,0.47636700648748836,0.4137658227848101,
W2_apt,7,0.35,pin_ip_and_useragent,0.44,0.40468227424749165,0.421602787456446,0.12183544303797468,
W2_apt,7,0.35,score_distinct_bindings,1.0,0.07692307692307693,0.14285714285714288,0.0,0.7607266838829855
W2_apt,7,0.35,score_max_request_rate,0.0,0.0,0.0,0.0,0.5052455971381398
W2_apt,7,0.35,score_burstiness,0.0,0.0,0.0,0.00949367088607595,0.4420510350958893
W2_apt,8,0.35,SICA (proposed),0.8735632183908046,0.2743682310469314,0.41758241758241754,0.008553654743390357,0.8250023861524555
W2_apt,8,0.35,pin_ip,0.3460837887067395,0.6859205776173285,0.460048426150121,0.27916018662519443,
W2_apt,8,0.35,pin_prefix24,0.4740061162079511,0.5595667870036101,0.5132450331125827,0.13374805598755832,
W2_apt,8,0.35,pin_scope16,0.5977653631284916,0.3862815884476534,0.4692982456140351,0.05598755832037325,
W2_apt,8,0.35,pin_useragent,0.34408602150537637,0.5776173285198556,0.431266846361186,0.23716951788491447,
W2_apt,8,0.35,pin_useragent_core,1.0,0.2815884476534296,0.4394366197183099,0.0,
W2_apt,8,0.35,pin_ip_or_useragent,0.33063427800269907,0.8844765342960289,0.48133595284872305,0.3856920684292379,
W2_apt,8,0.35,pin_ip_and_useragent,0.38461538461538464,0.37906137184115524,0.38181818181818183,0.13063763608087092,
W2_apt,8,0.35,score_distinct_bindings,1.0,0.06498194945848375,0.12203389830508472,0.0,0.7750167030671884
W2_apt,8,0.35,score_max_request_rate,0.0,0.0,0.0,0.0,0.4940753238149244
W2_apt,8,0.35,score_burstiness,0.0,0.0,0.0,0.00933125972006221,0.45884308100005056
W2_apt,9,0.35,SICA (proposed),0.8571428571428571,0.24074074074074073,0.37590361445783127,0.010492332526230832,0.8176135174722745
W2_apt,9,0.35,pin_ip,0.3826955074875208,0.7098765432098766,0.4972972972972972,0.2994350282485876,
W2_apt,9,0.35,pin_prefix24,0.4958217270194986,0.5493827160493827,0.5212298682284041,0.14608555286521388,
W2_apt,9,0.35,pin_scope16,0.6358695652173914,0.3611111111111111,0.46062992125984253,0.05407586763518967,
W2_apt,9,0.35,pin_useragent,0.3673913043478261,0.5216049382716049,0.43112244897959184,0.23486682808716708,
W2_apt,9,0.35,pin_useragent_core,1.0,0.22839506172839505,0.37185929648241206,0.0,
W2_apt,9,0.35,pin_ip_or_useragent,0.3583227445997459,0.8703703703703703,0.5076507650765076,0.4075867635189669,
W2_apt,9,0.35,pin_ip_and_useragent,0.42700729927007297,0.3611111111111111,0.391304347826087,0.12671509281678772,
W2_apt,9,0.35,score_distinct_bindings,1.0,0.06481481481481481,0.1217391304347826,0.0,0.7465062924102472
W2_apt,9,0.35,score_max_request_rate,0.0,0.0,0.0,0.0,0.49561324843810717
W2_apt,9,0.35,score_burstiness,0.16666666666666666,0.006172839506172839,0.011904761904761904,0.008071025020177562,0.47073007901633135
W2_apt,10,0.35,SICA (proposed),0.961038961038961,0.2379421221864952,0.3814432989690722,0.0023961661341853034,0.8254574032031066
W2_apt,10,0.35,pin_ip,0.411660777385159,0.7491961414790996,0.5313568985176739,0.2659744408945687,
W2_apt,10,0.35,pin_prefix24,0.5058823529411764,0.5530546623794212,0.5284178187403994,0.134185303514377,
W2_apt,10,0.35,pin_scope16,0.660377358490566,0.33762057877813506,0.44680851063829785,0.04313099041533546,
W2_apt,10,0.35,pin_useragent,0.34292035398230086,0.4983922829581994,0.40629095674967236,0.23722044728434505,
W2_apt,10,0.35,pin_useragent_core,1.0,0.1832797427652733,0.30978260869565216,0.0,
W2_apt,10,0.35,pin_ip_or_useragent,0.363758389261745,0.8713826366559485,0.5132575757575758,0.37859424920127793,
W2_apt,10,0.35,pin_ip_and_useragent,0.42857142857142855,0.3762057877813505,0.40068493150684925,0.12460063897763578,
W2_apt,10,0.35,score_distinct_bindings,1.0,0.04823151125401929,0.09202453987730061,0.0,0.7416095661732225
W2_apt,10,0.35,score_max_request_rate,0.0,0.0,0.0,0.0,0.5305941361988021
W2_apt,10,0.35,score_burstiness,0.1111111111111111,0.003215434083601286,0.00625,0.006389776357827476,0.4978542370791942
W2_apt,11,0.35,SICA (proposed),1.0,0.18518518518518517,0.3125,0.0,0.8234637650833507
W2_apt,11,0.35,pin_ip,0.3993115318416523,0.7160493827160493,0.5127071823204419,0.28167877320419693,
W2_apt,11,0.35,pin_prefix24,0.5285714285714286,0.5709876543209876,0.5489614243323442,0.13317191283292978,
W2_apt,11,0.35,pin_scope16,0.6532663316582915,0.4012345679012346,0.497131931166348,0.05569007263922518,
W2_apt,11,0.35,pin_useragent,0.3946784922394678,0.5493827160493827,0.4593548387096774,0.22033898305084745,
W2_apt,11,0.35,pin_useragent_core,1.0,0.25,0.4,0.0,
W2_apt,11,0.35,pin_ip_or_useragent,0.36959370904325034,0.8703703703703703,0.5188592456301748,0.38821630347054076,
W2_apt,11,0.35,pin_ip_and_useragent,0.4758364312267658,0.3950617283950617,0.4317032040472175,0.11380145278450363,
W2_apt,11,0.35,score_distinct_bindings,1.0,0.06790123456790123,0.12716763005780346,0.0,0.7666390159328013
W2_apt,11,0.35,score_max_request_rate,0.0,0.0,0.0,0.0,0.50269906037326
W2_apt,11,0.35,score_burstiness,0.0,0.0,0.0,0.00887812752219532,0.45321794756823003
W2_apt,12,0.35,SICA (proposed),0.8481012658227848,0.2326388888888889,0.36512261580381467,0.009411764705882352,0.7929207516339869
W2_apt,12,0.35,pin_ip,0.36904761904761907,0.7534722222222222,0.4954337899543379,0.2909803921568627,
W2_apt,12,0.35,pin_prefix24,0.4463768115942029,0.5347222222222222,0.4865718799368088,0.14980392156862746,
W2_apt,12,0.35,pin_scope16,0.5714285714285714,0.3472222222222222,0.4319654427645788,0.058823529411764705,
W2_apt,12,0.35,pin_useragent,0.3373493975903614,0.4861111111111111,0.3982930298719772,0.21568627450980393,
W2_apt,12,0.35,pin_useragent_core,1.0,0.19444444444444445,0.32558139534883723,0.0,
W2_apt,12,0.35,pin_ip_or_useragent,0.3360107095046854,0.8715277777777778,0.4850241545893719,0.38901960784313727,
W2_apt,12,0.35,pin_ip_and_useragent,0.4140625,0.3680555555555556,0.3897058823529412,0.11764705882352941,
W2_apt,12,0.35,score_distinct_bindings,1.0,0.06597222222222222,0.12377850162866448,0.0,0.7199700435729848
W2_apt,12,0.35,score_max_request_rate,0.0,0.0,0.0,0.0,0.4988194444444444
W2_apt,12,0.35,score_burstiness,0.15384615384615385,0.006944444444444444,0.013289036544850499,0.008627450980392156,0.45119281045751636
W2_apt,13,0.35,SICA (proposed),0.9090909090909091,0.22364217252396165,0.358974358974359,0.0056,0.8215642172523961
W2_apt,13,0.35,pin_ip,0.40535714285714286,0.7252396166134185,0.5200458190148912,0.2664,
W2_apt,13,0.35,pin_prefix24,0.47305389221556887,0.5047923322683706,0.4884080370942814,0.1408,
W2_apt,13,0.35,pin_scope16,0.5952380952380952,0.3194888178913738,0.41580041580041577,0.0544,
W2_apt,13,0.35,pin_useragent,0.38427947598253276,0.5623003194888179,0.4565499351491569,0.2256,
W2_apt,13,0.35,pin_useragent_core,1.0,0.21725239616613418,0.3569553805774278,0.0,
W2_apt,13,0.35,pin_ip_or_useragent,0.3673202614379085,0.8977635782747604,0.5213358070500927,0.3872,
W2_apt,13,0.35,pin_ip_and_useragent,0.48221343873517786,0.38977635782747605,0.431095406360424,0.1048,
W2_apt,13,0.35,score_distinct_bindings,1.0,0.07028753993610223,0.13134328358208955,0.0,0.7252830670926518
W2_apt,13,0.35,score_max_request_rate,0.0,0.0,0.0,0.0,0.49924345047923324
W2_apt,13,0.35,score_burstiness,0.0,0.0,0.0,0.0088,0.4322070287539936
W2_apt,14,0.35,SICA (proposed),0.8837209302325582,0.2331288343558282,0.36893203883495146,0.008084074373484237,0.8252153686685083
W2_apt,14,0.35,pin_ip,0.418212478920742,0.7607361963190185,0.5397170837867248,0.2789005658852061,
W2_apt,14,0.35,pin_prefix24,0.5108695652173914,0.5766871165644172,0.5417867435158502,0.14551333872271624,
W2_apt,14,0.35,pin_scope16,0.585,0.3588957055214724,0.4448669201520912,0.06709781729991916,
W2_apt,14,0.35,pin_useragent,0.40130151843817785,0.5674846625766872,0.4701397712833545,0.2231204527081649,
W2_apt,14,0.35,pin_useragent_core,1.0,0.17484662576687116,0.2976501305483028,0.0,
W2_apt,14,0.35,pin_ip_or_useragent,0.3716129032258065,0.8834355828220859,0.5231607629427794,0.3936944219886823,
W2_apt,14,0.35,pin_ip_and_useragent,0.5197132616487455,0.4447852760736196,0.4793388429752066,0.10832659660468877,
W2_apt,14,0.35,score_distinct_bindings,1.0,0.05521472392638037,0.10465116279069768,0.0,0.7472114902966309
W2_apt,14,0.35,score_max_request_rate,0.0,0.0,0.0,0.0,0.52352316856039
W2_apt,14,0.35,score_burstiness,0.08333333333333333,0.003067484662576687,0.005917159763313609,0.00889248181083266,0.47288115418760013
W2_apt,15,0.35,SICA (proposed),0.9130434782608695,0.2736156351791531,0.42105263157894735,0.006369426751592357,0.8069643561069731
W2_apt,15,0.35,pin_ip,0.37603993344425957,0.7361563517915309,0.49779735682819387,0.29856687898089174,
W2_apt,15,0.35,pin_prefix24,0.4638888888888889,0.5439739413680782,0.5007496251874064,0.1536624203821656,
W2_apt,15,0.35,pin_scope16,0.6166666666666667,0.36156351791530944,0.4558521560574949,0.05493630573248408,
W2_apt,15,0.35,pin_useragent,0.36666666666666664,0.5374592833876222,0.43593130779392336,0.2269108280254777,
W2_apt,15,0.35,pin_useragent_core,1.0,0.23127035830618892,0.37566137566137564,0.0,
W2_apt,15,0.35,pin_ip_or_useragent,0.34355044699872284,0.8762214983713354,0.49357798165137606,0.40923566878980894,
W2_apt,15,0.35,pin_ip_and_useragent,0.4552238805970149,0.3973941368078176,0.4243478260869565,0.11624203821656051,
W2_apt,15,0.35,score_distinct_bindings,1.0,0.05537459283387622,0.10493827160493827,0.0,0.7401268698520717
W2_apt,15,0.35,score_max_request_rate,0.0,0.0,0.0,0.0,0.5083222680968484
W2_apt,15,0.35,score_burstiness,0.0,0.0,0.0,0.007961783439490446,0.4669806427519243
W2_apt,16,0.35,SICA (proposed),1.0,0.13131313131313133,0.23214285714285718,0.0,0.8092496848421019
W2_apt,16,0.35,pin_ip,0.38704028021015763,0.7441077441077442,0.5092165898617511,0.2764612954186414,
W2_apt,16,0.35,pin_prefix24,0.47005988023952094,0.5286195286195287,0.4976228209191759,0.13981042654028436,
W2_apt,16,0.35,pin_scope16,0.6325301204819277,0.35353535353535354,0.45356371490280784,0.04818325434439179,
W2_apt,16,0.35,pin_useragent,0.32805429864253394,0.4882154882154882,0.3924221921515561,0.23459715639810427,
W2_apt,16,0.35,pin_useragent_core,1.0,0.19865319865319866,0.33146067415730335,0.0,
W2_apt,16,0.35,pin_ip_or_useragent,0.3333333333333333,0.8619528619528619,0.4807511737089201,0.40442338072669826,
W2_apt,16,0.35,pin_ip_and_useragent,0.4489795918367347,0.37037037037037035,0.40590405904059046,0.1066350710900474,
W2_apt,16,0.35,score_distinct_bindings,1.0,0.04040404040404041,0.07766990291262137,0.0,0.7308990377710757
W2_apt,16,0.35,score_max_request_rate,0.0,0.0,0.0,0.0,0.4873896947356663
W2_apt,16,0.35,score_burstiness,0.08333333333333333,0.003367003367003367,0.006472491909385113,0.008688783570300158,0.46619033941308824
W2_apt,17,0.35,SICA (proposed),0.8712871287128713,0.2716049382716049,0.4141176470588235,0.010492332526230832,0.8219105909783876
W2_apt,17,0.35,pin_ip,0.40765391014975044,0.7561728395061729,0.5297297297297298,0.28732849071832123,
W2_apt,17,0.35,pin_prefix24,0.4783783783783784,0.5462962962962963,0.5100864553314122,0.15577078288942695,
W2_apt,17,0.35,pin_scope16,0.6091370558375635,0.37037037037037035,0.46065259117082535,0.062146892655367235,
W2_apt,17,0.35,pin_useragent,0.3952380952380952,0.5123456790123457,0.446236559139785,0.2050040355125101,
W2_apt,17,0.35,pin_useragent_core,1.0,0.2006172839506173,0.3341902313624679,0.0,
W2_apt,17,0.35,pin_ip_or_useragent,0.3716129032258065,0.8888888888888888,0.5241128298453139,0.3930589184826473,
W2_apt,17,0.35,pin_ip_and_useragent,0.5,0.37962962962962965,0.43157894736842106,0.09927360774818401,
W2_apt,17,0.35,score_distinct_bindings,1.0,0.06481481481481481,0.1217391304347826,0.0,0.7296318715810242
W2_apt,17,0.35,score_max_request_rate,0.0,0.0,0.0,0.0,0.5086850705965583
W2_apt,17,0.35,score_burstiness,0.08333333333333333,0.0030864197530864196,0.005952380952380952,0.00887812752219532,0.4627014019669387
W2_apt,18,0.35,SICA (proposed),1.0,0.14726027397260275,0.25671641791044775,0.0,0.8327589644654732
W2_apt,18,0.35,pin_ip,0.37080536912751677,0.7568493150684932,0.4977477477477477,0.2950432730133753,
W2_apt,18,0.35,pin_prefix24,0.47023809523809523,0.541095890410959,0.5031847133757962,0.14004720692368214,
W2_apt,18,0.35,pin_scope16,0.6045197740112994,0.3664383561643836,0.4562899786780384,0.05507474429583006,
W2_apt,18,0.35,pin_useragent,0.32339449541284404,0.4828767123287671,0.3873626373626374,0.23210070810385522,
W2_apt,18,0.35,pin_useragent_core,1.0,0.18493150684931506,0.3121387283236994,0.0,
W2_apt,18,0.35,pin_ip_or_useragent,0.3333333333333333,0.8972602739726028,0.4860853432282004,0.41227380015735643,
W2_apt,18,0.35,pin_ip_and_useragent,0.4065040650406504,0.3424657534246575,0.3717472118959107,0.11487018095987411,
W2_apt,18,0.35,score_distinct_bindings,1.0,0.06506849315068493,0.12218649517684887,0.0,0.7461765625168404
W2_apt,18,0.35,score_max_request_rate,0.0,0.0,0.0,0.0,0.4849891682743606
W2_apt,18,0.35,score_burstiness,0.0,0.0,0.0,0.00944138473642801,0.47147510858670233
W2_apt,19,0.35,SICA (proposed),0.8522727272727273,0.2403846153846154,0.375,0.010391686650679457,0.8160766258787842
W2_apt,19,0.35,pin_ip,0.3985890652557319,0.7243589743589743,0.5142207053469853,0.27258193445243806,
W2_apt,19,0.35,pin_prefix24,0.484149855907781,0.5384615384615384,0.5098634294385433,0.14308553157474022,
W2_apt,19,0.35,pin_scope16,0.6243093922651933,0.36217948717948717,0.45841784989858014,0.05435651478816946,
W2_apt,19,0.35,pin_useragent,0.37168141592920356,0.5384615384615384,0.4397905759162304,0.2270183852917666,
W2_apt,19,0.35,pin_useragent_core,1.0,0.1858974358974359,0.31351351351351353,0.0,
W2_apt,19,0.35,pin_ip_or_useragent,0.3559322033898305,0.875,0.5060240963855422,0.39488409272581937,
W2_apt,19,0.35,pin_ip_and_useragent,0.4801587301587302,0.38782051282051283,0.42907801418439717,0.10471622701838529,
W2_apt,19,0.35,score_distinct_bindings,1.0,0.057692307692307696,0.1090909090909091,0.0,0.7354693168542089
W2_apt,19,0.35,score_max_request_rate,0.0,0.0,0.0,0.0,0.4970715735104224
W2_apt,19,0.35,score_burstiness,0.1,0.003205128205128205,0.006211180124223602,0.007194244604316547,0.44298663633196006
