workload,seed,level,mode,detector,recall,precision,f1,fpr,roc_auc
W1_web,0,L0,takeover,SICA (proposed),0.9473684210526315,0.9,0.9230769230769231,0.018518518518518517,0.9982943469785575
W1_web,0,L0,takeover,pin_ip,1.0,0.5277777777777778,0.6909090909090909,0.1574074074074074,
W1_web,0,L0,takeover,pin_prefix24,1.0,0.7037037037037037,0.8260869565217391,0.07407407407407407,
W1_web,0,L0,takeover,pin_scope16,1.0,0.8636363636363636,0.9268292682926829,0.027777777777777776,
W1_web,0,L0,takeover,pin_useragent,1.0,0.5428571428571428,0.7037037037037037,0.14814814814814814,
W1_web,0,L0,takeover,pin_useragent_core,0.9473684210526315,1.0,0.972972972972973,0.0,
W1_web,0,L0,takeover,pin_ip_or_useragent,1.0,0.41304347826086957,0.5846153846153846,0.25,
W1_web,0,L0,takeover,pin_ip_and_useragent,1.0,0.76,0.8636363636363636,0.05555555555555555,
W1_web,0,L0,takeover,score_distinct_bindings,0.0,0.0,0.0,0.0,0.9629629629629629
W1_web,0,L0,takeover,score_max_request_rate,0.0,0.0,0.0,0.0,0.6247563352826511
W1_web,0,L0,takeover,score_burstiness,0.0,0.0,0.0,0.0,0.63182261208577
W1_web,1,L0,takeover,SICA (proposed),1.0,1.0,1.0,0.0,1.0
W1_web,1,L0,takeover,pin_ip,1.0,0.5897435897435898,0.7419354838709677,0.15384615384615385,
W1_web,1,L0,takeover,pin_prefix24,1.0,0.8518518518518519,0.92,0.038461538461538464,
W1_web,1,L0,takeover,pin_scope16,1.0,0.9583333333333334,0.9787234042553191,0.009615384615384616,
W1_web,1,L0,takeover,pin_useragent,1.0,0.6764705882352942,0.8070175438596492,0.10576923076923077,
W1_web,1,L0,takeover,pin_useragent_core,0.8260869565217391,1.0,0.9047619047619047,0.0,
W1_web,1,L0,takeover,pin_ip_or_useragent,1.0,0.5348837209302325,0.6969696969696969,0.19230769230769232,
W1_web,1,L0,takeover,pin_ip_and_useragent,1.0,0.7666666666666667,0.8679245283018869,0.0673076923076923,
W1_web,1,L0,takeover,score_distinct_bindings,0.043478260869565216,1.0,0.08333333333333333,0.0,0.9816053511705686
W1_web,1,L0,takeover,score_max_request_rate,0.0,0.0,0.0,0.0,0.493938127090301
W1_web,1,L0,takeover,score_burstiness,0.0,0.0,0.0,0.0,0.47888795986622074
W1_web,2,L0,takeover,SICA (proposed),0.9375,1.0,0.967741935483871,0.0,0.9993421052631579
W1_web,2,L0,takeover,pin_ip,1.0,0.7111111111111111,0.8311688311688311,0.1368421052631579,
W1_web,2,L0,takeover,pin_prefix24,1.0,0.8421052631578947,0.9142857142857143,0.06315789473684211,
W1_web,2,L0,takeover,pin_scope16,1.0,0.9411764705882353,0.9696969696969697,0.021052631578947368,
W1_web,2,L0,takeover,pin_useragent,0.9375,0.7692307692307693,0.8450704225352113,0.09473684210526316,
W1_web,2,L0,takeover,pin_useragent_core,0.875,1.0,0.9333333333333333,0.0,
W1_web,2,L0,takeover,pin_ip_or_useragent,1.0,0.6808510638297872,0.810126582278481,0.15789473684210525,
W1_web,2,L0,takeover,pin_ip_and_useragent,0.9375,0.8108108108108109,0.8695652173913043,0.07368421052631578,
W1_web,2,L0,takeover,score_distinct_bindings,0.0,0.0,0.0,0.0,0.968421052631579
W1_web,2,L0,takeover,score_max_request_rate,0.0,0.0,0.0,0.0,0.5682565789473685
W1_web,2,L0,takeover,score_burstiness,0.0,0.0,0.0,0.0,0.5154605263157894
W1_web,3,L0,takeover,SICA (proposed),0.8285714285714286,1.0,0.90625,0.0,0.9962732919254659
W1_web,3,L0,takeover,pin_ip,1.0,0.7142857142857143,0.8333333333333333,0.15217391304347827,
W1_web,3,L0,takeover,pin_prefix24,1.0,0.813953488372093,0.8974358974358974,0.08695652173913043,
W1_web,3,L0,takeover,pin_scope16,1.0,0.9210526315789473,0.958904109589041,0.03260869565217391,
W1_web,3,L0,takeover,pin_useragent,0.9714285714285714,0.7391304347826086,0.8395061728395062,0.13043478260869565,
W1_web,3,L0,takeover,pin_useragent_core,0.8285714285714286,1.0,0.90625,0.0,
W1_web,3,L0,takeover,pin_ip_or_useragent,1.0,0.6363636363636364,0.7777777777777778,0.21739130434782608,
W1_web,3,L0,takeover,pin_ip_and_useragent,0.9714285714285714,0.85,0.9066666666666667,0.06521739130434782,
W1_web,3,L0,takeover,score_distinct_bindings,0.0,0.0,0.0,0.0,0.9565217391304348
W1_web,3,L0,takeover,score_max_request_rate,0.0,0.0,0.0,0.0,0.45527950310559007
W1_web,3,L0,takeover,score_burstiness,0.0,0.0,0.0,0.0,0.4063664596273292
W1_web,4,L0,takeover,SICA (proposed),0.8846153846153846,1.0,0.9387755102040816,0.0,0.992003046458492
W1_web,4,L0,takeover,pin_ip,1.0,0.6341463414634146,0.7761194029850745,0.1485148514851485,
W1_web,4,L0,takeover,pin_prefix24,1.0,0.7878787878787878,0.8813559322033898,0.06930693069306931,
W1_web,4,L0,takeover,pin_scope16,1.0,0.7878787878787878,0.8813559322033898,0.06930693069306931,
W1_web,4,L0,takeover,pin_useragent,1.0,0.7878787878787878,0.8813559322033898,0.06930693069306931,
W1_web,4,L0,takeover,pin_useragent_core,0.8846153846153846,1.0,0.9387755102040816,0.0,
W1_web,4,L0,takeover,pin_ip_or_useragent,1.0,0.5777777777777777,0.732394366197183,0.18811881188118812,
W1_web,4,L0,takeover,pin_ip_and_useragent,1.0,0.896551724137931,0.9454545454545454,0.0297029702970297,
W1_web,4,L0,takeover,score_distinct_bindings,0.038461538461538464,1.0,0.07407407407407407,0.0,0.9666793602437167
W1_web,4,L0,takeover,score_max_request_rate,0.0,0.0,0.0,0.0,0.5367479055597868
W1_web,4,L0,takeover,score_burstiness,0.0,0.0,0.0,0.0,0.47277227722772275
W1_web,5,L0,takeover,SICA (proposed),0.7241379310344828,1.0,0.8400000000000001,0.0,0.9887403237156932
W1_web,5,L0,takeover,pin_ip,1.0,0.6041666666666666,0.7532467532467533,0.19387755102040816,
W1_web,5,L0,takeover,pin_prefix24,1.0,0.7631578947368421,0.8656716417910448,0.09183673469387756,
W1_web,5,L0,takeover,pin_scope16,1.0,0.8529411764705882,0.9206349206349206,0.05102040816326531,
W1_web,5,L0,takeover,pin_useragent,0.9655172413793104,0.8,0.8750000000000001,0.07142857142857142,
W1_web,5,L0,takeover,pin_useragent_core,0.7241379310344828,1.0,0.8400000000000001,0.0,
W1_web,5,L0,takeover,pin_ip_or_useragent,1.0,0.5576923076923077,0.7160493827160493,0.23469387755102042,
W1_web,5,L0,takeover,pin_ip_and_useragent,0.9655172413793104,0.9032258064516129,0.9333333333333333,0.030612244897959183,
W1_web,5,L0,takeover,score_distinct_bindings,0.0,0.0,0.0,0.0,0.9540816326530612
W1_web,5,L0,takeover,score_max_request_rate,0.0,0.0,0.0,0.0,0.4824067558057706
W1_web,5,L0,takeover,score_burstiness,0.0,0.0,0.0,0.0,0.45425756509500353
W1_web,6,L0,takeover,SICA (proposed),0.8235294117647058,0.875,0.8484848484848485,0.01818181818181818,0.9925133689839573
W1_web,6,L0,takeover,pin_ip,1.0,0.5151515151515151,0.6799999999999999,0.14545454545454545,
W1_web,6,L0,takeover,pin_prefix24,1.0,0.7391304347826086,0.85,0.05454545454545454,
W1_web,6,L0,takeover,pin_scope16,1.0,0.8095238095238095,0.8947368421052632,0.03636363636363636,
W1_web,6,L0,takeover,pin_useragent,1.0,0.7083333333333334,0.8292682926829268,0.06363636363636363,
W1_web,6,L0,takeover,pin_useragent_core,0.8235294117647058,1.0,0.9032258064516129,0.0,
W1_web,6,L0,takeover,pin_ip_or_useragent,1.0,0.4594594594594595,0.6296296296296297,0.18181818181818182,
W1_web,6,L0,takeover,pin_ip_and_useragent,1.0,0.85,0.9189189189189189,0.02727272727272727,
W1_web,6,L0,takeover,score_distinct_bindings,0.0,0.0,0.0,0.0,0.9727272727272728
W1_web,6,L0,takeover,score_max_request_rate,0.0,0.0,0.0,0.0,0.4681818181818182
W1_web,6,L0,takeover,score_burstiness,0.0,0.0,0.0,0.0,0.46149732620320855
W1_web,7,L0,takeover,SICA (proposed),0.8666666666666667,0.9285714285714286,0.896551724137931,0.008928571428571428,0.9970238095238095
W1_web,7,L0,takeover,pin_ip,1.0,0.46875,0.6382978723404256,0.15178571428571427,
W1_web,7,L0,takeover,pin_prefix24,1.0,0.6,0.7499999999999999,0.08928571428571429,
W1_web,7,L0,takeover,pin_scope16,1.0,0.75,0.8571428571428571,0.044642857142857144,
W1_web,7,L0,takeover,pin_useragent,1.0,0.5357142857142857,0.6976744186046512,0.11607142857142858,
W1_web,7,L0,takeover,pin_useragent_core,0.8666666666666667,1.0,0.9285714285714286,0.0,
W1_web,7,L0,takeover,pin_ip_or_useragent,1.0,0.39473684210526316,0.5660377358490566,0.20535714285714285,
W1_web,7,L0,takeover,pin_ip_and_useragent,1.0,0.6818181818181818,0.8108108108108109,0.0625,
W1_web,7,L0,takeover,score_distinct_bindings,0.06666666666666667,1.0,0.125,0.0,0.9583333333333334
W1_web,7,L0,takeover,score_max_request_rate,0.0,0.0,0.0,0.0,0.5857142857142857
W1_web,7,L0,takeover,score_burstiness,0.0,0.0,0.0,0.0,0.5818452380952381
W1_web,8,L0,takeover,SICA (proposed),0.8846153846153846,1.0,0.9387755102040816,0.0,1.0
W1_web,8,L0,takeover,pin_ip,1.0,0.6666666666666666,0.8,0.12871287128712872,
W1_web,8,L0,takeover,pin_prefix24,1.0,0.8125,0.896551724137931,0.0594059405940594,
W1_web,8,L0,takeover,pin_scope16,1.0,0.9285714285714286,0.962962962962963,0.019801980198019802,
W1_web,8,L0,takeover,pin_useragent,1.0,0.7027027027027027,0.8253968253968255,0.10891089108910891,
W1_web,8,L0,takeover,pin_useragent_core,0.8846153846153846,1.0,0.9387755102040816,0.0,
W1_web,8,L0,takeover,pin_ip_or_useragent,1.0,0.5909090909090909,0.7428571428571429,0.1782178217821782,
W1_web,8,L0,takeover,pin_ip_and_useragent,1.0,0.8125,0.896551724137931,0.0594059405940594,
W1_web,8,L0,takeover,score_distinct_bindings,0.07692307692307693,1.0,0.14285714285714288,0.0,0.9725818735719726
W1_web,8,L0,takeover,score_max_request_rate,0.0,0.0,0.0,0.0,0.5797791317593298
W1_web,8,L0,takeover,score_burstiness,0.0,0.0,0.0,0.0,0.547981721249048
W1_web,9,L0,takeover,SICA (proposed),0.88,1.0,0.9361702127659575,0.0,0.9962745098039215
W1_web,9,L0,takeover,pin_ip,1.0,0.625,0.7692307692307693,0.14705882352941177,
W1_web,9,L0,takeover,pin_prefix24,1.0,0.8064516129032258,0.8928571428571428,0.058823529411764705,
W1_web,9,L0,takeover,pin_scope16,1.0,0.9259259259259259,0.9615384615384615,0.0196078431372549,
W1_web,9,L0,takeover,pin_useragent,0.96,0.7741935483870968,0.8571428571428571,0.06862745098039216,
W1_web,9,L0,takeover,pin_useragent_core,0.88,1.0,0.9361702127659575,0.0,
W1_web,9,L0,takeover,pin_ip_or_useragent,1.0,0.5813953488372093,0.7352941176470588,0.17647058823529413,
W1_web,9,L0,takeover,pin_ip_and_useragent,0.96,0.8571428571428571,0.9056603773584904,0.0392156862745098,
W1_web,9,L0,takeover,score_distinct_bindings,0.0,0.0,0.0,0.0,0.9705882352941176
W1_web,9,L0,takeover,score_max_request_rate,0.0,0.0,0.0,0.0,0.5968627450980392
W1_web,9,L0,takeover,score_burstiness,0.0,0.0,0.0,0.0,0.5090196078431373
W1_web,10,L0,takeover,SICA (proposed),0.8571428571428571,0.9230769230769231,0.888888888888889,0.020202020202020204,0.9920634920634921
W1_web,10,L0,takeover,pin_ip,1.0,0.5384615384615384,0.7000000000000001,0.24242424242424243,
W1_web,10,L0,takeover,pin_prefix24,1.0,0.6829268292682927,0.8115942028985507,0.13131313131313133,
W1_web,10,L0,takeover,pin_scope16,1.0,0.875,0.9333333333333333,0.04040404040404041,
W1_web,10,L0,takeover,pin_useragent,1.0,0.7,0.8235294117647058,0.12121212121212122,
W1_web,10,L0,takeover,pin_useragent_core,0.8571428571428571,1.0,0.923076923076923,0.0,
W1_web,10,L0,takeover,pin_ip_or_useragent,1.0,0.5,0.6666666666666666,0.2828282828282828,
W1_web,10,L0,takeover,pin_ip_and_useragent,1.0,0.7777777777777778,0.8750000000000001,0.08080808080808081,
W1_web,10,L0,takeover,score_distinct_bindings,0.03571428571428571,1.0,0.0689655172413793,0.0,0.9366883116883117
W1_web,10,L0,takeover,score_max_request_rate,0.0,0.0,0.0,0.0,0.522005772005772
W1_web,10,L0,takeover,score_burstiness,0.0,0.0,0.0,0.0,0.49224386724386726
W1_web,11,L0,takeover,SICA (proposed),1.0,1.0,1.0,0.0,1.0
W1_web,11,L0,takeover,pin_ip,1.0,0.5675675675675675,0.7241379310344828,0.1509433962264151,
W1_web,11,L0,takeover,pin_prefix24,1.0,0.8076923076923077,0.8936170212765957,0.04716981132075472,
W1_web,11,L0,takeover,pin_scope16,1.0,0.9545454545454546,0.9767441860465117,0.009433962264150943,
W1_web,11,L0,takeover,pin_useragent,1.0,0.7241379310344828,0.8400000000000001,0.07547169811320754,
W1_web,11,L0,takeover,pin_useragent_core,1.0,1.0,1.0,0.0,
W1_web,11,L0,takeover,pin_ip_or_useragent,1.0,0.5,0.6666666666666666,0.19811320754716982,
W1_web,11,L0,takeover,pin_ip_and_useragent,1.0,0.875,0.9333333333333333,0.02830188679245283,
W1_web,11,L0,takeover,score_distinct_bindings,0.0,0.0,0.0,0.0,0.9764150943396226
W1_web,11,L0,takeover,score_max_request_rate,0.0,0.0,0.0,0.0,0.5056154537286612
W1_web,11,L0,takeover,score_burstiness,0.0,0.0,0.0,0.0,0.5105570530098832
W1_web,12,L0,takeover,SICA (proposed),0.9333333333333333,0.9655172413793104,0.9491525423728815,0.010309278350515464,0.9953608247422681
W1_web,12,L0,takeover,pin_ip,1.0,0.6818181818181818,0.8108108108108109,0.14432989690721648,
W1_web,12,L0,takeover,pin_prefix24,1.0,0.7692307692307693,0.8695652173913044,0.09278350515463918,
W1_web,12,L0,takeover,pin_scope16,1.0,0.967741935483871,0.9836065573770492,0.010309278350515464,
W1_web,12,L0,takeover,pin_useragent,0.9333333333333333,0.7567567567567568,0.835820895522388,0.09278350515463918,
W1_web,12,L0,takeover,pin_useragent_core,0.8333333333333334,1.0,0.9090909090909091,0.0,
W1_web,12,L0,takeover,pin_ip_or_useragent,1.0,0.6,0.7499999999999999,0.20618556701030927,
W1_web,12,L0,takeover,pin_ip_and_useragent,0.9333333333333333,0.9032258064516129,0.9180327868852459,0.030927835051546393,
W1_web,12,L0,takeover,score_distinct_bindings,0.0,0.0,0.0,0.0,0.9536082474226805
W1_web,12,L0,takeover,score_max_request_rate,0.0,0.0,0.0,0.0,0.4542955326460481
W1_web,12,L0,takeover,score_burstiness,0.0,0.0,0.0,0.0,0.4379725085910653
W1_web,13,L0,takeover,SICA (proposed),0.8888888888888888,1.0,0.9411764705882353,0.0,0.9955555555555555
W1_web,13,L0,takeover,pin_ip,1.0,0.6136363636363636,0.7605633802816901,0.17,
W1_web,13,L0,takeover,pin_prefix24,1.0,0.7941176470588235,0.8852459016393442,0.07,
W1_web,13,L0,takeover,pin_scope16,1.0,0.9310344827586207,0.9642857142857143,0.02,
W1_web,13,L0,takeover,pin_useragent,0.9259259259259259,0.7142857142857143,0.8064516129032259,0.1,
W1_web,13,L0,takeover,pin_useragent_core,0.8888888888888888,1.0,0.9411764705882353,0.0,
W1_web,13,L0,takeover,pin_ip_or_useragent,1.0,0.54,0.7012987012987013,0.23,
W1_web,13,L0,takeover,pin_ip_and_useragent,0.9259259259259259,0.8620689655172413,0.8928571428571429,0.04,
W1_web,13,L0,takeover,score_distinct_bindings,0.037037037037037035,1.0,0.07142857142857142,0.0,0.9662962962962963
W1_web,13,L0,takeover,score_max_request_rate,0.0,0.0,0.0,0.0,0.5831481481481482
W1_web,13,L0,takeover,score_burstiness,0.0,0.0,0.0,0.0,0.5225925925925926
W1_web,14,L0,takeover,SICA (proposed),0.9230769230769231,0.96,0.9411764705882353,0.009900990099009901,0.9988575780654989
W1_web,14,L0,takeover,pin_ip,1.0,0.6842105263157895,0.8125000000000001,0.1188118811881188,
W1_web,14,L0,takeover,pin_prefix24,1.0,0.8387096774193549,0.9122807017543859,0.04950495049504951,
W1_web,14,L0,takeover,pin_scope16,1.0,0.9629629629629629,0.9811320754716981,0.009900990099009901,
W1_web,14,L0,takeover,pin_useragent,0.9615384615384616,0.7575757575757576,0.8474576271186441,0.07920792079207921,
W1_web,14,L0,takeover,pin_useragent_core,0.9230769230769231,1.0,0.9600000000000001,0.0,
W1_web,14,L0,takeover,pin_ip_or_useragent,1.0,0.65,0.787878787878788,0.13861386138613863,
W1_web,14,L0,takeover,pin_ip_and_useragent,0.9615384615384616,0.8064516129032258,0.8771929824561403,0.0594059405940594,
W1_web,14,L0,takeover,score_distinct_bindings,0.07692307692307693,1.0,0.14285714285714288,0.0,0.9771515613099772
W1_web,14,L0,takeover,score_max_request_rate,0.0,0.0,0.0,0.0,0.6047220106626047
W1_web,14,L0,takeover,score_burstiness,0.0,0.0,0.0,0.0,0.5906321401370906
W1_web,15,L0,takeover,SICA (proposed),0.875,1.0,0.9333333333333333,0.0,0.9975728155339806
W1_web,15,L0,takeover,pin_ip,1.0,0.5581395348837209,0.7164179104477612,0.18446601941747573,
W1_web,15,L0,takeover,pin_prefix24,1.0,0.6857142857142857,0.8135593220338984,0.10679611650485436,
W1_web,15,L0,takeover,pin_scope16,1.0,0.8888888888888888,0.9411764705882353,0.02912621359223301,
W1_web,15,L0,takeover,pin_useragent,1.0,0.631578947368421,0.7741935483870968,0.13592233009708737,
W1_web,15,L0,takeover,pin_useragent_core,0.875,1.0,0.9333333333333333,0.0,
W1_web,15,L0,takeover,pin_ip_or_useragent,1.0,0.5,0.6666666666666666,0.23300970873786409,
W1_web,15,L0,takeover,pin_ip_and_useragent,1.0,0.7272727272727273,0.8421052631578948,0.08737864077669903,
W1_web,15,L0,takeover,score_distinct_bindings,0.0,0.0,0.0,0.0,0.9466019417475728
W1_web,15,L0,takeover,score_max_request_rate,0.0,0.0,0.0,0.0,0.4664239482200647
W1_web,15,L0,takeover,score_burstiness,0.0,0.0,0.0,0.0,0.44457928802589
W1_web,16,L0,takeover,SICA (proposed),0.7727272727272727,0.9444444444444444,0.85,0.009523809523809525,0.996969696969697
W1_web,16,L0,takeover,pin_ip,1.0,0.5789473684210527,0.7333333333333334,0.1523809523809524,
W1_web,16,L0,takeover,pin_prefix24,1.0,0.7096774193548387,0.8301886792452831,0.08571428571428572,
W1_web,16,L0,takeover,pin_scope16,1.0,0.88,0.9361702127659575,0.02857142857142857,
W1_web,16,L0,takeover,pin_useragent,1.0,0.6875,0.8148148148148148,0.09523809523809523,
W1_web,16,L0,takeover,pin_useragent_core,0.7727272727272727,1.0,0.8717948717948718,0.0,
W1_web,16,L0,takeover,pin_ip_or_useragent,1.0,0.5238095238095238,0.6875000000000001,0.19047619047619047,
W1_web,16,L0,takeover,pin_ip_and_useragent,1.0,0.7857142857142857,0.88,0.05714285714285714,
W1_web,16,L0,takeover,score_distinct_bindings,0.0,0.0,0.0,0.0,0.9571428571428572
W1_web,16,L0,takeover,score_max_request_rate,0.0,0.0,0.0,0.0,0.4277056277056277
W1_web,16,L0,takeover,score_burstiness,0.0,0.0,0.0,0.0,0.30238095238095236
W1_web,17,L0,takeover,SICA (proposed),0.7391304347826086,1.0,0.85,0.0,0.997700668896321
W1_web,17,L0,takeover,pin_ip,1.0,0.5348837209302325,0.6969696969696969,0.19230769230769232,
W1_web,17,L0,takeover,pin_prefix24,1.0,0.71875,0.8363636363636363,0.08653846153846154,
W1_web,17,L0,takeover,pin_scope16,1.0,0.8846153846153846,0.9387755102040816,0.028846153846153848,
W1_web,17,L0,takeover,pin_useragent,0.9565217391304348,0.7096774193548387,0.8148148148148149,0.08653846153846154,
W1_web,17,L0,takeover,pin_useragent_core,0.7391304347826086,1.0,0.85,0.0,
W1_web,17,L0,takeover,pin_ip_or_useragent,1.0,0.5111111111111111,0.676470588235294,0.21153846153846154,
W1_web,17,L0,takeover,pin_ip_and_useragent,0.9565217391304348,0.7586206896551724,0.8461538461538461,0.0673076923076923,
W1_web,17,L0,takeover,score_distinct_bindings,0.0,0.0,0.0,0.0,0.9567307692307693
W1_web,17,L0,takeover,score_max_request_rate,0.0,0.0,0.0,0.0,0.5409698996655519
W1_web,17,L0,takeover,score_burstiness,0.0,0.0,0.0,0.0,0.4335284280936455
W1_web,18,L0,takeover,SICA (proposed),0.9629629629629629,1.0,0.9811320754716981,0.0,0.9985185185185185
W1_web,18,L0,takeover,pin_ip,1.0,0.627906976744186,0.7714285714285715,0.16,
W1_web,18,L0,takeover,pin_prefix24,1.0,0.75,0.8571428571428571,0.09,
W1_web,18,L0,takeover,pin_scope16,1.0,0.84375,0.9152542372881356,0.05,
W1_web,18,L0,takeover,pin_useragent,1.0,0.675,0.8059701492537313,0.13,
W1_web,18,L0,takeover,pin_useragent_core,0.9629629629629629,1.0,0.9811320754716981,0.0,
W1_web,18,L0,takeover,pin_ip_or_useragent,1.0,0.5625,0.72,0.21,
W1_web,18,L0,takeover,pin_ip_and_useragent,1.0,0.7714285714285715,0.870967741935484,0.08,
W1_web,18,L0,takeover,score_distinct_bindings,0.037037037037037035,1.0,0.07142857142857142,0.0,0.9566666666666667
W1_web,18,L0,takeover,score_max_request_rate,0.0,0.0,0.0,0.0,0.5157407407407407
W1_web,18,L0,takeover,score_burstiness,0.0,0.0,0.0,0.0,0.48018518518518516
W1_web,19,L0,takeover,SICA (proposed),0.92,1.0,0.9583333333333334,0.0,0.9988235294117647
W1_web,19,L0,takeover,pin_ip,1.0,0.5952380952380952,0.7462686567164178,0.16666666666666666,
W1_web,19,L0,takeover,pin_prefix24,1.0,0.78125,0.8771929824561403,0.06862745098039216,
W1_web,19,L0,takeover,pin_scope16,1.0,0.9259259259259259,0.9615384615384615,0.0196078431372549,
W1_web,19,L0,takeover,pin_useragent,1.0,0.7352941176470589,0.8474576271186441,0.08823529411764706,
W1_web,19,L0,takeover,pin_useragent_core,0.92,1.0,0.9583333333333334,0.0,
W1_web,19,L0,takeover,pin_ip_or_useragent,1.0,0.5319148936170213,0.6944444444444444,0.21568627450980393,
W1_web,19,L0,takeover,pin_ip_and_useragent,1.0,0.8620689655172413,0.9259259259259259,0.0392156862745098,
W1_web,19,L0,takeover,score_distinct_bindings,0.0,0.0,0.0,0.0,0.9656862745098039
W1_web,19,L0,takeover,score_max_request_rate,0.0,0.0,0.0,0.0,0.47058823529411764
W1_web,19,L0,takeover,score_burstiness,0.0,0.0,0.0,0.0,0.40862745098039216
W1_web,0,L0,concurrent,SICA (proposed),1.0,0.8947368421052632,0.9444444444444444,0.01818181818181818,1.0
W1_web,0,L0,concurrent,pin_ip,1.0,0.5,0.6666666666666666,0.15454545454545454,
W1_web,0,L0,concurrent,pin_prefix24,1.0,0.68,0.8095238095238095,0.07272727272727272,
W1_web,0,L0,concurrent,pin_scope16,1.0,0.85,0.9189189189189189,0.02727272727272727,
W1_web,0,L0,concurrent,pin_useragent,1.0,0.5151515151515151,0.6799999999999999,0.14545454545454545,
W1_web,0,L0,concurrent,pin_useragent_core,0.9411764705882353,1.0,0.9696969696969697,0.0,
W1_web,0,L0,concurrent,pin_ip_or_useragent,1.0,0.38636363636363635,0.5573770491803279,0.24545454545454545,
W1_web,0,L0,concurrent,pin_ip_and_useragent,1.0,0.7391304347826086,0.85,0.05454545454545454,
W1_web,0,L0,concurrent,score_distinct_bindings,0.058823529411764705,1.0,0.1111111111111111,0.0,0.9657754010695188
W1_web,0,L0,concurrent,score_max_request_rate,0.0,0.0,0.0,0.0,0.7205882352941176
W1_web,0,L0,concurrent,score_burstiness,0.0,0.0,0.0,0.0,0.6318181818181818
W1_web,1,L0,concurrent,SICA (proposed),1.0,1.0,1.0,0.0,1.0
W1_web,1,L0,concurrent,pin_ip,1.0,0.5151515151515151,0.6799999999999999,0.14545454545454545,
W1_web,1,L0,concurrent,pin_prefix24,1.0,0.8095238095238095,0.8947368421052632,0.03636363636363636,
W1_web,1,L0,concurrent,pin_scope16,1.0,0.9444444444444444,0.9714285714285714,0.00909090909090909,
W1_web,1,L0,concurrent,pin_useragent,1.0,0.6071428571428571,0.7555555555555554,0.1,
W1_web,1,L0,concurrent,pin_useragent_core,0.9411764705882353,1.0,0.9696969696969697,0.0,
W1_web,1,L0,concurrent,pin_ip_or_useragent,1.0,0.4594594594594595,0.6296296296296297,0.18181818181818182,
W1_web,1,L0,concurrent,pin_ip_and_useragent,1.0,0.7083333333333334,0.8292682926829268,0.06363636363636363,
W1_web,1,L0,concurrent,score_distinct_bindings,0.23529411764705882,1.0,0.38095238095238093,0.0,0.986096256684492
W1_web,1,L0,concurrent,score_max_request_rate,0.0,0.0,0.0,0.0,0.42112299465240643
W1_web,1,L0,concurrent,score_burstiness,0.0,0.0,0.0,0.0,0.3657754010695187
W1_web,2,L0,concurrent,SICA (proposed),1.0,1.0,1.0,0.0,1.0
W1_web,2,L0,concurrent,pin_ip,1.0,0.717391304347826,0.8354430379746834,0.13829787234042554,
W1_web,2,L0,concurrent,pin_prefix24,1.0,0.8461538461538461,0.9166666666666666,0.06382978723404255,
W1_web,2,L0,concurrent,pin_scope16,1.0,0.9428571428571428,0.9705882352941176,0.02127659574468085,
W1_web,2,L0,concurrent,pin_useragent,0.9696969696969697,0.7804878048780488,0.8648648648648648,0.09574468085106383,
W1_web,2,L0,concurrent,pin_useragent_core,0.9696969696969697,1.0,0.9846153846153847,0.0,
W1_web,2,L0,concurrent,pin_ip_or_useragent,1.0,0.6875,0.8148148148148148,0.1595744680851064,
W1_web,2,L0,concurrent,pin_ip_and_useragent,0.9696969696969697,0.8205128205128205,0.8888888888888888,0.07446808510638298,
W1_web,2,L0,concurrent,score_distinct_bindings,0.030303030303030304,1.0,0.05882352941176471,0.0,0.9690522243713733
W1_web,2,L0,concurrent,score_max_request_rate,0.0,0.0,0.0,0.0,0.599290780141844
W1_web,2,L0,concurrent,score_burstiness,0.0,0.0,0.0,0.0,0.5341715022566086
W1_web,3,L0,concurrent,SICA (proposed),0.9642857142857143,1.0,0.9818181818181818,0.0,1.0
W1_web,3,L0,concurrent,pin_ip,1.0,0.6511627906976745,0.7887323943661972,0.15151515151515152,
W1_web,3,L0,concurrent,pin_prefix24,1.0,0.7567567567567568,0.8615384615384616,0.09090909090909091,
W1_web,3,L0,concurrent,pin_scope16,1.0,0.9032258064516129,0.9491525423728813,0.030303030303030304,
W1_web,3,L0,concurrent,pin_useragent,1.0,0.6666666666666666,0.8,0.1414141414141414,
W1_web,3,L0,concurrent,pin_useragent_core,0.9285714285714286,1.0,0.962962962962963,0.0,
W1_web,3,L0,concurrent,pin_ip_or_useragent,1.0,0.5490196078431373,0.7088607594936709,0.23232323232323232,
W1_web,3,L0,concurrent,pin_ip_and_useragent,1.0,0.8235294117647058,0.9032258064516129,0.06060606060606061,
W1_web,3,L0,concurrent,score_distinct_bindings,0.03571428571428571,1.0,0.0689655172413793,0.0,0.9561688311688312
W1_web,3,L0,concurrent,score_max_request_rate,0.0,0.0,0.0,0.0,0.5248917748917749
W1_web,3,L0,concurrent,score_burstiness,0.0,0.0,0.0,0.0,0.4648268398268398
W1_web,4,L0,concurrent,SICA (proposed),1.0,1.0,1.0,0.0,1.0
W1_web,4,L0,concurrent,pin_ip,1.0,0.5405405405405406,0.7017543859649124,0.1588785046728972,
W1_web,4,L0,concurrent,pin_prefix24,1.0,0.6896551724137931,0.8163265306122449,0.08411214953271028,
W1_web,4,L0,concurrent,pin_scope16,1.0,0.7142857142857143,0.8333333333333333,0.07476635514018691,
W1_web,4,L0,concurrent,pin_useragent,1.0,0.7407407407407407,0.851063829787234,0.06542056074766354,
W1_web,4,L0,concurrent,pin_useragent_core,1.0,1.0,1.0,0.0,
W1_web,4,L0,concurrent,pin_ip_or_useragent,1.0,0.4878048780487805,0.6557377049180327,0.19626168224299065,
W1_web,4,L0,concurrent,pin_ip_and_useragent,1.0,0.8695652173913043,0.9302325581395349,0.028037383177570093,
W1_web,4,L0,concurrent,score_distinct_bindings,0.05,1.0,0.09523809523809523,0.0,0.9600467289719626
W1_web,4,L0,concurrent,score_max_request_rate,0.0,0.0,0.0,0.0,0.602803738317757
W1_web,4,L0,concurrent,score_burstiness,0.0,0.0,0.0,0.0,0.5504672897196262
W1_web,5,L0,concurrent,SICA (proposed),0.8947368421052632,1.0,0.9444444444444444,0.0,0.9995126705653021
W1_web,5,L0,concurrent,pin_ip,1.0,0.475,0.6440677966101694,0.19444444444444445,
W1_web,5,L0,concurrent,pin_prefix24,1.0,0.6785714285714286,0.8085106382978724,0.08333333333333333,
W1_web,5,L0,concurrent,pin_scope16,1.0,0.7916666666666666,0.8837209302325582,0.046296296296296294,
W1_web,5,L0,concurrent,pin_useragent,0.9473684210526315,0.6428571428571429,0.7659574468085106,0.09259259259259259,
W1_web,5,L0,concurrent,pin_useragent_core,0.8947368421052632,1.0,0.9444444444444444,0.0,
W1_web,5,L0,concurrent,pin_ip_or_useragent,1.0,0.4222222222222222,0.59375,0.24074074074074073,
W1_web,5,L0,concurrent,pin_ip_and_useragent,0.9473684210526315,0.782608695652174,0.8571428571428571,0.046296296296296294,
W1_web,5,L0,concurrent,score_distinct_bindings,0.05263157894736842,1.0,0.1,0.0,0.9605263157894737
W1_web,5,L0,concurrent,score_max_request_rate,0.0,0.0,0.0,0.0,0.5087719298245614
W1_web,5,L0,concurrent,score_burstiness,0.0,0.0,0.0,0.0,0.4615009746588694
W1_web,6,L0,concurrent,SICA (proposed),1.0,0.8888888888888888,0.9411764705882353,0.018018018018018018,1.0
W1_web,6,L0,concurrent,pin_ip,1.0,0.5,0.6666666666666666,0.14414414414414414,
W1_web,6,L0,concurrent,pin_prefix24,1.0,0.7272727272727273,0.8421052631578948,0.05405405405405406,
W1_web,6,L0,concurrent,pin_scope16,1.0,0.8,0.888888888888889,0.036036036036036036,
W1_web,6,L0,concurrent,pin_useragent,1.0,0.6956521739130435,0.8205128205128205,0.06306306306306306,
W1_web,6,L0,concurrent,pin_useragent_core,1.0,1.0,1.0,0.0,
W1_web,6,L0,concurrent,pin_ip_or_useragent,1.0,0.4444444444444444,0.6153846153846153,0.18018018018018017,
W1_web,6,L0,concurrent,pin_ip_and_useragent,1.0,0.8421052631578947,0.9142857142857143,0.02702702702702703,
W1_web,6,L0,concurrent,score_distinct_bindings,0.0,0.0,0.0,0.0,0.972972972972973
W1_web,6,L0,concurrent,score_max_request_rate,0.0,0.0,0.0,0.0,0.5579954954954955
W1_web,6,L0,concurrent,score_burstiness,0.0,0.0,0.0,0.0,0.5658783783783784
W1_web,7,L0,concurrent,SICA (proposed),1.0,0.9230769230769231,0.9600000000000001,0.008695652173913044,0.9996376811594203
W1_web,7,L0,concurrent,pin_ip,1.0,0.41379310344827586,0.5853658536585366,0.14782608695652175,
W1_web,7,L0,concurrent,pin_prefix24,1.0,0.5454545454545454,0.7058823529411764,0.08695652173913043,
W1_web,7,L0,concurrent,pin_scope16,1.0,0.7058823529411765,0.8275862068965517,0.043478260869565216,
W1_web,7,L0,concurrent,pin_useragent,1.0,0.48,0.6486486486486487,0.11304347826086956,
W1_web,7,L0,concurrent,pin_useragent_core,0.8333333333333334,1.0,0.9090909090909091,0.0,
W1_web,7,L0,concurrent,pin_ip_or_useragent,1.0,0.34285714285714286,0.5106382978723404,0.2,
W1_web,7,L0,concurrent,pin_ip_and_useragent,1.0,0.631578947368421,0.7741935483870968,0.06086956521739131,
W1_web,7,L0,concurrent,score_distinct_bindings,0.08333333333333333,1.0,0.15384615384615385,0.0,0.9601449275362319
W1_web,7,L0,concurrent,score_max_request_rate,0.0,0.0,0.0,0.0,0.533695652173913
W1_web,7,L0,concurrent,score_burstiness,0.0,0.0,0.0,0.0,0.5297101449275362
W1_web,8,L0,concurrent,SICA (proposed),1.0,1.0,1.0,0.0,1.0
W1_web,8,L0,concurrent,pin_ip,1.0,0.6285714285714286,0.7719298245614035,0.12380952380952381,
W1_web,8,L0,concurrent,pin_prefix24,1.0,0.7857142857142857,0.88,0.05714285714285714,
W1_web,8,L0,concurrent,pin_scope16,1.0,0.9166666666666666,0.9565217391304348,0.01904761904761905,
W1_web,8,L0,concurrent,pin_useragent,1.0,0.6666666666666666,0.8,0.10476190476190476,
W1_web,8,L0,concurrent,pin_useragent_core,0.7727272727272727,1.0,0.8717948717948718,0.0,
W1_web,8,L0,concurrent,pin_ip_or_useragent,1.0,0.55,0.7096774193548387,0.17142857142857143,
W1_web,8,L0,concurrent,pin_ip_and_useragent,1.0,0.7857142857142857,0.88,0.05714285714285714,
W1_web,8,L0,concurrent,score_distinct_bindings,0.13636363636363635,1.0,0.24000000000000002,0.0,0.9753246753246754
W1_web,8,L0,concurrent,score_max_request_rate,0.0,0.0,0.0,0.0,0.6231601731601731
W1_web,8,L0,concurrent,score_burstiness,0.0,0.0,0.0,0.0,0.546969696969697
W1_web,9,L0,concurrent,SICA (proposed),1.0,1.0,1.0,0.0,1.0
W1_web,9,L0,concurrent,pin_ip,1.0,0.5555555555555556,0.7142857142857143,0.14953271028037382,
W1_web,9,L0,concurrent,pin_prefix24,1.0,0.7692307692307693,0.8695652173913044,0.056074766355140186,
W1_web,9,L0,concurrent,pin_scope16,1.0,0.9090909090909091,0.9523809523809523,0.018691588785046728,
W1_web,9,L0,concurrent,pin_useragent,1.0,0.7407407407407407,0.851063829787234,0.06542056074766354,
W1_web,9,L0,concurrent,pin_useragent_core,0.95,1.0,0.9743589743589743,0.0,
W1_web,9,L0,concurrent,pin_ip_or_useragent,1.0,0.5128205128205128,0.6779661016949152,0.17757009345794392,
W1_web,9,L0,concurrent,pin_ip_and_useragent,1.0,0.8333333333333334,0.9090909090909091,0.037383177570093455,
W1_web,9,L0,concurrent,score_distinct_bindings,0.0,0.0,0.0,0.0,0.9719626168224299
W1_web,9,L0,concurrent,score_max_request_rate,0.0,0.0,0.0,0.0,0.6147196261682243
W1_web,9,L0,concurrent,score_burstiness,0.0,0.0,0.0,0.0,0.5025700934579439
W1_web,10,L0,concurrent,SICA (proposed),1.0,0.875,0.9333333333333333,0.02830188679245283,0.9993261455525606
W1_web,10,L0,concurrent,pin_ip,1.0,0.45652173913043476,0.626865671641791,0.2358490566037736,
W1_web,10,L0,concurrent,pin_prefix24,1.0,0.6,0.7499999999999999,0.1320754716981132,
W1_web,10,L0,concurrent,pin_scope16,1.0,0.8076923076923077,0.8936170212765957,0.04716981132075472,
W1_web,10,L0,concurrent,pin_useragent,0.9523809523809523,0.625,0.7547169811320755,0.11320754716981132,
W1_web,10,L0,concurrent,pin_useragent_core,0.9047619047619048,1.0,0.9500000000000001,0.0,
W1_web,10,L0,concurrent,pin_ip_or_useragent,1.0,0.42,0.5915492957746479,0.27358490566037735,
W1_web,10,L0,concurrent,pin_ip_and_useragent,0.9523809523809523,0.7142857142857143,0.8163265306122449,0.07547169811320754,
W1_web,10,L0,concurrent,score_distinct_bindings,0.09523809523809523,1.0,0.17391304347826084,0.0,0.940251572327044
W1_web,10,L0,concurrent,score_max_request_rate,0.0,0.0,0.0,0.0,0.5166217430368374
W1_web,10,L0,concurrent,score_burstiness,0.0,0.0,0.0,0.0,0.43755615453728663
W1_web,11,L0,concurrent,SICA (proposed),1.0,1.0,1.0,0.0,1.0
W1_web,11,L0,concurrent,pin_ip,1.0,0.45161290322580644,0.6222222222222222,0.1504424778761062,
W1_web,11,L0,concurrent,pin_prefix24,1.0,0.7368421052631579,0.8484848484848484,0.04424778761061947,
W1_web,11,L0,concurrent,pin_scope16,1.0,0.9333333333333333,0.9655172413793104,0.008849557522123894,
W1_web,11,L0,concurrent,pin_useragent,1.0,0.6086956521739131,0.7567567567567568,0.07964601769911504,
W1_web,11,L0,concurrent,pin_useragent_core,0.8571428571428571,1.0,0.923076923076923,0.0,
W1_web,11,L0,concurrent,pin_ip_or_useragent,1.0,0.3888888888888889,0.56,0.19469026548672566,
W1_web,11,L0,concurrent,pin_ip_and_useragent,1.0,0.7777777777777778,0.8750000000000001,0.035398230088495575,
W1_web,11,L0,concurrent,score_distinct_bindings,0.07142857142857142,1.0,0.13333333333333333,0.0,0.979456384323641
W1_web,11,L0,concurrent,score_max_request_rate,0.0,0.0,0.0,0.0,0.6359039190897599
W1_web,11,L0,concurrent,score_burstiness,0.0,0.0,0.0,0.0,0.6011378002528445
W1_web,12,L0,concurrent,SICA (proposed),1.0,0.9615384615384616,0.9803921568627451,0.00980392156862745,1.0
W1_web,12,L0,concurrent,pin_ip,1.0,0.6410256410256411,0.7812500000000001,0.13725490196078433,
W1_web,12,L0,concurrent,pin_prefix24,1.0,0.7352941176470589,0.8474576271186441,0.08823529411764706,
W1_web,12,L0,concurrent,pin_scope16,1.0,0.9615384615384616,0.9803921568627451,0.00980392156862745,
W1_web,12,L0,concurrent,pin_useragent,1.0,0.7352941176470589,0.8474576271186441,0.08823529411764706,
W1_web,12,L0,concurrent,pin_useragent_core,0.96,1.0,0.9795918367346939,0.0,
W1_web,12,L0,concurrent,pin_ip_or_useragent,1.0,0.5555555555555556,0.7142857142857143,0.19607843137254902,
W1_web,12,L0,concurrent,pin_ip_and_useragent,1.0,0.8928571428571429,0.9433962264150945,0.029411764705882353,
W1_web,12,L0,concurrent,score_distinct_bindings,0.08,1.0,0.14814814814814814,0.0,0.9594117647058824
W1_web,12,L0,concurrent,score_max_request_rate,0.0,0.0,0.0,0.0,0.5443137254901961
W1_web,12,L0,concurrent,score_burstiness,0.0,0.0,0.0,0.0,0.4964705882352941
W1_web,13,L0,concurrent,SICA (proposed),1.0,1.0,1.0,0.0,1.0
W1_web,13,L0,concurrent,pin_ip,1.0,0.5641025641025641,0.7213114754098361,0.1619047619047619,
W1_web,13,L0,concurrent,pin_prefix24,1.0,0.7586206896551724,0.8627450980392156,0.06666666666666667,
W1_web,13,L0,concurrent,pin_scope16,1.0,0.9166666666666666,0.9565217391304348,0.01904761904761905,
W1_web,13,L0,concurrent,pin_useragent,1.0,0.6875,0.8148148148148148,0.09523809523809523,
W1_web,13,L0,concurrent,pin_useragent_core,0.8636363636363636,1.0,0.9268292682926829,0.0,
W1_web,13,L0,concurrent,pin_ip_or_useragent,1.0,0.4888888888888889,0.6567164179104478,0.21904761904761905,
W1_web,13,L0,concurrent,pin_ip_and_useragent,1.0,0.8461538461538461,0.9166666666666666,0.0380952380952381,
W1_web,13,L0,concurrent,score_distinct_bindings,0.045454545454545456,1.0,0.08695652173913045,0.0,0.9681818181818181
W1_web,13,L0,concurrent,score_max_request_rate,0.0,0.0,0.0,0.0,0.5997835497835498
W1_web,13,L0,concurrent,score_burstiness,0.0,0.0,0.0,0.0,0.48874458874458876
W1_web,14,L0,concurrent,SICA (proposed),1.0,0.9565217391304348,0.9777777777777777,0.009523809523809525,0.9995670995670995
W1_web,14,L0,concurrent,pin_ip,1.0,0.6111111111111112,0.7586206896551725,0.13333333333333333,
W1_web,14,L0,concurrent,pin_prefix24,1.0,0.7586206896551724,0.8627450980392156,0.06666666666666667,
W1_web,14,L0,concurrent,pin_scope16,1.0,0.9166666666666666,0.9565217391304348,0.01904761904761905,
W1_web,14,L0,concurrent,pin_useragent,1.0,0.7333333333333333,0.846153846153846,0.0761904761904762,
W1_web,14,L0,concurrent,pin_useragent_core,0.8636363636363636,1.0,0.9268292682926829,0.0,
W1_web,14,L0,concurrent,pin_ip_or_useragent,1.0,0.5789473684210527,0.7333333333333334,0.1523809523809524,
W1_web,14,L0,concurrent,pin_ip_and_useragent,1.0,0.7857142857142857,0.88,0.05714285714285714,
W1_web,14,L0,concurrent,score_distinct_bindings,0.045454545454545456,1.0,0.08695652173913045,0.0,0.9681818181818181
W1_web,14,L0,concurrent,score_max_request_rate,0.0,0.0,0.0,0.0,0.6536796536796536
W1_web,14,L0,concurrent,score_burstiness,0.0,0.0,0.0,0.0,0.6093073593073594
W1_web,15,L0,concurrent,SICA (proposed),1.0,1.0,1.0,0.0,1.0
W1_web,15,L0,concurrent,pin_ip,1.0,0.525,0.6885245901639345,0.1792452830188679,
W1_web,15,L0,concurrent,pin_prefix24,1.0,0.65625,0.7924528301886793,0.10377358490566038,
W1_web,15,L0,concurrent,pin_scope16,1.0,0.875,0.9333333333333333,0.02830188679245283,
W1_web,15,L0,concurrent,pin_useragent,1.0,0.6,0.7499999999999999,0.1320754716981132,
W1_web,15,L0,concurrent,pin_useragent_core,0.9523809523809523,1.0,0.975609756097561,0.0,
W1_web,15,L0,concurrent,pin_ip_or_useragent,1.0,0.4666666666666667,0.6363636363636364,0.22641509433962265,
W1_web,15,L0,concurrent,pin_ip_and_useragent,1.0,0.7,0.8235294117647058,0.08490566037735849,
W1_web,15,L0,concurrent,score_distinct_bindings,0.0,0.0,0.0,0.0,0.9481132075471698
W1_web,15,L0,concurrent,score_max_request_rate,0.0,0.0,0.0,0.0,0.50696316262354
W1_web,15,L0,concurrent,score_burstiness,0.0,0.0,0.0,0.0,0.461141060197664
W1_web,16,L0,concurrent,SICA (proposed),1.0,0.9473684210526315,0.972972972972973,0.009174311926605505,0.9997451580020388
W1_web,16,L0,concurrent,pin_ip,1.0,0.5294117647058824,0.6923076923076924,0.14678899082568808,
W1_web,16,L0,concurrent,pin_prefix24,1.0,0.6666666666666666,0.8,0.08256880733944955,
W1_web,16,L0,concurrent,pin_scope16,1.0,0.8571428571428571,0.923076923076923,0.027522935779816515,
W1_web,16,L0,concurrent,pin_useragent,1.0,0.6428571428571429,0.782608695652174,0.09174311926605505,
W1_web,16,L0,concurrent,pin_useragent_core,0.8888888888888888,1.0,0.9411764705882353,0.0,
W1_web,16,L0,concurrent,pin_ip_or_useragent,1.0,0.47368421052631576,0.6428571428571429,0.1834862385321101,
W1_web,16,L0,concurrent,pin_ip_and_useragent,1.0,0.75,0.8571428571428571,0.05504587155963303,
W1_web,16,L0,concurrent,score_distinct_bindings,0.0,0.0,0.0,0.0,0.9587155963302753
W1_web,16,L0,concurrent,score_max_request_rate,0.0,0.0,0.0,0.0,0.585881753312946
W1_web,16,L0,concurrent,score_burstiness,0.0,0.0,0.0,0.0,0.5198776758409785
W1_web,17,L0,concurrent,SICA (proposed),1.0,1.0,1.0,0.0,1.0
W1_web,17,L0,concurrent,pin_ip,1.0,0.4358974358974359,0.6071428571428571,0.2,
W1_web,17,L0,concurrent,pin_prefix24,1.0,0.6296296296296297,0.7727272727272727,0.09090909090909091,
W1_web,17,L0,concurrent,pin_scope16,1.0,0.85,0.9189189189189189,0.02727272727272727,
W1_web,17,L0,concurrent,pin_useragent,1.0,0.6071428571428571,0.7555555555555554,0.1,
W1_web,17,L0,concurrent,pin_useragent_core,0.8823529411764706,1.0,0.9375,0.0,
W1_web,17,L0,concurrent,pin_ip_or_useragent,1.0,0.4146341463414634,0.5862068965517241,0.21818181818181817,
W1_web,17,L0,concurrent,pin_ip_and_useragent,1.0,0.6538461538461539,0.7906976744186047,0.08181818181818182,
W1_web,17,L0,concurrent,score_distinct_bindings,0.0,0.0,0.0,0.0,0.9545454545454546
W1_web,17,L0,concurrent,score_max_request_rate,0.0,0.0,0.0,0.0,0.6179144385026738
W1_web,17,L0,concurrent,score_burstiness,0.058823529411764705,1.0,0.1111111111111111,0.0,0.5454545454545454
W1_web,18,L0,concurrent,SICA (proposed),1.0,1.0,1.0,0.0,1.0
W1_web,18,L0,concurrent,pin_ip,1.0,0.5789473684210527,0.7333333333333334,0.1523809523809524,
W1_web,18,L0,concurrent,pin_prefix24,1.0,0.7096774193548387,0.8301886792452831,0.08571428571428572,
W1_web,18,L0,concurrent,pin_scope16,1.0,0.8148148148148148,0.8979591836734693,0.047619047619047616,
W1_web,18,L0,concurrent,pin_useragent,1.0,0.6285714285714286,0.7719298245614035,0.12380952380952381,
W1_web,18,L0,concurrent,pin_useragent_core,1.0,1.0,1.0,0.0,
W1_web,18,L0,concurrent,pin_ip_or_useragent,1.0,0.5116279069767442,0.676923076923077,0.2,
W1_web,18,L0,concurrent,pin_ip_and_useragent,1.0,0.7333333333333333,0.846153846153846,0.0761904761904762,
W1_web,18,L0,concurrent,score_distinct_bindings,0.13636363636363635,1.0,0.24000000000000002,0.0,0.962987012987013
W1_web,18,L0,concurrent,score_max_request_rate,0.0,0.0,0.0,0.0,0.6181818181818182
W1_web,18,L0,concurrent,score_burstiness,0.0,0.0,0.0,0.0,0.5612554112554112
W1_web,19,L0,concurrent,SICA (proposed),1.0,1.0,1.0,0.0,1.0
W1_web,19,L0,concurrent,pin_ip,1.0,0.5,0.6666666666666666,0.1651376146788991,
W1_web,19,L0,concurrent,pin_prefix24,1.0,0.72,0.8372093023255813,0.06422018348623854,
W1_web,19,L0,concurrent,pin_scope16,1.0,0.9,0.9473684210526316,0.01834862385321101,
W1_web,19,L0,concurrent,pin_useragent,1.0,0.6666666666666666,0.8,0.08256880733944955,
W1_web,19,L0,concurrent,pin_useragent_core,0.9444444444444444,1.0,0.9714285714285714,0.0,
W1_web,19,L0,concurrent,pin_ip_or_useragent,1.0,0.43902439024390244,0.6101694915254238,0.21100917431192662,
W1_web,19,L0,concurrent,pin_ip_and_useragent,1.0,0.8181818181818182,0.9,0.03669724770642202,
W1_web,19,L0,concurrent,score_distinct_bindings,0.0,0.0,0.0,0.0,0.9678899082568807
W1_web,19,L0,concurrent,score_max_request_rate,0.0,0.0,0.0,0.0,0.5290519877675841
W1_web,19,L0,concurrent,score_burstiness,0.0,0.0,0.0,0.0,0.46075433231396534
W1_web,0,L1,takeover,SICA (proposed),0.0,0.0,0.0,0.018518518518518517,0.9675925925925926
W1_web,0,L1,takeover,pin_ip,1.0,0.5277777777777778,0.6909090909090909,0.1574074074074074,
W1_web,0,L1,takeover,pin_prefix24,1.0,0.7037037037037037,0.8260869565217391,0.07407407407407407,
W1_web,0,L1,takeover,pin_scope16,1.0,0.8636363636363636,0.9268292682926829,0.027777777777777776,
W1_web,0,L1,takeover,pin_useragent,0.0,0.0,0.0,0.14814814814814814,
W1_web,0,L1,takeover,pin_useragent_core,0.0,0.0,0.0,0.0,
W1_web,0,L1,takeover,pin_ip_or_useragent,1.0,0.41304347826086957,0.5846153846153846,0.25,
W1_web,0,L1,takeover,pin_ip_and_useragent,0.0,0.0,0.0,0.05555555555555555,
W1_web,0,L1,takeover,score_distinct_bindings,0.0,0.0,0.0,0.0,0.9629629629629629
W1_web,0,L1,takeover,score_max_request_rate,0.0,0.0,0.0,0.0,0.6247563352826511
W1_web,0,L1,takeover,score_burstiness,0.0,0.0,0.0,0.0,0.63182261208577
W1_web,1,L1,takeover,SICA (proposed),0.043478260869565216,1.0,0.08333333333333333,0.0,0.9494147157190636
W1_web,1,L1,takeover,pin_ip,1.0,0.5897435897435898,0.7419354838709677,0.15384615384615385,
W1_web,1,L1,takeover,pin_prefix24,1.0,0.8518518518518519,0.92,0.038461538461538464,
W1_web,1,L1,takeover,pin_scope16,1.0,0.9583333333333334,0.9787234042553191,0.009615384615384616,
W1_web,1,L1,takeover,pin_useragent,0.043478260869565216,0.08333333333333333,0.057142857142857134,0.10576923076923077,
W1_web,1,L1,takeover,pin_useragent_core,0.0,0.0,0.0,0.0,
W1_web,1,L1,takeover,pin_ip_or_useragent,1.0,0.5348837209302325,0.6969696969696969,0.19230769230769232,
W1_web,1,L1,takeover,pin_ip_and_useragent,0.043478260869565216,0.125,0.06451612903225806,0.0673076923076923,
W1_web,1,L1,takeover,score_distinct_bindings,0.043478260869565216,1.0,0.08333333333333333,0.0,0.9816053511705686
W1_web,1,L1,takeover,score_max_request_rate,0.0,0.0,0.0,0.0,0.493938127090301
W1_web,1,L1,takeover,score_burstiness,0.0,0.0,0.0,0.0,0.47888795986622074
W1_web,2,L1,takeover,SICA (proposed),0.0,0.0,0.0,0.0,0.9894736842105263
W1_web,2,L1,takeover,pin_ip,1.0,0.7111111111111111,0.8311688311688311,0.1368421052631579,
W1_web,2,L1,takeover,pin_prefix24,1.0,0.8421052631578947,0.9142857142857143,0.06315789473684211,
W1_web,2,L1,takeover,pin_scope16,1.0,0.9411764705882353,0.9696969696969697,0.021052631578947368,
W1_web,2,L1,takeover,pin_useragent,0.09375,0.25,0.13636363636363635,0.09473684210526316,
W1_web,2,L1,takeover,pin_useragent_core,0.0,0.0,0.0,0.0,
W1_web,2,L1,takeover,pin_ip_or_useragent,1.0,0.6808510638297872,0.810126582278481,0.15789473684210525,
W1_web,2,L1,takeover,pin_ip_and_useragent,0.09375,0.3,0.14285714285714285,0.07368421052631578,
W1_web,2,L1,takeover,score_distinct_bindings,0.0,0.0,0.0,0.0,0.968421052631579
W1_web,2,L1,takeover,score_max_request_rate,0.0,0.0,0.0,0.0,0.5682565789473685
W1_web,2,L1,takeover,score_burstiness,0.0,0.0,0.0,0.0,0.5154605263157894
W1_web,3,L1,takeover,SICA (proposed),0.0,0.0,0.0,0.0,0.9456521739130435
W1_web,3,L1,takeover,pin_ip,1.0,0.7142857142857143,0.8333333333333333,0.15217391304347827,
W1_web,3,L1,takeover,pin_prefix24,1.0,0.813953488372093,0.8974358974358974,0.08695652173913043,
W1_web,3,L1,takeover,pin_scope16,1.0,0.9210526315789473,0.958904109589041,0.03260869565217391,
W1_web,3,L1,takeover,pin_useragent,0.05714285714285714,0.14285714285714285,0.08163265306122448,0.13043478260869565,
W1_web,3,L1,takeover,pin_useragent_core,0.0,0.0,0.0,0.0,
W1_web,3,L1,takeover,pin_ip_or_useragent,1.0,0.6363636363636364,0.7777777777777778,0.21739130434782608,
W1_web,3,L1,takeover,pin_ip_and_useragent,0.05714285714285714,0.25,0.09302325581395347,0.06521739130434782,
W1_web,3,L1,takeover,score_distinct_bindings,0.0,0.0,0.0,0.0,0.9565217391304348
W1_web,3,L1,takeover,score_max_request_rate,0.0,0.0,0.0,0.0,0.45527950310559007
W1_web,3,L1,takeover,score_burstiness,0.0,0.0,0.0,0.0,0.4063664596273292
W1_web,4,L1,takeover,SICA (proposed),0.0,0.0,0.0,0.0,0.9306930693069307
W1_web,4,L1,takeover,pin_ip,1.0,0.6341463414634146,0.7761194029850745,0.1485148514851485,
W1_web,4,L1,takeover,pin_prefix24,1.0,0.7878787878787878,0.8813559322033898,0.06930693069306931,
W1_web,4,L1,takeover,pin_scope16,1.0,0.7878787878787878,0.8813559322033898,0.06930693069306931,
W1_web,4,L1,takeover,pin_useragent,0.0,0.0,0.0,0.06930693069306931,
W1_web,4,L1,takeover,pin_useragent_core,0.0,0.0,0.0,0.0,
W1_web,4,L1,takeover,pin_ip_or_useragent,1.0,0.5777777777777777,0.732394366197183,0.18811881188118812,
W1_web,4,L1,takeover,pin_ip_and_useragent,0.0,0.0,0.0,0.0297029702970297,
W1_web,4,L1,takeover,score_distinct_bindings,0.038461538461538464,1.0,0.07407407407407407,0.0,0.9666793602437167
W1_web,4,L1,takeover,score_max_request_rate,0.0,0.0,0.0,0.0,0.5367479055597868
W1_web,4,L1,takeover,score_burstiness,0.0,0.0,0.0,0.0,0.47277227722772275
W1_web,5,L1,takeover,SICA (proposed),0.0,0.0,0.0,0.0,0.9285714285714286
W1_web,5,L1,takeover,pin_ip,1.0,0.6041666666666666,0.7532467532467533,0.19387755102040816,
W1_web,5,L1,takeover,pin_prefix24,1.0,0.7631578947368421,0.8656716417910448,0.09183673469387756,
W1_web,5,L1,takeover,pin_scope16,1.0,0.8529411764705882,0.9206349206349206,0.05102040816326531,
W1_web,5,L1,takeover,pin_useragent,0.06896551724137931,0.2222222222222222,0.10526315789473684,0.07142857142857142,
W1_web,5,L1,takeover,pin_useragent_core,0.0,0.0,0.0,0.0,
W1_web,5,L1,takeover,pin_ip_or_useragent,1.0,0.5576923076923077,0.7160493827160493,0.23469387755102042,
W1_web,5,L1,takeover,pin_ip_and_useragent,0.06896551724137931,0.4,0.1176470588235294,0.030612244897959183,
W1_web,5,L1,takeover,score_distinct_bindings,0.0,0.0,0.0,0.0,0.9540816326530612
W1_web,5,L1,takeover,score_max_request_rate,0.0,0.0,0.0,0.0,0.4824067558057706
W1_web,5,L1,takeover,score_burstiness,0.0,0.0,0.0,0.0,0.45425756509500353
W1_web,6,L1,takeover,SICA (proposed),0.0,0.0,0.0,0.01818181818181818,0.9272727272727272
W1_web,6,L1,takeover,pin_ip,1.0,0.5151515151515151,0.6799999999999999,0.14545454545454545,
W1_web,6,L1,takeover,pin_prefix24,1.0,0.7391304347826086,0.85,0.05454545454545454,
W1_web,6,L1,takeover,pin_scope16,1.0,0.8095238095238095,0.8947368421052632,0.03636363636363636,
W1_web,6,L1,takeover,pin_useragent,0.0,0.0,0.0,0.06363636363636363,
W1_web,6,L1,takeover,pin_useragent_core,0.0,0.0,0.0,0.0,
W1_web,6,L1,takeover,pin_ip_or_useragent,1.0,0.4594594594594595,0.6296296296296297,0.18181818181818182,
W1_web,6,L1,takeover,pin_ip_and_useragent,0.0,0.0,0.0,0.02727272727272727,
W1_web,6,L1,takeover,score_distinct_bindings,0.0,0.0,0.0,0.0,0.9727272727272728
W1_web,6,L1,takeover,score_max_request_rate,0.0,0.0,0.0,0.0,0.4681818181818182
W1_web,6,L1,takeover,score_burstiness,0.0,0.0,0.0,0.0,0.46149732620320855
W1_web,7,L1,takeover,SICA (proposed),0.0,0.0,0.0,0.008928571428571428,0.9598214285714286
W1_web,7,L1,takeover,pin_ip,1.0,0.46875,0.6382978723404256,0.15178571428571427,
W1_web,7,L1,takeover,pin_prefix24,1.0,0.6,0.7499999999999999,0.08928571428571429,
W1_web,7,L1,takeover,pin_scope16,1.0,0.75,0.8571428571428571,0.044642857142857144,
W1_web,7,L1,takeover,pin_useragent,0.13333333333333333,0.13333333333333333,0.13333333333333333,0.11607142857142858,
W1_web,7,L1,takeover,pin_useragent_core,0.0,0.0,0.0,0.0,
W1_web,7,L1,takeover,pin_ip_or_useragent,1.0,0.39473684210526316,0.5660377358490566,0.20535714285714285,
W1_web,7,L1,takeover,pin_ip_and_useragent,0.13333333333333333,0.2222222222222222,0.16666666666666669,0.0625,
W1_web,7,L1,takeover,score_distinct_bindings,0.06666666666666667,1.0,0.125,0.0,0.9583333333333334
W1_web,7,L1,takeover,score_max_request_rate,0.0,0.0,0.0,0.0,0.5857142857142857
W1_web,7,L1,takeover,score_burstiness,0.0,0.0,0.0,0.0,0.5818452380952381
W1_web,8,L1,takeover,SICA (proposed),0.0,0.0,0.0,0.0,0.9504950495049505
W1_web,8,L1,takeover,pin_ip,1.0,0.6666666666666666,0.8,0.12871287128712872,
W1_web,8,L1,takeover,pin_prefix24,1.0,0.8125,0.896551724137931,0.0594059405940594,
W1_web,8,L1,takeover,pin_scope16,1.0,0.9285714285714286,0.962962962962963,0.019801980198019802,
W1_web,8,L1,takeover,pin_useragent,0.07692307692307693,0.15384615384615385,0.10256410256410257,0.10891089108910891,
W1_web,8,L1,takeover,pin_useragent_core,0.0,0.0,0.0,0.0,
W1_web,8,L1,takeover,pin_ip_or_useragent,1.0,0.5909090909090909,0.7428571428571429,0.1782178217821782,
W1_web,8,L1,takeover,pin_ip_and_useragent,0.07692307692307693,0.25,0.11764705882352941,0.0594059405940594,
W1_web,8,L1,takeover,score_distinct_bindings,0.07692307692307693,1.0,0.14285714285714288,0.0,0.9725818735719726
W1_web,8,L1,takeover,score_max_request_rate,0.0,0.0,0.0,0.0,0.5797791317593298
W1_web,8,L1,takeover,score_burstiness,0.0,0.0,0.0,0.0,0.547981721249048
W1_web,9,L1,takeover,SICA (proposed),0.0,0.0,0.0,0.0,0.9558823529411765
W1_web,9,L1,takeover,pin_ip,1.0,0.625,0.7692307692307693,0.14705882352941177,
W1_web,9,L1,takeover,pin_prefix24,1.0,0.8064516129032258,0.8928571428571428,0.058823529411764705,
W1_web,9,L1,takeover,pin_scope16,1.0,0.9259259259259259,0.9615384615384615,0.0196078431372549,
W1_web,9,L1,takeover,pin_useragent,0.04,0.125,0.06060606060606061,0.06862745098039216,
W1_web,9,L1,takeover,pin_useragent_core,0.0,0.0,0.0,0.0,
W1_web,9,L1,takeover,pin_ip_or_useragent,1.0,0.5813953488372093,0.7352941176470588,0.17647058823529413,
W1_web,9,L1,takeover,pin_ip_and_useragent,0.04,0.2,0.06666666666666667,0.0392156862745098,
W1_web,9,L1,takeover,score_distinct_bindings,0.0,0.0,0.0,0.0,0.9705882352941176
W1_web,9,L1,takeover,score_max_request_rate,0.0,0.0,0.0,0.0,0.5968627450980392
W1_web,9,L1,takeover,score_burstiness,0.0,0.0,0.0,0.0,0.5090196078431373
W1_web,10,L1,takeover,SICA (proposed),0.0,0.0,0.0,0.020202020202020204,0.9141414141414141
W1_web,10,L1,takeover,pin_ip,1.0,0.5384615384615384,0.7000000000000001,0.24242424242424243,
W1_web,10,L1,takeover,pin_prefix24,1.0,0.6829268292682927,0.8115942028985507,0.13131313131313133,
W1_web,10,L1,takeover,pin_scope16,1.0,0.875,0.9333333333333333,0.04040404040404041,
W1_web,10,L1,takeover,pin_useragent,0.0,0.0,0.0,0.12121212121212122,
W1_web,10,L1,takeover,pin_useragent_core,0.0,0.0,0.0,0.0,
W1_web,10,L1,takeover,pin_ip_or_useragent,1.0,0.5,0.6666666666666666,0.2828282828282828,
W1_web,10,L1,takeover,pin_ip_and_useragent,0.0,0.0,0.0,0.08080808080808081,
W1_web,10,L1,takeover,score_distinct_bindings,0.03571428571428571,1.0,0.0689655172413793,0.0,0.9366883116883117
W1_web,10,L1,takeover,score_max_request_rate,0.0,0.0,0.0,0.0,0.522005772005772
W1_web,10,L1,takeover,score_burstiness,0.0,0.0,0.0,0.0,0.49224386724386726
W1_web,11,L1,takeover,SICA (proposed),0.0,0.0,0.0,0.0,0.9575471698113207
W1_web,11,L1,takeover,pin_ip,1.0,0.5675675675675675,0.7241379310344828,0.1509433962264151,
W1_web,11,L1,takeover,pin_prefix24,1.0,0.8076923076923077,0.8936170212765957,0.04716981132075472,
W1_web,11,L1,takeover,pin_scope16,1.0,0.9545454545454546,0.9767441860465117,0.009433962264150943,
W1_web,11,L1,takeover,pin_useragent,0.0,0.0,0.0,0.07547169811320754,
W1_web,11,L1,takeover,pin_useragent_core,0.0,0.0,0.0,0.0,
W1_web,11,L1,takeover,pin_ip_or_useragent,1.0,0.5,0.6666666666666666,0.19811320754716982,
W1_web,11,L1,takeover,pin_ip_and_useragent,0.0,0.0,0.0,0.02830188679245283,
W1_web,11,L1,takeover,score_distinct_bindings,0.0,0.0,0.0,0.0,0.9764150943396226
W1_web,11,L1,takeover,score_max_request_rate,0.0,0.0,0.0,0.0,0.5056154537286612
W1_web,11,L1,takeover,score_burstiness,0.0,0.0,0.0,0.0,0.5105570530098832
W1_web,12,L1,takeover,SICA (proposed),0.0,0.0,0.0,0.010309278350515464,0.9381443298969072
W1_web,12,L1,takeover,pin_ip,1.0,0.6818181818181818,0.8108108108108109,0.14432989690721648,
W1_web,12,L1,takeover,pin_prefix24,1.0,0.7692307692307693,0.8695652173913044,0.09278350515463918,
W1_web,12,L1,takeover,pin_scope16,1.0,0.967741935483871,0.9836065573770492,0.010309278350515464,
W1_web,12,L1,takeover,pin_useragent,0.03333333333333333,0.1,0.05,0.09278350515463918,
W1_web,12,L1,takeover,pin_useragent_core,0.0,0.0,0.0,0.0,
W1_web,12,L1,takeover,pin_ip_or_useragent,1.0,0.6,0.7499999999999999,0.20618556701030927,
W1_web,12,L1,takeover,pin_ip_and_useragent,0.03333333333333333,0.25,0.058823529411764705,0.030927835051546393,
W1_web,12,L1,takeover,score_distinct_bindings,0.0,0.0,0.0,0.0,0.9536082474226805
W1_web,12,L1,takeover,score_max_request_rate,0.0,0.0,0.0,0.0,0.4542955326460481
W1_web,12,L1,takeover,score_burstiness,0.0,0.0,0.0,0.0,0.4379725085910653
W1_web,13,L1,takeover,SICA (proposed),0.0,0.0,0.0,0.0,0.96
W1_web,13,L1,takeover,pin_ip,1.0,0.6136363636363636,0.7605633802816901,0.17,
W1_web,13,L1,takeover,pin_prefix24,1.0,0.7941176470588235,0.8852459016393442,0.07,
W1_web,13,L1,takeover,pin_scope16,1.0,0.9310344827586207,0.9642857142857143,0.02,
W1_web,13,L1,takeover,pin_useragent,0.037037037037037035,0.09090909090909091,0.05263157894736842,0.1,
W1_web,13,L1,takeover,pin_useragent_core,0.0,0.0,0.0,0.0,
W1_web,13,L1,takeover,pin_ip_or_useragent,1.0,0.54,0.7012987012987013,0.23,
W1_web,13,L1,takeover,pin_ip_and_useragent,0.037037037037037035,0.2,0.0625,0.04,
W1_web,13,L1,takeover,score_distinct_bindings,0.037037037037037035,1.0,0.07142857142857142,0.0,0.9662962962962963
W1_web,13,L1,takeover,score_max_request_rate,0.0,0.0,0.0,0.0,0.5831481481481482
W1_web,13,L1,takeover,score_burstiness,0.0,0.0,0.0,0.0,0.5225925925925926
W1_web,14,L1,takeover,SICA (proposed),0.0,0.0,0.0,0.009900990099009901,0.9801980198019802
W1_web,14,L1,takeover,pin_ip,1.0,0.6842105263157895,0.8125000000000001,0.1188118811881188,
W1_web,14,L1,takeover,pin_prefix24,1.0,0.8387096774193549,0.9122807017543859,0.04950495049504951,
W1_web,14,L1,takeover,pin_scope16,1.0,0.9629629629629629,0.9811320754716981,0.009900990099009901,
W1_web,14,L1,takeover,pin_useragent,0.0,0.0,0.0,0.07920792079207921,
W1_web,14,L1,takeover,pin_useragent_core,0.0,0.0,0.0,0.0,
W1_web,14,L1,takeover,pin_ip_or_useragent,1.0,0.65,0.787878787878788,0.13861386138613863,
W1_web,14,L1,takeover,pin_ip_and_useragent,0.0,0.0,0.0,0.0594059405940594,
W1_web,14,L1,takeover,score_distinct_bindings,0.07692307692307693,1.0,0.14285714285714288,0.0,0.9771515613099772
W1_web,14,L1,takeover,score_max_request_rate,0.0,0.0,0.0,0.0,0.6047220106626047
W1_web,14,L1,takeover,score_burstiness,0.0,0.0,0.0,0.0,0.5906321401370906
W1_web,15,L1,takeover,SICA (proposed),0.0,0.0,0.0,0.0,0.9662216828478964
W1_web,15,L1,takeover,pin_ip,1.0,0.5581395348837209,0.7164179104477612,0.18446601941747573,
W1_web,15,L1,takeover,pin_prefix24,1.0,0.6857142857142857,0.8135593220338984,0.10679611650485436,
W1_web,15,L1,takeover,pin_scope16,1.0,0.8888888888888888,0.9411764705882353,0.02912621359223301,
W1_web,15,L1,takeover,pin_useragent,0.041666666666666664,0.06666666666666667,0.05128205128205127,0.13592233009708737,
W1_web,15,L1,takeover,pin_useragent_core,0.0,0.0,0.0,0.0,
W1_web,15,L1,takeover,pin_ip_or_useragent,1.0,0.5,0.6666666666666666,0.23300970873786409,
W1_web,15,L1,takeover,pin_ip_and_useragent,0.041666666666666664,0.1,0.058823529411764705,0.08737864077669903,
W1_web,15,L1,takeover,score_distinct_bindings,0.0,0.0,0.0,0.0,0.9466019417475728
W1_web,15,L1,takeover,score_max_request_rate,0.0,0.0,0.0,0.0,0.4664239482200647
W1_web,15,L1,takeover,score_burstiness,0.0,0.0,0.0,0.0,0.44457928802589
W1_web,16,L1,takeover,SICA (proposed),0.0,0.0,0.0,0.009523809523809525,0.9809523809523809
W1_web,16,L1,takeover,pin_ip,1.0,0.5789473684210527,0.7333333333333334,0.1523809523809524,
W1_web,16,L1,takeover,pin_prefix24,1.0,0.7096774193548387,0.8301886792452831,0.08571428571428572,
W1_web,16,L1,takeover,pin_scope16,1.0,0.88,0.9361702127659575,0.02857142857142857,
W1_web,16,L1,takeover,pin_useragent,0.0,0.0,0.0,0.09523809523809523,
W1_web,16,L1,takeover,pin_useragent_core,0.0,0.0,0.0,0.0,
W1_web,16,L1,takeover,pin_ip_or_useragent,1.0,0.5238095238095238,0.6875000000000001,0.19047619047619047,
W1_web,16,L1,takeover,pin_ip_and_useragent,0.0,0.0,0.0,0.05714285714285714,
W1_web,16,L1,takeover,score_distinct_bindings,0.0,0.0,0.0,0.0,0.9571428571428572
W1_web,16,L1,takeover,score_max_request_rate,0.0,0.0,0.0,0.0,0.4277056277056277
W1_web,16,L1,takeover,score_burstiness,0.0,0.0,0.0,0.0,0.30238095238095236
W1_web,17,L1,takeover,SICA (proposed),0.0,0.0,0.0,0.0,0.9711538461538461
W1_web,17,L1,takeover,pin_ip,1.0,0.5348837209302325,0.6969696969696969,0.19230769230769232,
W1_web,17,L1,takeover,pin_prefix24,1.0,0.71875,0.8363636363636363,0.08653846153846154,
W1_web,17,L1,takeover,pin_scope16,1.0,0.8846153846153846,0.9387755102040816,0.028846153846153848,
W1_web,17,L1,takeover,pin_useragent,0.08695652173913043,0.18181818181818182,0.1176470588235294,0.08653846153846154,
W1_web,17,L1,takeover,pin_useragent_core,0.0,0.0,0.0,0.0,
W1_web,17,L1,takeover,pin_ip_or_useragent,1.0,0.5111111111111111,0.676470588235294,0.21153846153846154,
W1_web,17,L1,takeover,pin_ip_and_useragent,0.08695652173913043,0.2222222222222222,0.125,0.0673076923076923,
W1_web,17,L1,takeover,score_distinct_bindings,0.0,0.0,0.0,0.0,0.9567307692307693
W1_web,17,L1,takeover,score_max_request_rate,0.0,0.0,0.0,0.0,0.5409698996655519
W1_web,17,L1,takeover,score_burstiness,0.0,0.0,0.0,0.0,0.4335284280936455
W1_web,18,L1,takeover,SICA (proposed),0.0,0.0,0.0,0.0,0.94
W1_web,18,L1,takeover,pin_ip,1.0,0.627906976744186,0.7714285714285715,0.16,
W1_web,18,L1,takeover,pin_prefix24,1.0,0.75,0.8571428571428571,0.09,
W1_web,18,L1,takeover,pin_scope16,1.0,0.84375,0.9152542372881356,0.05,
W1_web,18,L1,takeover,pin_useragent,0.0,0.0,0.0,0.13,
W1_web,18,L1,takeover,pin_useragent_core,0.0,0.0,0.0,0.0,
W1_web,18,L1,takeover,pin_ip_or_useragent,1.0,0.5625,0.72,0.21,
W1_web,18,L1,takeover,pin_ip_and_useragent,0.0,0.0,0.0,0.08,
W1_web,18,L1,takeover,score_distinct_bindings,0.037037037037037035,1.0,0.07142857142857142,0.0,0.9566666666666667
W1_web,18,L1,takeover,score_max_request_rate,0.0,0.0,0.0,0.0,0.5157407407407407
W1_web,18,L1,takeover,score_burstiness,0.0,0.0,0.0,0.0,0.48018518518518516
W1_web,19,L1,takeover,SICA (proposed),0.0,0.0,0.0,0.0,0.9705882352941176
W1_web,19,L1,takeover,pin_ip,1.0,0.5952380952380952,0.7462686567164178,0.16666666666666666,
W1_web,19,L1,takeover,pin_prefix24,1.0,0.78125,0.8771929824561403,0.06862745098039216,
W1_web,19,L1,takeover,pin_scope16,1.0,0.9259259259259259,0.9615384615384615,0.0196078431372549,
W1_web,19,L1,takeover,pin_useragent,0.0,0.0,0.0,0.08823529411764706,
W1_web,19,L1,takeover,pin_useragent_core,0.0,0.0,0.0,0.0,
W1_web,19,L1,takeover,pin_ip_or_useragent,1.0,0.5319148936170213,0.6944444444444444,0.21568627450980393,
W1_web,19,L1,takeover,pin_ip_and_useragent,0.0,0.0,0.0,0.0392156862745098,
W1_web,19,L1,takeover,score_distinct_bindings,0.0,0.0,0.0,0.0,0.9656862745098039
W1_web,19,L1,takeover,score_max_request_rate,0.0,0.0,0.0,0.0,0.47058823529411764
W1_web,19,L1,takeover,score_burstiness,0.0,0.0,0.0,0.0,0.40862745098039216
W1_web,0,L1,concurrent,SICA (proposed),1.0,0.8947368421052632,0.9444444444444444,0.01818181818181818,0.990909090909091
W1_web,0,L1,concurrent,pin_ip,1.0,0.5,0.6666666666666666,0.15454545454545454,
W1_web,0,L1,concurrent,pin_prefix24,1.0,0.68,0.8095238095238095,0.07272727272727272,
W1_web,0,L1,concurrent,pin_scope16,1.0,0.85,0.9189189189189189,0.02727272727272727,
W1_web,0,L1,concurrent,pin_useragent,0.0,0.0,0.0,0.14545454545454545,
W1_web,0,L1,concurrent,pin_useragent_core,0.0,0.0,0.0,0.0,
W1_web,0,L1,concurrent,pin_ip_or_useragent,1.0,0.38636363636363635,0.5573770491803279,0.24545454545454545,
W1_web,0,L1,concurrent,pin_ip_and_useragent,0.0,0.0,0.0,0.05454545454545454,
W1_web,0,L1,concurrent,score_distinct_bindings,0.058823529411764705,1.0,0.1111111111111111,0.0,0.9657754010695188
W1_web,0,L1,concurrent,score_max_request_rate,0.0,0.0,0.0,0.0,0.7205882352941176
W1_web,0,L1,concurrent,score_burstiness,0.0,0.0,0.0,0.0,0.6318181818181818
W1_web,1,L1,concurrent,SICA (proposed),1.0,1.0,1.0,0.0,1.0
W1_web,1,L1,concurrent,pin_ip,1.0,0.5151515151515151,0.6799999999999999,0.14545454545454545,
W1_web,1,L1,concurrent,pin_prefix24,1.0,0.8095238095238095,0.8947368421052632,0.03636363636363636,
W1_web,1,L1,concurrent,pin_scope16,1.0,0.9444444444444444,0.9714285714285714,0.00909090909090909,
W1_web,1,L1,concurrent,pin_useragent,0.11764705882352941,0.15384615384615385,0.13333333333333333,0.1,
W1_web,1,L1,concurrent,pin_useragent_core,0.0,0.0,0.0,0.0,
W1_web,1,L1,concurrent,pin_ip_or_useragent,1.0,0.4594594594594595,0.6296296296296297,0.18181818181818182,
W1_web,1,L1,concurrent,pin_ip_and_useragent,0.11764705882352941,0.2222222222222222,0.15384615384615383,0.06363636363636363,
W1_web,1,L1,concurrent,score_distinct_bindings,0.23529411764705882,1.0,0.38095238095238093,0.0,0.986096256684492
W1_web,1,L1,concurrent,score_max_request_rate,0.0,0.0,0.0,0.0,0.42112299465240643
W1_web,1,L1,concurrent,score_burstiness,0.0,0.0,0.0,0.0,0.3657754010695187
W1_web,2,L1,concurrent,SICA (proposed),1.0,1.0,1.0,0.0,1.0
W1_web,2,L1,concurrent,pin_ip,1.0,0.717391304347826,0.8354430379746834,0.13829787234042554,
W1_web,2,L1,concurrent,pin_prefix24,1.0,0.8461538461538461,0.9166666666666666,0.06382978723404255,
W1_web,2,L1,concurrent,pin_scope16,1.0,0.9428571428571428,0.9705882352941176,0.02127659574468085,
W1_web,2,L1,concurrent,pin_useragent,0.09090909090909091,0.25,0.13333333333333333,0.09574468085106383,
W1_web,2,L1,concurrent,pin_useragent_core,0.0,0.0,0.0,0.0,
W1_web,2,L1,concurrent,pin_ip_or_useragent,1.0,0.6875,0.8148148148148148,0.1595744680851064,
W1_web,2,L1,concurrent,pin_ip_and_useragent,0.09090909090909091,0.3,0.13953488372093023,0.07446808510638298,
W1_web,2,L1,concurrent,score_distinct_bindings,0.030303030303030304,1.0,0.05882352941176471,0.0,0.9690522243713733
W1_web,2,L1,concurrent,score_max_request_rate,0.0,0.0,0.0,0.0,0.599290780141844
W1_web,2,L1,concurrent,score_burstiness,0.0,0.0,0.0,0.0,0.5341715022566086
W1_web,3,L1,concurrent,SICA (proposed),0.03571428571428571,1.0,0.0689655172413793,0.0,1.0
W1_web,3,L1,concurrent,pin_ip,1.0,0.6511627906976745,0.7887323943661972,0.15151515151515152,
W1_web,3,L1,concurrent,pin_prefix24,1.0,0.7567567567567568,0.8615384615384616,0.09090909090909091,
W1_web,3,L1,concurrent,pin_scope16,1.0,0.9032258064516129,0.9491525423728813,0.030303030303030304,
W1_web,3,L1,concurrent,pin_useragent,0.03571428571428571,0.06666666666666667,0.046511627906976744,0.1414141414141414,
W1_web,3,L1,concurrent,pin_useragent_core,0.0,0.0,0.0,0.0,
W1_web,3,L1,concurrent,pin_ip_or_useragent,1.0,0.5490196078431373,0.7088607594936709,0.23232323232323232,
W1_web,3,L1,concurrent,pin_ip_and_useragent,0.03571428571428571,0.14285714285714285,0.05714285714285715,0.06060606060606061,
W1_web,3,L1,concurrent,score_distinct_bindings,0.03571428571428571,1.0,0.0689655172413793,0.0,0.9561688311688312
W1_web,3,L1,concurrent,score_max_request_rate,0.0,0.0,0.0,0.0,0.5248917748917749
W1_web,3,L1,concurrent,score_burstiness,0.0,0.0,0.0,0.0,0.4648268398268398
W1_web,4,L1,concurrent,SICA (proposed),0.05,1.0,0.09523809523809523,0.0,0.9880841121495327
W1_web,4,L1,concurrent,pin_ip,1.0,0.5405405405405406,0.7017543859649124,0.1588785046728972,
W1_web,4,L1,concurrent,pin_prefix24,1.0,0.6896551724137931,0.8163265306122449,0.08411214953271028,
W1_web,4,L1,concurrent,pin_scope16,1.0,0.7142857142857143,0.8333333333333333,0.07476635514018691,
W1_web,4,L1,concurrent,pin_useragent,0.1,0.2222222222222222,0.13793103448275865,0.06542056074766354,
W1_web,4,L1,concurrent,pin_useragent_core,0.0,0.0,0.0,0.0,
W1_web,4,L1,concurrent,pin_ip_or_useragent,1.0,0.4878048780487805,0.6557377049180327,0.19626168224299065,
W1_web,4,L1,concurrent,pin_ip_and_useragent,0.1,0.4,0.16000000000000003,0.028037383177570093,
W1_web,4,L1,concurrent,score_distinct_bindings,0.05,1.0,0.09523809523809523,0.0,0.9600467289719626
W1_web,4,L1,concurrent,score_max_request_rate,0.0,0.0,0.0,0.0,0.602803738317757
W1_web,4,L1,concurrent,score_burstiness,0.0,0.0,0.0,0.0,0.5504672897196262
W1_web,5,L1,concurrent,SICA (proposed),0.10526315789473684,1.0,0.1904761904761905,0.0,0.9956140350877193
W1_web,5,L1,concurrent,pin_ip,1.0,0.475,0.6440677966101694,0.19444444444444445,
W1_web,5,L1,concurrent,pin_prefix24,1.0,0.6785714285714286,0.8085106382978724,0.08333333333333333,
W1_web,5,L1,concurrent,pin_scope16,1.0,0.7916666666666666,0.8837209302325582,0.046296296296296294,
W1_web,5,L1,concurrent,pin_useragent,0.21052631578947367,0.2857142857142857,0.24242424242424243,0.09259259259259259,
W1_web,5,L1,concurrent,pin_useragent_core,0.0,0.0,0.0,0.0,
W1_web,5,L1,concurrent,pin_ip_or_useragent,1.0,0.4222222222222222,0.59375,0.24074074074074073,
W1_web,5,L1,concurrent,pin_ip_and_useragent,0.21052631578947367,0.4444444444444444,0.2857142857142857,0.046296296296296294,
W1_web,5,L1,concurrent,score_distinct_bindings,0.05263157894736842,1.0,0.1,0.0,0.9605263157894737
W1_web,5,L1,concurrent,score_max_request_rate,0.0,0.0,0.0,0.0,0.5087719298245614
W1_web,5,L1,concurrent,score_burstiness,0.0,0.0,0.0,0.0,0.4615009746588694
W1_web,6,L1,concurrent,SICA (proposed),1.0,0.8888888888888888,0.9411764705882353,0.018018018018018018,0.990990990990991
W1_web,6,L1,concurrent,pin_ip,1.0,0.5,0.6666666666666666,0.14414414414414414,
W1_web,6,L1,concurrent,pin_prefix24,1.0,0.7272727272727273,0.8421052631578948,0.05405405405405406,
W1_web,6,L1,concurrent,pin_scope16,1.0,0.8,0.888888888888889,0.036036036036036036,
W1_web,6,L1,concurrent,pin_useragent,0.0625,0.125,0.08333333333333333,0.06306306306306306,
W1_web,6,L1,concurrent,pin_useragent_core,0.0,0.0,0.0,0.0,
W1_web,6,L1,concurrent,pin_ip_or_useragent,1.0,0.4444444444444444,0.6153846153846153,0.18018018018018017,
W1_web,6,L1,concurrent,pin_ip_and_useragent,0.0625,0.25,0.1,0.02702702702702703,
W1_web,6,L1,concurrent,score_distinct_bindings,0.0,0.0,0.0,0.0,0.972972972972973
W1_web,6,L1,concurrent,score_max_request_rate,0.0,0.0,0.0,0.0,0.5579954954954955
W1_web,6,L1,concurrent,score_burstiness,0.0,0.0,0.0,0.0,0.5658783783783784
W1_web,7,L1,concurrent,SICA (proposed),1.0,0.9230769230769231,0.9600000000000001,0.008695652173913044,0.9956521739130435
W1_web,7,L1,concurrent,pin_ip,1.0,0.41379310344827586,0.5853658536585366,0.14782608695652175,
W1_web,7,L1,concurrent,pin_prefix24,1.0,0.5454545454545454,0.7058823529411764,0.08695652173913043,
W1_web,7,L1,concurrent,pin_scope16,1.0,0.7058823529411765,0.8275862068965517,0.043478260869565216,
W1_web,7,L1,concurrent,pin_useragent,0.16666666666666666,0.13333333333333333,0.14814814814814814,0.11304347826086956,
W1_web,7,L1,concurrent,pin_useragent_core,0.0,0.0,0.0,0.0,
W1_web,7,L1,concurrent,pin_ip_or_useragent,1.0,0.34285714285714286,0.5106382978723404,0.2,
W1_web,7,L1,concurrent,pin_ip_and_useragent,0.16666666666666666,0.2222222222222222,0.1904761904761905,0.06086956521739131,
W1_web,7,L1,concurrent,score_distinct_bindings,0.08333333333333333,1.0,0.15384615384615385,0.0,0.9601449275362319
W1_web,7,L1,concurrent,score_max_request_rate,0.0,0.0,0.0,0.0,0.533695652173913
W1_web,7,L1,concurrent,score_burstiness,0.0,0.0,0.0,0.0,0.5297101449275362
W1_web,8,L1,concurrent,SICA (proposed),1.0,1.0,1.0,0.0,1.0
W1_web,8,L1,concurrent,pin_ip,1.0,0.6285714285714286,0.7719298245614035,0.12380952380952381,
W1_web,8,L1,concurrent,pin_prefix24,1.0,0.7857142857142857,0.88,0.05714285714285714,
W1_web,8,L1,concurrent,pin_scope16,1.0,0.9166666666666666,0.9565217391304348,0.01904761904761905,
W1_web,8,L1,concurrent,pin_useragent,0.09090909090909091,0.15384615384615385,0.1142857142857143,0.10476190476190476,
W1_web,8,L1,concurrent,pin_useragent_core,0.0,0.0,0.0,0.0,
W1_web,8,L1,concurrent,pin_ip_or_useragent,1.0,0.55,0.7096774193548387,0.17142857142857143,
W1_web,8,L1,concurrent,pin_ip_and_useragent,0.09090909090909091,0.25,0.13333333333333333,0.05714285714285714,
W1_web,8,L1,concurrent,score_distinct_bindings,0.13636363636363635,1.0,0.24000000000000002,0.0,0.9753246753246754
W1_web,8,L1,concurrent,score_max_request_rate,0.0,0.0,0.0,0.0,0.6231601731601731
W1_web,8,L1,concurrent,score_burstiness,0.0,0.0,0.0,0.0,0.546969696969697
W1_web,9,L1,concurrent,SICA (proposed),0.9,1.0,0.9473684210526316,0.0,0.9957943925233644
W1_web,9,L1,concurrent,pin_ip,1.0,0.5555555555555556,0.7142857142857143,0.14953271028037382,
W1_web,9,L1,concurrent,pin_prefix24,1.0,0.7692307692307693,0.8695652173913044,0.056074766355140186,
W1_web,9,L1,concurrent,pin_scope16,1.0,0.9090909090909091,0.9523809523809523,0.018691588785046728,
W1_web,9,L1,concurrent,pin_useragent,0.1,0.2222222222222222,0.13793103448275865,0.06542056074766354,
W1_web,9,L1,concurrent,pin_useragent_core,0.0,0.0,0.0,0.0,
W1_web,9,L1,concurrent,pin_ip_or_useragent,1.0,0.5128205128205128,0.6779661016949152,0.17757009345794392,
W1_web,9,L1,concurrent,pin_ip_and_useragent,0.1,0.3333333333333333,0.15384615384615383,0.037383177570093455,
W1_web,9,L1,concurrent,score_distinct_bindings,0.0,0.0,0.0,0.0,0.9719626168224299
W1_web,9,L1,concurrent,score_max_request_rate,0.0,0.0,0.0,0.0,0.6147196261682243
W1_web,9,L1,concurrent,score_burstiness,0.0,0.0,0.0,0.0,0.5025700934579439
W1_web,10,L1,concurrent,SICA (proposed),0.9523809523809523,0.8695652173913043,0.909090909090909,0.02830188679245283,0.9822551662174304
W1_web,10,L1,concurrent,pin_ip,1.0,0.45652173913043476,0.626865671641791,0.2358490566037736,
W1_web,10,L1,concurrent,pin_prefix24,1.0,0.6,0.7499999999999999,0.1320754716981132,
W1_web,10,L1,concurrent,pin_scope16,1.0,0.8076923076923077,0.8936170212765957,0.04716981132075472,
W1_web,10,L1,concurrent,pin_useragent,0.0,0.0,0.0,0.11320754716981132,
W1_web,10,L1,concurrent,pin_useragent_core,0.0,0.0,0.0,0.0,
W1_web,10,L1,concurrent,pin_ip_or_useragent,1.0,0.42,0.5915492957746479,0.27358490566037735,
W1_web,10,L1,concurrent,pin_ip_and_useragent,0.0,0.0,0.0,0.07547169811320754,
W1_web,10,L1,concurrent,score_distinct_bindings,0.09523809523809523,1.0,0.17391304347826084,0.0,0.940251572327044
W1_web,10,L1,concurrent,score_max_request_rate,0.0,0.0,0.0,0.0,0.5166217430368374
W1_web,10,L1,concurrent,score_burstiness,0.0,0.0,0.0,0.0,0.43755615453728663
W1_web,11,L1,concurrent,SICA (proposed),0.8571428571428571,1.0,0.923076923076923,0.0,0.9943109987357776
W1_web,11,L1,concurrent,pin_ip,1.0,0.45161290322580644,0.6222222222222222,0.1504424778761062,
W1_web,11,L1,concurrent,pin_prefix24,1.0,0.7368421052631579,0.8484848484848484,0.04424778761061947,
W1_web,11,L1,concurrent,pin_scope16,1.0,0.9333333333333333,0.9655172413793104,0.008849557522123894,
W1_web,11,L1,concurrent,pin_useragent,0.0,0.0,0.0,0.07964601769911504,
W1_web,11,L1,concurrent,pin_useragent_core,0.0,0.0,0.0,0.0,
W1_web,11,L1,concurrent,pin_ip_or_useragent,1.0,0.3888888888888889,0.56,0.19469026548672566,
W1_web,11,L1,concurrent,pin_ip_and_useragent,0.0,0.0,0.0,0.035398230088495575,
W1_web,11,L1,concurrent,score_distinct_bindings,0.07142857142857142,1.0,0.13333333333333333,0.0,0.979456384323641
W1_web,11,L1,concurrent,score_max_request_rate,0.0,0.0,0.0,0.0,0.6359039190897599
W1_web,11,L1,concurrent,score_burstiness,0.0,0.0,0.0,0.0,0.6011378002528445
W1_web,12,L1,concurrent,SICA (proposed),1.0,0.9615384615384616,0.9803921568627451,0.00980392156862745,0.9996078431372549
W1_web,12,L1,concurrent,pin_ip,1.0,0.6410256410256411,0.7812500000000001,0.13725490196078433,
W1_web,12,L1,concurrent,pin_prefix24,1.0,0.7352941176470589,0.8474576271186441,0.08823529411764706,
W1_web,12,L1,concurrent,pin_scope16,1.0,0.9615384615384616,0.9803921568627451,0.00980392156862745,
W1_web,12,L1,concurrent,pin_useragent,0.16,0.3076923076923077,0.2105263157894737,0.08823529411764706,
W1_web,12,L1,concurrent,pin_useragent_core,0.0,0.0,0.0,0.0,
W1_web,12,L1,concurrent,pin_ip_or_useragent,1.0,0.5555555555555556,0.7142857142857143,0.19607843137254902,
W1_web,12,L1,concurrent,pin_ip_and_useragent,0.16,0.5714285714285714,0.25,0.029411764705882353,
W1_web,12,L1,concurrent,score_distinct_bindings,0.08,1.0,0.14814814814814814,0.0,0.9594117647058824
W1_web,12,L1,concurrent,score_max_request_rate,0.0,0.0,0.0,0.0,0.5443137254901961
W1_web,12,L1,concurrent,score_burstiness,0.0,0.0,0.0,0.0,0.4964705882352941
W1_web,13,L1,concurrent,SICA (proposed),1.0,1.0,1.0,0.0,1.0
W1_web,13,L1,concurrent,pin_ip,1.0,0.5641025641025641,0.7213114754098361,0.1619047619047619,
W1_web,13,L1,concurrent,pin_prefix24,1.0,0.7586206896551724,0.8627450980392156,0.06666666666666667,
W1_web,13,L1,concurrent,pin_scope16,1.0,0.9166666666666666,0.9565217391304348,0.01904761904761905,
W1_web,13,L1,concurrent,pin_useragent,0.13636363636363635,0.23076923076923078,0.1714285714285714,0.09523809523809523,
W1_web,13,L1,concurrent,pin_useragent_core,0.0,0.0,0.0,0.0,
W1_web,13,L1,concurrent,pin_ip_or_useragent,1.0,0.4888888888888889,0.6567164179104478,0.21904761904761905,
W1_web,13,L1,concurrent,pin_ip_and_useragent,0.13636363636363635,0.42857142857142855,0.20689655172413793,0.0380952380952381,
W1_web,13,L1,concurrent,score_distinct_bindings,0.045454545454545456,1.0,0.08695652173913045,0.0,0.9681818181818181
W1_web,13,L1,concurrent,score_max_request_rate,0.0,0.0,0.0,0.0,0.5997835497835498
W1_web,13,L1,concurrent,score_burstiness,0.0,0.0,0.0,0.0,0.48874458874458876
W1_web,14,L1,concurrent,SICA (proposed),1.0,0.9565217391304348,0.9777777777777777,0.009523809523809525,0.9952380952380953
W1_web,14,L1,concurrent,pin_ip,1.0,0.6111111111111112,0.7586206896551725,0.13333333333333333,
W1_web,14,L1,concurrent,pin_prefix24,1.0,0.7586206896551724,0.8627450980392156,0.06666666666666667,
W1_web,14,L1,concurrent,pin_scope16,1.0,0.9166666666666666,0.9565217391304348,0.01904761904761905,
W1_web,14,L1,concurrent,pin_useragent,0.0,0.0,0.0,0.0761904761904762,
W1_web,14,L1,concurrent,pin_useragent_core,0.0,0.0,0.0,0.0,
W1_web,14,L1,concurrent,pin_ip_or_useragent,1.0,0.5789473684210527,0.7333333333333334,0.1523809523809524,
W1_web,14,L1,concurrent,pin_ip_and_useragent,0.0,0.0,0.0,0.05714285714285714,
W1_web,14,L1,concurrent,score_distinct_bindings,0.045454545454545456,1.0,0.08695652173913045,0.0,0.9681818181818181
W1_web,14,L1,concurrent,score_max_request_rate,0.0,0.0,0.0,0.0,0.6536796536796536
W1_web,14,L1,concurrent,score_burstiness,0.0,0.0,0.0,0.0,0.6093073593073594
W1_web,15,L1,concurrent,SICA (proposed),0.0,0.0,0.0,0.0,0.9986522911051213
W1_web,15,L1,concurrent,pin_ip,1.0,0.525,0.6885245901639345,0.1792452830188679,
W1_web,15,L1,concurrent,pin_prefix24,1.0,0.65625,0.7924528301886793,0.10377358490566038,
W1_web,15,L1,concurrent,pin_scope16,1.0,0.875,0.9333333333333333,0.02830188679245283,
W1_web,15,L1,concurrent,pin_useragent,0.047619047619047616,0.06666666666666667,0.05555555555555555,0.1320754716981132,
W1_web,15,L1,concurrent,pin_useragent_core,0.0,0.0,0.0,0.0,
W1_web,15,L1,concurrent,pin_ip_or_useragent,1.0,0.4666666666666667,0.6363636363636364,0.22641509433962265,
W1_web,15,L1,concurrent,pin_ip_and_useragent,0.047619047619047616,0.1,0.06451612903225806,0.08490566037735849,
W1_web,15,L1,concurrent,score_distinct_bindings,0.0,0.0,0.0,0.0,0.9481132075471698
W1_web,15,L1,concurrent,score_max_request_rate,0.0,0.0,0.0,0.0,0.50696316262354
W1_web,15,L1,concurrent,score_burstiness,0.0,0.0,0.0,0.0,0.461141060197664
W1_web,16,L1,concurrent,SICA (proposed),1.0,0.9473684210526315,0.972972972972973,0.009174311926605505,0.9954128440366973
W1_web,16,L1,concurrent,pin_ip,1.0,0.5294117647058824,0.6923076923076924,0.14678899082568808,
W1_web,16,L1,concurrent,pin_prefix24,1.0,0.6666666666666666,0.8,0.08256880733944955,
W1_web,16,L1,concurrent,pin_scope16,1.0,0.8571428571428571,0.923076923076923,0.027522935779816515,
W1_web,16,L1,concurrent,pin_useragent,0.0,0.0,0.0,0.09174311926605505,
W1_web,16,L1,concurrent,pin_useragent_core,0.0,0.0,0.0,0.0,
W1_web,16,L1,concurrent,pin_ip_or_useragent,1.0,0.47368421052631576,0.6428571428571429,0.1834862385321101,
W1_web,16,L1,concurrent,pin_ip_and_useragent,0.0,0.0,0.0,0.05504587155963303,
W1_web,16,L1,concurrent,score_distinct_bindings,0.0,0.0,0.0,0.0,0.9587155963302753
W1_web,16,L1,concurrent,score_max_request_rate,0.0,0.0,0.0,0.0,0.585881753312946
W1_web,16,L1,concurrent,score_burstiness,0.0,0.0,0.0,0.0,0.5198776758409785
W1_web,17,L1,concurrent,SICA (proposed),0.0,0.0,0.0,0.0,0.9997326203208556
W1_web,17,L1,concurrent,pin_ip,1.0,0.4358974358974359,0.6071428571428571,0.2,
W1_web,17,L1,concurrent,pin_prefix24,1.0,0.6296296296296297,0.7727272727272727,0.09090909090909091,
W1_web,17,L1,concurrent,pin_scope16,1.0,0.85,0.9189189189189189,0.02727272727272727,
W1_web,17,L1,concurrent,pin_useragent,0.11764705882352941,0.15384615384615385,0.13333333333333333,0.1,
W1_web,17,L1,concurrent,pin_useragent_core,0.0,0.0,0.0,0.0,
W1_web,17,L1,concurrent,pin_ip_or_useragent,1.0,0.4146341463414634,0.5862068965517241,0.21818181818181817,
W1_web,17,L1,concurrent,pin_ip_and_useragent,0.11764705882352941,0.18181818181818182,0.14285714285714285,0.08181818181818182,
W1_web,17,L1,concurrent,score_distinct_bindings,0.0,0.0,0.0,0.0,0.9545454545454546
W1_web,17,L1,concurrent,score_max_request_rate,0.0,0.0,0.0,0.0,0.6179144385026738
W1_web,17,L1,concurrent,score_burstiness,0.058823529411764705,1.0,0.1111111111111111,0.0,0.5454545454545454
W1_web,18,L1,concurrent,SICA (proposed),0.09090909090909091,1.0,0.16666666666666669,0.0,0.983982683982684
W1_web,18,L1,concurrent,pin_ip,1.0,0.5789473684210527,0.7333333333333334,0.1523809523809524,
W1_web,18,L1,concurrent,pin_prefix24,1.0,0.7096774193548387,0.8301886792452831,0.08571428571428572,
W1_web,18,L1,concurrent,pin_scope16,1.0,0.8148148148148148,0.8979591836734693,0.047619047619047616,
W1_web,18,L1,concurrent,pin_useragent,0.13636363636363635,0.1875,0.15789473684210525,0.12380952380952381,
W1_web,18,L1,concurrent,pin_useragent_core,0.0,0.0,0.0,0.0,
W1_web,18,L1,concurrent,pin_ip_or_useragent,1.0,0.5116279069767442,0.676923076923077,0.2,
W1_web,18,L1,concurrent,pin_ip_and_useragent,0.13636363636363635,0.2727272727272727,0.1818181818181818,0.0761904761904762,
W1_web,18,L1,concurrent,score_distinct_bindings,0.13636363636363635,1.0,0.24000000000000002,0.0,0.962987012987013
W1_web,18,L1,concurrent,score_max_request_rate,0.0,0.0,0.0,0.0,0.6181818181818182
W1_web,18,L1,concurrent,score_burstiness,0.0,0.0,0.0,0.0,0.5612554112554112
W1_web,19,L1,concurrent,SICA (proposed),1.0,1.0,1.0,0.0,1.0
W1_web,19,L1,concurrent,pin_ip,1.0,0.5,0.6666666666666666,0.1651376146788991,
W1_web,19,L1,concurrent,pin_prefix24,1.0,0.72,0.8372093023255813,0.06422018348623854,
W1_web,19,L1,concurrent,pin_scope16,1.0,0.9,0.9473684210526316,0.01834862385321101,
W1_web,19,L1,concurrent,pin_useragent,0.0,0.0,0.0,0.08256880733944955,
W1_web,19,L1,concurrent,pin_useragent_core,0.0,0.0,0.0,0.0,
W1_web,19,L1,concurrent,pin_ip_or_useragent,1.0,0.43902439024390244,0.6101694915254238,0.21100917431192662,
W1_web,19,L1,concurrent,pin_ip_and_useragent,0.0,0.0,0.0,0.03669724770642202,
W1_web,19,L1,concurrent,score_distinct_bindings,0.0,0.0,0.0,0.0,0.9678899082568807
W1_web,19,L1,concurrent,score_max_request_rate,0.0,0.0,0.0,0.0,0.5290519877675841
W1_web,19,L1,concurrent,score_burstiness,0.0,0.0,0.0,0.0,0.46075433231396534
W1_web,0,L2,takeover,SICA (proposed),0.0,0.0,0.0,0.018691588785046728,0.9771028037383177
W1_web,0,L2,takeover,pin_ip,1.0,0.5405405405405406,0.7017543859649124,0.1588785046728972,
W1_web,0,L2,takeover,pin_prefix24,1.0,0.7142857142857143,0.8333333333333333,0.07476635514018691,
W1_web,0,L2,takeover,pin_scope16,0.0,0.0,0.0,0.028037383177570093,
W1_web,0,L2,takeover,pin_useragent,1.0,0.5555555555555556,0.7142857142857143,0.14953271028037382,
W1_web,0,L2,takeover,pin_useragent_core,0.95,1.0,0.9743589743589743,0.0,
W1_web,0,L2,takeover,pin_ip_or_useragent,1.0,0.425531914893617,0.5970149253731344,0.2523364485981308,
W1_web,0,L2,takeover,pin_ip_and_useragent,1.0,0.7692307692307693,0.8695652173913044,0.056074766355140186,
W1_web,0,L2,takeover,score_distinct_bindings,0.0,0.0,0.0,0.0,0.9626168224299065
W1_web,0,L2,takeover,score_max_request_rate,0.0,0.0,0.0,0.0,0.7
W1_web,0,L2,takeover,score_burstiness,0.0,0.0,0.0,0.0,0.6294392523364486
W1_web,1,L2,takeover,SICA (proposed),0.8695652173913043,1.0,0.9302325581395349,0.0,0.9885033444816054
W1_web,1,L2,takeover,pin_ip,1.0,0.5897435897435898,0.7419354838709677,0.15384615384615385,
W1_web,1,L2,takeover,pin_prefix24,1.0,0.8518518518518519,0.92,0.038461538461538464,
W1_web,1,L2,takeover,pin_scope16,0.043478260869565216,0.5,0.08,0.009615384615384616,
W1_web,1,L2,takeover,pin_useragent,0.9565217391304348,0.6666666666666666,0.7857142857142856,0.10576923076923077,
W1_web,1,L2,takeover,pin_useragent_core,0.8695652173913043,1.0,0.9302325581395349,0.0,
W1_web,1,L2,takeover,pin_ip_or_useragent,1.0,0.5348837209302325,0.6969696969696969,0.19230769230769232,
W1_web,1,L2,takeover,pin_ip_and_useragent,0.9565217391304348,0.7586206896551724,0.8461538461538461,0.0673076923076923,
W1_web,1,L2,takeover,score_distinct_bindings,0.043478260869565216,1.0,0.08333333333333333,0.0,0.9816053511705686
W1_web,1,L2,takeover,score_max_request_rate,0.0,0.0,0.0,0.0,0.4717809364548495
W1_web,1,L2,takeover,score_burstiness,0.043478260869565216,1.0,0.08333333333333333,0.0,0.4657190635451505
W1_web,2,L2,takeover,SICA (proposed),0.9090909090909091,1.0,0.9523809523809523,0.0,0.9948420373952289
W1_web,2,L2,takeover,pin_ip,1.0,0.717391304347826,0.8354430379746834,0.13829787234042554,
W1_web,2,L2,takeover,pin_prefix24,1.0,0.8461538461538461,0.9166666666666666,0.06382978723404255,
W1_web,2,L2,takeover,pin_scope16,0.0,0.0,0.0,0.02127659574468085,
W1_web,2,L2,takeover,pin_useragent,0.9696969696969697,0.7804878048780488,0.8648648648648648,0.09574468085106383,
W1_web,2,L2,takeover,pin_useragent_core,0.9090909090909091,1.0,0.9523809523809523,0.0,
W1_web,2,L2,takeover,pin_ip_or_useragent,1.0,0.6875,0.8148148148148148,0.1595744680851064,
W1_web,2,L2,takeover,pin_ip_and_useragent,0.9696969696969697,0.8205128205128205,0.8888888888888888,0.07446808510638298,
W1_web,2,L2,takeover,score_distinct_bindings,0.0,0.0,0.0,0.0,0.9680851063829787
W1_web,2,L2,takeover,score_max_request_rate,0.0,0.0,0.0,0.0,0.6463571889103804
W1_web,2,L2,takeover,score_burstiness,0.0,0.0,0.0,0.0,0.5949387491940683
W1_web,3,L2,takeover,SICA (proposed),0.0,0.0,0.0,0.0,0.9976708074534162
W1_web,3,L2,takeover,pin_ip,1.0,0.7142857142857143,0.8333333333333333,0.15217391304347827,
W1_web,3,L2,takeover,pin_prefix24,1.0,0.813953488372093,0.8974358974358974,0.08695652173913043,
W1_web,3,L2,takeover,pin_scope16,0.0,0.0,0.0,0.03260869565217391,
W1_web,3,L2,takeover,pin_useragent,1.0,0.7446808510638298,0.8536585365853657,0.13043478260869565,
W1_web,3,L2,takeover,pin_useragent_core,0.9714285714285714,1.0,0.9855072463768115,0.0,
W1_web,3,L2,takeover,pin_ip_or_useragent,1.0,0.6363636363636364,0.7777777777777778,0.21739130434782608,
W1_web,3,L2,takeover,pin_ip_and_useragent,1.0,0.8536585365853658,0.9210526315789475,0.06521739130434782,
W1_web,3,L2,takeover,score_distinct_bindings,0.0,0.0,0.0,0.0,0.9565217391304348
W1_web,3,L2,takeover,score_max_request_rate,0.0,0.0,0.0,0.0,0.5706521739130435
W1_web,3,L2,takeover,score_burstiness,0.0,0.0,0.0,0.0,0.5791925465838509
W1_web,4,L2,takeover,SICA (proposed),0.0,0.0,0.0,0.0,0.9733434881949733
W1_web,4,L2,takeover,pin_ip,1.0,0.6341463414634146,0.7761194029850745,0.1485148514851485,
W1_web,4,L2,takeover,pin_prefix24,1.0,0.7878787878787878,0.8813559322033898,0.06930693069306931,
W1_web,4,L2,takeover,pin_scope16,0.038461538461538464,0.125,0.058823529411764705,0.06930693069306931,
W1_web,4,L2,takeover,pin_useragent,0.9230769230769231,0.7741935483870968,0.8421052631578947,0.06930693069306931,
W1_web,4,L2,takeover,pin_useragent_core,0.9230769230769231,1.0,0.9600000000000001,0.0,
W1_web,4,L2,takeover,pin_ip_or_useragent,1.0,0.5777777777777777,0.732394366197183,0.18811881188118812,
W1_web,4,L2,takeover,pin_ip_and_useragent,0.9230769230769231,0.8888888888888888,0.9056603773584906,0.0297029702970297,
W1_web,4,L2,takeover,score_distinct_bindings,0.038461538461538464,1.0,0.07407407407407407,0.0,0.9666793602437167
W1_web,4,L2,takeover,score_max_request_rate,0.0,0.0,0.0,0.0,0.5698781416603199
W1_web,4,L2,takeover,score_burstiness,0.0,0.0,0.0,0.0,0.49961919268849964
W1_web,5,L2,takeover,SICA (proposed),0.0,0.0,0.0,0.0,0.9764250527797326
W1_web,5,L2,takeover,pin_ip,1.0,0.6041666666666666,0.7532467532467533,0.19387755102040816,
W1_web,5,L2,takeover,pin_prefix24,1.0,0.7631578947368421,0.8656716417910448,0.09183673469387756,
W1_web,5,L2,takeover,pin_scope16,0.0,0.0,0.0,0.05102040816326531,
W1_web,5,L2,takeover,pin_useragent,1.0,0.8055555555555556,0.8923076923076924,0.07142857142857142,
W1_web,5,L2,takeover,pin_useragent_core,0.8620689655172413,1.0,0.9259259259259259,0.0,
W1_web,5,L2,takeover,pin_ip_or_useragent,1.0,0.5576923076923077,0.7160493827160493,0.23469387755102042,
W1_web,5,L2,takeover,pin_ip_and_useragent,1.0,0.90625,0.9508196721311475,0.030612244897959183,
W1_web,5,L2,takeover,score_distinct_bindings,0.0,0.0,0.0,0.0,0.9540816326530612
W1_web,5,L2,takeover,score_max_request_rate,0.0,0.0,0.0,0.0,0.5100281491907108
W1_web,5,L2,takeover,score_burstiness,0.0,0.0,0.0,0.0,0.48434201266713584
W1_web,6,L2,takeover,SICA (proposed),0.0,0.0,0.0,0.01834862385321101,0.9701834862385321
W1_web,6,L2,takeover,pin_ip,1.0,0.5294117647058824,0.6923076923076924,0.14678899082568808,
W1_web,6,L2,takeover,pin_prefix24,1.0,0.75,0.8571428571428571,0.05504587155963303,
W1_web,6,L2,takeover,pin_scope16,0.0,0.0,0.0,0.03669724770642202,
W1_web,6,L2,takeover,pin_useragent,1.0,0.72,0.8372093023255813,0.06422018348623854,
W1_web,6,L2,takeover,pin_useragent_core,0.8333333333333334,1.0,0.9090909090909091,0.0,
W1_web,6,L2,takeover,pin_ip_or_useragent,1.0,0.47368421052631576,0.6428571428571429,0.1834862385321101,
W1_web,6,L2,takeover,pin_ip_and_useragent,1.0,0.8571428571428571,0.923076923076923,0.027522935779816515,
W1_web,6,L2,takeover,score_distinct_bindings,0.0,0.0,0.0,0.0,0.9724770642201835
W1_web,6,L2,takeover,score_max_request_rate,0.0,0.0,0.0,0.0,0.5800203873598369
W1_web,6,L2,takeover,score_burstiness,0.0,0.0,0.0,0.0,0.573394495412844
W1_web,7,L2,takeover,SICA (proposed),0.0,0.0,0.0,0.008928571428571428,0.9910714285714286
W1_web,7,L2,takeover,pin_ip,1.0,0.46875,0.6382978723404256,0.15178571428571427,
W1_web,7,L2,takeover,pin_prefix24,1.0,0.6,0.7499999999999999,0.08928571428571429,
W1_web,7,L2,takeover,pin_scope16,0.0,0.0,0.0,0.044642857142857144,
W1_web,7,L2,takeover,pin_useragent,1.0,0.5357142857142857,0.6976744186046512,0.11607142857142858,
W1_web,7,L2,takeover,pin_useragent_core,1.0,1.0,1.0,0.0,
W1_web,7,L2,takeover,pin_ip_or_useragent,1.0,0.39473684210526316,0.5660377358490566,0.20535714285714285,
W1_web,7,L2,takeover,pin_ip_and_useragent,1.0,0.6818181818181818,0.8108108108108109,0.0625,
W1_web,7,L2,takeover,score_distinct_bindings,0.06666666666666667,1.0,0.125,0.0,0.9583333333333334
W1_web,7,L2,takeover,score_max_request_rate,0.0,0.0,0.0,0.0,0.6428571428571429
W1_web,7,L2,takeover,score_burstiness,0.0,0.0,0.0,0.0,0.6476190476190476
W1_web,8,L2,takeover,SICA (proposed),0.0,0.0,0.0,0.0,0.9821020563594821
W1_web,8,L2,takeover,pin_ip,1.0,0.6666666666666666,0.8,0.12871287128712872,
W1_web,8,L2,takeover,pin_prefix24,1.0,0.8125,0.896551724137931,0.0594059405940594,
W1_web,8,L2,takeover,pin_scope16,0.038461538461538464,0.3333333333333333,0.06896551724137931,0.019801980198019802,
W1_web,8,L2,takeover,pin_useragent,1.0,0.7027027027027027,0.8253968253968255,0.10891089108910891,
W1_web,8,L2,takeover,pin_useragent_core,0.7692307692307693,1.0,0.8695652173913044,0.0,
W1_web,8,L2,takeover,pin_ip_or_useragent,1.0,0.5909090909090909,0.7428571428571429,0.1782178217821782,
W1_web,8,L2,takeover,pin_ip_and_useragent,1.0,0.8125,0.896551724137931,0.0594059405940594,
W1_web,8,L2,takeover,score_distinct_bindings,0.11538461538461539,1.0,0.20689655172413793,0.0,0.9737242955064738
W1_web,8,L2,takeover,score_max_request_rate,0.0,0.0,0.0,0.0,0.5892993145468393
W1_web,8,L2,takeover,score_burstiness,0.0,0.0,0.0,0.0,0.5317974105102818
W1_web,9,L2,takeover,SICA (proposed),0.0,0.0,0.0,0.0,0.9941176470588236
W1_web,9,L2,takeover,pin_ip,1.0,0.625,0.7692307692307693,0.14705882352941177,
W1_web,9,L2,takeover,pin_prefix24,1.0,0.8064516129032258,0.8928571428571428,0.058823529411764705,
W1_web,9,L2,takeover,pin_scope16,0.0,0.0,0.0,0.0196078431372549,
W1_web,9,L2,takeover,pin_useragent,0.96,0.7741935483870968,0.8571428571428571,0.06862745098039216,
W1_web,9,L2,takeover,pin_useragent_core,0.92,1.0,0.9583333333333334,0.0,
W1_web,9,L2,takeover,pin_ip_or_useragent,1.0,0.5813953488372093,0.7352941176470588,0.17647058823529413,
W1_web,9,L2,takeover,pin_ip_and_useragent,0.96,0.8571428571428571,0.9056603773584904,0.0392156862745098,
W1_web,9,L2,takeover,score_distinct_bindings,0.0,0.0,0.0,0.0,0.9705882352941176
W1_web,9,L2,takeover,score_max_request_rate,0.0,0.0,0.0,0.0,0.6172549019607844
W1_web,9,L2,takeover,score_burstiness,0.0,0.0,0.0,0.0,0.5084313725490196
W1_web,10,L2,takeover,SICA (proposed),0.0,0.0,0.0,0.020202020202020204,0.976911976911977
W1_web,10,L2,takeover,pin_ip,1.0,0.5384615384615384,0.7000000000000001,0.24242424242424243,
W1_web,10,L2,takeover,pin_prefix24,1.0,0.6829268292682927,0.8115942028985507,0.13131313131313133,
W1_web,10,L2,takeover,pin_scope16,0.0,0.0,0.0,0.04040404040404041,
W1_web,10,L2,takeover,pin_useragent,1.0,0.7,0.8235294117647058,0.12121212121212122,
W1_web,10,L2,takeover,pin_useragent_core,0.9642857142857143,1.0,0.9818181818181818,0.0,
W1_web,10,L2,takeover,pin_ip_or_useragent,1.0,0.5,0.6666666666666666,0.2828282828282828,
W1_web,10,L2,takeover,pin_ip_and_useragent,1.0,0.7777777777777778,0.8750000000000001,0.08080808080808081,
W1_web,10,L2,takeover,score_distinct_bindings,0.0,0.0,0.0,0.0,0.9343434343434344
W1_web,10,L2,takeover,score_max_request_rate,0.0,0.0,0.0,0.0,0.49044011544011545
W1_web,10,L2,takeover,score_burstiness,0.0,0.0,0.0,0.0,0.47745310245310246
W1_web,11,L2,takeover,SICA (proposed),0.0,0.0,0.0,0.0,0.9975292003593891
W1_web,11,L2,takeover,pin_ip,1.0,0.5675675675675675,0.7241379310344828,0.1509433962264151,
W1_web,11,L2,takeover,pin_prefix24,1.0,0.8076923076923077,0.8936170212765957,0.04716981132075472,
W1_web,11,L2,takeover,pin_scope16,0.0,0.0,0.0,0.009433962264150943,
W1_web,11,L2,takeover,pin_useragent,1.0,0.7241379310344828,0.8400000000000001,0.07547169811320754,
W1_web,11,L2,takeover,pin_useragent_core,0.9523809523809523,1.0,0.975609756097561,0.0,
W1_web,11,L2,takeover,pin_ip_or_useragent,1.0,0.5,0.6666666666666666,0.19811320754716982,
W1_web,11,L2,takeover,pin_ip_and_useragent,1.0,0.875,0.9333333333333333,0.02830188679245283,
W1_web,11,L2,takeover,score_distinct_bindings,0.0,0.0,0.0,0.0,0.9764150943396226
W1_web,11,L2,takeover,score_max_request_rate,0.0,0.0,0.0,0.0,0.5752470799640611
W1_web,11,L2,takeover,score_burstiness,0.0,0.0,0.0,0.0,0.5563791554357592
W1_web,12,L2,takeover,SICA (proposed),0.8333333333333334,0.9615384615384616,0.8928571428571429,0.010309278350515464,0.9869415807560138
W1_web,12,L2,takeover,pin_ip,1.0,0.6818181818181818,0.8108108108108109,0.14432989690721648,
W1_web,12,L2,takeover,pin_prefix24,1.0,0.7692307692307693,0.8695652173913044,0.09278350515463918,
W1_web,12,L2,takeover,pin_scope16,0.0,0.0,0.0,0.010309278350515464,
W1_web,12,L2,takeover,pin_useragent,0.9666666666666667,0.7631578947368421,0.8529411764705883,0.09278350515463918,
W1_web,12,L2,takeover,pin_useragent_core,0.8333333333333334,1.0,0.9090909090909091,0.0,
W1_web,12,L2,takeover,pin_ip_or_useragent,1.0,0.6,0.7499999999999999,0.20618556701030927,
W1_web,12,L2,takeover,pin_ip_and_useragent,0.9666666666666667,0.90625,0.9354838709677419,0.030927835051546393,
W1_web,12,L2,takeover,score_distinct_bindings,0.0,0.0,0.0,0.0,0.9536082474226805
W1_web,12,L2,takeover,score_max_request_rate,0.0,0.0,0.0,0.0,0.4609965635738832
W1_web,12,L2,takeover,score_burstiness,0.0,0.0,0.0,0.0,0.4254295532646048
W1_web,13,L2,takeover,SICA (proposed),0.8518518518518519,1.0,0.92,0.0,0.9901851851851852
W1_web,13,L2,takeover,pin_ip,1.0,0.6136363636363636,0.7605633802816901,0.17,
W1_web,13,L2,takeover,pin_prefix24,1.0,0.7941176470588235,0.8852459016393442,0.07,
W1_web,13,L2,takeover,pin_scope16,0.0,0.0,0.0,0.02,
W1_web,13,L2,takeover,pin_useragent,0.9629629629629629,0.7222222222222222,0.8253968253968254,0.1,
W1_web,13,L2,takeover,pin_useragent_core,0.8518518518518519,1.0,0.92,0.0,
W1_web,13,L2,takeover,pin_ip_or_useragent,1.0,0.54,0.7012987012987013,0.23,
W1_web,13,L2,takeover,pin_ip_and_useragent,0.9629629629629629,0.8666666666666667,0.912280701754386,0.04,
W1_web,13,L2,takeover,score_distinct_bindings,0.037037037037037035,1.0,0.07142857142857142,0.0,0.9662962962962963
W1_web,13,L2,takeover,score_max_request_rate,0.0,0.0,0.0,0.0,0.5998148148148148
W1_web,13,L2,takeover,score_burstiness,0.0,0.0,0.0,0.0,0.5201851851851852
W1_web,14,L2,takeover,SICA (proposed),0.0,0.0,0.0,0.009900990099009901,0.9868621477532369
W1_web,14,L2,takeover,pin_ip,1.0,0.6842105263157895,0.8125000000000001,0.1188118811881188,
W1_web,14,L2,takeover,pin_prefix24,1.0,0.8387096774193549,0.9122807017543859,0.04950495049504951,
W1_web,14,L2,takeover,pin_scope16,0.038461538461538464,0.5,0.07142857142857144,0.009900990099009901,
W1_web,14,L2,takeover,pin_useragent,0.9615384615384616,0.7575757575757576,0.8474576271186441,0.07920792079207921,
W1_web,14,L2,takeover,pin_useragent_core,0.9615384615384616,1.0,0.9803921568627451,0.0,
W1_web,14,L2,takeover,pin_ip_or_useragent,1.0,0.65,0.787878787878788,0.13861386138613863,
W1_web,14,L2,takeover,pin_ip_and_useragent,0.9615384615384616,0.8064516129032258,0.8771929824561403,0.0594059405940594,
W1_web,14,L2,takeover,score_distinct_bindings,0.07692307692307693,1.0,0.14285714285714288,0.0,0.9771515613099772
W1_web,14,L2,takeover,score_max_request_rate,0.0,0.0,0.0,0.0,0.5651180502665651
W1_web,14,L2,takeover,score_burstiness,0.0,0.0,0.0,0.0,0.5413175932977913
W1_web,15,L2,takeover,SICA (proposed),0.0,0.0,0.0,0.0,0.9874595469255664
W1_web,15,L2,takeover,pin_ip,1.0,0.5581395348837209,0.7164179104477612,0.18446601941747573,
W1_web,15,L2,takeover,pin_prefix24,1.0,0.6857142857142857,0.8135593220338984,0.10679611650485436,
W1_web,15,L2,takeover,pin_scope16,0.0,0.0,0.0,0.02912621359223301,
W1_web,15,L2,takeover,pin_useragent,0.9166666666666666,0.6111111111111112,0.7333333333333334,0.13592233009708737,
W1_web,15,L2,takeover,pin_useragent_core,0.875,1.0,0.9333333333333333,0.0,
W1_web,15,L2,takeover,pin_ip_or_useragent,1.0,0.5,0.6666666666666666,0.23300970873786409,
W1_web,15,L2,takeover,pin_ip_and_useragent,0.9166666666666666,0.7096774193548387,0.7999999999999999,0.08737864077669903,
W1_web,15,L2,takeover,score_distinct_bindings,0.0,0.0,0.0,0.0,0.9466019417475728
W1_web,15,L2,takeover,score_max_request_rate,0.0,0.0,0.0,0.0,0.5101132686084142
W1_web,15,L2,takeover,score_burstiness,0.041666666666666664,1.0,0.07999999999999999,0.0,0.46480582524271846
W1_web,16,L2,takeover,SICA (proposed),0.0,0.0,0.0,0.009523809523809525,0.9800865800865801
W1_web,16,L2,takeover,pin_ip,1.0,0.5789473684210527,0.7333333333333334,0.1523809523809524,
W1_web,16,L2,takeover,pin_prefix24,1.0,0.7096774193548387,0.8301886792452831,0.08571428571428572,
W1_web,16,L2,takeover,pin_scope16,0.0,0.0,0.0,0.02857142857142857,
W1_web,16,L2,takeover,pin_useragent,0.9090909090909091,0.6666666666666666,0.7692307692307692,0.09523809523809523,
W1_web,16,L2,takeover,pin_useragent_core,0.9090909090909091,1.0,0.9523809523809523,0.0,
W1_web,16,L2,takeover,pin_ip_or_useragent,1.0,0.5238095238095238,0.6875000000000001,0.19047619047619047,
W1_web,16,L2,takeover,pin_ip_and_useragent,0.9090909090909091,0.7692307692307693,0.8333333333333333,0.05714285714285714,
W1_web,16,L2,takeover,score_distinct_bindings,0.0,0.0,0.0,0.0,0.9571428571428572
W1_web,16,L2,takeover,score_max_request_rate,0.0,0.0,0.0,0.0,0.522077922077922
W1_web,16,L2,takeover,score_burstiness,0.0,0.0,0.0,0.0,0.43982683982683984
W1_web,17,L2,takeover,SICA (proposed),0.0,0.0,0.0,0.0,0.9623745819397993
W1_web,17,L2,takeover,pin_ip,1.0,0.5348837209302325,0.6969696969696969,0.19230769230769232,
W1_web,17,L2,takeover,pin_prefix24,1.0,0.71875,0.8363636363636363,0.08653846153846154,
W1_web,17,L2,takeover,pin_scope16,0.0,0.0,0.0,0.028846153846153848,
W1_web,17,L2,takeover,pin_useragent,0.9565217391304348,0.7096774193548387,0.8148148148148149,0.08653846153846154,
W1_web,17,L2,takeover,pin_useragent_core,0.6956521739130435,1.0,0.8205128205128205,0.0,
W1_web,17,L2,takeover,pin_ip_or_useragent,1.0,0.5111111111111111,0.676470588235294,0.21153846153846154,
W1_web,17,L2,takeover,pin_ip_and_useragent,0.9565217391304348,0.7586206896551724,0.8461538461538461,0.0673076923076923,
W1_web,17,L2,takeover,score_distinct_bindings,0.043478260869565216,1.0,0.08333333333333333,0.0,0.9586120401337793
W1_web,17,L2,takeover,score_max_request_rate,0.0,0.0,0.0,0.0,0.5597826086956522
W1_web,17,L2,takeover,score_burstiness,0.0,0.0,0.0,0.0,0.5135869565217391
W1_web,18,L2,takeover,SICA (proposed),0.0,0.0,0.0,0.0,0.9679629629629629
W1_web,18,L2,takeover,pin_ip,1.0,0.627906976744186,0.7714285714285715,0.16,
W1_web,18,L2,takeover,pin_prefix24,1.0,0.75,0.8571428571428571,0.09,
W1_web,18,L2,takeover,pin_scope16,0.0,0.0,0.0,0.05,
W1_web,18,L2,takeover,pin_useragent,1.0,0.675,0.8059701492537313,0.13,
W1_web,18,L2,takeover,pin_useragent_core,0.9629629629629629,1.0,0.9811320754716981,0.0,
W1_web,18,L2,takeover,pin_ip_or_useragent,1.0,0.5625,0.72,0.21,
W1_web,18,L2,takeover,pin_ip_and_useragent,1.0,0.7714285714285715,0.870967741935484,0.08,
W1_web,18,L2,takeover,score_distinct_bindings,0.037037037037037035,1.0,0.07142857142857142,0.0,0.9566666666666667
W1_web,18,L2,takeover,score_max_request_rate,0.0,0.0,0.0,0.0,0.5387037037037037
W1_web,18,L2,takeover,score_burstiness,0.0,0.0,0.0,0.0,0.5181481481481481
W1_web,19,L2,takeover,SICA (proposed),0.0,0.0,0.0,0.0,0.996078431372549
W1_web,19,L2,takeover,pin_ip,1.0,0.5952380952380952,0.7462686567164178,0.16666666666666666,
W1_web,19,L2,takeover,pin_prefix24,1.0,0.78125,0.8771929824561403,0.06862745098039216,
W1_web,19,L2,takeover,pin_scope16,0.0,0.0,0.0,0.0196078431372549,
W1_web,19,L2,takeover,pin_useragent,1.0,0.7352941176470589,0.8474576271186441,0.08823529411764706,
W1_web,19,L2,takeover,pin_useragent_core,0.96,1.0,0.9795918367346939,0.0,
W1_web,19,L2,takeover,pin_ip_or_useragent,1.0,0.5319148936170213,0.6944444444444444,0.21568627450980393,
W1_web,19,L2,takeover,pin_ip_and_useragent,1.0,0.8620689655172413,0.9259259259259259,0.0392156862745098,
W1_web,19,L2,takeover,score_distinct_bindings,0.0,0.0,0.0,0.0,0.9656862745098039
W1_web,19,L2,takeover,score_max_request_rate,0.0,0.0,0.0,0.0,0.5235294117647059
W1_web,19,L2,takeover,score_burstiness,0.0,0.0,0.0,0.0,0.46568627450980393
W1_web,0,L2,concurrent,SICA (proposed),0.8823529411764706,0.8823529411764706,0.8823529411764706,0.01818181818181818,0.9973262032085561
W1_web,0,L2,concurrent,pin_ip,1.0,0.5,0.6666666666666666,0.15454545454545454,
W1_web,0,L2,concurrent,pin_prefix24,1.0,0.68,0.8095238095238095,0.07272727272727272,
W1_web,0,L2,concurrent,pin_scope16,0.0,0.0,0.0,0.02727272727272727,
W1_web,0,L2,concurrent,pin_useragent,1.0,0.5151515151515151,0.6799999999999999,0.14545454545454545,
W1_web,0,L2,concurrent,pin_useragent_core,0.8823529411764706,1.0,0.9375,0.0,
W1_web,0,L2,concurrent,pin_ip_or_useragent,1.0,0.38636363636363635,0.5573770491803279,0.24545454545454545,
W1_web,0,L2,concurrent,pin_ip_and_useragent,1.0,0.7391304347826086,0.85,0.05454545454545454,
W1_web,0,L2,concurrent,score_distinct_bindings,0.058823529411764705,1.0,0.1111111111111111,0.0,0.9657754010695188
W1_web,0,L2,concurrent,score_max_request_rate,0.0,0.0,0.0,0.0,0.7002673796791444
W1_web,0,L2,concurrent,score_burstiness,0.0,0.0,0.0,0.0,0.6390374331550802
W1_web,1,L2,concurrent,SICA (proposed),0.9375,1.0,0.967741935483871,0.0,1.0
W1_web,1,L2,concurrent,pin_ip,1.0,0.45714285714285713,0.6274509803921569,0.17117117117117117,
W1_web,1,L2,concurrent,pin_prefix24,1.0,0.7619047619047619,0.8648648648648648,0.04504504504504504,
W1_web,1,L2,concurrent,pin_scope16,0.125,0.6666666666666666,0.21052631578947367,0.009009009009009009,
W1_web,1,L2,concurrent,pin_useragent,1.0,0.5714285714285714,0.7272727272727273,0.10810810810810811,
W1_web,1,L2,concurrent,pin_useragent_core,0.875,1.0,0.9333333333333333,0.0,
W1_web,1,L2,concurrent,pin_ip_or_useragent,1.0,0.41025641025641024,0.5818181818181819,0.2072072072072072,
W1_web,1,L2,concurrent,pin_ip_and_useragent,1.0,0.6666666666666666,0.8,0.07207207207207207,
W1_web,1,L2,concurrent,score_distinct_bindings,0.1875,1.0,0.3157894736842105,0.0,0.9817004504504504
W1_web,1,L2,concurrent,score_max_request_rate,0.0,0.0,0.0,0.0,0.46959459459459457
W1_web,1,L2,concurrent,score_burstiness,0.0,0.0,0.0,0.0,0.35782657657657657
W1_web,2,L2,concurrent,SICA (proposed),0.96875,1.0,0.9841269841269841,0.0,0.9990131578947369
W1_web,2,L2,concurrent,pin_ip,1.0,0.7111111111111111,0.8311688311688311,0.1368421052631579,
W1_web,2,L2,concurrent,pin_prefix24,1.0,0.8421052631578947,0.9142857142857143,0.06315789473684211,
W1_web,2,L2,concurrent,pin_scope16,0.03125,0.3333333333333333,0.05714285714285714,0.021052631578947368,
W1_web,2,L2,concurrent,pin_useragent,1.0,0.7804878048780488,0.8767123287671234,0.09473684210526316,
W1_web,2,L2,concurrent,pin_useragent_core,0.90625,1.0,0.9508196721311475,0.0,
W1_web,2,L2,concurrent,pin_ip_or_useragent,1.0,0.6808510638297872,0.810126582278481,0.15789473684210525,
W1_web,2,L2,concurrent,pin_ip_and_useragent,1.0,0.8205128205128205,0.9014084507042254,0.07368421052631578,
W1_web,2,L2,concurrent,score_distinct_bindings,0.03125,1.0,0.06060606060606061,0.0,0.9694078947368421
W1_web,2,L2,concurrent,score_max_request_rate,0.0,0.0,0.0,0.0,0.5743421052631579
W1_web,2,L2,concurrent,score_burstiness,0.0,0.0,0.0,0.0,0.46480263157894736
W1_web,3,L2,concurrent,SICA (proposed),0.8928571428571429,1.0,0.9433962264150945,0.0,1.0
W1_web,3,L2,concurrent,pin_ip,1.0,0.6511627906976745,0.7887323943661972,0.15151515151515152,
W1_web,3,L2,concurrent,pin_prefix24,1.0,0.7567567567567568,0.8615384615384616,0.09090909090909091,
W1_web,3,L2,concurrent,pin_scope16,0.0,0.0,0.0,0.030303030303030304,
W1_web,3,L2,concurrent,pin_useragent,1.0,0.6829268292682927,0.8115942028985507,0.13131313131313133,
W1_web,3,L2,concurrent,pin_useragent_core,0.8928571428571429,1.0,0.9433962264150945,0.0,
W1_web,3,L2,concurrent,pin_ip_or_useragent,1.0,0.56,0.717948717948718,0.2222222222222222,
W1_web,3,L2,concurrent,pin_ip_and_useragent,1.0,0.8235294117647058,0.9032258064516129,0.06060606060606061,
W1_web,3,L2,concurrent,score_distinct_bindings,0.03571428571428571,1.0,0.0689655172413793,0.0,0.9561688311688312
W1_web,3,L2,concurrent,score_max_request_rate,0.0,0.0,0.0,0.0,0.5882034632034632
W1_web,3,L2,concurrent,score_burstiness,0.0,0.0,0.0,0.0,0.5761183261183261
W1_web,4,L2,concurrent,SICA (proposed),0.8571428571428571,1.0,0.923076923076923,0.0,0.9973045822102425
W1_web,4,L2,concurrent,pin_ip,1.0,0.5675675675675675,0.7241379310344828,0.1509433962264151,
W1_web,4,L2,concurrent,pin_prefix24,1.0,0.7241379310344828,0.8400000000000001,0.07547169811320754,
W1_web,4,L2,concurrent,pin_scope16,0.047619047619047616,0.125,0.06896551724137931,0.0660377358490566,
W1_web,4,L2,concurrent,pin_useragent,1.0,0.75,0.8571428571428571,0.0660377358490566,
W1_web,4,L2,concurrent,pin_useragent_core,0.9523809523809523,1.0,0.975609756097561,0.0,
W1_web,4,L2,concurrent,pin_ip_or_useragent,1.0,0.5121951219512195,0.6774193548387097,0.18867924528301888,
W1_web,4,L2,concurrent,pin_ip_and_useragent,1.0,0.875,0.9333333333333333,0.02830188679245283,
W1_web,4,L2,concurrent,score_distinct_bindings,0.09523809523809523,1.0,0.17391304347826084,0.0,0.9658580413297394
W1_web,4,L2,concurrent,score_max_request_rate,0.0,0.0,0.0,0.0,0.6300539083557951
W1_web,4,L2,concurrent,score_burstiness,0.0,0.0,0.0,0.0,0.5902964959568733
W1_web,5,L2,concurrent,SICA (proposed),0.8947368421052632,1.0,0.9444444444444444,0.0,0.9990253411306043
W1_web,5,L2,concurrent,pin_ip,1.0,0.48717948717948717,0.6551724137931034,0.18518518518518517,
W1_web,5,L2,concurrent,pin_prefix24,1.0,0.6785714285714286,0.8085106382978724,0.08333333333333333,
W1_web,5,L2,concurrent,pin_scope16,0.0,0.0,0.0,0.046296296296296294,
W1_web,5,L2,concurrent,pin_useragent,0.9473684210526315,0.6428571428571429,0.7659574468085106,0.09259259259259259,
W1_web,5,L2,concurrent,pin_useragent_core,0.9473684210526315,1.0,0.972972972972973,0.0,
W1_web,5,L2,concurrent,pin_ip_or_useragent,1.0,0.4222222222222222,0.59375,0.24074074074074073,
W1_web,5,L2,concurrent,pin_ip_and_useragent,0.9473684210526315,0.8181818181818182,0.8780487804878049,0.037037037037037035,
W1_web,5,L2,concurrent,score_distinct_bindings,0.05263157894736842,1.0,0.1,0.0,0.9605263157894737
W1_web,5,L2,concurrent,score_max_request_rate,0.0,0.0,0.0,0.0,0.6469298245614035
W1_web,5,L2,concurrent,score_burstiness,0.0,0.0,0.0,0.0,0.5986842105263158
W1_web,6,L2,concurrent,SICA (proposed),0.9333333333333333,0.875,0.9032258064516129,0.017857142857142856,0.9988095238095238
W1_web,6,L2,concurrent,pin_ip,1.0,0.4838709677419355,0.6521739130434783,0.14285714285714285,
W1_web,6,L2,concurrent,pin_prefix24,1.0,0.7142857142857143,0.8333333333333333,0.05357142857142857,
W1_web,6,L2,concurrent,pin_scope16,0.0,0.0,0.0,0.03571428571428571,
W1_web,6,L2,concurrent,pin_useragent,1.0,0.6818181818181818,0.8108108108108109,0.0625,
W1_web,6,L2,concurrent,pin_useragent_core,0.9333333333333333,1.0,0.9655172413793104,0.0,
W1_web,6,L2,concurrent,pin_ip_or_useragent,1.0,0.42857142857142855,0.6,0.17857142857142858,
W1_web,6,L2,concurrent,pin_ip_and_useragent,1.0,0.8333333333333334,0.9090909090909091,0.026785714285714284,
W1_web,6,L2,concurrent,score_distinct_bindings,0.0,0.0,0.0,0.0,0.9732142857142857
W1_web,6,L2,concurrent,score_max_request_rate,0.0,0.0,0.0,0.0,0.5300595238095238
W1_web,6,L2,concurrent,score_burstiness,0.0,0.0,0.0,0.0,0.5458333333333333
W1_web,7,L2,concurrent,SICA (proposed),1.0,0.9166666666666666,0.9565217391304348,0.008620689655172414,1.0
W1_web,7,L2,concurrent,pin_ip,1.0,0.39285714285714285,0.5641025641025641,0.14655172413793102,
W1_web,7,L2,concurrent,pin_prefix24,1.0,0.5238095238095238,0.6875000000000001,0.08620689655172414,
W1_web,7,L2,concurrent,pin_scope16,0.0,0.0,0.0,0.04310344827586207,
W1_web,7,L2,concurrent,pin_useragent,1.0,0.4583333333333333,0.6285714285714286,0.11206896551724138,
W1_web,7,L2,concurrent,pin_useragent_core,1.0,1.0,1.0,0.0,
W1_web,7,L2,concurrent,pin_ip_or_useragent,1.0,0.3235294117647059,0.48888888888888893,0.19827586206896552,
W1_web,7,L2,concurrent,pin_ip_and_useragent,1.0,0.6111111111111112,0.7586206896551725,0.0603448275862069,
W1_web,7,L2,concurrent,score_distinct_bindings,0.09090909090909091,1.0,0.16666666666666669,0.0,0.9608150470219435
W1_web,7,L2,concurrent,score_max_request_rate,0.0,0.0,0.0,0.0,0.4788401253918495
W1_web,7,L2,concurrent,score_burstiness,0.0,0.0,0.0,0.0,0.4878526645768025
W1_web,8,L2,concurrent,SICA (proposed),0.8260869565217391,1.0,0.9047619047619047,0.0,0.9991638795986622
W1_web,8,L2,concurrent,pin_ip,1.0,0.6388888888888888,0.7796610169491525,0.125,
W1_web,8,L2,concurrent,pin_prefix24,1.0,0.7931034482758621,0.8846153846153846,0.057692307692307696,
W1_web,8,L2,concurrent,pin_scope16,0.043478260869565216,0.3333333333333333,0.07692307692307691,0.019230769230769232,
W1_web,8,L2,concurrent,pin_useragent,0.9565217391304348,0.6666666666666666,0.7857142857142856,0.10576923076923077,
W1_web,8,L2,concurrent,pin_useragent_core,0.8260869565217391,1.0,0.9047619047619047,0.0,
W1_web,8,L2,concurrent,pin_ip_or_useragent,1.0,0.5609756097560976,0.71875,0.17307692307692307,
W1_web,8,L2,concurrent,pin_ip_and_useragent,0.9565217391304348,0.7857142857142857,0.8627450980392156,0.057692307692307696,
W1_web,8,L2,concurrent,score_distinct_bindings,0.13043478260869565,1.0,0.23076923076923078,0.0,0.9749163879598662
W1_web,8,L2,concurrent,score_max_request_rate,0.0,0.0,0.0,0.0,0.6350334448160535
W1_web,8,L2,concurrent,score_burstiness,0.0,0.0,0.0,0.0,0.5944816053511706
W1_web,9,L2,concurrent,SICA (proposed),0.7727272727272727,1.0,0.8717948717948718,0.0,0.9995670995670995
W1_web,9,L2,concurrent,pin_ip,1.0,0.5789473684210527,0.7333333333333334,0.1523809523809524,
W1_web,9,L2,concurrent,pin_prefix24,1.0,0.7857142857142857,0.88,0.05714285714285714,
W1_web,9,L2,concurrent,pin_scope16,0.0,0.0,0.0,0.01904761904761905,
W1_web,9,L2,concurrent,pin_useragent,1.0,0.7586206896551724,0.8627450980392156,0.06666666666666667,
W1_web,9,L2,concurrent,pin_useragent_core,0.8636363636363636,1.0,0.9268292682926829,0.0,
W1_web,9,L2,concurrent,pin_ip_or_useragent,1.0,0.5365853658536586,0.6984126984126985,0.18095238095238095,
W1_web,9,L2,concurrent,pin_ip_and_useragent,1.0,0.8461538461538461,0.9166666666666666,0.0380952380952381,
W1_web,9,L2,concurrent,score_distinct_bindings,0.0,0.0,0.0,0.0,0.9714285714285714
W1_web,9,L2,concurrent,score_max_request_rate,0.0,0.0,0.0,0.0,0.5714285714285714
W1_web,9,L2,concurrent,score_burstiness,0.0,0.0,0.0,0.0,0.45064935064935063
W1_web,10,L2,concurrent,SICA (proposed),0.8095238095238095,0.8947368421052632,0.8500000000000001,0.018867924528301886,0.9964061096136568
W1_web,10,L2,concurrent,pin_ip,1.0,0.4666666666666667,0.6363636363636364,0.22641509433962265,
W1_web,10,L2,concurrent,pin_prefix24,1.0,0.6176470588235294,0.7636363636363637,0.12264150943396226,
W1_web,10,L2,concurrent,pin_scope16,0.0,0.0,0.0,0.03773584905660377,
W1_web,10,L2,concurrent,pin_useragent,1.0,0.6363636363636364,0.7777777777777778,0.11320754716981132,
W1_web,10,L2,concurrent,pin_useragent_core,0.8571428571428571,1.0,0.923076923076923,0.0,
W1_web,10,L2,concurrent,pin_ip_or_useragent,1.0,0.42857142857142855,0.6,0.2641509433962264,
W1_web,10,L2,concurrent,pin_ip_and_useragent,1.0,0.7241379310344828,0.8400000000000001,0.07547169811320754,
W1_web,10,L2,concurrent,score_distinct_bindings,0.09523809523809523,1.0,0.17391304347826084,0.0,0.9445193171608266
W1_web,10,L2,concurrent,score_max_request_rate,0.0,0.0,0.0,0.0,0.5256064690026954
W1_web,10,L2,concurrent,score_burstiness,0.0,0.0,0.0,0.0,0.4889937106918239
W1_web,11,L2,concurrent,SICA (proposed),0.7333333333333333,1.0,0.846153846153846,0.0,1.0
W1_web,11,L2,concurrent,pin_ip,1.0,0.4838709677419355,0.6521739130434783,0.14285714285714285,
W1_web,11,L2,concurrent,pin_prefix24,1.0,0.75,0.8571428571428571,0.044642857142857144,
W1_web,11,L2,concurrent,pin_scope16,0.06666666666666667,0.5,0.11764705882352941,0.008928571428571428,
W1_web,11,L2,concurrent,pin_useragent,1.0,0.6521739130434783,0.7894736842105263,0.07142857142857142,
W1_web,11,L2,concurrent,pin_useragent_core,0.8666666666666667,1.0,0.9285714285714286,0.0,
W1_web,11,L2,concurrent,pin_ip_or_useragent,1.0,0.4166666666666667,0.5882352941176471,0.1875,
W1_web,11,L2,concurrent,pin_ip_and_useragent,1.0,0.8333333333333334,0.9090909090909091,0.026785714285714284,
W1_web,11,L2,concurrent,score_distinct_bindings,0.06666666666666667,1.0,0.125,0.0,0.9791666666666666
W1_web,11,L2,concurrent,score_max_request_rate,0.0,0.0,0.0,0.0,0.6476190476190476
W1_web,11,L2,concurrent,score_burstiness,0.0,0.0,0.0,0.0,0.5907738095238095
W1_web,12,L2,concurrent,SICA (proposed),1.0,0.9259259259259259,0.9615384615384615,0.0196078431372549,1.0
W1_web,12,L2,concurrent,pin_ip,1.0,0.625,0.7692307692307693,0.14705882352941177,
W1_web,12,L2,concurrent,pin_prefix24,1.0,0.7142857142857143,0.8333333333333333,0.09803921568627451,
W1_web,12,L2,concurrent,pin_scope16,0.0,0.0,0.0,0.0196078431372549,
W1_web,12,L2,concurrent,pin_useragent,1.0,0.6944444444444444,0.819672131147541,0.10784313725490197,
W1_web,12,L2,concurrent,pin_useragent_core,1.0,1.0,1.0,0.0,
W1_web,12,L2,concurrent,pin_ip_or_useragent,1.0,0.5319148936170213,0.6944444444444444,0.21568627450980393,
W1_web,12,L2,concurrent,pin_ip_and_useragent,1.0,0.8620689655172413,0.9259259259259259,0.0392156862745098,
W1_web,12,L2,concurrent,score_distinct_bindings,0.04,1.0,0.07692307692307693,0.0,0.9529411764705882
W1_web,12,L2,concurrent,score_max_request_rate,0.0,0.0,0.0,0.0,0.5688235294117647
W1_web,12,L2,concurrent,score_burstiness,0.0,0.0,0.0,0.0,0.4915686274509804
W1_web,13,L2,concurrent,SICA (proposed),1.0,1.0,1.0,0.0,1.0
W1_web,13,L2,concurrent,pin_ip,1.0,0.5384615384615384,0.7000000000000001,0.16981132075471697,
W1_web,13,L2,concurrent,pin_prefix24,1.0,0.75,0.8571428571428571,0.0660377358490566,
W1_web,13,L2,concurrent,pin_scope16,0.0,0.0,0.0,0.018867924528301886,
W1_web,13,L2,concurrent,pin_useragent,1.0,0.6363636363636364,0.7777777777777778,0.11320754716981132,
W1_web,13,L2,concurrent,pin_useragent_core,0.9047619047619048,1.0,0.9500000000000001,0.0,
W1_web,13,L2,concurrent,pin_ip_or_useragent,1.0,0.45652173913043476,0.626865671641791,0.2358490566037736,
W1_web,13,L2,concurrent,pin_ip_and_useragent,1.0,0.8076923076923077,0.8936170212765957,0.04716981132075472,
W1_web,13,L2,concurrent,score_distinct_bindings,0.047619047619047616,1.0,0.0909090909090909,0.0,0.9685534591194969
W1_web,13,L2,concurrent,score_max_request_rate,0.0,0.0,0.0,0.0,0.6477987421383647
W1_web,13,L2,concurrent,score_burstiness,0.0,0.0,0.0,0.0,0.6053459119496856
W1_web,14,L2,concurrent,SICA (proposed),0.8695652173913043,0.9523809523809523,0.909090909090909,0.009615384615384616,0.9966555183946488
W1_web,14,L2,concurrent,pin_ip,1.0,0.6388888888888888,0.7796610169491525,0.125,
W1_web,14,L2,concurrent,pin_prefix24,1.0,0.7931034482758621,0.8846153846153846,0.057692307692307696,
W1_web,14,L2,concurrent,pin_scope16,0.0,0.0,0.0,0.019230769230769232,
W1_web,14,L2,concurrent,pin_useragent,1.0,0.7419354838709677,0.8518518518518519,0.07692307692307693,
W1_web,14,L2,concurrent,pin_useragent_core,0.8695652173913043,1.0,0.9302325581395349,0.0,
W1_web,14,L2,concurrent,pin_ip_or_useragent,1.0,0.6052631578947368,0.7540983606557378,0.14423076923076922,
W1_web,14,L2,concurrent,pin_ip_and_useragent,1.0,0.7931034482758621,0.8846153846153846,0.057692307692307696,
W1_web,14,L2,concurrent,score_distinct_bindings,0.08695652173913043,1.0,0.16,0.0,0.9736622073578596
W1_web,14,L2,concurrent,score_max_request_rate,0.0,0.0,0.0,0.0,0.5932274247491639
W1_web,14,L2,concurrent,score_burstiness,0.0,0.0,0.0,0.0,0.5566471571906354
W1_web,15,L2,concurrent,SICA (proposed),0.8421052631578947,1.0,0.9142857142857143,0.0,1.0
W1_web,15,L2,concurrent,pin_ip,1.0,0.48717948717948717,0.6551724137931034,0.18518518518518517,
W1_web,15,L2,concurrent,pin_prefix24,1.0,0.6333333333333333,0.7755102040816326,0.10185185185185185,
W1_web,15,L2,concurrent,pin_scope16,0.0,0.0,0.0,0.027777777777777776,
W1_web,15,L2,concurrent,pin_useragent,1.0,0.5757575757575758,0.7307692307692308,0.12962962962962962,
W1_web,15,L2,concurrent,pin_useragent_core,0.8421052631578947,1.0,0.9142857142857143,0.0,
W1_web,15,L2,concurrent,pin_ip_or_useragent,1.0,0.4318181818181818,0.6031746031746031,0.23148148148148148,
W1_web,15,L2,concurrent,pin_ip_and_useragent,1.0,0.6785714285714286,0.8085106382978724,0.08333333333333333,
W1_web,15,L2,concurrent,score_distinct_bindings,0.0,0.0,0.0,0.0,0.9490740740740741
W1_web,15,L2,concurrent,score_max_request_rate,0.0,0.0,0.0,0.0,0.48148148148148145
W1_web,15,L2,concurrent,score_burstiness,0.0,0.0,0.0,0.0,0.40350877192982454
W1_web,16,L2,concurrent,SICA (proposed),0.9375,0.9375,0.9375,0.009009009009009009,0.9994369369369369
W1_web,16,L2,concurrent,pin_ip,1.0,0.5,0.6666666666666666,0.14414414414414414,
W1_web,16,L2,concurrent,pin_prefix24,1.0,0.64,0.7804878048780487,0.08108108108108109,
W1_web,16,L2,concurrent,pin_scope16,0.0,0.0,0.0,0.02702702702702703,
W1_web,16,L2,concurrent,pin_useragent,1.0,0.6153846153846154,0.761904761904762,0.09009009009009009,
W1_web,16,L2,concurrent,pin_useragent_core,0.9375,1.0,0.967741935483871,0.0,
W1_web,16,L2,concurrent,pin_ip_or_useragent,1.0,0.4444444444444444,0.6153846153846153,0.18018018018018017,
W1_web,16,L2,concurrent,pin_ip_and_useragent,1.0,0.7272727272727273,0.8421052631578948,0.05405405405405406,
W1_web,16,L2,concurrent,score_distinct_bindings,0.0,0.0,0.0,0.0,0.9594594594594594
W1_web,16,L2,concurrent,score_max_request_rate,0.0,0.0,0.0,0.0,0.5284346846846847
W1_web,16,L2,concurrent,score_burstiness,0.0,0.0,0.0,0.0,0.4605855855855856
W1_web,17,L2,concurrent,SICA (proposed),0.8,1.0,0.888888888888889,0.0,0.9991071428571429
W1_web,17,L2,concurrent,pin_ip,1.0,0.39473684210526316,0.5660377358490566,0.20535714285714285,
W1_web,17,L2,concurrent,pin_prefix24,1.0,0.6,0.7499999999999999,0.08928571428571429,
W1_web,17,L2,concurrent,pin_scope16,0.0,0.0,0.0,0.026785714285714284,
W1_web,17,L2,concurrent,pin_useragent,0.9333333333333333,0.5384615384615384,0.6829268292682926,0.10714285714285714,
W1_web,17,L2,concurrent,pin_useragent_core,0.8,1.0,0.888888888888889,0.0,
W1_web,17,L2,concurrent,pin_ip_or_useragent,1.0,0.36585365853658536,0.5357142857142857,0.23214285714285715,
W1_web,17,L2,concurrent,pin_ip_and_useragent,0.9333333333333333,0.6086956521739131,0.7368421052631579,0.08035714285714286,
W1_web,17,L2,concurrent,score_distinct_bindings,0.0,0.0,0.0,0.0,0.9553571428571429
W1_web,17,L2,concurrent,score_max_request_rate,0.0,0.0,0.0,0.0,0.5351190476190476
W1_web,17,L2,concurrent,score_burstiness,0.0,0.0,0.0,0.0,0.41875
W1_web,18,L2,concurrent,SICA (proposed),0.8181818181818182,1.0,0.9,0.0,0.9915584415584415
W1_web,18,L2,concurrent,pin_ip,1.0,0.5641025641025641,0.7213114754098361,0.1619047619047619,
W1_web,18,L2,concurrent,pin_prefix24,1.0,0.6875,0.8148148148148148,0.09523809523809523,
W1_web,18,L2,concurrent,pin_scope16,0.0,0.0,0.0,0.05714285714285714,
W1_web,18,L2,concurrent,pin_useragent,1.0,0.6285714285714286,0.7719298245614035,0.12380952380952381,
W1_web,18,L2,concurrent,pin_useragent_core,0.8636363636363636,1.0,0.9268292682926829,0.0,
W1_web,18,L2,concurrent,pin_ip_or_useragent,1.0,0.5,0.6666666666666666,0.20952380952380953,
W1_web,18,L2,concurrent,pin_ip_and_useragent,1.0,0.7333333333333333,0.846153846153846,0.0761904761904762,
W1_web,18,L2,concurrent,score_distinct_bindings,0.09090909090909091,1.0,0.16666666666666669,0.0,0.9567099567099567
W1_web,18,L2,concurrent,score_max_request_rate,0.0,0.0,0.0,0.0,0.6008658008658009
W1_web,18,L2,concurrent,score_burstiness,0.0,0.0,0.0,0.0,0.4699134199134199
W1_web,19,L2,concurrent,SICA (proposed),0.95,1.0,0.9743589743589743,0.0,1.0
W1_web,19,L2,concurrent,pin_ip,1.0,0.5263157894736842,0.6896551724137931,0.16822429906542055,
W1_web,19,L2,concurrent,pin_prefix24,1.0,0.7407407407407407,0.851063829787234,0.06542056074766354,
W1_web,19,L2,concurrent,pin_scope16,0.0,0.0,0.0,0.018691588785046728,
W1_web,19,L2,concurrent,pin_useragent,1.0,0.6896551724137931,0.8163265306122449,0.08411214953271028,
W1_web,19,L2,concurrent,pin_useragent_core,0.95,1.0,0.9743589743589743,0.0,
W1_web,19,L2,concurrent,pin_ip_or_useragent,1.0,0.46511627906976744,0.6349206349206349,0.21495327102803738,
W1_web,19,L2,concurrent,pin_ip_and_useragent,1.0,0.8333333333333334,0.9090909090909091,0.037383177570093455,
W1_web,19,L2,concurrent,score_distinct_bindings,0.0,0.0,0.0,0.0,0.9672897196261683
W1_web,19,L2,concurrent,score_max_request_rate,0.0,0.0,0.0,0.0,0.538785046728972
W1_web,19,L2,concurrent,score_burstiness,0.0,0.0,0.0,0.0,0.41238317757009346
W1_web,0,L3,takeover,SICA (proposed),0.0,0.0,0.0,0.018691588785046728,0.7710280373831776
W1_web,0,L3,takeover,pin_ip,1.0,0.5405405405405406,0.7017543859649124,0.1588785046728972,
W1_web,0,L3,takeover,pin_prefix24,0.0,0.0,0.0,0.07476635514018691,
W1_web,0,L3,takeover,pin_scope16,0.0,0.0,0.0,0.028037383177570093,
W1_web,0,L3,takeover,pin_useragent,0.0,0.0,0.0,0.14953271028037382,
W1_web,0,L3,takeover,pin_useragent_core,0.0,0.0,0.0,0.0,
W1_web,0,L3,takeover,pin_ip_or_useragent,1.0,0.425531914893617,0.5970149253731344,0.2523364485981308,
W1_web,0,L3,takeover,pin_ip_and_useragent,0.0,0.0,0.0,0.056074766355140186,
W1_web,0,L3,takeover,score_distinct_bindings,0.0,0.0,0.0,0.0,0.46261682242990654
W1_web,0,L3,takeover,score_max_request_rate,0.0,0.0,0.0,0.0,0.577803738317757
W1_web,0,L3,takeover,score_burstiness,0.0,0.0,0.0,0.0,0.48364485981308414
W1_web,1,L3,takeover,SICA (proposed),0.043478260869565216,1.0,0.08333333333333333,0.0,0.8288043478260869
W1_web,1,L3,takeover,pin_ip,1.0,0.5897435897435898,0.7419354838709677,0.15384615384615385,
W1_web,1,L3,takeover,pin_prefix24,0.043478260869565216,0.2,0.07142857142857142,0.038461538461538464,
W1_web,1,L3,takeover,pin_scope16,0.043478260869565216,0.5,0.08,0.009615384615384616,
W1_web,1,L3,takeover,pin_useragent,0.043478260869565216,0.08333333333333333,0.057142857142857134,0.10576923076923077,
W1_web,1,L3,takeover,pin_useragent_core,0.0,0.0,0.0,0.0,
W1_web,1,L3,takeover,pin_ip_or_useragent,1.0,0.5348837209302325,0.6969696969696969,0.19230769230769232,
W1_web,1,L3,takeover,pin_ip_and_useragent,0.043478260869565216,0.125,0.06451612903225806,0.0673076923076923,
W1_web,1,L3,takeover,score_distinct_bindings,0.0,0.0,0.0,0.0,0.5025083612040134
W1_web,1,L3,takeover,score_max_request_rate,0.0,0.0,0.0,0.0,0.451505016722408
W1_web,1,L3,takeover,score_burstiness,0.0,0.0,0.0,0.0,0.44857859531772576
W1_web,2,L3,takeover,SICA (proposed),0.0,0.0,0.0,0.0,0.8558994197292069
W1_web,2,L3,takeover,pin_ip,1.0,0.717391304347826,0.8354430379746834,0.13829787234042554,
W1_web,2,L3,takeover,pin_prefix24,0.0,0.0,0.0,0.06382978723404255,
W1_web,2,L3,takeover,pin_scope16,0.0,0.0,0.0,0.02127659574468085,
W1_web,2,L3,takeover,pin_useragent,0.06060606060606061,0.18181818181818182,0.09090909090909091,0.09574468085106383,
W1_web,2,L3,takeover,pin_useragent_core,0.0,0.0,0.0,0.0,
W1_web,2,L3,takeover,pin_ip_or_useragent,1.0,0.6875,0.8148148148148148,0.1595744680851064,
W1_web,2,L3,takeover,pin_ip_and_useragent,0.06060606060606061,0.2222222222222222,0.09523809523809523,0.07446808510638298,
W1_web,2,L3,takeover,score_distinct_bindings,0.0,0.0,0.0,0.0,0.46808510638297873
W1_web,2,L3,takeover,score_max_request_rate,0.0,0.0,0.0,0.0,0.6018697614442295
W1_web,2,L3,takeover,score_burstiness,0.0,0.0,0.0,0.0,0.5407801418439716
W1_web,3,L3,takeover,SICA (proposed),0.0,0.0,0.0,0.0,0.7902173913043479
W1_web,3,L3,takeover,pin_ip,1.0,0.7142857142857143,0.8333333333333333,0.15217391304347827,
W1_web,3,L3,takeover,pin_prefix24,0.0,0.0,0.0,0.08695652173913043,
W1_web,3,L3,takeover,pin_scope16,0.0,0.0,0.0,0.03260869565217391,
W1_web,3,L3,takeover,pin_useragent,0.05714285714285714,0.14285714285714285,0.08163265306122448,0.13043478260869565,
W1_web,3,L3,takeover,pin_useragent_core,0.0,0.0,0.0,0.0,
W1_web,3,L3,takeover,pin_ip_or_useragent,1.0,0.6363636363636364,0.7777777777777778,0.21739130434782608,
W1_web,3,L3,takeover,pin_ip_and_useragent,0.05714285714285714,0.25,0.09302325581395347,0.06521739130434782,
W1_web,3,L3,takeover,score_distinct_bindings,0.0,0.0,0.0,0.0,0.45652173913043476
W1_web,3,L3,takeover,score_max_request_rate,0.0,0.0,0.0,0.0,0.5043478260869565
W1_web,3,L3,takeover,score_burstiness,0.0,0.0,0.0,0.0,0.46040372670807456
W1_web,4,L3,takeover,SICA (proposed),0.0,0.0,0.0,0.0,0.8354912414318355
W1_web,4,L3,takeover,pin_ip,1.0,0.6341463414634146,0.7761194029850745,0.1485148514851485,
W1_web,4,L3,takeover,pin_prefix24,0.038461538461538464,0.125,0.058823529411764705,0.06930693069306931,
W1_web,4,L3,takeover,pin_scope16,0.038461538461538464,0.125,0.058823529411764705,0.06930693069306931,
W1_web,4,L3,takeover,pin_useragent,0.0,0.0,0.0,0.06930693069306931,
W1_web,4,L3,takeover,pin_useragent_core,0.0,0.0,0.0,0.0,
W1_web,4,L3,takeover,pin_ip_or_useragent,1.0,0.5777777777777777,0.732394366197183,0.18811881188118812,
W1_web,4,L3,takeover,pin_ip_and_useragent,0.0,0.0,0.0,0.0297029702970297,
W1_web,4,L3,takeover,score_distinct_bindings,0.0,0.0,0.0,0.0,0.4845773038842346
W1_web,4,L3,takeover,score_max_request_rate,0.0,0.0,0.0,0.0,0.5582635186595583
W1_web,4,L3,takeover,score_burstiness,0.0,0.0,0.0,0.0,0.5376999238385377
W1_web,5,L3,takeover,SICA (proposed),0.0,0.0,0.0,0.0,0.7885292047853624
W1_web,5,L3,takeover,pin_ip,1.0,0.6041666666666666,0.7532467532467533,0.19387755102040816,
W1_web,5,L3,takeover,pin_prefix24,0.0,0.0,0.0,0.09183673469387756,
W1_web,5,L3,takeover,pin_scope16,0.0,0.0,0.0,0.05102040816326531,
W1_web,5,L3,takeover,pin_useragent,0.06896551724137931,0.2222222222222222,0.10526315789473684,0.07142857142857142,
W1_web,5,L3,takeover,pin_useragent_core,0.0,0.0,0.0,0.0,
W1_web,5,L3,takeover,pin_ip_or_useragent,1.0,0.5576923076923077,0.7160493827160493,0.23469387755102042,
W1_web,5,L3,takeover,pin_ip_and_useragent,0.06896551724137931,0.4,0.1176470588235294,0.030612244897959183,
W1_web,5,L3,takeover,score_distinct_bindings,0.0,0.0,0.0,0.0,0.45408163265306123
W1_web,5,L3,takeover,score_max_request_rate,0.0,0.0,0.0,0.0,0.45320197044334976
W1_web,5,L3,takeover,score_burstiness,0.0,0.0,0.0,0.0,0.41502463054187194
W1_web,6,L3,takeover,SICA (proposed),0.0,0.0,0.0,0.01818181818181818,0.8363636363636363
W1_web,6,L3,takeover,pin_ip,1.0,0.5151515151515151,0.6799999999999999,0.14545454545454545,
W1_web,6,L3,takeover,pin_prefix24,0.0,0.0,0.0,0.05454545454545454,
W1_web,6,L3,takeover,pin_scope16,0.0,0.0,0.0,0.03636363636363636,
W1_web,6,L3,takeover,pin_useragent,0.0,0.0,0.0,0.06363636363636363,
W1_web,6,L3,takeover,pin_useragent_core,0.0,0.0,0.0,0.0,
W1_web,6,L3,takeover,pin_ip_or_useragent,1.0,0.4594594594594595,0.6296296296296297,0.18181818181818182,
W1_web,6,L3,takeover,pin_ip_and_useragent,0.0,0.0,0.0,0.02727272727272727,
W1_web,6,L3,takeover,score_distinct_bindings,0.0,0.0,0.0,0.0,0.4727272727272727
W1_web,6,L3,takeover,score_max_request_rate,0.0,0.0,0.0,0.0,0.489572192513369
W1_web,6,L3,takeover,score_burstiness,0.0,0.0,0.0,0.0,0.5147058823529411
W1_web,7,L3,takeover,SICA (proposed),0.0,0.0,0.0,0.008928571428571428,0.8330357142857143
W1_web,7,L3,takeover,pin_ip,1.0,0.46875,0.6382978723404256,0.15178571428571427,
W1_web,7,L3,takeover,pin_prefix24,0.06666666666666667,0.09090909090909091,0.07692307692307691,0.08928571428571429,
W1_web,7,L3,takeover,pin_scope16,0.0,0.0,0.0,0.044642857142857144,
W1_web,7,L3,takeover,pin_useragent,0.13333333333333333,0.13333333333333333,0.13333333333333333,0.11607142857142858,
W1_web,7,L3,takeover,pin_useragent_core,0.0,0.0,0.0,0.0,
W1_web,7,L3,takeover,pin_ip_or_useragent,1.0,0.39473684210526316,0.5660377358490566,0.20535714285714285,
W1_web,7,L3,takeover,pin_ip_and_useragent,0.13333333333333333,0.2222222222222222,0.16666666666666669,0.0625,
W1_web,7,L3,takeover,score_distinct_bindings,0.0,0.0,0.0,0.0,0.4886904761904762
W1_web,7,L3,takeover,score_max_request_rate,0.0,0.0,0.0,0.0,0.5639880952380952
W1_web,7,L3,takeover,score_burstiness,0.0,0.0,0.0,0.0,0.5467261904761904
W1_web,8,L3,takeover,SICA (proposed),0.0,0.0,0.0,0.0,0.8356816450875857
W1_web,8,L3,takeover,pin_ip,1.0,0.6666666666666666,0.8,0.12871287128712872,
W1_web,8,L3,takeover,pin_prefix24,0.07692307692307693,0.25,0.11764705882352941,0.0594059405940594,
W1_web,8,L3,takeover,pin_scope16,0.0,0.0,0.0,0.019801980198019802,
W1_web,8,L3,takeover,pin_useragent,0.07692307692307693,0.15384615384615385,0.10256410256410257,0.10891089108910891,
W1_web,8,L3,takeover,pin_useragent_core,0.0,0.0,0.0,0.0,
W1_web,8,L3,takeover,pin_ip_or_useragent,1.0,0.5909090909090909,0.7428571428571429,0.1782178217821782,
W1_web,8,L3,takeover,pin_ip_and_useragent,0.07692307692307693,0.25,0.11764705882352941,0.0594059405940594,
W1_web,8,L3,takeover,score_distinct_bindings,0.0,0.0,0.0,0.0,0.5087585681645087
W1_web,8,L3,takeover,score_max_request_rate,0.0,0.0,0.0,0.0,0.5898705255140899
W1_web,8,L3,takeover,score_burstiness,0.0,0.0,0.0,0.0,0.53998476770754
W1_web,9,L3,takeover,SICA (proposed),0.0,0.0,0.0,0.0,0.8496078431372549
W1_web,9,L3,takeover,pin_ip,1.0,0.625,0.7692307692307693,0.14705882352941177,
W1_web,9,L3,takeover,pin_prefix24,0.0,0.0,0.0,0.058823529411764705,
W1_web,9,L3,takeover,pin_scope16,0.0,0.0,0.0,0.0196078431372549,
W1_web,9,L3,takeover,pin_useragent,0.04,0.125,0.06060606060606061,0.06862745098039216,
W1_web,9,L3,takeover,pin_useragent_core,0.0,0.0,0.0,0.0,
W1_web,9,L3,takeover,pin_ip_or_useragent,1.0,0.5813953488372093,0.7352941176470588,0.17647058823529413,
W1_web,9,L3,takeover,pin_ip_and_useragent,0.04,0.2,0.06666666666666667,0.0392156862745098,
W1_web,9,L3,takeover,score_distinct_bindings,0.0,0.0,0.0,0.0,0.47058823529411764
W1_web,9,L3,takeover,score_max_request_rate,0.0,0.0,0.0,0.0,0.6154901960784314
W1_web,9,L3,takeover,score_burstiness,0.0,0.0,0.0,0.0,0.558235294117647
W1_web,10,L3,takeover,SICA (proposed),0.0,0.0,0.0,0.020202020202020204,0.7402597402597403
W1_web,10,L3,takeover,pin_ip,1.0,0.5384615384615384,0.7000000000000001,0.24242424242424243,
W1_web,10,L3,takeover,pin_prefix24,0.03571428571428571,0.07142857142857142,0.047619047619047616,0.13131313131313133,
W1_web,10,L3,takeover,pin_scope16,0.0,0.0,0.0,0.04040404040404041,
W1_web,10,L3,takeover,pin_useragent,0.0,0.0,0.0,0.12121212121212122,
W1_web,10,L3,takeover,pin_useragent_core,0.0,0.0,0.0,0.0,
W1_web,10,L3,takeover,pin_ip_or_useragent,1.0,0.5,0.6666666666666666,0.2828282828282828,
W1_web,10,L3,takeover,pin_ip_and_useragent,0.0,0.0,0.0,0.08080808080808081,
W1_web,10,L3,takeover,score_distinct_bindings,0.0,0.0,0.0,0.0,0.4522005772005772
W1_web,10,L3,takeover,score_max_request_rate,0.0,0.0,0.0,0.0,0.47619047619047616
W1_web,10,L3,takeover,score_burstiness,0.0,0.0,0.0,0.0,0.4568903318903319
W1_web,11,L3,takeover,SICA (proposed),0.0,0.0,0.0,0.0,0.8254716981132075
W1_web,11,L3,takeover,pin_ip,1.0,0.5675675675675675,0.7241379310344828,0.1509433962264151,
W1_web,11,L3,takeover,pin_prefix24,0.0,0.0,0.0,0.04716981132075472,
W1_web,11,L3,takeover,pin_scope16,0.0,0.0,0.0,0.009433962264150943,
W1_web,11,L3,takeover,pin_useragent,0.0,0.0,0.0,0.07547169811320754,
W1_web,11,L3,takeover,pin_useragent_core,0.0,0.0,0.0,0.0,
W1_web,11,L3,takeover,pin_ip_or_useragent,1.0,0.5,0.6666666666666666,0.19811320754716982,
W1_web,11,L3,takeover,pin_ip_and_useragent,0.0,0.0,0.0,0.02830188679245283,
W1_web,11,L3,takeover,score_distinct_bindings,0.0,0.0,0.0,0.0,0.47641509433962265
W1_web,11,L3,takeover,score_max_request_rate,0.0,0.0,0.0,0.0,0.6188230008984726
W1_web,11,L3,takeover,score_burstiness,0.0,0.0,0.0,0.0,0.5801886792452831
W1_web,12,L3,takeover,SICA (proposed),0.0,0.0,0.0,0.010416666666666666,0.8034274193548387
W1_web,12,L3,takeover,pin_ip,1.0,0.6888888888888889,0.8157894736842105,0.14583333333333334,
W1_web,12,L3,takeover,pin_prefix24,0.0,0.0,0.0,0.09375,
W1_web,12,L3,takeover,pin_scope16,0.0,0.0,0.0,0.010416666666666666,
W1_web,12,L3,takeover,pin_useragent,0.03225806451612903,0.1,0.04878048780487805,0.09375,
W1_web,12,L3,takeover,pin_useragent_core,0.0,0.0,0.0,0.0,
W1_web,12,L3,takeover,pin_ip_or_useragent,1.0,0.6078431372549019,0.7560975609756097,0.20833333333333334,
W1_web,12,L3,takeover,pin_ip_and_useragent,0.03225806451612903,0.25,0.05714285714285715,0.03125,
W1_web,12,L3,takeover,score_distinct_bindings,0.0,0.0,0.0,0.0,0.453125
W1_web,12,L3,takeover,score_max_request_rate,0.0,0.0,0.0,0.0,0.49294354838709675
W1_web,12,L3,takeover,score_burstiness,0.0,0.0,0.0,0.0,0.4561491935483871
W1_web,13,L3,takeover,SICA (proposed),0.0,0.0,0.0,0.0,0.8059259259259259
W1_web,13,L3,takeover,pin_ip,1.0,0.6136363636363636,0.7605633802816901,0.17,
W1_web,13,L3,takeover,pin_prefix24,0.037037037037037035,0.125,0.05714285714285714,0.07,
W1_web,13,L3,takeover,pin_scope16,0.0,0.0,0.0,0.02,
W1_web,13,L3,takeover,pin_useragent,0.037037037037037035,0.09090909090909091,0.05263157894736842,0.1,
W1_web,13,L3,takeover,pin_useragent_core,0.0,0.0,0.0,0.0,
W1_web,13,L3,takeover,pin_ip_or_useragent,1.0,0.54,0.7012987012987013,0.23,
W1_web,13,L3,takeover,pin_ip_and_useragent,0.037037037037037035,0.2,0.0625,0.04,
W1_web,13,L3,takeover,score_distinct_bindings,0.0,0.0,0.0,0.0,0.4835185185185185
W1_web,13,L3,takeover,score_max_request_rate,0.0,0.0,0.0,0.0,0.555
W1_web,13,L3,takeover,score_burstiness,0.0,0.0,0.0,0.0,0.4935185185185185
W1_web,14,L3,takeover,SICA (proposed),0.0,0.0,0.0,0.009900990099009901,0.8768088347296268
W1_web,14,L3,takeover,pin_ip,1.0,0.6842105263157895,0.8125000000000001,0.1188118811881188,
W1_web,14,L3,takeover,pin_prefix24,0.07692307692307693,0.2857142857142857,0.12121212121212123,0.04950495049504951,
W1_web,14,L3,takeover,pin_scope16,0.038461538461538464,0.5,0.07142857142857144,0.009900990099009901,
W1_web,14,L3,takeover,pin_useragent,0.0,0.0,0.0,0.07920792079207921,
W1_web,14,L3,takeover,pin_useragent_core,0.0,0.0,0.0,0.0,
W1_web,14,L3,takeover,pin_ip_or_useragent,1.0,0.65,0.787878787878788,0.13861386138613863,
W1_web,14,L3,takeover,pin_ip_and_useragent,0.0,0.0,0.0,0.0594059405940594,
W1_web,14,L3,takeover,score_distinct_bindings,0.0,0.0,0.0,0.0,0.5137090632140137
W1_web,14,L3,takeover,score_max_request_rate,0.0,0.0,0.0,0.0,0.5523610053313024
W1_web,14,L3,takeover,score_burstiness,0.0,0.0,0.0,0.0,0.5192307692307693
W1_web,15,L3,takeover,SICA (proposed),0.0,0.0,0.0,0.0,0.7953595317725752
W1_web,15,L3,takeover,pin_ip,1.0,0.5476190476190477,0.7076923076923077,0.18269230769230768,
W1_web,15,L3,takeover,pin_prefix24,0.0,0.0,0.0,0.10576923076923077,
W1_web,15,L3,takeover,pin_scope16,0.0,0.0,0.0,0.028846153846153848,
W1_web,15,L3,takeover,pin_useragent,0.043478260869565216,0.06666666666666667,0.052631578947368425,0.1346153846153846,
W1_web,15,L3,takeover,pin_useragent_core,0.0,0.0,0.0,0.0,
W1_web,15,L3,takeover,pin_ip_or_useragent,1.0,0.48936170212765956,0.6571428571428571,0.23076923076923078,
W1_web,15,L3,takeover,pin_ip_and_useragent,0.043478260869565216,0.1,0.06060606060606061,0.08653846153846154,
W1_web,15,L3,takeover,score_distinct_bindings,0.0,0.0,0.0,0.0,0.44711538461538464
W1_web,15,L3,takeover,score_max_request_rate,0.0,0.0,0.0,0.0,0.528010033444816
W1_web,15,L3,takeover,score_burstiness,0.0,0.0,0.0,0.0,0.564799331103679
W1_web,16,L3,takeover,SICA (proposed),0.0,0.0,0.0,0.009523809523809525,0.819047619047619
W1_web,16,L3,takeover,pin_ip,1.0,0.5789473684210527,0.7333333333333334,0.1523809523809524,
W1_web,16,L3,takeover,pin_prefix24,0.0,0.0,0.0,0.08571428571428572,
W1_web,16,L3,takeover,pin_scope16,0.0,0.0,0.0,0.02857142857142857,
W1_web,16,L3,takeover,pin_useragent,0.0,0.0,0.0,0.09523809523809523,
W1_web,16,L3,takeover,pin_useragent_core,0.0,0.0,0.0,0.0,
W1_web,16,L3,takeover,pin_ip_or_useragent,1.0,0.5238095238095238,0.6875000000000001,0.19047619047619047,
W1_web,16,L3,takeover,pin_ip_and_useragent,0.0,0.0,0.0,0.05714285714285714,
W1_web,16,L3,takeover,score_distinct_bindings,0.0,0.0,0.0,0.0,0.45714285714285713
W1_web,16,L3,takeover,score_max_request_rate,0.0,0.0,0.0,0.0,0.48852813852813853
W1_web,16,L3,takeover,score_burstiness,0.0,0.0,0.0,0.0,0.41688311688311686
W1_web,17,L3,takeover,SICA (proposed),0.0,0.0,0.0,0.0,0.8110367892976589
W1_web,17,L3,takeover,pin_ip,1.0,0.5348837209302325,0.6969696969696969,0.19230769230769232,
W1_web,17,L3,takeover,pin_prefix24,0.043478260869565216,0.1,0.06060606060606061,0.08653846153846154,
W1_web,17,L3,takeover,pin_scope16,0.0,0.0,0.0,0.028846153846153848,
W1_web,17,L3,takeover,pin_useragent,0.13043478260869565,0.25,0.1714285714285714,0.08653846153846154,
W1_web,17,L3,takeover,pin_useragent_core,0.0,0.0,0.0,0.0,
W1_web,17,L3,takeover,pin_ip_or_useragent,1.0,0.5111111111111111,0.676470588235294,0.21153846153846154,
W1_web,17,L3,takeover,pin_ip_and_useragent,0.13043478260869565,0.3,0.18181818181818182,0.0673076923076923,
W1_web,17,L3,takeover,score_distinct_bindings,0.0,0.0,0.0,0.0,0.4784698996655518
W1_web,17,L3,takeover,score_max_request_rate,0.0,0.0,0.0,0.0,0.5269648829431438
W1_web,17,L3,takeover,score_burstiness,0.0,0.0,0.0,0.0,0.44105351170568563
W1_web,18,L3,takeover,SICA (proposed),0.0,0.0,0.0,0.0,0.8074074074074075
W1_web,18,L3,takeover,pin_ip,1.0,0.627906976744186,0.7714285714285715,0.16,
W1_web,18,L3,takeover,pin_prefix24,0.037037037037037035,0.1,0.05405405405405406,0.09,
W1_web,18,L3,takeover,pin_scope16,0.0,0.0,0.0,0.05,
W1_web,18,L3,takeover,pin_useragent,0.0,0.0,0.0,0.13,
W1_web,18,L3,takeover,pin_useragent_core,0.0,0.0,0.0,0.0,
W1_web,18,L3,takeover,pin_ip_or_useragent,1.0,0.5625,0.72,0.21,
W1_web,18,L3,takeover,pin_ip_and_useragent,0.0,0.0,0.0,0.08,
W1_web,18,L3,takeover,score_distinct_bindings,0.0,0.0,0.0,0.0,0.4735185185185185
W1_web,18,L3,takeover,score_max_request_rate,0.0,0.0,0.0,0.0,0.529074074074074
W1_web,18,L3,takeover,score_burstiness,0.0,0.0,0.0,0.0,0.4816666666666667
W1_web,19,L3,takeover,SICA (proposed),0.0,0.0,0.0,0.0,0.8088235294117647
W1_web,19,L3,takeover,pin_ip,1.0,0.5952380952380952,0.7462686567164178,0.16666666666666666,
W1_web,19,L3,takeover,pin_prefix24,0.0,0.0,0.0,0.06862745098039216,
W1_web,19,L3,takeover,pin_scope16,0.0,0.0,0.0,0.0196078431372549,
W1_web,19,L3,takeover,pin_useragent,0.0,0.0,0.0,0.08823529411764706,
W1_web,19,L3,takeover,pin_useragent_core,0.0,0.0,0.0,0.0,
W1_web,19,L3,takeover,pin_ip_or_useragent,1.0,0.5319148936170213,0.6944444444444444,0.21568627450980393,
W1_web,19,L3,takeover,pin_ip_and_useragent,0.0,0.0,0.0,0.0392156862745098,
W1_web,19,L3,takeover,score_distinct_bindings,0.0,0.0,0.0,0.0,0.46568627450980393
W1_web,19,L3,takeover,score_max_request_rate,0.0,0.0,0.0,0.0,0.5231372549019608
W1_web,19,L3,takeover,score_burstiness,0.0,0.0,0.0,0.0,0.4684313725490196
W1_web,0,L3,concurrent,SICA (proposed),0.0,0.0,0.0,0.018018018018018018,0.9732545045045045
W1_web,0,L3,concurrent,pin_ip,1.0,0.48484848484848486,0.653061224489796,0.15315315315315314,
W1_web,0,L3,concurrent,pin_prefix24,0.125,0.2,0.15384615384615385,0.07207207207207207,
W1_web,0,L3,concurrent,pin_scope16,0.0,0.0,0.0,0.02702702702702703,
W1_web,0,L3,concurrent,pin_useragent,0.0,0.0,0.0,0.14414414414414414,
W1_web,0,L3,concurrent,pin_useragent_core,0.0,0.0,0.0,0.0,
W1_web,0,L3,concurrent,pin_ip_or_useragent,1.0,0.37209302325581395,0.5423728813559322,0.24324324324324326,
W1_web,0,L3,concurrent,pin_ip_and_useragent,0.0,0.0,0.0,0.05405405405405406,
W1_web,0,L3,concurrent,score_distinct_bindings,0.0,0.0,0.0,0.0,0.526463963963964
W1_web,0,L3,concurrent,score_max_request_rate,0.0,0.0,0.0,0.0,0.7367680180180181
W1_web,0,L3,concurrent,score_burstiness,0.0,0.0,0.0,0.0,0.6489301801801802
W1_web,1,L3,concurrent,SICA (proposed),0.1111111111111111,1.0,0.19999999999999998,0.0,0.972986748216106
W1_web,1,L3,concurrent,pin_ip,1.0,0.5142857142857142,0.6792452830188679,0.1559633027522936,
W1_web,1,L3,concurrent,pin_prefix24,0.2222222222222222,0.5,0.30769230769230765,0.03669724770642202,
W1_web,1,L3,concurrent,pin_scope16,0.1111111111111111,0.6666666666666666,0.1904761904761905,0.009174311926605505,
W1_web,1,L3,concurrent,pin_useragent,0.1111111111111111,0.15384615384615385,0.12903225806451615,0.10091743119266056,
W1_web,1,L3,concurrent,pin_useragent_core,0.0,0.0,0.0,0.0,
W1_web,1,L3,concurrent,pin_ip_or_useragent,1.0,0.46153846153846156,0.631578947368421,0.1926605504587156,
W1_web,1,L3,concurrent,pin_ip_and_useragent,0.1111111111111111,0.2222222222222222,0.14814814814814814,0.06422018348623854,
W1_web,1,L3,concurrent,score_distinct_bindings,0.0,0.0,0.0,0.0,0.5927624872579002
W1_web,1,L3,concurrent,score_max_request_rate,0.0,0.0,0.0,0.0,0.4133537206931702
W1_web,1,L3,concurrent,score_burstiness,0.0,0.0,0.0,0.0,0.37640163098878693
W1_web,2,L3,concurrent,SICA (proposed),0.03333333333333333,1.0,0.06451612903225806,0.0,0.997766323024055
W1_web,2,L3,concurrent,pin_ip,1.0,0.6976744186046512,0.8219178082191781,0.13402061855670103,
W1_web,2,L3,concurrent,pin_prefix24,0.03333333333333333,0.14285714285714285,0.05405405405405406,0.061855670103092786,
W1_web,2,L3,concurrent,pin_scope16,0.03333333333333333,0.3333333333333333,0.0606060606060606,0.020618556701030927,
W1_web,2,L3,concurrent,pin_useragent,0.1,0.25,0.14285714285714288,0.09278350515463918,
W1_web,2,L3,concurrent,pin_useragent_core,0.0,0.0,0.0,0.0,
W1_web,2,L3,concurrent,pin_ip_or_useragent,1.0,0.6666666666666666,0.8,0.15463917525773196,
W1_web,2,L3,concurrent,pin_ip_and_useragent,0.1,0.3,0.15,0.07216494845360824,
W1_web,2,L3,concurrent,score_distinct_bindings,0.0,0.0,0.0,0.0,0.48573883161512027
W1_web,2,L3,concurrent,score_max_request_rate,0.0,0.0,0.0,0.0,0.5938144329896907
W1_web,2,L3,concurrent,score_burstiness,0.0,0.0,0.0,0.0,0.4634020618556701
W1_web,3,L3,concurrent,SICA (proposed),0.0,0.0,0.0,0.0,0.9761995430312262
W1_web,3,L3,concurrent,pin_ip,1.0,0.6341463414634146,0.7761194029850745,0.1485148514851485,
W1_web,3,L3,concurrent,pin_prefix24,0.038461538461538464,0.1,0.05555555555555555,0.0891089108910891,
W1_web,3,L3,concurrent,pin_scope16,0.0,0.0,0.0,0.0297029702970297,
W1_web,3,L3,concurrent,pin_useragent,0.038461538461538464,0.06666666666666667,0.04878048780487805,0.13861386138613863,
W1_web,3,L3,concurrent,pin_useragent_core,0.0,0.0,0.0,0.0,
W1_web,3,L3,concurrent,pin_ip_or_useragent,1.0,0.5306122448979592,0.6933333333333334,0.22772277227722773,
W1_web,3,L3,concurrent,pin_ip_and_useragent,0.038461538461538464,0.14285714285714285,0.060606060606060615,0.0594059405940594,
W1_web,3,L3,concurrent,score_distinct_bindings,0.0,0.0,0.0,0.0,0.4746763137852247
W1_web,3,L3,concurrent,score_max_request_rate,0.0,0.0,0.0,0.0,0.5771134805788272
W1_web,3,L3,concurrent,score_burstiness,0.0,0.0,0.0,0.0,0.5076161462300076
W1_web,4,L3,concurrent,SICA (proposed),0.0,0.0,0.0,0.0,0.9532163742690059
W1_web,4,L3,concurrent,pin_ip,1.0,0.5428571428571428,0.7037037037037037,0.14814814814814814,
W1_web,4,L3,concurrent,pin_prefix24,0.10526315789473684,0.2,0.13793103448275862,0.07407407407407407,
W1_web,4,L3,concurrent,pin_scope16,0.0,0.0,0.0,0.07407407407407407,
W1_web,4,L3,concurrent,pin_useragent,0.10526315789473684,0.2222222222222222,0.14285714285714285,0.06481481481481481,
W1_web,4,L3,concurrent,pin_useragent_core,0.0,0.0,0.0,0.0,
W1_web,4,L3,concurrent,pin_ip_or_useragent,1.0,0.48717948717948717,0.6551724137931034,0.18518518518518517,
W1_web,4,L3,concurrent,pin_ip_and_useragent,0.10526315789473684,0.4,0.16666666666666666,0.027777777777777776,
W1_web,4,L3,concurrent,score_distinct_bindings,0.0,0.0,0.0,0.0,0.5155945419103314
W1_web,4,L3,concurrent,score_max_request_rate,0.0,0.0,0.0,0.0,0.6259746588693957
W1_web,4,L3,concurrent,score_burstiness,0.0,0.0,0.0,0.0,0.5560428849902534
W1_web,5,L3,concurrent,SICA (proposed),0.0,0.0,0.0,0.0,0.9690533980582524
W1_web,5,L3,concurrent,pin_ip,1.0,0.5454545454545454,0.7058823529411764,0.1941747572815534,
W1_web,5,L3,concurrent,pin_prefix24,0.041666666666666664,0.1,0.058823529411764705,0.08737864077669903,
W1_web,5,L3,concurrent,pin_scope16,0.0,0.0,0.0,0.04854368932038835,
W1_web,5,L3,concurrent,pin_useragent,0.20833333333333334,0.35714285714285715,0.2631578947368421,0.08737864077669903,
W1_web,5,L3,concurrent,pin_useragent_core,0.0,0.0,0.0,0.0,
W1_web,5,L3,concurrent,pin_ip_or_useragent,1.0,0.4897959183673469,0.6575342465753424,0.24271844660194175,
W1_web,5,L3,concurrent,pin_ip_and_useragent,0.20833333333333334,0.5555555555555556,0.30303030303030304,0.038834951456310676,
W1_web,5,L3,concurrent,score_distinct_bindings,0.0,0.0,0.0,0.0,0.4771440129449838
W1_web,5,L3,concurrent,score_max_request_rate,0.0,0.0,0.0,0.0,0.5418689320388349
W1_web,5,L3,concurrent,score_burstiness,0.0,0.0,0.0,0.0,0.5224514563106796
W1_web,6,L3,concurrent,SICA (proposed),0.0,0.0,0.0,0.017699115044247787,0.9557522123893806
W1_web,6,L3,concurrent,pin_ip,1.0,0.4666666666666667,0.6363636363636364,0.1415929203539823,
W1_web,6,L3,concurrent,pin_prefix24,0.0,0.0,0.0,0.05309734513274336,
W1_web,6,L3,concurrent,pin_scope16,0.0,0.0,0.0,0.035398230088495575,
W1_web,6,L3,concurrent,pin_useragent,0.07142857142857142,0.125,0.09090909090909091,0.061946902654867256,
W1_web,6,L3,concurrent,pin_useragent_core,0.0,0.0,0.0,0.0,
W1_web,6,L3,concurrent,pin_ip_or_useragent,1.0,0.4117647058823529,0.5833333333333334,0.17699115044247787,
W1_web,6,L3,concurrent,pin_ip_and_useragent,0.07142857142857142,0.25,0.11111111111111112,0.02654867256637168,
W1_web,6,L3,concurrent,score_distinct_bindings,0.0,0.0,0.0,0.0,0.47345132743362833
W1_web,6,L3,concurrent,score_max_request_rate,0.0,0.0,0.0,0.0,0.5597345132743363
W1_web,6,L3,concurrent,score_burstiness,0.0,0.0,0.0,0.0,0.5104298356510746
W1_web,7,L3,concurrent,SICA (proposed),0.0,0.0,0.0,0.008547008547008548,0.9572649572649573
W1_web,7,L3,concurrent,pin_ip,1.0,0.35714285714285715,0.5263157894736842,0.15384615384615385,
W1_web,7,L3,concurrent,pin_prefix24,0.1,0.09090909090909091,0.09523809523809525,0.08547008547008547,
W1_web,7,L3,concurrent,pin_scope16,0.0,0.0,0.0,0.042735042735042736,
W1_web,7,L3,concurrent,pin_useragent,0.1,0.06666666666666667,0.08,0.11965811965811966,
W1_web,7,L3,concurrent,pin_useragent_core,0.0,0.0,0.0,0.0,
W1_web,7,L3,concurrent,pin_ip_or_useragent,1.0,0.29411764705882354,0.45454545454545453,0.20512820512820512,
W1_web,7,L3,concurrent,pin_ip_and_useragent,0.1,0.1111111111111111,0.10526315789473685,0.06837606837606838,
W1_web,7,L3,concurrent,score_distinct_bindings,0.0,0.0,0.0,0.0,0.5072649572649572
W1_web,7,L3,concurrent,score_max_request_rate,0.0,0.0,0.0,0.0,0.6294871794871795
W1_web,7,L3,concurrent,score_burstiness,0.0,0.0,0.0,0.0,0.7051282051282052
W1_web,8,L3,concurrent,SICA (proposed),0.0,0.0,0.0,0.0,0.9716981132075472
W1_web,8,L3,concurrent,pin_ip,1.0,0.6,0.7499999999999999,0.1320754716981132,
W1_web,8,L3,concurrent,pin_prefix24,0.09523809523809523,0.2222222222222222,0.13333333333333333,0.0660377358490566,
W1_web,8,L3,concurrent,pin_scope16,0.047619047619047616,0.3333333333333333,0.08333333333333333,0.018867924528301886,
W1_web,8,L3,concurrent,pin_useragent,0.047619047619047616,0.07692307692307693,0.058823529411764705,0.11320754716981132,
W1_web,8,L3,concurrent,pin_useragent_core,0.0,0.0,0.0,0.0,
W1_web,8,L3,concurrent,pin_ip_or_useragent,1.0,0.525,0.6885245901639345,0.1792452830188679,
W1_web,8,L3,concurrent,pin_ip_and_useragent,0.047619047619047616,0.125,0.06896551724137931,0.0660377358490566,
W1_web,8,L3,concurrent,score_distinct_bindings,0.0,0.0,0.0,0.0,0.5146001796945193
W1_web,8,L3,concurrent,score_max_request_rate,0.0,0.0,0.0,0.0,0.6442048517520216
W1_web,8,L3,concurrent,score_burstiness,0.0,0.0,0.0,0.0,0.5678346810422282
W1_web,9,L3,concurrent,SICA (proposed),0.0,0.0,0.0,0.0,0.9603896103896103
W1_web,9,L3,concurrent,pin_ip,1.0,0.5945945945945946,0.7457627118644068,0.14285714285714285,
W1_web,9,L3,concurrent,pin_prefix24,0.0,0.0,0.0,0.05714285714285714,
W1_web,9,L3,concurrent,pin_scope16,0.0,0.0,0.0,0.01904761904761905,
W1_web,9,L3,concurrent,pin_useragent,0.09090909090909091,0.2222222222222222,0.1290322580645161,0.06666666666666667,
W1_web,9,L3,concurrent,pin_useragent_core,0.0,0.0,0.0,0.0,
W1_web,9,L3,concurrent,pin_ip_or_useragent,1.0,0.55,0.7096774193548387,0.17142857142857143,
W1_web,9,L3,concurrent,pin_ip_and_useragent,0.09090909090909091,0.3333333333333333,0.14285714285714288,0.0380952380952381,
W1_web,9,L3,concurrent,score_distinct_bindings,0.0,0.0,0.0,0.0,0.4714285714285714
W1_web,9,L3,concurrent,score_max_request_rate,0.0,0.0,0.0,0.0,0.580952380952381
W1_web,9,L3,concurrent,score_burstiness,0.0,0.0,0.0,0.0,0.4751082251082251
W1_web,10,L3,concurrent,SICA (proposed),0.0,0.0,0.0,0.01904761904761905,0.9285714285714286
W1_web,10,L3,concurrent,pin_ip,1.0,0.4782608695652174,0.6470588235294118,0.22857142857142856,
W1_web,10,L3,concurrent,pin_prefix24,0.09090909090909091,0.13333333333333333,0.10810810810810811,0.12380952380952381,
W1_web,10,L3,concurrent,pin_scope16,0.0,0.0,0.0,0.0380952380952381,
W1_web,10,L3,concurrent,pin_useragent,0.0,0.0,0.0,0.11428571428571428,
W1_web,10,L3,concurrent,pin_useragent_core,0.0,0.0,0.0,0.0,
W1_web,10,L3,concurrent,pin_ip_or_useragent,1.0,0.44,0.6111111111111112,0.26666666666666666,
W1_web,10,L3,concurrent,pin_ip_and_useragent,0.0,0.0,0.0,0.0761904761904762,
W1_web,10,L3,concurrent,score_distinct_bindings,0.0,0.0,0.0,0.0,0.48354978354978356
W1_web,10,L3,concurrent,score_max_request_rate,0.0,0.0,0.0,0.0,0.5207792207792208
W1_web,10,L3,concurrent,score_burstiness,0.0,0.0,0.0,0.0,0.4662337662337662
W1_web,11,L3,concurrent,SICA (proposed),0.0625,1.0,0.11764705882352941,0.0,0.9802927927927928
W1_web,11,L3,concurrent,pin_ip,1.0,0.5,0.6666666666666666,0.14414414414414414,
W1_web,11,L3,concurrent,pin_prefix24,0.0625,0.16666666666666666,0.09090909090909091,0.04504504504504504,
W1_web,11,L3,concurrent,pin_scope16,0.0625,0.5,0.1111111111111111,0.009009009009009009,
W1_web,11,L3,concurrent,pin_useragent,0.0625,0.1111111111111111,0.08,0.07207207207207207,
W1_web,11,L3,concurrent,pin_useragent_core,0.0,0.0,0.0,0.0,
W1_web,11,L3,concurrent,pin_ip_or_useragent,1.0,0.43243243243243246,0.6037735849056604,0.1891891891891892,
W1_web,11,L3,concurrent,pin_ip_and_useragent,0.0625,0.25,0.1,0.02702702702702703,
W1_web,11,L3,concurrent,score_distinct_bindings,0.0,0.0,0.0,0.0,0.5087274774774775
W1_web,11,L3,concurrent,score_max_request_rate,0.0,0.0,0.0,0.0,0.581081081081081
W1_web,11,L3,concurrent,score_burstiness,0.0,0.0,0.0,0.0,0.5560247747747747
W1_web,12,L3,concurrent,SICA (proposed),0.08695652173913043,0.6666666666666666,0.15384615384615383,0.009615384615384616,0.9508779264214047
W1_web,12,L3,concurrent,pin_ip,1.0,0.6216216216216216,0.7666666666666667,0.1346153846153846,
W1_web,12,L3,concurrent,pin_prefix24,0.043478260869565216,0.1,0.06060606060606061,0.08653846153846154,
W1_web,12,L3,concurrent,pin_scope16,0.043478260869565216,0.5,0.08,0.009615384615384616,
W1_web,12,L3,concurrent,pin_useragent,0.17391304347826086,0.3076923076923077,0.2222222222222222,0.08653846153846154,
W1_web,12,L3,concurrent,pin_useragent_core,0.0,0.0,0.0,0.0,
W1_web,12,L3,concurrent,pin_ip_or_useragent,1.0,0.5348837209302325,0.6969696969696969,0.19230769230769232,
W1_web,12,L3,concurrent,pin_ip_and_useragent,0.17391304347826086,0.5714285714285714,0.26666666666666666,0.028846153846153848,
W1_web,12,L3,concurrent,score_distinct_bindings,0.0,0.0,0.0,0.0,0.4784698996655518
W1_web,12,L3,concurrent,score_max_request_rate,0.0,0.0,0.0,0.0,0.552257525083612
W1_web,12,L3,concurrent,score_burstiness,0.0,0.0,0.0,0.0,0.4747073578595318
W1_web,13,L3,concurrent,SICA (proposed),0.0,0.0,0.0,0.0,0.9717809364548495
W1_web,13,L3,concurrent,pin_ip,1.0,0.575,0.7301587301587301,0.16346153846153846,
W1_web,13,L3,concurrent,pin_prefix24,0.043478260869565216,0.125,0.06451612903225806,0.0673076923076923,
W1_web,13,L3,concurrent,pin_scope16,0.0,0.0,0.0,0.019230769230769232,
W1_web,13,L3,concurrent,pin_useragent,0.13043478260869565,0.23076923076923078,0.16666666666666669,0.09615384615384616,
W1_web,13,L3,concurrent,pin_useragent_core,0.0,0.0,0.0,0.0,
W1_web,13,L3,concurrent,pin_ip_or_useragent,1.0,0.5,0.6666666666666666,0.22115384615384615,
W1_web,13,L3,concurrent,pin_ip_and_useragent,0.13043478260869565,0.42857142857142855,0.2,0.038461538461538464,
W1_web,13,L3,concurrent,score_distinct_bindings,0.0,0.0,0.0,0.0,0.48808528428093645
W1_web,13,L3,concurrent,score_max_request_rate,0.0,0.0,0.0,0.0,0.6316889632107023
W1_web,13,L3,concurrent,score_burstiness,0.0,0.0,0.0,0.0,0.5612458193979933
W1_web,14,L3,concurrent,SICA (proposed),0.0,0.0,0.0,0.009615384615384616,0.9732441471571907
W1_web,14,L3,concurrent,pin_ip,1.0,0.6571428571428571,0.7931034482758621,0.11538461538461539,
W1_web,14,L3,concurrent,pin_prefix24,0.13043478260869565,0.375,0.19354838709677416,0.04807692307692308,
W1_web,14,L3,concurrent,pin_scope16,0.043478260869565216,0.5,0.08,0.009615384615384616,
W1_web,14,L3,concurrent,pin_useragent,0.0,0.0,0.0,0.07692307692307693,
W1_web,14,L3,concurrent,pin_useragent_core,0.0,0.0,0.0,0.0,
W1_web,14,L3,concurrent,pin_ip_or_useragent,1.0,0.6216216216216216,0.7666666666666667,0.1346153846153846,
W1_web,14,L3,concurrent,pin_ip_and_useragent,0.0,0.0,0.0,0.057692307692307696,
W1_web,14,L3,concurrent,score_distinct_bindings,0.0,0.0,0.0,0.0,0.5411789297658863
W1_web,14,L3,concurrent,score_max_request_rate,0.0,0.0,0.0,0.0,0.6663879598662207
W1_web,14,L3,concurrent,score_burstiness,0.0,0.0,0.0,0.0,0.6160117056856187
W1_web,15,L3,concurrent,SICA (proposed),0.0,0.0,0.0,0.0,0.9722222222222222
W1_web,15,L3,concurrent,pin_ip,1.0,0.5,0.6666666666666666,0.17592592592592593,
W1_web,15,L3,concurrent,pin_prefix24,0.0,0.0,0.0,0.10185185185185185,
W1_web,15,L3,concurrent,pin_scope16,0.0,0.0,0.0,0.027777777777777776,
W1_web,15,L3,concurrent,pin_useragent,0.05263157894736842,0.06666666666666667,0.058823529411764705,0.12962962962962962,
W1_web,15,L3,concurrent,pin_useragent_core,0.0,0.0,0.0,0.0,
W1_web,15,L3,concurrent,pin_ip_or_useragent,1.0,0.4418604651162791,0.6129032258064516,0.2222222222222222,
W1_web,15,L3,concurrent,pin_ip_and_useragent,0.05263157894736842,0.1,0.06896551724137931,0.08333333333333333,
W1_web,15,L3,concurrent,score_distinct_bindings,0.0,0.0,0.0,0.0,0.44907407407407407
W1_web,15,L3,concurrent,score_max_request_rate,0.0,0.0,0.0,0.0,0.5214424951267057
W1_web,15,L3,concurrent,score_burstiness,0.0,0.0,0.0,0.0,0.46223196881091616
W1_web,16,L3,concurrent,SICA (proposed),0.0,0.0,0.0,0.00909090909090909,0.9590909090909091
W1_web,16,L3,concurrent,pin_ip,1.0,0.5151515151515151,0.6799999999999999,0.14545454545454545,
W1_web,16,L3,concurrent,pin_prefix24,0.0,0.0,0.0,0.08181818181818182,
W1_web,16,L3,concurrent,pin_scope16,0.0,0.0,0.0,0.02727272727272727,
W1_web,16,L3,concurrent,pin_useragent,0.0,0.0,0.0,0.09090909090909091,
W1_web,16,L3,concurrent,pin_useragent_core,0.0,0.0,0.0,0.0,
W1_web,16,L3,concurrent,pin_ip_or_useragent,1.0,0.4594594594594595,0.6296296296296297,0.18181818181818182,
W1_web,16,L3,concurrent,pin_ip_and_useragent,0.0,0.0,0.0,0.05454545454545454,
W1_web,16,L3,concurrent,score_distinct_bindings,0.0,0.0,0.0,0.0,0.4590909090909091
W1_web,16,L3,concurrent,score_max_request_rate,0.0,0.0,0.0,0.0,0.5010695187165776
W1_web,16,L3,concurrent,score_burstiness,0.0,0.0,0.0,0.0,0.4128342245989305
W1_web,17,L3,concurrent,SICA (proposed),0.0,0.0,0.0,0.0,0.9366310160427808
W1_web,17,L3,concurrent,pin_ip,1.0,0.4358974358974359,0.6071428571428571,0.2,
W1_web,17,L3,concurrent,pin_prefix24,0.0,0.0,0.0,0.09090909090909091,
W1_web,17,L3,concurrent,pin_scope16,0.0,0.0,0.0,0.02727272727272727,
W1_web,17,L3,concurrent,pin_useragent,0.11764705882352941,0.15384615384615385,0.13333333333333333,0.1,
W1_web,17,L3,concurrent,pin_useragent_core,0.0,0.0,0.0,0.0,
W1_web,17,L3,concurrent,pin_ip_or_useragent,1.0,0.40476190476190477,0.576271186440678,0.22727272727272727,
W1_web,17,L3,concurrent,pin_ip_and_useragent,0.11764705882352941,0.2,0.14814814814814817,0.07272727272727272,
W1_web,17,L3,concurrent,score_distinct_bindings,0.0,0.0,0.0,0.0,0.45454545454545453
W1_web,17,L3,concurrent,score_max_request_rate,0.0,0.0,0.0,0.0,0.5553475935828877
W1_web,17,L3,concurrent,score_burstiness,0.0,0.0,0.0,0.0,0.4818181818181818
W1_web,18,L3,concurrent,SICA (proposed),0.0,0.0,0.0,0.0,0.9290206648697215
W1_web,18,L3,concurrent,pin_ip,1.0,0.5526315789473685,0.711864406779661,0.16037735849056603,
W1_web,18,L3,concurrent,pin_prefix24,0.09523809523809523,0.16666666666666666,0.12121212121212123,0.09433962264150944,
W1_web,18,L3,concurrent,pin_scope16,0.0,0.0,0.0,0.05660377358490566,
W1_web,18,L3,concurrent,pin_useragent,0.14285714285714285,0.1875,0.16216216216216214,0.12264150943396226,
W1_web,18,L3,concurrent,pin_useragent_core,0.0,0.0,0.0,0.0,
W1_web,18,L3,concurrent,pin_ip_or_useragent,1.0,0.4883720930232558,0.65625,0.20754716981132076,
W1_web,18,L3,concurrent,pin_ip_and_useragent,0.14285714285714285,0.2727272727272727,0.18749999999999997,0.07547169811320754,
W1_web,18,L3,concurrent,score_distinct_bindings,0.0,0.0,0.0,0.0,0.5004492362982929
W1_web,18,L3,concurrent,score_max_request_rate,0.0,0.0,0.0,0.0,0.5968104222821204
W1_web,18,L3,concurrent,score_burstiness,0.0,0.0,0.0,0.0,0.48450134770889486
W1_web,19,L3,concurrent,SICA (proposed),0.0,0.0,0.0,0.0,0.990909090909091
W1_web,19,L3,concurrent,pin_ip,1.0,0.4857142857142857,0.6538461538461539,0.16363636363636364,
W1_web,19,L3,concurrent,pin_prefix24,0.0,0.0,0.0,0.06363636363636363,
W1_web,19,L3,concurrent,pin_scope16,0.0,0.0,0.0,0.01818181818181818,
W1_web,19,L3,concurrent,pin_useragent,0.0,0.0,0.0,0.08181818181818182,
W1_web,19,L3,concurrent,pin_useragent_core,0.0,0.0,0.0,0.0,
W1_web,19,L3,concurrent,pin_ip_or_useragent,1.0,0.425,0.5964912280701754,0.20909090909090908,
W1_web,19,L3,concurrent,pin_ip_and_useragent,0.0,0.0,0.0,0.03636363636363636,
W1_web,19,L3,concurrent,score_distinct_bindings,0.0,0.0,0.0,0.0,0.4681818181818182
W1_web,19,L3,concurrent,score_max_request_rate,0.0,0.0,0.0,0.0,0.546524064171123
W1_web,19,L3,concurrent,score_burstiness,0.0,0.0,0.0,0.0,0.4585561497326203
W1_web,0,L4,takeover,SICA (proposed),0.0,0.0,0.0,0.018518518518518517,0.375
W1_web,0,L4,takeover,pin_ip,0.0,0.0,0.0,0.1574074074074074,
W1_web,0,L4,takeover,pin_prefix24,0.0,0.0,0.0,0.07407407407407407,
W1_web,0,L4,takeover,pin_scope16,0.0,0.0,0.0,0.027777777777777776,
W1_web,0,L4,takeover,pin_useragent,0.0,0.0,0.0,0.14814814814814814,
W1_web,0,L4,takeover,pin_useragent_core,0.0,0.0,0.0,0.0,
W1_web,0,L4,takeover,pin_ip_or_useragent,0.0,0.0,0.0,0.25,
W1_web,0,L4,takeover,pin_ip_and_useragent,0.0,0.0,0.0,0.05555555555555555,
W1_web,0,L4,takeover,score_distinct_bindings,0.0,0.0,0.0,0.0,0.46296296296296297
W1_web,0,L4,takeover,score_max_request_rate,0.0,0.0,0.0,0.0,0.6247563352826511
W1_web,0,L4,takeover,score_burstiness,0.0,0.0,0.0,0.0,0.63182261208577
W1_web,1,L4,takeover,SICA (proposed),0.043478260869565216,1.0,0.08333333333333333,0.0,0.48724916387959866
W1_web,1,L4,takeover,pin_ip,0.17391304347826086,0.2,0.18604651162790697,0.15384615384615385,
W1_web,1,L4,takeover,pin_prefix24,0.043478260869565216,0.2,0.07142857142857142,0.038461538461538464,
W1_web,1,L4,takeover,pin_scope16,0.043478260869565216,0.5,0.08,0.009615384615384616,
W1_web,1,L4,takeover,pin_useragent,0.043478260869565216,0.08333333333333333,0.057142857142857134,0.10576923076923077,
W1_web,1,L4,takeover,pin_useragent_core,0.0,0.0,0.0,0.0,
W1_web,1,L4,takeover,pin_ip_or_useragent,0.17391304347826086,0.16666666666666666,0.1702127659574468,0.19230769230769232,
W1_web,1,L4,takeover,pin_ip_and_useragent,0.043478260869565216,0.125,0.06451612903225806,0.0673076923076923,
W1_web,1,L4,takeover,score_distinct_bindings,0.0,0.0,0.0,0.0,0.5025083612040134
W1_web,1,L4,takeover,score_max_request_rate,0.0,0.0,0.0,0.0,0.493938127090301
W1_web,1,L4,takeover,score_burstiness,0.0,0.0,0.0,0.0,0.47888795986622074
W1_web,2,L4,takeover,SICA (proposed),0.0,0.0,0.0,0.0,0.4805921052631579
W1_web,2,L4,takeover,pin_ip,0.09375,0.1875,0.125,0.1368421052631579,
W1_web,2,L4,takeover,pin_prefix24,0.0,0.0,0.0,0.06315789473684211,
W1_web,2,L4,takeover,pin_scope16,0.0,0.0,0.0,0.021052631578947368,
W1_web,2,L4,takeover,pin_useragent,0.09375,0.25,0.13636363636363635,0.09473684210526316,
W1_web,2,L4,takeover,pin_useragent_core,0.0,0.0,0.0,0.0,
W1_web,2,L4,takeover,pin_ip_or_useragent,0.125,0.21052631578947367,0.1568627450980392,0.15789473684210525,
W1_web,2,L4,takeover,pin_ip_and_useragent,0.0625,0.2222222222222222,0.0975609756097561,0.07368421052631578,
W1_web,2,L4,takeover,score_distinct_bindings,0.0,0.0,0.0,0.0,0.46842105263157896
W1_web,2,L4,takeover,score_max_request_rate,0.0,0.0,0.0,0.0,0.5682565789473685
W1_web,2,L4,takeover,score_burstiness,0.0,0.0,0.0,0.0,0.5154605263157894
W1_web,3,L4,takeover,SICA (proposed),0.0,0.0,0.0,0.0,0.4161490683229814
W1_web,3,L4,takeover,pin_ip,0.0,0.0,0.0,0.15217391304347827,
W1_web,3,L4,takeover,pin_prefix24,0.0,0.0,0.0,0.08695652173913043,
W1_web,3,L4,takeover,pin_scope16,0.0,0.0,0.0,0.03260869565217391,
W1_web,3,L4,takeover,pin_useragent,0.05714285714285714,0.14285714285714285,0.08163265306122448,0.13043478260869565,
W1_web,3,L4,takeover,pin_useragent_core,0.0,0.0,0.0,0.0,
W1_web,3,L4,takeover,pin_ip_or_useragent,0.05714285714285714,0.09090909090909091,0.07017543859649122,0.21739130434782608,
W1_web,3,L4,takeover,pin_ip_and_useragent,0.0,0.0,0.0,0.06521739130434782,
W1_web,3,L4,takeover,score_distinct_bindings,0.0,0.0,0.0,0.0,0.45652173913043476
W1_web,3,L4,takeover,score_max_request_rate,0.0,0.0,0.0,0.0,0.45527950310559007
W1_web,3,L4,takeover,score_burstiness,0.0,0.0,0.0,0.0,0.4063664596273292
W1_web,4,L4,takeover,SICA (proposed),0.0,0.0,0.0,0.0,0.4261233815689261
W1_web,4,L4,takeover,pin_ip,0.038461538461538464,0.0625,0.04761904761904762,0.1485148514851485,
W1_web,4,L4,takeover,pin_prefix24,0.038461538461538464,0.125,0.058823529411764705,0.06930693069306931,
W1_web,4,L4,takeover,pin_scope16,0.038461538461538464,0.125,0.058823529411764705,0.06930693069306931,
W1_web,4,L4,takeover,pin_useragent,0.0,0.0,0.0,0.06930693069306931,
W1_web,4,L4,takeover,pin_useragent_core,0.0,0.0,0.0,0.0,
W1_web,4,L4,takeover,pin_ip_or_useragent,0.038461538461538464,0.05,0.043478260869565216,0.18811881188118812,
W1_web,4,L4,takeover,pin_ip_and_useragent,0.0,0.0,0.0,0.0297029702970297,
W1_web,4,L4,takeover,score_distinct_bindings,0.0,0.0,0.0,0.0,0.4845773038842346
W1_web,4,L4,takeover,score_max_request_rate,0.0,0.0,0.0,0.0,0.5367479055597868
W1_web,4,L4,takeover,score_burstiness,0.0,0.0,0.0,0.0,0.47277227722772275
W1_web,5,L4,takeover,SICA (proposed),0.0,0.0,0.0,0.0,0.413265306122449
W1_web,5,L4,takeover,pin_ip,0.0,0.0,0.0,0.19387755102040816,
W1_web,5,L4,takeover,pin_prefix24,0.0,0.0,0.0,0.09183673469387756,
W1_web,5,L4,takeover,pin_scope16,0.0,0.0,0.0,0.05102040816326531,
W1_web,5,L4,takeover,pin_useragent,0.06896551724137931,0.2222222222222222,0.10526315789473684,0.07142857142857142,
W1_web,5,L4,takeover,pin_useragent_core,0.0,0.0,0.0,0.0,
W1_web,5,L4,takeover,pin_ip_or_useragent,0.06896551724137931,0.08,0.07407407407407408,0.23469387755102042,
W1_web,5,L4,takeover,pin_ip_and_useragent,0.0,0.0,0.0,0.030612244897959183,
W1_web,5,L4,takeover,score_distinct_bindings,0.0,0.0,0.0,0.0,0.45408163265306123
W1_web,5,L4,takeover,score_max_request_rate,0.0,0.0,0.0,0.0,0.4824067558057706
W1_web,5,L4,takeover,score_burstiness,0.0,0.0,0.0,0.0,0.45425756509500353
W1_web,6,L4,takeover,SICA (proposed),0.0,0.0,0.0,0.01818181818181818,0.4090909090909091
W1_web,6,L4,takeover,pin_ip,0.0,0.0,0.0,0.14545454545454545,
W1_web,6,L4,takeover,pin_prefix24,0.0,0.0,0.0,0.05454545454545454,
W1_web,6,L4,takeover,pin_scope16,0.0,0.0,0.0,0.03636363636363636,
W1_web,6,L4,takeover,pin_useragent,0.0,0.0,0.0,0.06363636363636363,
W1_web,6,L4,takeover,pin_useragent_core,0.0,0.0,0.0,0.0,
W1_web,6,L4,takeover,pin_ip_or_useragent,0.0,0.0,0.0,0.18181818181818182,
W1_web,6,L4,takeover,pin_ip_and_useragent,0.0,0.0,0.0,0.02727272727272727,
W1_web,6,L4,takeover,score_distinct_bindings,0.0,0.0,0.0,0.0,0.4727272727272727
W1_web,6,L4,takeover,score_max_request_rate,0.0,0.0,0.0,0.0,0.4681818181818182
W1_web,6,L4,takeover,score_burstiness,0.0,0.0,0.0,0.0,0.46149732620320855
W1_web,7,L4,takeover,SICA (proposed),0.0,0.0,0.0,0.008928571428571428,0.4693452380952381
W1_web,7,L4,takeover,pin_ip,0.13333333333333333,0.10526315789473684,0.11764705882352941,0.15178571428571427,
W1_web,7,L4,takeover,pin_prefix24,0.06666666666666667,0.09090909090909091,0.07692307692307691,0.08928571428571429,
W1_web,7,L4,takeover,pin_scope16,0.0,0.0,0.0,0.044642857142857144,
W1_web,7,L4,takeover,pin_useragent,0.13333333333333333,0.13333333333333333,0.13333333333333333,0.11607142857142858,
W1_web,7,L4,takeover,pin_useragent_core,0.0,0.0,0.0,0.0,
W1_web,7,L4,takeover,pin_ip_or_useragent,0.13333333333333333,0.08,0.1,0.20535714285714285,
W1_web,7,L4,takeover,pin_ip_and_useragent,0.13333333333333333,0.2222222222222222,0.16666666666666669,0.0625,
W1_web,7,L4,takeover,score_distinct_bindings,0.0,0.0,0.0,0.0,0.4886904761904762
W1_web,7,L4,takeover,score_max_request_rate,0.0,0.0,0.0,0.0,0.5857142857142857
W1_web,7,L4,takeover,score_burstiness,0.0,0.0,0.0,0.0,0.5818452380952381
W1_web,8,L4,takeover,SICA (proposed),0.0,0.0,0.0,0.0,0.46782178217821785
W1_web,8,L4,takeover,pin_ip,0.11538461538461539,0.1875,0.14285714285714285,0.12871287128712872,
W1_web,8,L4,takeover,pin_prefix24,0.07692307692307693,0.25,0.11764705882352941,0.0594059405940594,
W1_web,8,L4,takeover,pin_scope16,0.0,0.0,0.0,0.019801980198019802,
W1_web,8,L4,takeover,pin_useragent,0.07692307692307693,0.15384615384615385,0.10256410256410257,0.10891089108910891,
W1_web,8,L4,takeover,pin_useragent_core,0.0,0.0,0.0,0.0,
W1_web,8,L4,takeover,pin_ip_or_useragent,0.11538461538461539,0.14285714285714285,0.12765957446808512,0.1782178217821782,
W1_web,8,L4,takeover,pin_ip_and_useragent,0.07692307692307693,0.25,0.11764705882352941,0.0594059405940594,
W1_web,8,L4,takeover,score_distinct_bindings,0.0,0.0,0.0,0.0,0.5087585681645087
W1_web,8,L4,takeover,score_max_request_rate,0.0,0.0,0.0,0.0,0.5797791317593298
W1_web,8,L4,takeover,score_burstiness,0.0,0.0,0.0,0.0,0.547981721249048
W1_web,9,L4,takeover,SICA (proposed),0.0,0.0,0.0,0.0,0.44823529411764707
W1_web,9,L4,takeover,pin_ip,0.04,0.0625,0.048780487804878044,0.14705882352941177,
W1_web,9,L4,takeover,pin_prefix24,0.0,0.0,0.0,0.058823529411764705,
W1_web,9,L4,takeover,pin_scope16,0.0,0.0,0.0,0.0196078431372549,
W1_web,9,L4,takeover,pin_useragent,0.04,0.125,0.06060606060606061,0.06862745098039216,
W1_web,9,L4,takeover,pin_useragent_core,0.0,0.0,0.0,0.0,
W1_web,9,L4,takeover,pin_ip_or_useragent,0.08,0.1,0.08888888888888889,0.17647058823529413,
W1_web,9,L4,takeover,pin_ip_and_useragent,0.0,0.0,0.0,0.0392156862745098,
W1_web,9,L4,takeover,score_distinct_bindings,0.0,0.0,0.0,0.0,0.47058823529411764
W1_web,9,L4,takeover,score_max_request_rate,0.0,0.0,0.0,0.0,0.5968627450980392
W1_web,9,L4,takeover,score_burstiness,0.0,0.0,0.0,0.0,0.5090196078431373
W1_web,10,L4,takeover,SICA (proposed),0.0,0.0,0.0,0.020202020202020204,0.375
W1_web,10,L4,takeover,pin_ip,0.03571428571428571,0.04,0.03773584905660378,0.24242424242424243,
W1_web,10,L4,takeover,pin_prefix24,0.03571428571428571,0.07142857142857142,0.047619047619047616,0.13131313131313133,
W1_web,10,L4,takeover,pin_scope16,0.0,0.0,0.0,0.04040404040404041,
W1_web,10,L4,takeover,pin_useragent,0.0,0.0,0.0,0.12121212121212122,
W1_web,10,L4,takeover,pin_useragent_core,0.0,0.0,0.0,0.0,
W1_web,10,L4,takeover,pin_ip_or_useragent,0.03571428571428571,0.034482758620689655,0.03508771929824562,0.2828282828282828,
W1_web,10,L4,takeover,pin_ip_and_useragent,0.0,0.0,0.0,0.08080808080808081,
W1_web,10,L4,takeover,score_distinct_bindings,0.0,0.0,0.0,0.0,0.4522005772005772
W1_web,10,L4,takeover,score_max_request_rate,0.0,0.0,0.0,0.0,0.522005772005772
W1_web,10,L4,takeover,score_burstiness,0.0,0.0,0.0,0.0,0.49224386724386726
W1_web,11,L4,takeover,SICA (proposed),0.0,0.0,0.0,0.0,0.4009433962264151
W1_web,11,L4,takeover,pin_ip,0.0,0.0,0.0,0.1509433962264151,
W1_web,11,L4,takeover,pin_prefix24,0.0,0.0,0.0,0.04716981132075472,
W1_web,11,L4,takeover,pin_scope16,0.0,0.0,0.0,0.009433962264150943,
W1_web,11,L4,takeover,pin_useragent,0.0,0.0,0.0,0.07547169811320754,
W1_web,11,L4,takeover,pin_useragent_core,0.0,0.0,0.0,0.0,
W1_web,11,L4,takeover,pin_ip_or_useragent,0.0,0.0,0.0,0.19811320754716982,
W1_web,11,L4,takeover,pin_ip_and_useragent,0.0,0.0,0.0,0.02830188679245283,
W1_web,11,L4,takeover,score_distinct_bindings,0.0,0.0,0.0,0.0,0.47641509433962265
W1_web,11,L4,takeover,score_max_request_rate,0.0,0.0,0.0,0.0,0.48427672955974843
W1_web,11,L4,takeover,score_burstiness,0.0,0.0,0.0,0.0,0.4827044025157233
W1_web,12,L4,takeover,SICA (proposed),0.0,0.0,0.0,0.010309278350515464,0.4254295532646048
W1_web,12,L4,takeover,pin_ip,0.03333333333333333,0.06666666666666667,0.04444444444444444,0.14432989690721648,
W1_web,12,L4,takeover,pin_prefix24,0.0,0.0,0.0,0.09278350515463918,
W1_web,12,L4,takeover,pin_scope16,0.0,0.0,0.0,0.010309278350515464,
W1_web,12,L4,takeover,pin_useragent,0.03333333333333333,0.1,0.05,0.09278350515463918,
W1_web,12,L4,takeover,pin_useragent_core,0.0,0.0,0.0,0.0,
W1_web,12,L4,takeover,pin_ip_or_useragent,0.06666666666666667,0.09090909090909091,0.07692307692307691,0.20618556701030927,
W1_web,12,L4,takeover,pin_ip_and_useragent,0.0,0.0,0.0,0.030927835051546393,
W1_web,12,L4,takeover,score_distinct_bindings,0.0,0.0,0.0,0.0,0.4536082474226804
W1_web,12,L4,takeover,score_max_request_rate,0.0,0.0,0.0,0.0,0.4542955326460481
W1_web,12,L4,takeover,score_burstiness,0.0,0.0,0.0,0.0,0.4379725085910653
W1_web,13,L4,takeover,SICA (proposed),0.0,0.0,0.0,0.0,0.4677777777777778
W1_web,13,L4,takeover,pin_ip,0.14814814814814814,0.19047619047619047,0.16666666666666666,0.17,
W1_web,13,L4,takeover,pin_prefix24,0.037037037037037035,0.125,0.05714285714285714,0.07,
W1_web,13,L4,takeover,pin_scope16,0.0,0.0,0.0,0.02,
W1_web,13,L4,takeover,pin_useragent,0.037037037037037035,0.09090909090909091,0.05263157894736842,0.1,
W1_web,13,L4,takeover,pin_useragent_core,0.0,0.0,0.0,0.0,
W1_web,13,L4,takeover,pin_ip_or_useragent,0.18518518518518517,0.17857142857142858,0.18181818181818182,0.23,
W1_web,13,L4,takeover,pin_ip_and_useragent,0.0,0.0,0.0,0.04,
W1_web,13,L4,takeover,score_distinct_bindings,0.0,0.0,0.0,0.0,0.4835185185185185
W1_web,13,L4,takeover,score_max_request_rate,0.0,0.0,0.0,0.0,0.5831481481481482
W1_web,13,L4,takeover,score_burstiness,0.0,0.0,0.0,0.0,0.5225925925925926
W1_web,14,L4,takeover,SICA (proposed),0.0,0.0,0.0,0.009900990099009901,0.4701066260472201
W1_web,14,L4,takeover,pin_ip,0.07692307692307693,0.14285714285714285,0.1,0.1188118811881188,
W1_web,14,L4,takeover,pin_prefix24,0.07692307692307693,0.2857142857142857,0.12121212121212123,0.04950495049504951,
W1_web,14,L4,takeover,pin_scope16,0.038461538461538464,0.5,0.07142857142857144,0.009900990099009901,
W1_web,14,L4,takeover,pin_useragent,0.0,0.0,0.0,0.07920792079207921,
W1_web,14,L4,takeover,pin_useragent_core,0.0,0.0,0.0,0.0,
W1_web,14,L4,takeover,pin_ip_or_useragent,0.07692307692307693,0.125,0.09523809523809525,0.13861386138613863,
W1_web,14,L4,takeover,pin_ip_and_useragent,0.0,0.0,0.0,0.0594059405940594,
W1_web,14,L4,takeover,score_distinct_bindings,0.0,0.0,0.0,0.0,0.5137090632140137
W1_web,14,L4,takeover,score_max_request_rate,0.0,0.0,0.0,0.0,0.6047220106626047
W1_web,14,L4,takeover,score_burstiness,0.0,0.0,0.0,0.0,0.5906321401370906
W1_web,15,L4,takeover,SICA (proposed),0.0,0.0,0.0,0.0,0.4269822006472492
W1_web,15,L4,takeover,pin_ip,0.041666666666666664,0.05,0.04545454545454545,0.18446601941747573,
W1_web,15,L4,takeover,pin_prefix24,0.0,0.0,0.0,0.10679611650485436,
W1_web,15,L4,takeover,pin_scope16,0.0,0.0,0.0,0.02912621359223301,
W1_web,15,L4,takeover,pin_useragent,0.041666666666666664,0.06666666666666667,0.05128205128205127,0.13592233009708737,
W1_web,15,L4,takeover,pin_useragent_core,0.0,0.0,0.0,0.0,
W1_web,15,L4,takeover,pin_ip_or_useragent,0.08333333333333333,0.07692307692307693,0.08,0.23300970873786409,
W1_web,15,L4,takeover,pin_ip_and_useragent,0.0,0.0,0.0,0.08737864077669903,
W1_web,15,L4,takeover,score_distinct_bindings,0.0,0.0,0.0,0.0,0.44660194174757284
W1_web,15,L4,takeover,score_max_request_rate,0.0,0.0,0.0,0.0,0.4664239482200647
W1_web,15,L4,takeover,score_burstiness,0.0,0.0,0.0,0.0,0.44457928802589
W1_web,16,L4,takeover,SICA (proposed),0.0,0.0,0.0,0.009523809523809525,0.40476190476190477
W1_web,16,L4,takeover,pin_ip,0.0,0.0,0.0,0.1523809523809524,
W1_web,16,L4,takeover,pin_prefix24,0.0,0.0,0.0,0.08571428571428572,
W1_web,16,L4,takeover,pin_scope16,0.0,0.0,0.0,0.02857142857142857,
W1_web,16,L4,takeover,pin_useragent,0.0,0.0,0.0,0.09523809523809523,
W1_web,16,L4,takeover,pin_useragent_core,0.0,0.0,0.0,0.0,
W1_web,16,L4,takeover,pin_ip_or_useragent,0.0,0.0,0.0,0.19047619047619047,
W1_web,16,L4,takeover,pin_ip_and_useragent,0.0,0.0,0.0,0.05714285714285714,
W1_web,16,L4,takeover,score_distinct_bindings,0.0,0.0,0.0,0.0,0.45714285714285713
W1_web,16,L4,takeover,score_max_request_rate,0.0,0.0,0.0,0.0,0.4277056277056277
W1_web,16,L4,takeover,score_burstiness,0.0,0.0,0.0,0.0,0.30238095238095236
W1_web,17,L4,takeover,SICA (proposed),0.0,0.0,0.0,0.0,0.451505016722408
W1_web,17,L4,takeover,pin_ip,0.08695652173913043,0.09090909090909091,0.08888888888888888,0.19230769230769232,
W1_web,17,L4,takeover,pin_prefix24,0.0,0.0,0.0,0.08653846153846154,
W1_web,17,L4,takeover,pin_scope16,0.0,0.0,0.0,0.028846153846153848,
W1_web,17,L4,takeover,pin_useragent,0.08695652173913043,0.18181818181818182,0.1176470588235294,0.08653846153846154,
W1_web,17,L4,takeover,pin_useragent_core,0.0,0.0,0.0,0.0,
W1_web,17,L4,takeover,pin_ip_or_useragent,0.13043478260869565,0.12,0.12499999999999997,0.21153846153846154,
W1_web,17,L4,takeover,pin_ip_and_useragent,0.043478260869565216,0.125,0.06451612903225806,0.0673076923076923,
W1_web,17,L4,takeover,score_distinct_bindings,0.0,0.0,0.0,0.0,0.4567307692307692
W1_web,17,L4,takeover,score_max_request_rate,0.0,0.0,0.0,0.0,0.5409698996655519
W1_web,17,L4,takeover,score_burstiness,0.0,0.0,0.0,0.0,0.4335284280936455
W1_web,18,L4,takeover,SICA (proposed),0.0,0.0,0.0,0.0,0.41259259259259257
W1_web,18,L4,takeover,pin_ip,0.037037037037037035,0.058823529411764705,0.04545454545454545,0.16,
W1_web,18,L4,takeover,pin_prefix24,0.037037037037037035,0.1,0.05405405405405406,0.09,
W1_web,18,L4,takeover,pin_scope16,0.0,0.0,0.0,0.05,
W1_web,18,L4,takeover,pin_useragent,0.0,0.0,0.0,0.13,
W1_web,18,L4,takeover,pin_useragent_core,0.0,0.0,0.0,0.0,
W1_web,18,L4,takeover,pin_ip_or_useragent,0.037037037037037035,0.045454545454545456,0.04081632653061224,0.21,
W1_web,18,L4,takeover,pin_ip_and_useragent,0.0,0.0,0.0,0.08,
W1_web,18,L4,takeover,score_distinct_bindings,0.0,0.0,0.0,0.0,0.4735185185185185
W1_web,18,L4,takeover,score_max_request_rate,0.0,0.0,0.0,0.0,0.5157407407407407
W1_web,18,L4,takeover,score_burstiness,0.0,0.0,0.0,0.0,0.48592592592592593
W1_web,19,L4,takeover,SICA (proposed),0.0,0.0,0.0,0.0,0.39215686274509803
W1_web,19,L4,takeover,pin_ip,0.0,0.0,0.0,0.16666666666666666,
W1_web,19,L4,takeover,pin_prefix24,0.0,0.0,0.0,0.06862745098039216,
W1_web,19,L4,takeover,pin_scope16,0.0,0.0,0.0,0.0196078431372549,
W1_web,19,L4,takeover,pin_useragent,0.0,0.0,0.0,0.08823529411764706,
W1_web,19,L4,takeover,pin_useragent_core,0.0,0.0,0.0,0.0,
W1_web,19,L4,takeover,pin_ip_or_useragent,0.0,0.0,0.0,0.21568627450980393,
W1_web,19,L4,takeover,pin_ip_and_useragent,0.0,0.0,0.0,0.0392156862745098,
W1_web,19,L4,takeover,score_distinct_bindings,0.0,0.0,0.0,0.0,0.46568627450980393
W1_web,19,L4,takeover,score_max_request_rate,0.0,0.0,0.0,0.0,0.47058823529411764
W1_web,19,L4,takeover,score_burstiness,0.0,0.0,0.0,0.0,0.40862745098039216
W1_web,0,L4,concurrent,SICA (proposed),0.0,0.0,0.0,0.01818181818181818,0.436096256684492
W1_web,0,L4,concurrent,pin_ip,0.11764705882352941,0.10526315789473684,0.1111111111111111,0.15454545454545454,
W1_web,0,L4,concurrent,pin_prefix24,0.058823529411764705,0.1111111111111111,0.07692307692307691,0.07272727272727272,
W1_web,0,L4,concurrent,pin_scope16,0.0,0.0,0.0,0.02727272727272727,
W1_web,0,L4,concurrent,pin_useragent,0.0,0.0,0.0,0.14545454545454545,
W1_web,0,L4,concurrent,pin_useragent_core,0.0,0.0,0.0,0.0,
W1_web,0,L4,concurrent,pin_ip_or_useragent,0.11764705882352941,0.06896551724137931,0.08695652173913043,0.24545454545454545,
W1_web,0,L4,concurrent,pin_ip_and_useragent,0.0,0.0,0.0,0.05454545454545454,
W1_web,0,L4,concurrent,score_distinct_bindings,0.0,0.0,0.0,0.0,0.493048128342246
W1_web,0,L4,concurrent,score_max_request_rate,0.0,0.0,0.0,0.0,0.7205882352941176
W1_web,0,L4,concurrent,score_burstiness,0.0,0.0,0.0,0.0,0.6318181818181818
W1_web,1,L4,concurrent,SICA (proposed),0.11764705882352941,1.0,0.21052631578947367,0.0,0.6401069518716578
W1_web,1,L4,concurrent,pin_ip,0.47058823529411764,0.3333333333333333,0.39024390243902435,0.14545454545454545,
W1_web,1,L4,concurrent,pin_prefix24,0.23529411764705882,0.5,0.31999999999999995,0.03636363636363636,
W1_web,1,L4,concurrent,pin_scope16,0.11764705882352941,0.6666666666666666,0.2,0.00909090909090909,
W1_web,1,L4,concurrent,pin_useragent,0.11764705882352941,0.15384615384615385,0.13333333333333333,0.1,
W1_web,1,L4,concurrent,pin_useragent_core,0.0,0.0,0.0,0.0,
W1_web,1,L4,concurrent,pin_ip_or_useragent,0.47058823529411764,0.2857142857142857,0.35555555555555557,0.18181818181818182,
W1_web,1,L4,concurrent,pin_ip_and_useragent,0.11764705882352941,0.2222222222222222,0.15384615384615383,0.06363636363636363,
W1_web,1,L4,concurrent,score_distinct_bindings,0.0,0.0,0.0,0.0,0.5994652406417113
W1_web,1,L4,concurrent,score_max_request_rate,0.0,0.0,0.0,0.0,0.42112299465240643
W1_web,1,L4,concurrent,score_burstiness,0.0,0.0,0.0,0.0,0.3657754010695187
W1_web,2,L4,concurrent,SICA (proposed),0.030303030303030304,1.0,0.05882352941176471,0.0,0.5085428755641521
W1_web,2,L4,concurrent,pin_ip,0.15151515151515152,0.2777777777777778,0.19607843137254904,0.13829787234042554,
W1_web,2,L4,concurrent,pin_prefix24,0.030303030303030304,0.14285714285714285,0.05,0.06382978723404255,
W1_web,2,L4,concurrent,pin_scope16,0.030303030303030304,0.3333333333333333,0.05555555555555555,0.02127659574468085,
W1_web,2,L4,concurrent,pin_useragent,0.09090909090909091,0.25,0.13333333333333333,0.09574468085106383,
W1_web,2,L4,concurrent,pin_useragent_core,0.0,0.0,0.0,0.0,
W1_web,2,L4,concurrent,pin_ip_or_useragent,0.18181818181818182,0.2857142857142857,0.2222222222222222,0.1595744680851064,
W1_web,2,L4,concurrent,pin_ip_and_useragent,0.06060606060606061,0.2222222222222222,0.09523809523809523,0.07446808510638298,
W1_web,2,L4,concurrent,score_distinct_bindings,0.0,0.0,0.0,0.0,0.48323662153449387
W1_web,2,L4,concurrent,score_max_request_rate,0.0,0.0,0.0,0.0,0.599290780141844
W1_web,2,L4,concurrent,score_burstiness,0.0,0.0,0.0,0.0,0.5341715022566086
W1_web,3,L4,concurrent,SICA (proposed),0.0,0.0,0.0,0.0,0.43722943722943725
W1_web,3,L4,concurrent,pin_ip,0.10714285714285714,0.16666666666666666,0.13043478260869565,0.15151515151515152,
W1_web,3,L4,concurrent,pin_prefix24,0.03571428571428571,0.1,0.05263157894736841,0.09090909090909091,
W1_web,3,L4,concurrent,pin_scope16,0.0,0.0,0.0,0.030303030303030304,
W1_web,3,L4,concurrent,pin_useragent,0.03571428571428571,0.06666666666666667,0.046511627906976744,0.1414141414141414,
W1_web,3,L4,concurrent,pin_useragent_core,0.0,0.0,0.0,0.0,
W1_web,3,L4,concurrent,pin_ip_or_useragent,0.10714285714285714,0.11538461538461539,0.11111111111111112,0.23232323232323232,
W1_web,3,L4,concurrent,pin_ip_and_useragent,0.03571428571428571,0.14285714285714285,0.05714285714285715,0.06060606060606061,
W1_web,3,L4,concurrent,score_distinct_bindings,0.0,0.0,0.0,0.0,0.4724025974025974
W1_web,3,L4,concurrent,score_max_request_rate,0.0,0.0,0.0,0.0,0.5248917748917749
W1_web,3,L4,concurrent,score_burstiness,0.0,0.0,0.0,0.0,0.4648268398268398
W1_web,4,L4,concurrent,SICA (proposed),0.0,0.0,0.0,0.0,0.4976635514018692
W1_web,4,L4,concurrent,pin_ip,0.2,0.19047619047619047,0.1951219512195122,0.1588785046728972,
W1_web,4,L4,concurrent,pin_prefix24,0.05,0.1,0.06666666666666667,0.08411214953271028,
W1_web,4,L4,concurrent,pin_scope16,0.0,0.0,0.0,0.07476635514018691,
W1_web,4,L4,concurrent,pin_useragent,0.1,0.2222222222222222,0.13793103448275865,0.06542056074766354,
W1_web,4,L4,concurrent,pin_useragent_core,0.0,0.0,0.0,0.0,
W1_web,4,L4,concurrent,pin_ip_or_useragent,0.2,0.16,0.17777777777777778,0.19626168224299065,
W1_web,4,L4,concurrent,pin_ip_and_useragent,0.1,0.4,0.16000000000000003,0.028037383177570093,
W1_web,4,L4,concurrent,score_distinct_bindings,0.0,0.0,0.0,0.0,0.4829439252336449
W1_web,4,L4,concurrent,score_max_request_rate,0.0,0.0,0.0,0.0,0.602803738317757
W1_web,4,L4,concurrent,score_burstiness,0.0,0.0,0.0,0.0,0.5504672897196262
W1_web,5,L4,concurrent,SICA (proposed),0.0,0.0,0.0,0.0,0.4902534113060429
W1_web,5,L4,concurrent,pin_ip,0.05263157894736842,0.045454545454545456,0.04878048780487805,0.19444444444444445,
W1_web,5,L4,concurrent,pin_prefix24,0.05263157894736842,0.1,0.06896551724137931,0.08333333333333333,
W1_web,5,L4,concurrent,pin_scope16,0.0,0.0,0.0,0.046296296296296294,
W1_web,5,L4,concurrent,pin_useragent,0.21052631578947367,0.2857142857142857,0.24242424242424243,0.09259259259259259,
W1_web,5,L4,concurrent,pin_useragent_core,0.0,0.0,0.0,0.0,
W1_web,5,L4,concurrent,pin_ip_or_useragent,0.21052631578947367,0.13333333333333333,0.163265306122449,0.24074074074074073,
W1_web,5,L4,concurrent,pin_ip_and_useragent,0.05263157894736842,0.16666666666666666,0.08,0.046296296296296294,
W1_web,5,L4,concurrent,score_distinct_bindings,0.0,0.0,0.0,0.0,0.48464912280701755
W1_web,5,L4,concurrent,score_max_request_rate,0.0,0.0,0.0,0.0,0.5087719298245614
W1_web,5,L4,concurrent,score_burstiness,0.0,0.0,0.0,0.0,0.4615009746588694
W1_web,6,L4,concurrent,SICA (proposed),0.0,0.0,0.0,0.018018018018018018,0.43890765765765766
W1_web,6,L4,concurrent,pin_ip,0.0,0.0,0.0,0.14414414414414414,
W1_web,6,L4,concurrent,pin_prefix24,0.0,0.0,0.0,0.05405405405405406,
W1_web,6,L4,concurrent,pin_scope16,0.0,0.0,0.0,0.036036036036036036,
W1_web,6,L4,concurrent,pin_useragent,0.0625,0.125,0.08333333333333333,0.06306306306306306,
W1_web,6,L4,concurrent,pin_useragent_core,0.0,0.0,0.0,0.0,
W1_web,6,L4,concurrent,pin_ip_or_useragent,0.0625,0.047619047619047616,0.05405405405405405,0.18018018018018017,
W1_web,6,L4,concurrent,pin_ip_and_useragent,0.0,0.0,0.0,0.02702702702702703,
W1_web,6,L4,concurrent,score_distinct_bindings,0.0,0.0,0.0,0.0,0.47297297297297297
W1_web,6,L4,concurrent,score_max_request_rate,0.0,0.0,0.0,0.0,0.5579954954954955
W1_web,6,L4,concurrent,score_burstiness,0.0,0.0,0.0,0.0,0.5658783783783784
W1_web,7,L4,concurrent,SICA (proposed),0.0,0.0,0.0,0.008695652173913044,0.48985507246376814
W1_web,7,L4,concurrent,pin_ip,0.16666666666666666,0.10526315789473684,0.12903225806451615,0.14782608695652175,
W1_web,7,L4,concurrent,pin_prefix24,0.08333333333333333,0.09090909090909091,0.08695652173913043,0.08695652173913043,
W1_web,7,L4,concurrent,pin_scope16,0.0,0.0,0.0,0.043478260869565216,
W1_web,7,L4,concurrent,pin_useragent,0.16666666666666666,0.13333333333333333,0.14814814814814814,0.11304347826086956,
W1_web,7,L4,concurrent,pin_useragent_core,0.0,0.0,0.0,0.0,
W1_web,7,L4,concurrent,pin_ip_or_useragent,0.16666666666666666,0.08,0.10810810810810811,0.2,
W1_web,7,L4,concurrent,pin_ip_and_useragent,0.16666666666666666,0.2222222222222222,0.1904761904761905,0.06086956521739131,
W1_web,7,L4,concurrent,score_distinct_bindings,0.0,0.0,0.0,0.0,0.49818840579710144
W1_web,7,L4,concurrent,score_max_request_rate,0.0,0.0,0.0,0.0,0.533695652173913
W1_web,7,L4,concurrent,score_burstiness,0.0,0.0,0.0,0.0,0.5297101449275362
W1_web,8,L4,concurrent,SICA (proposed),0.0,0.0,0.0,0.0,0.5060606060606061
W1_web,8,L4,concurrent,pin_ip,0.18181818181818182,0.23529411764705882,0.20512820512820512,0.12380952380952381,
W1_web,8,L4,concurrent,pin_prefix24,0.13636363636363635,0.3333333333333333,0.1935483870967742,0.05714285714285714,
W1_web,8,L4,concurrent,pin_scope16,0.045454545454545456,0.3333333333333333,0.08,0.01904761904761905,
W1_web,8,L4,concurrent,pin_useragent,0.09090909090909091,0.15384615384615385,0.1142857142857143,0.10476190476190476,
W1_web,8,L4,concurrent,pin_useragent_core,0.0,0.0,0.0,0.0,
W1_web,8,L4,concurrent,pin_ip_or_useragent,0.18181818181818182,0.18181818181818182,0.18181818181818182,0.17142857142857143,
W1_web,8,L4,concurrent,pin_ip_and_useragent,0.09090909090909091,0.25,0.13333333333333333,0.05714285714285714,
W1_web,8,L4,concurrent,score_distinct_bindings,0.0,0.0,0.0,0.0,0.5396103896103897
W1_web,8,L4,concurrent,score_max_request_rate,0.0,0.0,0.0,0.0,0.6231601731601731
W1_web,8,L4,concurrent,score_burstiness,0.0,0.0,0.0,0.0,0.546969696969697
W1_web,9,L4,concurrent,SICA (proposed),0.0,0.0,0.0,0.0,0.5086448598130842
W1_web,9,L4,concurrent,pin_ip,0.15,0.15789473684210525,0.15384615384615385,0.14953271028037382,
W1_web,9,L4,concurrent,pin_prefix24,0.0,0.0,0.0,0.056074766355140186,
W1_web,9,L4,concurrent,pin_scope16,0.0,0.0,0.0,0.018691588785046728,
W1_web,9,L4,concurrent,pin_useragent,0.1,0.2222222222222222,0.13793103448275865,0.06542056074766354,
W1_web,9,L4,concurrent,pin_useragent_core,0.0,0.0,0.0,0.0,
W1_web,9,L4,concurrent,pin_ip_or_useragent,0.2,0.17391304347826086,0.18604651162790697,0.17757009345794392,
W1_web,9,L4,concurrent,pin_ip_and_useragent,0.05,0.2,0.08000000000000002,0.037383177570093455,
W1_web,9,L4,concurrent,score_distinct_bindings,0.0,0.0,0.0,0.0,0.4719626168224299
W1_web,9,L4,concurrent,score_max_request_rate,0.0,0.0,0.0,0.0,0.6147196261682243
W1_web,9,L4,concurrent,score_burstiness,0.0,0.0,0.0,0.0,0.5025700934579439
W1_web,10,L4,concurrent,SICA (proposed),0.0,0.0,0.0,0.02830188679245283,0.40678346810422283
W1_web,10,L4,concurrent,pin_ip,0.09523809523809523,0.07407407407407407,0.08333333333333333,0.2358490566037736,
W1_web,10,L4,concurrent,pin_prefix24,0.09523809523809523,0.125,0.1081081081081081,0.1320754716981132,
W1_web,10,L4,concurrent,pin_scope16,0.0,0.0,0.0,0.04716981132075472,
W1_web,10,L4,concurrent,pin_useragent,0.0,0.0,0.0,0.11320754716981132,
W1_web,10,L4,concurrent,pin_useragent_core,0.0,0.0,0.0,0.0,
W1_web,10,L4,concurrent,pin_ip_or_useragent,0.09523809523809523,0.06451612903225806,0.07692307692307691,0.27358490566037735,
W1_web,10,L4,concurrent,pin_ip_and_useragent,0.0,0.0,0.0,0.07547169811320754,
W1_web,10,L4,concurrent,score_distinct_bindings,0.0,0.0,0.0,0.0,0.481581311769991
W1_web,10,L4,concurrent,score_max_request_rate,0.0,0.0,0.0,0.0,0.5166217430368374
W1_web,10,L4,concurrent,score_burstiness,0.0,0.0,0.0,0.0,0.43755615453728663
W1_web,11,L4,concurrent,SICA (proposed),0.07142857142857142,1.0,0.13333333333333333,0.0,0.5060050568900126
W1_web,11,L4,concurrent,pin_ip,0.21428571428571427,0.15,0.1764705882352941,0.1504424778761062,
W1_web,11,L4,concurrent,pin_prefix24,0.07142857142857142,0.16666666666666666,0.1,0.04424778761061947,
W1_web,11,L4,concurrent,pin_scope16,0.07142857142857142,0.5,0.125,0.008849557522123894,
W1_web,11,L4,concurrent,pin_useragent,0.0,0.0,0.0,0.07964601769911504,
W1_web,11,L4,concurrent,pin_useragent_core,0.0,0.0,0.0,0.0,
W1_web,11,L4,concurrent,pin_ip_or_useragent,0.21428571428571427,0.12,0.15384615384615383,0.19469026548672566,
W1_web,11,L4,concurrent,pin_ip_and_useragent,0.0,0.0,0.0,0.035398230088495575,
W1_web,11,L4,concurrent,score_distinct_bindings,0.0,0.0,0.0,0.0,0.5135903919089759
W1_web,11,L4,concurrent,score_max_request_rate,0.0,0.0,0.0,0.0,0.6359039190897599
W1_web,11,L4,concurrent,score_burstiness,0.0,0.0,0.0,0.0,0.6011378002528445
W1_web,12,L4,concurrent,SICA (proposed),0.08,0.6666666666666666,0.14285714285714285,0.00980392156862745,0.5249019607843137
W1_web,12,L4,concurrent,pin_ip,0.16,0.2222222222222222,0.18604651162790697,0.13725490196078433,
W1_web,12,L4,concurrent,pin_prefix24,0.08,0.18181818181818182,0.1111111111111111,0.08823529411764706,
W1_web,12,L4,concurrent,pin_scope16,0.04,0.5,0.07407407407407407,0.00980392156862745,
W1_web,12,L4,concurrent,pin_useragent,0.16,0.3076923076923077,0.2105263157894737,0.08823529411764706,
W1_web,12,L4,concurrent,pin_useragent_core,0.0,0.0,0.0,0.0,
W1_web,12,L4,concurrent,pin_ip_or_useragent,0.24,0.23076923076923078,0.23529411764705882,0.19607843137254902,
W1_web,12,L4,concurrent,pin_ip_and_useragent,0.08,0.4,0.13333333333333333,0.029411764705882353,
W1_web,12,L4,concurrent,score_distinct_bindings,0.0,0.0,0.0,0.0,0.4958823529411765
W1_web,12,L4,concurrent,score_max_request_rate,0.0,0.0,0.0,0.0,0.5443137254901961
W1_web,12,L4,concurrent,score_burstiness,0.0,0.0,0.0,0.0,0.4964705882352941
W1_web,13,L4,concurrent,SICA (proposed),0.0,0.0,0.0,0.0,0.5653679653679654
W1_web,13,L4,concurrent,pin_ip,0.2727272727272727,0.2608695652173913,0.2666666666666666,0.1619047619047619,
W1_web,13,L4,concurrent,pin_prefix24,0.045454545454545456,0.125,0.06666666666666667,0.06666666666666667,
W1_web,13,L4,concurrent,pin_scope16,0.0,0.0,0.0,0.01904761904761905,
W1_web,13,L4,concurrent,pin_useragent,0.13636363636363635,0.23076923076923078,0.1714285714285714,0.09523809523809523,
W1_web,13,L4,concurrent,pin_useragent_core,0.0,0.0,0.0,0.0,
W1_web,13,L4,concurrent,pin_ip_or_useragent,0.36363636363636365,0.25806451612903225,0.3018867924528302,0.21904761904761905,
W1_web,13,L4,concurrent,pin_ip_and_useragent,0.045454545454545456,0.2,0.07407407407407407,0.0380952380952381,
W1_web,13,L4,concurrent,score_distinct_bindings,0.0,0.0,0.0,0.0,0.4893939393939394
W1_web,13,L4,concurrent,score_max_request_rate,0.0,0.0,0.0,0.0,0.5997835497835498
W1_web,13,L4,concurrent,score_burstiness,0.0,0.0,0.0,0.0,0.48874458874458876
W1_web,14,L4,concurrent,SICA (proposed),0.0,0.0,0.0,0.009523809523809525,0.4452380952380952
W1_web,14,L4,concurrent,pin_ip,0.045454545454545456,0.06666666666666667,0.05405405405405406,0.13333333333333333,
W1_web,14,L4,concurrent,pin_prefix24,0.045454545454545456,0.125,0.06666666666666667,0.06666666666666667,
W1_web,14,L4,concurrent,pin_scope16,0.0,0.0,0.0,0.01904761904761905,
W1_web,14,L4,concurrent,pin_useragent,0.0,0.0,0.0,0.0761904761904762,
W1_web,14,L4,concurrent,pin_useragent_core,0.0,0.0,0.0,0.0,
W1_web,14,L4,concurrent,pin_ip_or_useragent,0.045454545454545456,0.058823529411764705,0.05128205128205128,0.1523809523809524,
W1_web,14,L4,concurrent,pin_ip_and_useragent,0.0,0.0,0.0,0.05714285714285714,
W1_web,14,L4,concurrent,score_distinct_bindings,0.0,0.0,0.0,0.0,0.4893939393939394
W1_web,14,L4,concurrent,score_max_request_rate,0.0,0.0,0.0,0.0,0.6536796536796536
W1_web,14,L4,concurrent,score_burstiness,0.0,0.0,0.0,0.0,0.6093073593073594
W1_web,15,L4,concurrent,SICA (proposed),0.0,0.0,0.0,0.0,0.4642857142857143
W1_web,15,L4,concurrent,pin_ip,0.09523809523809523,0.09523809523809523,0.09523809523809523,0.1792452830188679,
W1_web,15,L4,concurrent,pin_prefix24,0.0,0.0,0.0,0.10377358490566038,
W1_web,15,L4,concurrent,pin_scope16,0.0,0.0,0.0,0.02830188679245283,
W1_web,15,L4,concurrent,pin_useragent,0.047619047619047616,0.06666666666666667,0.05555555555555555,0.1320754716981132,
W1_web,15,L4,concurrent,pin_useragent_core,0.0,0.0,0.0,0.0,
W1_web,15,L4,concurrent,pin_ip_or_useragent,0.14285714285714285,0.1111111111111111,0.125,0.22641509433962265,
W1_web,15,L4,concurrent,pin_ip_and_useragent,0.0,0.0,0.0,0.08490566037735849,
W1_web,15,L4,concurrent,score_distinct_bindings,0.0,0.0,0.0,0.0,0.4481132075471698
W1_web,15,L4,concurrent,score_max_request_rate,0.0,0.0,0.0,0.0,0.50696316262354
W1_web,15,L4,concurrent,score_burstiness,0.0,0.0,0.0,0.0,0.461141060197664
W1_web,16,L4,concurrent,SICA (proposed),0.0,0.0,0.0,0.009174311926605505,0.40825688073394495
W1_web,16,L4,concurrent,pin_ip,0.0,0.0,0.0,0.14678899082568808,
W1_web,16,L4,concurrent,pin_prefix24,0.0,0.0,0.0,0.08256880733944955,
W1_web,16,L4,concurrent,pin_scope16,0.0,0.0,0.0,0.027522935779816515,
W1_web,16,L4,concurrent,pin_useragent,0.0,0.0,0.0,0.09174311926605505,
W1_web,16,L4,concurrent,pin_useragent_core,0.0,0.0,0.0,0.0,
W1_web,16,L4,concurrent,pin_ip_or_useragent,0.0,0.0,0.0,0.1834862385321101,
W1_web,16,L4,concurrent,pin_ip_and_useragent,0.0,0.0,0.0,0.05504587155963303,
W1_web,16,L4,concurrent,score_distinct_bindings,0.0,0.0,0.0,0.0,0.45871559633027525
W1_web,16,L4,concurrent,score_max_request_rate,0.0,0.0,0.0,0.0,0.585881753312946
W1_web,16,L4,concurrent,score_burstiness,0.0,0.0,0.0,0.0,0.5198776758409785
W1_web,17,L4,concurrent,SICA (proposed),0.0,0.0,0.0,0.0,0.46497326203208555
W1_web,17,L4,concurrent,pin_ip,0.058823529411764705,0.043478260869565216,0.049999999999999996,0.2,
W1_web,17,L4,concurrent,pin_prefix24,0.0,0.0,0.0,0.09090909090909091,
W1_web,17,L4,concurrent,pin_scope16,0.0,0.0,0.0,0.02727272727272727,
W1_web,17,L4,concurrent,pin_useragent,0.11764705882352941,0.15384615384615385,0.13333333333333333,0.1,
W1_web,17,L4,concurrent,pin_useragent_core,0.0,0.0,0.0,0.0,
W1_web,17,L4,concurrent,pin_ip_or_useragent,0.17647058823529413,0.1111111111111111,0.13636363636363638,0.21818181818181817,
W1_web,17,L4,concurrent,pin_ip_and_useragent,0.0,0.0,0.0,0.08181818181818182,
W1_web,17,L4,concurrent,score_distinct_bindings,0.0,0.0,0.0,0.0,0.45454545454545453
W1_web,17,L4,concurrent,score_max_request_rate,0.0,0.0,0.0,0.0,0.6179144385026738
W1_web,17,L4,concurrent,score_burstiness,0.058823529411764705,1.0,0.1111111111111111,0.0,0.5454545454545454
W1_web,18,L4,concurrent,SICA (proposed),0.0,0.0,0.0,0.0,0.5441558441558442
W1_web,18,L4,concurrent,pin_ip,0.2727272727272727,0.2727272727272727,0.2727272727272727,0.1523809523809524,
W1_web,18,L4,concurrent,pin_prefix24,0.13636363636363635,0.25,0.1764705882352941,0.08571428571428572,
W1_web,18,L4,concurrent,pin_scope16,0.045454545454545456,0.16666666666666666,0.07142857142857144,0.047619047619047616,
W1_web,18,L4,concurrent,pin_useragent,0.13636363636363635,0.1875,0.15789473684210525,0.12380952380952381,
W1_web,18,L4,concurrent,pin_useragent_core,0.0,0.0,0.0,0.0,
W1_web,18,L4,concurrent,pin_ip_or_useragent,0.2727272727272727,0.2222222222222222,0.24489795918367346,0.2,
W1_web,18,L4,concurrent,pin_ip_and_useragent,0.13636363636363635,0.2727272727272727,0.1818181818181818,0.0761904761904762,
W1_web,18,L4,concurrent,score_distinct_bindings,0.0,0.0,0.0,0.0,0.5253246753246753
W1_web,18,L4,concurrent,score_max_request_rate,0.0,0.0,0.0,0.0,0.6181818181818182
W1_web,18,L4,concurrent,score_burstiness,0.0,0.0,0.0,0.0,0.5612554112554112
W1_web,19,L4,concurrent,SICA (proposed),0.0,0.0,0.0,0.0,0.427624872579001
W1_web,19,L4,concurrent,pin_ip,0.05555555555555555,0.05263157894736842,0.05405405405405406,0.1651376146788991,
W1_web,19,L4,concurrent,pin_prefix24,0.0,0.0,0.0,0.06422018348623854,
W1_web,19,L4,concurrent,pin_scope16,0.0,0.0,0.0,0.01834862385321101,
W1_web,19,L4,concurrent,pin_useragent,0.0,0.0,0.0,0.08256880733944955,
W1_web,19,L4,concurrent,pin_useragent_core,0.0,0.0,0.0,0.0,
W1_web,19,L4,concurrent,pin_ip_or_useragent,0.05555555555555555,0.041666666666666664,0.04761904761904762,0.21100917431192662,
W1_web,19,L4,concurrent,pin_ip_and_useragent,0.0,0.0,0.0,0.03669724770642202,
W1_web,19,L4,concurrent,score_distinct_bindings,0.0,0.0,0.0,0.0,0.46788990825688076
W1_web,19,L4,concurrent,score_max_request_rate,0.0,0.0,0.0,0.0,0.5290519877675841
W1_web,19,L4,concurrent,score_burstiness,0.0,0.0,0.0,0.0,0.46075433231396534
W1_web,0,L5,takeover,SICA (proposed),0.0,0.0,0.0,0.018518518518518517,0.9407894736842105
W1_web,0,L5,takeover,pin_ip,0.0,0.0,0.0,0.1574074074074074,
W1_web,0,L5,takeover,pin_prefix24,0.0,0.0,0.0,0.07407407407407407,
W1_web,0,L5,takeover,pin_scope16,0.0,0.0,0.0,0.027777777777777776,
W1_web,0,L5,takeover,pin_useragent,1.0,0.5428571428571428,0.7037037037037037,0.14814814814814814,
W1_web,0,L5,takeover,pin_useragent_core,0.9473684210526315,1.0,0.972972972972973,0.0,
W1_web,0,L5,takeover,pin_ip_or_useragent,1.0,0.41304347826086957,0.5846153846153846,0.25,
W1_web,0,L5,takeover,pin_ip_and_useragent,0.0,0.0,0.0,0.05555555555555555,
W1_web,0,L5,takeover,score_distinct_bindings,0.0,0.0,0.0,0.0,0.9366471734892787
W1_web,0,L5,takeover,score_max_request_rate,0.0,0.0,0.0,0.0,0.6247563352826511
W1_web,0,L5,takeover,score_burstiness,0.0,0.0,0.0,0.0,0.63182261208577
W1_web,1,L5,takeover,SICA (proposed),0.043478260869565216,1.0,0.08333333333333333,0.0,0.9732441471571907
W1_web,1,L5,takeover,pin_ip,0.17391304347826086,0.2,0.18604651162790697,0.15384615384615385,
W1_web,1,L5,takeover,pin_prefix24,0.043478260869565216,0.2,0.07142857142857142,0.038461538461538464,
W1_web,1,L5,takeover,pin_scope16,0.043478260869565216,0.5,0.08,0.009615384615384616,
W1_web,1,L5,takeover,pin_useragent,1.0,0.6764705882352942,0.8070175438596492,0.10576923076923077,
W1_web,1,L5,takeover,pin_useragent_core,0.8260869565217391,1.0,0.9047619047619047,0.0,
W1_web,1,L5,takeover,pin_ip_or_useragent,1.0,0.5348837209302325,0.6969696969696969,0.19230769230769232,
W1_web,1,L5,takeover,pin_ip_and_useragent,0.17391304347826086,0.36363636363636365,0.2352941176470588,0.0673076923076923,
W1_web,1,L5,takeover,score_distinct_bindings,0.043478260869565216,1.0,0.08333333333333333,0.0,0.8946488294314381
W1_web,1,L5,takeover,score_max_request_rate,0.0,0.0,0.0,0.0,0.493938127090301
W1_web,1,L5,takeover,score_burstiness,0.0,0.0,0.0,0.0,0.47888795986622074
W1_web,2,L5,takeover,SICA (proposed),0.0,0.0,0.0,0.0,0.9921052631578947
W1_web,2,L5,takeover,pin_ip,0.09375,0.1875,0.125,0.1368421052631579,
W1_web,2,L5,takeover,pin_prefix24,0.0,0.0,0.0,0.06315789473684211,
W1_web,2,L5,takeover,pin_scope16,0.0,0.0,0.0,0.021052631578947368,
W1_web,2,L5,takeover,pin_useragent,1.0,0.7804878048780488,0.8767123287671234,0.09473684210526316,
W1_web,2,L5,takeover,pin_useragent_core,0.9375,1.0,0.967741935483871,0.0,
W1_web,2,L5,takeover,pin_ip_or_useragent,1.0,0.6808510638297872,0.810126582278481,0.15789473684210525,
W1_web,2,L5,takeover,pin_ip_and_useragent,0.09375,0.3,0.14285714285714285,0.07368421052631578,
W1_web,2,L5,takeover,score_distinct_bindings,0.0,0.0,0.0,0.0,0.937171052631579
W1_web,2,L5,takeover,score_max_request_rate,0.0,0.0,0.0,0.0,0.5682565789473685
W1_web,2,L5,takeover,score_burstiness,0.0,0.0,0.0,0.0,0.5154605263157894
W1_web,3,L5,takeover,SICA (proposed),0.0,0.0,0.0,0.0,0.9254658385093167
W1_web,3,L5,takeover,pin_ip,0.0,0.0,0.0,0.15217391304347827,
W1_web,3,L5,takeover,pin_prefix24,0.0,0.0,0.0,0.08695652173913043,
W1_web,3,L5,takeover,pin_scope16,0.0,0.0,0.0,0.03260869565217391,
W1_web,3,L5,takeover,pin_useragent,1.0,0.7446808510638298,0.8536585365853657,0.13043478260869565,
W1_web,3,L5,takeover,pin_useragent_core,0.8571428571428571,1.0,0.923076923076923,0.0,
W1_web,3,L5,takeover,pin_ip_or_useragent,1.0,0.6363636363636364,0.7777777777777778,0.21739130434782608,
W1_web,3,L5,takeover,pin_ip_and_useragent,0.0,0.0,0.0,0.06521739130434782,
W1_web,3,L5,takeover,score_distinct_bindings,0.0,0.0,0.0,0.0,0.8850931677018633
W1_web,3,L5,takeover,score_max_request_rate,0.0,0.0,0.0,0.0,0.45527950310559007
W1_web,3,L5,takeover,score_burstiness,0.0,0.0,0.0,0.0,0.4063664596273292
W1_web,4,L5,takeover,SICA (proposed),0.0,0.0,0.0,0.0,0.9051789794364051
W1_web,4,L5,takeover,pin_ip,0.038461538461538464,0.0625,0.04761904761904762,0.1485148514851485,
W1_web,4,L5,takeover,pin_prefix24,0.038461538461538464,0.125,0.058823529411764705,0.06930693069306931,
W1_web,4,L5,takeover,pin_scope16,0.038461538461538464,0.125,0.058823529411764705,0.06930693069306931,
W1_web,4,L5,takeover,pin_useragent,1.0,0.7878787878787878,0.8813559322033898,0.06930693069306931,
W1_web,4,L5,takeover,pin_useragent_core,0.8846153846153846,1.0,0.9387755102040816,0.0,
W1_web,4,L5,takeover,pin_ip_or_useragent,1.0,0.5777777777777777,0.732394366197183,0.18811881188118812,
W1_web,4,L5,takeover,pin_ip_and_useragent,0.038461538461538464,0.25,0.06666666666666668,0.0297029702970297,
W1_web,4,L5,takeover,score_distinct_bindings,0.038461538461538464,1.0,0.07407407407407407,0.0,0.908987052551409
W1_web,4,L5,takeover,score_max_request_rate,0.0,0.0,0.0,0.0,0.5367479055597868
W1_web,4,L5,takeover,score_burstiness,0.0,0.0,0.0,0.0,0.47277227722772275
W1_web,5,L5,takeover,SICA (proposed),0.0,0.0,0.0,0.0,0.9310344827586207
W1_web,5,L5,takeover,pin_ip,0.0,0.0,0.0,0.19387755102040816,
W1_web,5,L5,takeover,pin_prefix24,0.0,0.0,0.0,0.09183673469387756,
W1_web,5,L5,takeover,pin_scope16,0.0,0.0,0.0,0.05102040816326531,
W1_web,5,L5,takeover,pin_useragent,1.0,0.8055555555555556,0.8923076923076924,0.07142857142857142,
W1_web,5,L5,takeover,pin_useragent_core,0.8275862068965517,1.0,0.9056603773584906,0.0,
W1_web,5,L5,takeover,pin_ip_or_useragent,1.0,0.5576923076923077,0.7160493827160493,0.23469387755102042,
W1_web,5,L5,takeover,pin_ip_and_useragent,0.0,0.0,0.0,0.030612244897959183,
W1_web,5,L5,takeover,score_distinct_bindings,0.0,0.0,0.0,0.0,0.8678747361013371
W1_web,5,L5,takeover,score_max_request_rate,0.0,0.0,0.0,0.0,0.5024630541871922
W1_web,5,L5,takeover,score_burstiness,0.0,0.0,0.0,0.0,0.48311048557353975
W1_web,6,L5,takeover,SICA (proposed),0.0,0.0,0.0,0.01818181818181818,0.8978609625668449
W1_web,6,L5,takeover,pin_ip,0.0,0.0,0.0,0.14545454545454545,
W1_web,6,L5,takeover,pin_prefix24,0.0,0.0,0.0,0.05454545454545454,
W1_web,6,L5,takeover,pin_scope16,0.0,0.0,0.0,0.03636363636363636,
W1_web,6,L5,takeover,pin_useragent,1.0,0.7083333333333334,0.8292682926829268,0.06363636363636363,
W1_web,6,L5,takeover,pin_useragent_core,0.8235294117647058,1.0,0.9032258064516129,0.0,
W1_web,6,L5,takeover,pin_ip_or_useragent,1.0,0.4594594594594595,0.6296296296296297,0.18181818181818182,
W1_web,6,L5,takeover,pin_ip_and_useragent,0.0,0.0,0.0,0.02727272727272727,
W1_web,6,L5,takeover,score_distinct_bindings,0.0,0.0,0.0,0.0,0.8844919786096257
W1_web,6,L5,takeover,score_max_request_rate,0.0,0.0,0.0,0.0,0.4681818181818182
W1_web,6,L5,takeover,score_burstiness,0.0,0.0,0.0,0.0,0.46149732620320855
W1_web,7,L5,takeover,SICA (proposed),0.0,0.0,0.0,0.008928571428571428,0.9511904761904761
W1_web,7,L5,takeover,pin_ip,0.13333333333333333,0.10526315789473684,0.11764705882352941,0.15178571428571427,
W1_web,7,L5,takeover,pin_prefix24,0.06666666666666667,0.09090909090909091,0.07692307692307691,0.08928571428571429,
W1_web,7,L5,takeover,pin_scope16,0.0,0.0,0.0,0.044642857142857144,
W1_web,7,L5,takeover,pin_useragent,1.0,0.5357142857142857,0.6976744186046512,0.11607142857142858,
W1_web,7,L5,takeover,pin_useragent_core,0.8666666666666667,1.0,0.9285714285714286,0.0,
W1_web,7,L5,takeover,pin_ip_or_useragent,1.0,0.39473684210526316,0.5660377358490566,0.20535714285714285,
W1_web,7,L5,takeover,pin_ip_and_useragent,0.13333333333333333,0.2222222222222222,0.16666666666666669,0.0625,
W1_web,7,L5,takeover,score_distinct_bindings,0.06666666666666667,1.0,0.125,0.0,0.8916666666666667
W1_web,7,L5,takeover,score_max_request_rate,0.0,0.0,0.0,0.0,0.5857142857142857
W1_web,7,L5,takeover,score_burstiness,0.0,0.0,0.0,0.0,0.5818452380952381
W1_web,8,L5,takeover,SICA (proposed),0.0,0.0,0.0,0.0,0.965917745620716
W1_web,8,L5,takeover,pin_ip,0.11538461538461539,0.1875,0.14285714285714285,0.12871287128712872,
W1_web,8,L5,takeover,pin_prefix24,0.07692307692307693,0.25,0.11764705882352941,0.0594059405940594,
W1_web,8,L5,takeover,pin_scope16,0.0,0.0,0.0,0.019801980198019802,
W1_web,8,L5,takeover,pin_useragent,1.0,0.7027027027027027,0.8253968253968255,0.10891089108910891,
W1_web,8,L5,takeover,pin_useragent_core,0.8846153846153846,1.0,0.9387755102040816,0.0,
W1_web,8,L5,takeover,pin_ip_or_useragent,1.0,0.5909090909090909,0.7428571428571429,0.1782178217821782,
W1_web,8,L5,takeover,pin_ip_and_useragent,0.11538461538461539,0.3333333333333333,0.17142857142857146,0.0594059405940594,
W1_web,8,L5,takeover,score_distinct_bindings,0.07692307692307693,1.0,0.14285714285714288,0.0,0.9148895658796649
W1_web,8,L5,takeover,score_max_request_rate,0.0,0.0,0.0,0.0,0.5797791317593298
W1_web,8,L5,takeover,score_burstiness,0.0,0.0,0.0,0.0,0.547981721249048
W1_web,9,L5,takeover,SICA (proposed),0.0,0.0,0.0,0.0,0.9629411764705882
W1_web,9,L5,takeover,pin_ip,0.04,0.0625,0.048780487804878044,0.14705882352941177,
W1_web,9,L5,takeover,pin_prefix24,0.0,0.0,0.0,0.058823529411764705,
W1_web,9,L5,takeover,pin_scope16,0.0,0.0,0.0,0.0196078431372549,
W1_web,9,L5,takeover,pin_useragent,1.0,0.78125,0.8771929824561403,0.06862745098039216,
W1_web,9,L5,takeover,pin_useragent_core,0.92,1.0,0.9583333333333334,0.0,
W1_web,9,L5,takeover,pin_ip_or_useragent,1.0,0.5813953488372093,0.7352941176470588,0.17647058823529413,
W1_web,9,L5,takeover,pin_ip_and_useragent,0.04,0.2,0.06666666666666667,0.0392156862745098,
W1_web,9,L5,takeover,score_distinct_bindings,0.0,0.0,0.0,0.0,0.9305882352941176
W1_web,9,L5,takeover,score_max_request_rate,0.0,0.0,0.0,0.0,0.5968627450980392
W1_web,9,L5,takeover,score_burstiness,0.0,0.0,0.0,0.0,0.5235294117647059
W1_web,10,L5,takeover,SICA (proposed),0.0,0.0,0.0,0.020202020202020204,0.898989898989899
W1_web,10,L5,takeover,pin_ip,0.03571428571428571,0.04,0.03773584905660378,0.24242424242424243,
W1_web,10,L5,takeover,pin_prefix24,0.03571428571428571,0.07142857142857142,0.047619047619047616,0.13131313131313133,
W1_web,10,L5,takeover,pin_scope16,0.0,0.0,0.0,0.04040404040404041,
W1_web,10,L5,takeover,pin_useragent,1.0,0.7,0.8235294117647058,0.12121212121212122,
W1_web,10,L5,takeover,pin_useragent_core,0.8571428571428571,1.0,0.923076923076923,0.0,
W1_web,10,L5,takeover,pin_ip_or_useragent,1.0,0.5,0.6666666666666666,0.2828282828282828,
W1_web,10,L5,takeover,pin_ip_and_useragent,0.03571428571428571,0.1111111111111111,0.05405405405405406,0.08080808080808081,
W1_web,10,L5,takeover,score_distinct_bindings,0.03571428571428571,1.0,0.0689655172413793,0.0,0.8652597402597403
W1_web,10,L5,takeover,score_max_request_rate,0.0,0.0,0.0,0.0,0.522005772005772
W1_web,10,L5,takeover,score_burstiness,0.0,0.0,0.0,0.0,0.49224386724386726
W1_web,11,L5,takeover,SICA (proposed),0.0,0.0,0.0,0.0,1.0
W1_web,11,L5,takeover,pin_ip,0.0,0.0,0.0,0.1509433962264151,
W1_web,11,L5,takeover,pin_prefix24,0.0,0.0,0.0,0.04716981132075472,
W1_web,11,L5,takeover,pin_scope16,0.0,0.0,0.0,0.009433962264150943,
W1_web,11,L5,takeover,pin_useragent,1.0,0.7241379310344828,0.8400000000000001,0.07547169811320754,
W1_web,11,L5,takeover,pin_useragent_core,1.0,1.0,1.0,0.0,
W1_web,11,L5,takeover,pin_ip_or_useragent,1.0,0.5,0.6666666666666666,0.19811320754716982,
W1_web,11,L5,takeover,pin_ip_and_useragent,0.0,0.0,0.0,0.02830188679245283,
W1_web,11,L5,takeover,score_distinct_bindings,0.0,0.0,0.0,0.0,0.9764150943396226
W1_web,11,L5,takeover,score_max_request_rate,0.0,0.0,0.0,0.0,0.5056154537286612
W1_web,11,L5,takeover,score_burstiness,0.0,0.0,0.0,0.0,0.5105570530098832
W1_web,12,L5,takeover,SICA (proposed),0.0,0.0,0.0,0.010309278350515464,0.9381443298969072
W1_web,12,L5,takeover,pin_ip,0.03333333333333333,0.06666666666666667,0.04444444444444444,0.14432989690721648,
W1_web,12,L5,takeover,pin_prefix24,0.0,0.0,0.0,0.09278350515463918,
W1_web,12,L5,takeover,pin_scope16,0.0,0.0,0.0,0.010309278350515464,
W1_web,12,L5,takeover,pin_useragent,1.0,0.7692307692307693,0.8695652173913044,0.09278350515463918,
W1_web,12,L5,takeover,pin_useragent_core,0.9,1.0,0.9473684210526316,0.0,
W1_web,12,L5,takeover,pin_ip_or_useragent,1.0,0.6,0.7499999999999999,0.20618556701030927,
W1_web,12,L5,takeover,pin_ip_and_useragent,0.03333333333333333,0.25,0.058823529411764705,0.030927835051546393,
W1_web,12,L5,takeover,score_distinct_bindings,0.0,0.0,0.0,0.0,0.9036082474226804
W1_web,12,L5,takeover,score_max_request_rate,0.0,0.0,0.0,0.0,0.4542955326460481
W1_web,12,L5,takeover,score_burstiness,0.0,0.0,0.0,0.0,0.4379725085910653
W1_web,13,L5,takeover,SICA (proposed),0.0,0.0,0.0,0.0,0.957962962962963
W1_web,13,L5,takeover,pin_ip,0.14814814814814814,0.19047619047619047,0.16666666666666666,0.17,
W1_web,13,L5,takeover,pin_prefix24,0.037037037037037035,0.125,0.05714285714285714,0.07,
W1_web,13,L5,takeover,pin_scope16,0.0,0.0,0.0,0.02,
W1_web,13,L5,takeover,pin_useragent,1.0,0.7297297297297297,0.8437499999999999,0.1,
W1_web,13,L5,takeover,pin_useragent_core,0.9629629629629629,1.0,0.9811320754716981,0.0,
W1_web,13,L5,takeover,pin_ip_or_useragent,1.0,0.54,0.7012987012987013,0.23,
W1_web,13,L5,takeover,pin_ip_and_useragent,0.14814814814814814,0.5,0.22857142857142856,0.04,
W1_web,13,L5,takeover,score_distinct_bindings,0.037037037037037035,1.0,0.07142857142857142,0.0,0.9477777777777778
W1_web,13,L5,takeover,score_max_request_rate,0.0,0.0,0.0,0.0,0.5831481481481482
W1_web,13,L5,takeover,score_burstiness,0.037037037037037035,1.0,0.07142857142857142,0.0,0.5418518518518518
W1_web,14,L5,takeover,SICA (proposed),0.0,0.0,0.0,0.009900990099009901,0.9767707539984768
W1_web,14,L5,takeover,pin_ip,0.07692307692307693,0.14285714285714285,0.1,0.1188118811881188,
W1_web,14,L5,takeover,pin_prefix24,0.07692307692307693,0.2857142857142857,0.12121212121212123,0.04950495049504951,
W1_web,14,L5,takeover,pin_scope16,0.038461538461538464,0.5,0.07142857142857144,0.009900990099009901,
W1_web,14,L5,takeover,pin_useragent,1.0,0.7647058823529411,0.8666666666666666,0.07920792079207921,
W1_web,14,L5,takeover,pin_useragent_core,0.9615384615384616,1.0,0.9803921568627451,0.0,
W1_web,14,L5,takeover,pin_ip_or_useragent,1.0,0.65,0.787878787878788,0.13861386138613863,
W1_web,14,L5,takeover,pin_ip_and_useragent,0.07692307692307693,0.25,0.11764705882352941,0.0594059405940594,
W1_web,14,L5,takeover,score_distinct_bindings,0.07692307692307693,1.0,0.14285714285714288,0.0,0.9579207920792079
W1_web,14,L5,takeover,score_max_request_rate,0.0,0.0,0.0,0.0,0.6129093678598629
W1_web,14,L5,takeover,score_burstiness,0.0,0.0,0.0,0.0,0.6001523229246002
W1_web,15,L5,takeover,SICA (proposed),0.0,0.0,0.0,0.0,0.9544902912621359
W1_web,15,L5,takeover,pin_ip,0.041666666666666664,0.05,0.04545454545454545,0.18446601941747573,
W1_web,15,L5,takeover,pin_prefix24,0.0,0.0,0.0,0.10679611650485436,
W1_web,15,L5,takeover,pin_scope16,0.0,0.0,0.0,0.02912621359223301,
W1_web,15,L5,takeover,pin_useragent,1.0,0.631578947368421,0.7741935483870968,0.13592233009708737,
W1_web,15,L5,takeover,pin_useragent_core,0.875,1.0,0.9333333333333333,0.0,
W1_web,15,L5,takeover,pin_ip_or_useragent,1.0,0.5,0.6666666666666666,0.23300970873786409,
W1_web,15,L5,takeover,pin_ip_and_useragent,0.041666666666666664,0.1,0.058823529411764705,0.08737864077669903,
W1_web,15,L5,takeover,score_distinct_bindings,0.0,0.0,0.0,0.0,0.8841019417475728
W1_web,15,L5,takeover,score_max_request_rate,0.0,0.0,0.0,0.0,0.4664239482200647
W1_web,15,L5,takeover,score_burstiness,0.0,0.0,0.0,0.0,0.44457928802589
W1_web,16,L5,takeover,SICA (proposed),0.0,0.0,0.0,0.009523809523809525,0.9177489177489178
W1_web,16,L5,takeover,pin_ip,0.0,0.0,0.0,0.1523809523809524,
W1_web,16,L5,takeover,pin_prefix24,0.0,0.0,0.0,0.08571428571428572,
W1_web,16,L5,takeover,pin_scope16,0.0,0.0,0.0,0.02857142857142857,
W1_web,16,L5,takeover,pin_useragent,1.0,0.6875,0.8148148148148148,0.09523809523809523,
W1_web,16,L5,takeover,pin_useragent_core,0.7727272727272727,1.0,0.8717948717948718,0.0,
W1_web,16,L5,takeover,pin_ip_or_useragent,1.0,0.5238095238095238,0.6875000000000001,0.19047619047619047,
W1_web,16,L5,takeover,pin_ip_and_useragent,0.0,0.0,0.0,0.05714285714285714,
W1_web,16,L5,takeover,score_distinct_bindings,0.0,0.0,0.0,0.0,0.8435064935064935
W1_web,16,L5,takeover,score_max_request_rate,0.0,0.0,0.0,0.0,0.4277056277056277
W1_web,16,L5,takeover,score_burstiness,0.0,0.0,0.0,0.0,0.30238095238095236
W1_web,17,L5,takeover,SICA (proposed),0.0,0.0,0.0,0.0,0.947324414715719
W1_web,17,L5,takeover,pin_ip,0.08695652173913043,0.09090909090909091,0.08888888888888888,0.19230769230769232,
W1_web,17,L5,takeover,pin_prefix24,0.0,0.0,0.0,0.08653846153846154,
W1_web,17,L5,takeover,pin_scope16,0.0,0.0,0.0,0.028846153846153848,
W1_web,17,L5,takeover,pin_useragent,1.0,0.71875,0.8363636363636363,0.08653846153846154,
W1_web,17,L5,takeover,pin_useragent_core,0.782608695652174,1.0,0.878048780487805,0.0,
W1_web,17,L5,takeover,pin_ip_or_useragent,1.0,0.5111111111111111,0.676470588235294,0.21153846153846154,
W1_web,17,L5,takeover,pin_ip_and_useragent,0.08695652173913043,0.2222222222222222,0.125,0.0673076923076923,
W1_web,17,L5,takeover,score_distinct_bindings,0.0,0.0,0.0,0.0,0.8480351170568562
W1_web,17,L5,takeover,score_max_request_rate,0.0,0.0,0.0,0.0,0.5409698996655519
W1_web,17,L5,takeover,score_burstiness,0.0,0.0,0.0,0.0,0.4335284280936455
W1_web,18,L5,takeover,SICA (proposed),0.0,0.0,0.0,0.0,0.9364814814814815
W1_web,18,L5,takeover,pin_ip,0.037037037037037035,0.058823529411764705,0.04545454545454545,0.16,
W1_web,18,L5,takeover,pin_prefix24,0.037037037037037035,0.1,0.05405405405405406,0.09,
W1_web,18,L5,takeover,pin_scope16,0.0,0.0,0.0,0.05,
W1_web,18,L5,takeover,pin_useragent,1.0,0.675,0.8059701492537313,0.13,
W1_web,18,L5,takeover,pin_useragent_core,0.9629629629629629,1.0,0.9811320754716981,0.0,
W1_web,18,L5,takeover,pin_ip_or_useragent,1.0,0.5625,0.72,0.21,
W1_web,18,L5,takeover,pin_ip_and_useragent,0.037037037037037035,0.1111111111111111,0.05555555555555555,0.08,
W1_web,18,L5,takeover,score_distinct_bindings,0.037037037037037035,1.0,0.07142857142857142,0.0,0.9381481481481482
W1_web,18,L5,takeover,score_max_request_rate,0.0,0.0,0.0,0.0,0.5157407407407407
W1_web,18,L5,takeover,score_burstiness,0.0,0.0,0.0,0.0,0.48592592592592593
W1_web,19,L5,takeover,SICA (proposed),0.0,0.0,0.0,0.0,0.9519607843137254
W1_web,19,L5,takeover,pin_ip,0.0,0.0,0.0,0.16666666666666666,
W1_web,19,L5,takeover,pin_prefix24,0.0,0.0,0.0,0.06862745098039216,
W1_web,19,L5,takeover,pin_scope16,0.0,0.0,0.0,0.0196078431372549,
W1_web,19,L5,takeover,pin_useragent,1.0,0.7352941176470589,0.8474576271186441,0.08823529411764706,
W1_web,19,L5,takeover,pin_useragent_core,0.92,1.0,0.9583333333333334,0.0,
W1_web,19,L5,takeover,pin_ip_or_useragent,1.0,0.5319148936170213,0.6944444444444444,0.21568627450980393,
W1_web,19,L5,takeover,pin_ip_and_useragent,0.0,0.0,0.0,0.0392156862745098,
W1_web,19,L5,takeover,score_distinct_bindings,0.0,0.0,0.0,0.0,0.9256862745098039
W1_web,19,L5,takeover,score_max_request_rate,0.0,0.0,0.0,0.0,0.47058823529411764
W1_web,19,L5,takeover,score_burstiness,0.0,0.0,0.0,0.0,0.40862745098039216
W1_web,0,L5,concurrent,SICA (proposed),0.9411764705882353,0.8888888888888888,0.9142857142857143,0.01818181818181818,0.9983957219251337
W1_web,0,L5,concurrent,pin_ip,0.11764705882352941,0.10526315789473684,0.1111111111111111,0.15454545454545454,
W1_web,0,L5,concurrent,pin_prefix24,0.058823529411764705,0.1111111111111111,0.07692307692307691,0.07272727272727272,
W1_web,0,L5,concurrent,pin_scope16,0.0,0.0,0.0,0.02727272727272727,
W1_web,0,L5,concurrent,pin_useragent,1.0,0.5151515151515151,0.6799999999999999,0.14545454545454545,
W1_web,0,L5,concurrent,pin_useragent_core,0.9411764705882353,1.0,0.9696969696969697,0.0,
W1_web,0,L5,concurrent,pin_ip_or_useragent,1.0,0.38636363636363635,0.5573770491803279,0.24545454545454545,
W1_web,0,L5,concurrent,pin_ip_and_useragent,0.11764705882352941,0.25,0.15999999999999998,0.05454545454545454,
W1_web,0,L5,concurrent,score_distinct_bindings,0.058823529411764705,1.0,0.1111111111111111,0.0,0.9363636363636364
W1_web,0,L5,concurrent,score_max_request_rate,0.0,0.0,0.0,0.0,0.7205882352941176
W1_web,0,L5,concurrent,score_burstiness,0.0,0.0,0.0,0.0,0.6318181818181818
W1_web,1,L5,concurrent,SICA (proposed),0.9411764705882353,1.0,0.9696969696969697,0.0,1.0
W1_web,1,L5,concurrent,pin_ip,0.47058823529411764,0.3333333333333333,0.39024390243902435,0.14545454545454545,
W1_web,1,L5,concurrent,pin_prefix24,0.23529411764705882,0.5,0.31999999999999995,0.03636363636363636,
W1_web,1,L5,concurrent,pin_scope16,0.11764705882352941,0.6666666666666666,0.2,0.00909090909090909,
W1_web,1,L5,concurrent,pin_useragent,1.0,0.6071428571428571,0.7555555555555554,0.1,
W1_web,1,L5,concurrent,pin_useragent_core,0.9411764705882353,1.0,0.9696969696969697,0.0,
W1_web,1,L5,concurrent,pin_ip_or_useragent,1.0,0.4594594594594595,0.6296296296296297,0.18181818181818182,
W1_web,1,L5,concurrent,pin_ip_and_useragent,0.47058823529411764,0.5333333333333333,0.5,0.06363636363636363,
W1_web,1,L5,concurrent,score_distinct_bindings,0.23529411764705882,1.0,0.38095238095238093,0.0,0.9566844919786096
W1_web,1,L5,concurrent,score_max_request_rate,0.0,0.0,0.0,0.0,0.42112299465240643
W1_web,1,L5,concurrent,score_burstiness,0.0,0.0,0.0,0.0,0.3657754010695187
W1_web,2,L5,concurrent,SICA (proposed),0.9696969696969697,1.0,0.9846153846153847,0.0,1.0
W1_web,2,L5,concurrent,pin_ip,0.15151515151515152,0.2777777777777778,0.19607843137254904,0.13829787234042554,
W1_web,2,L5,concurrent,pin_prefix24,0.030303030303030304,0.14285714285714285,0.05,0.06382978723404255,
W1_web,2,L5,concurrent,pin_scope16,0.030303030303030304,0.3333333333333333,0.05555555555555555,0.02127659574468085,
W1_web,2,L5,concurrent,pin_useragent,1.0,0.7857142857142857,0.88,0.09574468085106383,
W1_web,2,L5,concurrent,pin_useragent_core,1.0,1.0,1.0,0.0,
W1_web,2,L5,concurrent,pin_ip_or_useragent,1.0,0.6875,0.8148148148148148,0.1595744680851064,
W1_web,2,L5,concurrent,pin_ip_and_useragent,0.15151515151515152,0.4166666666666667,0.2222222222222222,0.07446808510638298,
W1_web,2,L5,concurrent,score_distinct_bindings,0.030303030303030304,1.0,0.05882352941176471,0.0,0.9690522243713733
W1_web,2,L5,concurrent,score_max_request_rate,0.0,0.0,0.0,0.0,0.6044487427466151
W1_web,2,L5,concurrent,score_burstiness,0.0,0.0,0.0,0.0,0.5436814958091554
W1_web,3,L5,concurrent,SICA (proposed),0.9285714285714286,1.0,0.962962962962963,0.0,0.9776334776334776
W1_web,3,L5,concurrent,pin_ip,0.10714285714285714,0.16666666666666666,0.13043478260869565,0.15151515151515152,
W1_web,3,L5,concurrent,pin_prefix24,0.03571428571428571,0.1,0.05263157894736841,0.09090909090909091,
W1_web,3,L5,concurrent,pin_scope16,0.0,0.0,0.0,0.030303030303030304,
W1_web,3,L5,concurrent,pin_useragent,1.0,0.6666666666666666,0.8,0.1414141414141414,
W1_web,3,L5,concurrent,pin_useragent_core,0.9285714285714286,1.0,0.962962962962963,0.0,
W1_web,3,L5,concurrent,pin_ip_or_useragent,1.0,0.5490196078431373,0.7088607594936709,0.23232323232323232,
W1_web,3,L5,concurrent,pin_ip_and_useragent,0.10714285714285714,0.3333333333333333,0.16216216216216214,0.06060606060606061,
W1_web,3,L5,concurrent,score_distinct_bindings,0.03571428571428571,1.0,0.0689655172413793,0.0,0.9204545454545454
W1_web,3,L5,concurrent,score_max_request_rate,0.0,0.0,0.0,0.0,0.5248917748917749
W1_web,3,L5,concurrent,score_burstiness,0.0,0.0,0.0,0.0,0.4648268398268398
W1_web,4,L5,concurrent,SICA (proposed),0.95,1.0,0.9743589743589743,0.0,0.9985981308411215
W1_web,4,L5,concurrent,pin_ip,0.2,0.19047619047619047,0.1951219512195122,0.1588785046728972,
W1_web,4,L5,concurrent,pin_prefix24,0.05,0.1,0.06666666666666667,0.08411214953271028,
W1_web,4,L5,concurrent,pin_scope16,0.0,0.0,0.0,0.07476635514018691,
W1_web,4,L5,concurrent,pin_useragent,1.0,0.7407407407407407,0.851063829787234,0.06542056074766354,
W1_web,4,L5,concurrent,pin_useragent_core,1.0,1.0,1.0,0.0,
W1_web,4,L5,concurrent,pin_ip_or_useragent,1.0,0.4878048780487805,0.6557377049180327,0.19626168224299065,
W1_web,4,L5,concurrent,pin_ip_and_useragent,0.2,0.5714285714285714,0.29629629629629634,0.028037383177570093,
W1_web,4,L5,concurrent,score_distinct_bindings,0.05,1.0,0.09523809523809523,0.0,0.9600467289719626
W1_web,4,L5,concurrent,score_max_request_rate,0.0,0.0,0.0,0.0,0.602803738317757
W1_web,4,L5,concurrent,score_burstiness,0.0,0.0,0.0,0.0,0.5504672897196262
W1_web,5,L5,concurrent,SICA (proposed),0.8947368421052632,1.0,0.9444444444444444,0.0,0.9668615984405458
W1_web,5,L5,concurrent,pin_ip,0.05263157894736842,0.045454545454545456,0.04878048780487805,0.19444444444444445,
W1_web,5,L5,concurrent,pin_prefix24,0.05263157894736842,0.1,0.06896551724137931,0.08333333333333333,
W1_web,5,L5,concurrent,pin_scope16,0.0,0.0,0.0,0.046296296296296294,
W1_web,5,L5,concurrent,pin_useragent,1.0,0.6551724137931034,0.7916666666666666,0.09259259259259259,
W1_web,5,L5,concurrent,pin_useragent_core,0.9473684210526315,1.0,0.972972972972973,0.0,
W1_web,5,L5,concurrent,pin_ip_or_useragent,1.0,0.4222222222222222,0.59375,0.24074074074074073,
W1_web,5,L5,concurrent,pin_ip_and_useragent,0.05263157894736842,0.16666666666666666,0.08,0.046296296296296294,
W1_web,5,L5,concurrent,score_distinct_bindings,0.05263157894736842,1.0,0.1,0.0,0.9342105263157895
W1_web,5,L5,concurrent,score_max_request_rate,0.0,0.0,0.0,0.0,0.5087719298245614
W1_web,5,L5,concurrent,score_burstiness,0.0,0.0,0.0,0.0,0.4615009746588694
W1_web,6,L5,concurrent,SICA (proposed),1.0,0.8888888888888888,0.9411764705882353,0.018018018018018018,1.0
W1_web,6,L5,concurrent,pin_ip,0.0,0.0,0.0,0.14414414414414414,
W1_web,6,L5,concurrent,pin_prefix24,0.0,0.0,0.0,0.05405405405405406,
W1_web,6,L5,concurrent,pin_scope16,0.0,0.0,0.0,0.036036036036036036,
W1_web,6,L5,concurrent,pin_useragent,1.0,0.6956521739130435,0.8205128205128205,0.06306306306306306,
W1_web,6,L5,concurrent,pin_useragent_core,1.0,1.0,1.0,0.0,
W1_web,6,L5,concurrent,pin_ip_or_useragent,1.0,0.4444444444444444,0.6153846153846153,0.18018018018018017,
W1_web,6,L5,concurrent,pin_ip_and_useragent,0.0,0.0,0.0,0.02702702702702703,
W1_web,6,L5,concurrent,score_distinct_bindings,0.0,0.0,0.0,0.0,0.972972972972973
W1_web,6,L5,concurrent,score_max_request_rate,0.0,0.0,0.0,0.0,0.5579954954954955
W1_web,6,L5,concurrent,score_burstiness,0.0,0.0,0.0,0.0,0.5658783783783784
W1_web,7,L5,concurrent,SICA (proposed),0.8333333333333334,0.9090909090909091,0.8695652173913043,0.008695652173913044,0.9471014492753623
W1_web,7,L5,concurrent,pin_ip,0.16666666666666666,0.10526315789473684,0.12903225806451615,0.14782608695652175,
W1_web,7,L5,concurrent,pin_prefix24,0.08333333333333333,0.09090909090909091,0.08695652173913043,0.08695652173913043,
W1_web,7,L5,concurrent,pin_scope16,0.0,0.0,0.0,0.043478260869565216,
W1_web,7,L5,concurrent,pin_useragent,1.0,0.48,0.6486486486486487,0.11304347826086956,
W1_web,7,L5,concurrent,pin_useragent_core,0.8333333333333334,1.0,0.9090909090909091,0.0,
W1_web,7,L5,concurrent,pin_ip_or_useragent,1.0,0.34285714285714286,0.5106382978723404,0.2,
W1_web,7,L5,concurrent,pin_ip_and_useragent,0.16666666666666666,0.2222222222222222,0.1904761904761905,0.06086956521739131,
W1_web,7,L5,concurrent,score_distinct_bindings,0.08333333333333333,1.0,0.15384615384615385,0.0,0.8768115942028986
W1_web,7,L5,concurrent,score_max_request_rate,0.0,0.0,0.0,0.0,0.533695652173913
W1_web,7,L5,concurrent,score_burstiness,0.0,0.0,0.0,0.0,0.5297101449275362
W1_web,8,L5,concurrent,SICA (proposed),0.7727272727272727,1.0,0.8717948717948718,0.0,0.96991341991342
W1_web,8,L5,concurrent,pin_ip,0.18181818181818182,0.23529411764705882,0.20512820512820512,0.12380952380952381,
W1_web,8,L5,concurrent,pin_prefix24,0.13636363636363635,0.3333333333333333,0.1935483870967742,0.05714285714285714,
W1_web,8,L5,concurrent,pin_scope16,0.045454545454545456,0.3333333333333333,0.08,0.01904761904761905,
W1_web,8,L5,concurrent,pin_useragent,1.0,0.6666666666666666,0.8,0.10476190476190476,
W1_web,8,L5,concurrent,pin_useragent_core,0.7727272727272727,1.0,0.8717948717948718,0.0,
W1_web,8,L5,concurrent,pin_ip_or_useragent,1.0,0.55,0.7096774193548387,0.17142857142857143,
W1_web,8,L5,concurrent,pin_ip_and_useragent,0.18181818181818182,0.4,0.25000000000000006,0.05714285714285714,
W1_web,8,L5,concurrent,score_distinct_bindings,0.09090909090909091,1.0,0.16666666666666669,0.0,0.8831168831168831
W1_web,8,L5,concurrent,score_max_request_rate,0.0,0.0,0.0,0.0,0.6231601731601731
W1_web,8,L5,concurrent,score_burstiness,0.0,0.0,0.0,0.0,0.546969696969697
W1_web,9,L5,concurrent,SICA (proposed),0.85,1.0,0.9189189189189189,0.0,0.9985981308411215
W1_web,9,L5,concurrent,pin_ip,0.15,0.15789473684210525,0.15384615384615385,0.14953271028037382,
W1_web,9,L5,concurrent,pin_prefix24,0.0,0.0,0.0,0.056074766355140186,
W1_web,9,L5,concurrent,pin_scope16,0.0,0.0,0.0,0.018691588785046728,
W1_web,9,L5,concurrent,pin_useragent,1.0,0.7407407407407407,0.851063829787234,0.06542056074766354,
W1_web,9,L5,concurrent,pin_useragent_core,0.95,1.0,0.9743589743589743,0.0,
W1_web,9,L5,concurrent,pin_ip_or_useragent,1.0,0.5128205128205128,0.6779661016949152,0.17757009345794392,
W1_web,9,L5,concurrent,pin_ip_and_useragent,0.15,0.42857142857142855,0.2222222222222222,0.037383177570093455,
W1_web,9,L5,concurrent,score_distinct_bindings,0.0,0.0,0.0,0.0,0.9469626168224299
W1_web,9,L5,concurrent,score_max_request_rate,0.0,0.0,0.0,0.0,0.6147196261682243
W1_web,9,L5,concurrent,score_burstiness,0.0,0.0,0.0,0.0,0.5025700934579439
W1_web,10,L5,concurrent,SICA (proposed),0.9047619047619048,0.8636363636363636,0.8837209302325582,0.02830188679245283,0.995507637017071
W1_web,10,L5,concurrent,pin_ip,0.09523809523809523,0.07407407407407407,0.08333333333333333,0.2358490566037736,
W1_web,10,L5,concurrent,pin_prefix24,0.09523809523809523,0.125,0.1081081081081081,0.1320754716981132,
W1_web,10,L5,concurrent,pin_scope16,0.0,0.0,0.0,0.04716981132075472,
W1_web,10,L5,concurrent,pin_useragent,1.0,0.6363636363636364,0.7777777777777778,0.11320754716981132,
W1_web,10,L5,concurrent,pin_useragent_core,0.9523809523809523,1.0,0.975609756097561,0.0,
W1_web,10,L5,concurrent,pin_ip_or_useragent,1.0,0.42,0.5915492957746479,0.27358490566037735,
W1_web,10,L5,concurrent,pin_ip_and_useragent,0.09523809523809523,0.2,0.12903225806451613,0.07547169811320754,
W1_web,10,L5,concurrent,score_distinct_bindings,0.09523809523809523,1.0,0.17391304347826084,0.0,0.9164420485175202
W1_web,10,L5,concurrent,score_max_request_rate,0.0,0.0,0.0,0.0,0.5166217430368374
W1_web,10,L5,concurrent,score_burstiness,0.0,0.0,0.0,0.0,0.4335130278526505
W1_web,11,L5,concurrent,SICA (proposed),0.7142857142857143,1.0,0.8333333333333333,0.0,1.0
W1_web,11,L5,concurrent,pin_ip,0.21428571428571427,0.15,0.1764705882352941,0.1504424778761062,
W1_web,11,L5,concurrent,pin_prefix24,0.07142857142857142,0.16666666666666666,0.1,0.04424778761061947,
W1_web,11,L5,concurrent,pin_scope16,0.07142857142857142,0.5,0.125,0.008849557522123894,
W1_web,11,L5,concurrent,pin_useragent,1.0,0.6086956521739131,0.7567567567567568,0.07964601769911504,
W1_web,11,L5,concurrent,pin_useragent_core,0.8571428571428571,1.0,0.923076923076923,0.0,
W1_web,11,L5,concurrent,pin_ip_or_useragent,1.0,0.3888888888888889,0.56,0.19469026548672566,
W1_web,11,L5,concurrent,pin_ip_and_useragent,0.21428571428571427,0.42857142857142855,0.2857142857142857,0.035398230088495575,
W1_web,11,L5,concurrent,score_distinct_bindings,0.07142857142857142,1.0,0.13333333333333333,0.0,0.9080278128950695
W1_web,11,L5,concurrent,score_max_request_rate,0.0,0.0,0.0,0.0,0.6359039190897599
W1_web,11,L5,concurrent,score_burstiness,0.0,0.0,0.0,0.0,0.6011378002528445
W1_web,12,L5,concurrent,SICA (proposed),0.92,0.9583333333333334,0.9387755102040817,0.00980392156862745,0.9741176470588235
W1_web,12,L5,concurrent,pin_ip,0.16,0.2222222222222222,0.18604651162790697,0.13725490196078433,
W1_web,12,L5,concurrent,pin_prefix24,0.08,0.18181818181818182,0.1111111111111111,0.08823529411764706,
W1_web,12,L5,concurrent,pin_scope16,0.04,0.5,0.07407407407407407,0.00980392156862745,
W1_web,12,L5,concurrent,pin_useragent,1.0,0.7352941176470589,0.8474576271186441,0.08823529411764706,
W1_web,12,L5,concurrent,pin_useragent_core,0.96,1.0,0.9795918367346939,0.0,
W1_web,12,L5,concurrent,pin_ip_or_useragent,1.0,0.5555555555555556,0.7142857142857143,0.19607843137254902,
W1_web,12,L5,concurrent,pin_ip_and_useragent,0.16,0.5714285714285714,0.25,0.029411764705882353,
W1_web,12,L5,concurrent,score_distinct_bindings,0.08,1.0,0.14814814814814814,0.0,0.9394117647058824
W1_web,12,L5,concurrent,score_max_request_rate,0.0,0.0,0.0,0.0,0.5443137254901961
W1_web,12,L5,concurrent,score_burstiness,0.0,0.0,0.0,0.0,0.4964705882352941
W1_web,13,L5,concurrent,SICA (proposed),0.8181818181818182,1.0,0.9,0.0,0.9913419913419913
W1_web,13,L5,concurrent,pin_ip,0.2727272727272727,0.2608695652173913,0.2666666666666666,0.1619047619047619,
W1_web,13,L5,concurrent,pin_prefix24,0.045454545454545456,0.125,0.06666666666666667,0.06666666666666667,
W1_web,13,L5,concurrent,pin_scope16,0.0,0.0,0.0,0.01904761904761905,
W1_web,13,L5,concurrent,pin_useragent,1.0,0.6875,0.8148148148148148,0.09523809523809523,
W1_web,13,L5,concurrent,pin_useragent_core,0.8636363636363636,1.0,0.9268292682926829,0.0,
W1_web,13,L5,concurrent,pin_ip_or_useragent,1.0,0.4888888888888889,0.6567164179104478,0.21904761904761905,
W1_web,13,L5,concurrent,pin_ip_and_useragent,0.2727272727272727,0.6,0.37499999999999994,0.0380952380952381,
W1_web,13,L5,concurrent,score_distinct_bindings,0.045454545454545456,1.0,0.08695652173913045,0.0,0.9
W1_web,13,L5,concurrent,score_max_request_rate,0.0,0.0,0.0,0.0,0.5997835497835498
W1_web,13,L5,concurrent,score_burstiness,0.0,0.0,0.0,0.0,0.48874458874458876
W1_web,14,L5,concurrent,SICA (proposed),0.8636363636363636,0.95,0.9047619047619048,0.009523809523809525,0.9467532467532468
W1_web,14,L5,concurrent,pin_ip,0.045454545454545456,0.06666666666666667,0.05405405405405406,0.13333333333333333,
W1_web,14,L5,concurrent,pin_prefix24,0.045454545454545456,0.125,0.06666666666666667,0.06666666666666667,
W1_web,14,L5,concurrent,pin_scope16,0.0,0.0,0.0,0.01904761904761905,
W1_web,14,L5,concurrent,pin_useragent,1.0,0.7333333333333333,0.846153846153846,0.0761904761904762,
W1_web,14,L5,concurrent,pin_useragent_core,0.8636363636363636,1.0,0.9268292682926829,0.0,
W1_web,14,L5,concurrent,pin_ip_or_useragent,1.0,0.5789473684210527,0.7333333333333334,0.1523809523809524,
W1_web,14,L5,concurrent,pin_ip_and_useragent,0.045454545454545456,0.14285714285714285,0.06896551724137931,0.05714285714285714,
W1_web,14,L5,concurrent,score_distinct_bindings,0.045454545454545456,1.0,0.08695652173913045,0.0,0.9
W1_web,14,L5,concurrent,score_max_request_rate,0.0,0.0,0.0,0.0,0.6536796536796536
W1_web,14,L5,concurrent,score_burstiness,0.0,0.0,0.0,0.0,0.6093073593073594
W1_web,15,L5,concurrent,SICA (proposed),0.9047619047619048,1.0,0.9500000000000001,0.0,0.9973045822102425
W1_web,15,L5,concurrent,pin_ip,0.09523809523809523,0.09523809523809523,0.09523809523809523,0.1792452830188679,
W1_web,15,L5,concurrent,pin_prefix24,0.0,0.0,0.0,0.10377358490566038,
W1_web,15,L5,concurrent,pin_scope16,0.0,0.0,0.0,0.02830188679245283,
W1_web,15,L5,concurrent,pin_useragent,1.0,0.6,0.7499999999999999,0.1320754716981132,
W1_web,15,L5,concurrent,pin_useragent_core,0.9523809523809523,1.0,0.975609756097561,0.0,
W1_web,15,L5,concurrent,pin_ip_or_useragent,1.0,0.4666666666666667,0.6363636363636364,0.22641509433962265,
W1_web,15,L5,concurrent,pin_ip_and_useragent,0.09523809523809523,0.18181818181818182,0.125,0.08490566037735849,
W1_web,15,L5,concurrent,score_distinct_bindings,0.0,0.0,0.0,0.0,0.924303683737646
W1_web,15,L5,concurrent,score_max_request_rate,0.0,0.0,0.0,0.0,0.50696316262354
W1_web,15,L5,concurrent,score_burstiness,0.0,0.0,0.0,0.0,0.461141060197664
W1_web,16,L5,concurrent,SICA (proposed),0.8888888888888888,0.9411764705882353,0.9142857142857143,0.009174311926605505,0.9666156982670744
W1_web,16,L5,concurrent,pin_ip,0.0,0.0,0.0,0.14678899082568808,
W1_web,16,L5,concurrent,pin_prefix24,0.0,0.0,0.0,0.08256880733944955,
W1_web,16,L5,concurrent,pin_scope16,0.0,0.0,0.0,0.027522935779816515,
W1_web,16,L5,concurrent,pin_useragent,1.0,0.6428571428571429,0.782608695652174,0.09174311926605505,
W1_web,16,L5,concurrent,pin_useragent_core,0.8888888888888888,1.0,0.9411764705882353,0.0,
W1_web,16,L5,concurrent,pin_ip_or_useragent,1.0,0.47368421052631576,0.6428571428571429,0.1834862385321101,
W1_web,16,L5,concurrent,pin_ip_and_useragent,0.0,0.0,0.0,0.05504587155963303,
W1_web,16,L5,concurrent,score_distinct_bindings,0.0,0.0,0.0,0.0,0.9031600407747197
W1_web,16,L5,concurrent,score_max_request_rate,0.0,0.0,0.0,0.0,0.585881753312946
W1_web,16,L5,concurrent,score_burstiness,0.0,0.0,0.0,0.0,0.5198776758409785
W1_web,17,L5,concurrent,SICA (proposed),0.8235294117647058,1.0,0.9032258064516129,0.0,0.9967914438502674
W1_web,17,L5,concurrent,pin_ip,0.058823529411764705,0.043478260869565216,0.049999999999999996,0.2,
W1_web,17,L5,concurrent,pin_prefix24,0.0,0.0,0.0,0.09090909090909091,
W1_web,17,L5,concurrent,pin_scope16,0.0,0.0,0.0,0.02727272727272727,
W1_web,17,L5,concurrent,pin_useragent,1.0,0.6071428571428571,0.7555555555555554,0.1,
W1_web,17,L5,concurrent,pin_useragent_core,0.8823529411764706,1.0,0.9375,0.0,
W1_web,17,L5,concurrent,pin_ip_or_useragent,1.0,0.4146341463414634,0.5862068965517241,0.21818181818181817,
W1_web,17,L5,concurrent,pin_ip_and_useragent,0.058823529411764705,0.1,0.07407407407407408,0.08181818181818182,
W1_web,17,L5,concurrent,score_distinct_bindings,0.0,0.0,0.0,0.0,0.8957219251336899
W1_web,17,L5,concurrent,score_max_request_rate,0.0,0.0,0.0,0.0,0.6179144385026738
W1_web,17,L5,concurrent,score_burstiness,0.058823529411764705,1.0,0.1111111111111111,0.0,0.5454545454545454
W1_web,18,L5,concurrent,SICA (proposed),0.9545454545454546,1.0,0.9767441860465117,0.0,0.9974025974025974
W1_web,18,L5,concurrent,pin_ip,0.2727272727272727,0.2727272727272727,0.2727272727272727,0.1523809523809524,
W1_web,18,L5,concurrent,pin_prefix24,0.13636363636363635,0.25,0.1764705882352941,0.08571428571428572,
W1_web,18,L5,concurrent,pin_scope16,0.045454545454545456,0.16666666666666666,0.07142857142857144,0.047619047619047616,
W1_web,18,L5,concurrent,pin_useragent,1.0,0.6285714285714286,0.7719298245614035,0.12380952380952381,
W1_web,18,L5,concurrent,pin_useragent_core,1.0,1.0,1.0,0.0,
W1_web,18,L5,concurrent,pin_ip_or_useragent,1.0,0.5116279069767442,0.676923076923077,0.2,
W1_web,18,L5,concurrent,pin_ip_and_useragent,0.2727272727272727,0.42857142857142855,0.33333333333333326,0.0761904761904762,
W1_web,18,L5,concurrent,score_distinct_bindings,0.13636363636363635,1.0,0.24000000000000002,0.0,0.962987012987013
W1_web,18,L5,concurrent,score_max_request_rate,0.0,0.0,0.0,0.0,0.6181818181818182
W1_web,18,L5,concurrent,score_burstiness,0.0,0.0,0.0,0.0,0.5612554112554112
W1_web,19,L5,concurrent,SICA (proposed),0.9444444444444444,1.0,0.9714285714285714,0.0,1.0
W1_web,19,L5,concurrent,pin_ip,0.05555555555555555,0.05263157894736842,0.05405405405405406,0.1651376146788991,
W1_web,19,L5,concurrent,pin_prefix24,0.0,0.0,0.0,0.06422018348623854,
W1_web,19,L5,concurrent,pin_scope16,0.0,0.0,0.0,0.01834862385321101,
W1_web,19,L5,concurrent,pin_useragent,1.0,0.6666666666666666,0.8,0.08256880733944955,
W1_web,19,L5,concurrent,pin_useragent_core,0.9444444444444444,1.0,0.9714285714285714,0.0,
W1_web,19,L5,concurrent,pin_ip_or_useragent,1.0,0.43902439024390244,0.6101694915254238,0.21100917431192662,
W1_web,19,L5,concurrent,pin_ip_and_useragent,0.05555555555555555,0.2,0.08695652173913045,0.03669724770642202,
W1_web,19,L5,concurrent,score_distinct_bindings,0.0,0.0,0.0,0.0,0.9401121304791029
W1_web,19,L5,concurrent,score_max_request_rate,0.0,0.0,0.0,0.0,0.5290519877675841
W1_web,19,L5,concurrent,score_burstiness,0.0,0.0,0.0,0.0,0.46075433231396534
W2_apt,0,L0,takeover,SICA (proposed),0.396969696969697,1.0,0.5683297180043384,0.0,0.9786281304529479
W2_apt,0,L0,takeover,pin_ip,1.0,0.6457925636007827,0.7847800237812129,0.1467964314679643,
W2_apt,0,L0,takeover,pin_prefix24,1.0,0.7971014492753623,0.8870967741935484,0.0681265206812652,
W2_apt,0,L0,takeover,pin_scope16,1.0,0.9166666666666666,0.9565217391304348,0.024330900243309004,
W2_apt,0,L0,takeover,pin_useragent,0.8545454545454545,0.6795180722891566,0.7570469798657717,0.10786699107866991,
W2_apt,0,L0,takeover,pin_useragent_core,0.396969696969697,1.0,0.5683297180043384,0.0,
W2_apt,0,L0,takeover,pin_ip_or_useragent,1.0,0.5631399317406144,0.7205240174672489,0.20762368207623683,
W2_apt,0,L0,takeover,pin_ip_and_useragent,0.8545454545454545,0.8294117647058824,0.8417910447761193,0.047039740470397405,
W2_apt,0,L0,takeover,score_distinct_bindings,0.02727272727272727,1.0,0.053097345132743355,0.0,0.9668657376686574
W2_apt,0,L0,takeover,score_max_request_rate,0.0,0.0,0.0,0.0,0.500197842168645
W2_apt,0,L0,takeover,score_burstiness,0.0,0.0,0.0,0.009732360097323601,0.4765870382658704
W2_apt,1,L0,takeover,SICA (proposed),0.42,0.9264705882352942,0.5779816513761468,0.00791765637371338,0.9731235154394299
W2_apt,1,L0,takeover,pin_ip,1.0,0.5905511811023622,0.7425742574257426,0.16468725257323832,
W2_apt,1,L0,takeover,pin_prefix24,1.0,0.7334963325183375,0.846262341325811,0.08630245447347586,
W2_apt,1,L0,takeover,pin_scope16,1.0,0.8797653958944281,0.9360374414976599,0.03246239113222486,
W2_apt,1,L0,takeover,pin_useragent,0.85,0.6781914893617021,0.7544378698224853,0.0958036421219319,
W2_apt,1,L0,takeover,pin_useragent_core,0.42,1.0,0.5915492957746479,0.0,
W2_apt,1,L0,takeover,pin_ip_or_useragent,1.0,0.539568345323741,0.7009345794392523,0.20269200316706254,
W2_apt,1,L0,takeover,pin_ip_and_useragent,0.85,0.7774390243902439,0.8121019108280254,0.05779889152810768,
W2_apt,1,L0,takeover,score_distinct_bindings,0.04,1.0,0.07692307692307693,0.0,0.9585748218527316
W2_apt,1,L0,takeover,score_max_request_rate,0.0,0.0,0.0,0.0,0.4936474003694906
W2_apt,1,L0,takeover,score_burstiness,0.0033333333333333335,0.07692307692307693,0.0063897763578274775,0.009501187648456057,0.46799683293745054
W2_apt,2,L0,takeover,SICA (proposed),0.40522875816993464,0.9117647058823529,0.5610859728506787,0.00954653937947494,0.9797993978816666
W2_apt,2,L0,takeover,pin_ip,1.0,0.6415094339622641,0.7816091954022989,0.1360381861575179,
W2_apt,2,L0,takeover,pin_prefix24,1.0,0.7806122448979592,0.8767908309455587,0.06841686555290374,
W2_apt,2,L0,takeover,pin_scope16,1.0,0.9107142857142857,0.9532710280373832,0.02386634844868735,
W2_apt,2,L0,takeover,pin_useragent,0.8725490196078431,0.6863753213367609,0.7683453237410072,0.09705648369132856,
W2_apt,2,L0,takeover,pin_useragent_core,0.40522875816993464,1.0,0.5767441860465117,0.0,
W2_apt,2,L0,takeover,pin_ip_or_useragent,1.0,0.5625,0.72,0.18933969769291964,
W2_apt,2,L0,takeover,pin_ip_and_useragent,0.8725490196078431,0.8291925465838509,0.8503184713375795,0.04375497215592681,
W2_apt,2,L0,takeover,score_distinct_bindings,0.029411764705882353,1.0,0.05714285714285715,0.0,0.9667976975993261
W2_apt,2,L0,takeover,score_max_request_rate,0.0,0.0,0.0,0.0,0.5046601775157159
W2_apt,2,L0,takeover,score_burstiness,0.0,0.0,0.0,0.008750994431185362,0.4688736539431471
W2_apt,3,L0,takeover,SICA (proposed),0.4243421052631579,1.0,0.5958429561200924,0.0,0.9684038083692154
W2_apt,3,L0,takeover,pin_ip,1.0,0.608,0.7562189054726367,0.1556791104050834,
W2_apt,3,L0,takeover,pin_prefix24,1.0,0.7543424317617866,0.85997171145686,0.07863383637807785,
W2_apt,3,L0,takeover,pin_scope16,1.0,0.8636363636363636,0.9268292682926829,0.03812549642573471,
W2_apt,3,L0,takeover,pin_useragent,0.819078947368421,0.6840659340659341,0.7455089820359281,0.09134233518665608,
W2_apt,3,L0,takeover,pin_useragent_core,0.4243421052631579,1.0,0.5958429561200924,0.0,
W2_apt,3,L0,takeover,pin_ip_or_useragent,1.0,0.5477477477477477,0.7077997671711291,0.1993645750595711,
W2_apt,3,L0,takeover,pin_ip_and_useragent,0.819078947368421,0.8058252427184466,0.8123980424143556,0.04765687053216839,
W2_apt,3,L0,takeover,score_distinct_bindings,0.01644736842105263,1.0,0.032362459546925564,0.0,0.9613297416495966
W2_apt,3,L0,takeover,score_max_request_rate,0.0,0.0,0.0,0.0,0.4995388466201246
W2_apt,3,L0,takeover,score_burstiness,0.0,0.0,0.0,0.007148530579825258,0.49845454830483676
W2_apt,4,L0,takeover,SICA (proposed),0.3961661341853035,0.8920863309352518,0.5486725663716814,0.012,0.973258785942492
W2_apt,4,L0,takeover,pin_ip,1.0,0.6149312377210217,0.7615571776155718,0.1568,
W2_apt,4,L0,takeover,pin_prefix24,1.0,0.7452380952380953,0.8540245566166439,0.0856,
W2_apt,4,L0,takeover,pin_scope16,1.0,0.886685552407932,0.93993993993994,0.032,
W2_apt,4,L0,takeover,pin_useragent,0.8753993610223643,0.690176322418136,0.771830985915493,0.0984,
W2_apt,4,L0,takeover,pin_useragent_core,0.3929712460063898,1.0,0.5642201834862386,0.0,
W2_apt,4,L0,takeover,pin_ip_or_useragent,1.0,0.5443478260869565,0.704954954954955,0.2096,
W2_apt,4,L0,takeover,pin_ip_and_useragent,0.8753993610223643,0.8277945619335347,0.8509316770186336,0.0456,
W2_apt,4,L0,takeover,score_distinct_bindings,0.038338658146964855,1.0,0.07384615384615384,0.0,0.9588408945686901
W2_apt,4,L0,takeover,score_max_request_rate,0.0,0.0,0.0,0.0,0.506341214057508
W2_apt,4,L0,takeover,score_burstiness,0.006389776357827476,0.2222222222222222,0.012422360248447204,0.0056,0.48163961661341853
W2_apt,5,L0,takeover,SICA (proposed),0.4140127388535032,0.948905109489051,0.5764966740576496,0.005604483586869495,0.9829902138271126
W2_apt,5,L0,takeover,pin_ip,1.0,0.6144814090019569,0.7612121212121212,0.1577261809447558,
W2_apt,5,L0,takeover,pin_prefix24,1.0,0.7810945273631841,0.877094972067039,0.07045636509207366,
W2_apt,5,L0,takeover,pin_scope16,1.0,0.9048991354466859,0.9500756429652043,0.02642113690952762,
W2_apt,5,L0,takeover,pin_useragent,0.8375796178343949,0.655860349127182,0.7356643356643356,0.11048839071257005,
W2_apt,5,L0,takeover,pin_useragent_core,0.4140127388535032,1.0,0.5855855855855856,0.0,
W2_apt,5,L0,takeover,pin_ip_or_useragent,1.0,0.5470383275261324,0.7072072072072072,0.20816653322658127,
W2_apt,5,L0,takeover,pin_ip_and_useragent,0.8375796178343949,0.7781065088757396,0.8067484662576687,0.0600480384307446,
W2_apt,5,L0,takeover,score_distinct_bindings,0.028662420382165606,1.0,0.05572755417956656,0.0,0.9657815424313974
W2_apt,5,L0,takeover,score_max_request_rate,0.0,0.0,0.0,0.0,0.5250225658233594
W2_apt,5,L0,takeover,score_burstiness,0.0031847133757961785,0.1,0.00617283950617284,0.007205764611689352,0.4953287470740924
W2_apt,6,L0,takeover,SICA (proposed),0.39263803680981596,1.0,0.5638766519823789,0.0,0.9717082194702203
W2_apt,6,L0,takeover,pin_ip,1.0,0.63671875,0.7780429594272077,0.15036378334680678,
W2_apt,6,L0,takeover,pin_prefix24,1.0,0.7581395348837209,0.8624338624338624,0.08407437348423606,
W2_apt,6,L0,takeover,pin_scope16,1.0,0.8931506849315068,0.94356005788712,0.03152789005658852,
W2_apt,6,L0,takeover,pin_useragent,0.8282208588957055,0.6835443037974683,0.7489597780859917,0.10105092966855295,
W2_apt,6,L0,takeover,pin_useragent_core,0.39263803680981596,1.0,0.5638766519823789,0.0,
W2_apt,6,L0,takeover,pin_ip_or_useragent,1.0,0.555366269165247,0.7141292442497261,0.21099434114793855,
W2_apt,6,L0,takeover,pin_ip_and_useragent,0.8282208588957055,0.84375,0.8359133126934984,0.04042037186742118,
W2_apt,6,L0,takeover,score_distinct_bindings,0.024539877300613498,1.0,0.04790419161676646,0.0,0.9589944006625966
W2_apt,6,L0,takeover,score_max_request_rate,0.0,0.0,0.0,0.0,0.5023099126622395
W2_apt,6,L0,takeover,score_burstiness,0.0,0.0,0.0,0.009700889248181084,0.49467095833477986
W2_apt,7,L0,takeover,SICA (proposed),0.40809968847352024,0.9225352112676056,0.5658747300215982,0.008856682769726247,0.9776776980149593
W2_apt,7,L0,takeover,pin_ip,1.0,0.6458752515090543,0.784841075794621,0.14170692431561996,
W2_apt,7,L0,takeover,pin_prefix24,1.0,0.784841075794621,0.8794520547945206,0.07085346215780998,
W2_apt,7,L0,takeover,pin_scope16,1.0,0.8991596638655462,0.9469026548672567,0.028985507246376812,
W2_apt,7,L0,takeover,pin_useragent,0.8847352024922118,0.7082294264339152,0.7867036011080332,0.09420289855072464,
W2_apt,7,L0,takeover,pin_useragent_core,0.40809968847352024,1.0,0.5796460176991151,0.0,
W2_apt,7,L0,takeover,pin_ip_or_useragent,1.0,0.5721925133689839,0.727891156462585,0.1932367149758454,
W2_apt,7,L0,takeover,pin_ip_and_useragent,0.8847352024922118,0.8427299703264095,0.8632218844984803,0.0426731078904992,
W2_apt,7,L0,takeover,score_distinct_bindings,0.03426791277258567,1.0,0.06626506024096386,0.0,0.9657872690515248
W2_apt,7,L0,takeover,score_max_request_rate,0.0,0.0,0.0,0.0,0.5307726458681356
W2_apt,7,L0,takeover,score_burstiness,0.0,0.0,0.0,0.010466988727858293,0.5107491685102412
W2_apt,8,L0,takeover,SICA (proposed),0.3924914675767918,0.9126984126984127,0.5489260143198091,0.008661417322834646,0.9776705812797292
W2_apt,8,L0,takeover,pin_ip,1.0,0.6301075268817204,0.7730870712401056,0.13543307086614173,
W2_apt,8,L0,takeover,pin_prefix24,1.0,0.7730870712401056,0.8720238095238095,0.06771653543307087,
W2_apt,8,L0,takeover,pin_scope16,1.0,0.9071207430340558,0.9512987012987013,0.023622047244094488,
W2_apt,8,L0,takeover,pin_useragent,0.8225255972696246,0.6925287356321839,0.7519500780031201,0.08425196850393701,
W2_apt,8,L0,takeover,pin_useragent_core,0.3890784982935154,1.0,0.5601965601965602,0.0,
W2_apt,8,L0,takeover,pin_ip_or_useragent,1.0,0.5591603053435115,0.7172582619339045,0.18188976377952756,
W2_apt,8,L0,takeover,pin_ip_and_useragent,0.8225255972696246,0.8339100346020761,0.8281786941580755,0.03779527559055118,
W2_apt,8,L0,takeover,score_distinct_bindings,0.023890784982935155,1.0,0.046666666666666676,0.0,0.9669506328773749
W2_apt,8,L0,takeover,score_max_request_rate,0.0,0.0,0.0,0.0,0.5311157990916664
W2_apt,8,L0,takeover,score_burstiness,0.0034129692832764505,0.09090909090909091,0.006578947368421053,0.007874015748031496,0.5110760259063181
W2_apt,9,L0,takeover,SICA (proposed),0.37790697674418605,0.9629629629629629,0.5427974947807933,0.004101722723543888,0.9743499246427686
W2_apt,9,L0,takeover,pin_ip,1.0,0.6417910447761194,0.7818181818181819,0.15750615258408532,
W2_apt,9,L0,takeover,pin_prefix24,1.0,0.8210023866348448,0.9017038007863696,0.06152584085315833,
W2_apt,9,L0,takeover,pin_scope16,1.0,0.9347826086956522,0.9662921348314606,0.019688269073010665,
W2_apt,9,L0,takeover,pin_useragent,0.8604651162790697,0.6997635933806147,0.7718383311603652,0.10418375717801477,
W2_apt,9,L0,takeover,pin_useragent_core,0.37790697674418605,1.0,0.5485232067510548,0.0,
W2_apt,9,L0,takeover,pin_ip_or_useragent,1.0,0.5791245791245792,0.7334754797441365,0.20508613617719443,
W2_apt,9,L0,takeover,pin_ip_and_useragent,0.8604651162790697,0.810958904109589,0.8349788434414669,0.05660377358490566,
W2_apt,9,L0,takeover,score_distinct_bindings,0.011627906976744186,1.0,0.022988505747126436,0.0,0.969594787950474
W2_apt,9,L0,takeover,score_max_request_rate,0.0,0.0,0.0,0.0,0.5125662952858805
W2_apt,9,L0,takeover,score_burstiness,0.0029069767441860465,0.08333333333333333,0.0056179775280898875,0.009023789991796555,0.4933609325218917
W2_apt,10,L0,takeover,SICA (proposed),0.4232081911262799,0.9465648854961832,0.5849056603773585,0.005511811023622047,0.9844427722985138
W2_apt,10,L0,takeover,pin_ip,1.0,0.6341991341991342,0.776158940397351,0.13307086614173227,
W2_apt,10,L0,takeover,pin_prefix24,1.0,0.7918918918918919,0.8838612368024132,0.06062992125984252,
W2_apt,10,L0,takeover,pin_scope16,1.0,0.9213836477987422,0.9590834697217675,0.01968503937007874,
W2_apt,10,L0,takeover,pin_useragent,0.8839590443686007,0.6780104712041884,0.7674074074074073,0.09685039370078741,
W2_apt,10,L0,takeover,pin_useragent_core,0.4232081911262799,1.0,0.5947242206235012,0.0,
W2_apt,10,L0,takeover,pin_ip_or_useragent,1.0,0.5602294455066922,0.7181372549019609,0.18110236220472442,
W2_apt,10,L0,takeover,pin_ip_and_useragent,0.8839590443686007,0.8068535825545171,0.8436482084690554,0.048818897637795275,
W2_apt,10,L0,takeover,score_distinct_bindings,0.04436860068259386,1.0,0.08496732026143791,0.0,0.9710300717529763
W2_apt,10,L0,takeover,score_max_request_rate,0.0,0.0,0.0,0.0,0.5293837843648384
W2_apt,10,L0,takeover,score_burstiness,0.006825938566552901,0.18181818181818182,0.013157894736842106,0.007086614173228346,0.5008707102738438
W2_apt,11,L0,takeover,SICA (proposed),0.40192926045016075,0.9124087591240876,0.5580357142857143,0.009584664536741214,0.9775767132716271
W2_apt,11,L0,takeover,pin_ip,1.0,0.6452282157676349,0.7843631778058009,0.1365814696485623,
W2_apt,11,L0,takeover,pin_prefix24,1.0,0.7853535353535354,0.8797736916548797,0.06789137380191693,
W2_apt,11,L0,takeover,pin_scope16,1.0,0.9040697674418605,0.9496183206106871,0.026357827476038338,
W2_apt,11,L0,takeover,pin_useragent,0.8488745980707395,0.6857142857142857,0.7586206896551724,0.09664536741214058,
W2_apt,11,L0,takeover,pin_useragent_core,0.3987138263665595,1.0,0.5701149425287356,0.0,
W2_apt,11,L0,takeover,pin_ip_or_useragent,1.0,0.5623869801084991,0.7199074074074074,0.19329073482428116,
W2_apt,11,L0,takeover,pin_ip_and_useragent,0.8488745980707395,0.8407643312101911,0.8448,0.039936102236421724,
W2_apt,11,L0,takeover,score_distinct_bindings,0.01929260450160772,1.0,0.03785488958990536,0.0,0.9667092138109571
W2_apt,11,L0,takeover,score_max_request_rate,0.0,0.0,0.0,0.0,0.5180213266490656
W2_apt,11,L0,takeover,score_burstiness,0.0,0.0,0.0,0.00878594249201278,0.49889308938495835
W2_apt,12,L0,takeover,SICA (proposed),0.3949843260188088,0.9064748201438849,0.5502183406113538,0.01045016077170418,0.9713710449656785
W2_apt,12,L0,takeover,pin_ip,1.0,0.6444444444444445,0.7837837837837839,0.1414790996784566,
W2_apt,12,L0,takeover,pin_prefix24,1.0,0.7915632754342432,0.8836565096952909,0.06752411575562701,
W2_apt,12,L0,takeover,pin_scope16,1.0,0.8836565096952909,0.9382352941176471,0.03376205787781351,
W2_apt,12,L0,takeover,pin_useragent,0.8369905956112853,0.7063492063492064,0.7661406025824965,0.08922829581993569,
W2_apt,12,L0,takeover,pin_useragent_core,0.39184952978056425,1.0,0.5630630630630631,0.0,
W2_apt,12,L0,takeover,pin_ip_or_useragent,1.0,0.5778985507246377,0.7324913892078071,0.1872990353697749,
W2_apt,12,L0,takeover,pin_ip_and_useragent,0.8369905956112853,0.8317757009345794,0.834375,0.04340836012861737,
W2_apt,12,L0,takeover,score_distinct_bindings,0.025078369905956112,1.0,0.04892966360856269,0.0,0.9670846394984326
W2_apt,12,L0,takeover,score_max_request_rate,0.0,0.0,0.0,0.0,0.5117794252537572
W2_apt,12,L0,takeover,score_burstiness,0.006269592476489028,0.2,0.0121580547112462,0.006430868167202572,0.49871231440695907
W2_apt,13,L0,takeover,SICA (proposed),0.3795379537953795,0.8984375,0.5336426914153132,0.010317460317460317,0.9733223322332233
W2_apt,13,L0,takeover,pin_ip,1.0,0.6234567901234568,0.768060836501901,0.14523809523809525,
W2_apt,13,L0,takeover,pin_prefix24,1.0,0.7651515151515151,0.8669527896995708,0.07380952380952381,
W2_apt,13,L0,takeover,pin_scope16,1.0,0.8833819241982507,0.9380804953560371,0.031746031746031744,
W2_apt,13,L0,takeover,pin_useragent,0.8547854785478548,0.723463687150838,0.783661119515885,0.07857142857142857,
W2_apt,13,L0,takeover,pin_useragent_core,0.3795379537953795,1.0,0.5502392344497608,0.0,
W2_apt,13,L0,takeover,pin_ip_or_useragent,1.0,0.562152133580705,0.7197149643705464,0.1873015873015873,
W2_apt,13,L0,takeover,pin_ip_and_useragent,0.8547854785478548,0.8491803278688524,0.8519736842105262,0.03650793650793651,
W2_apt,13,L0,takeover,score_distinct_bindings,0.033003300330033,1.0,0.06389776357827476,0.0,0.9643132170359893
W2_apt,13,L0,takeover,score_max_request_rate,0.0,0.0,0.0,0.0,0.47925506836397924
W2_apt,13,L0,takeover,score_burstiness,0.0,0.0,0.0,0.006349206349206349,0.4574545549793075
W2_apt,14,L0,takeover,SICA (proposed),0.3952702702702703,1.0,0.5665859564164649,0.0,0.9726436677403528
W2_apt,14,L0,takeover,pin_ip,1.0,0.5896414342629482,0.7418546365914788,0.16258879242304658,
W2_apt,14,L0,takeover,pin_prefix24,1.0,0.7272727272727273,0.8421052631578948,0.08760852407261246,
W2_apt,14,L0,takeover,pin_scope16,1.0,0.8505747126436781,0.9192546583850931,0.04104183109707971,
W2_apt,14,L0,takeover,pin_useragent,0.8547297297297297,0.6537467700258398,0.7408491947291361,0.10576164167324388,
W2_apt,14,L0,takeover,pin_useragent_core,0.3952702702702703,1.0,0.5665859564164649,0.0,
W2_apt,14,L0,takeover,pin_ip_or_useragent,1.0,0.5304659498207885,0.6932084309133489,0.2067876874506709,
W2_apt,14,L0,takeover,pin_ip_and_useragent,0.8547297297297297,0.7643504531722054,0.807017543859649,0.06156274664561957,
W2_apt,14,L0,takeover,score_distinct_bindings,0.037162162162162164,1.0,0.0716612377850163,0.0,0.9578235990528808
W2_apt,14,L0,takeover,score_max_request_rate,0.0,0.0,0.0,0.0,0.5054648669980162
W2_apt,14,L0,takeover,score_burstiness,0.0,0.0,0.0,0.007892659826361484,0.47897512745579046
W2_apt,15,L0,takeover,SICA (proposed),0.3918918918918919,0.928,0.5510688836104513,0.007103393843725336,0.974186202777363
W2_apt,15,L0,takeover,pin_ip,1.0,0.5849802371541502,0.7381546134663342,0.16574585635359115,
W2_apt,15,L0,takeover,pin_prefix24,1.0,0.7326732673267327,0.8457142857142858,0.08524072612470403,
W2_apt,15,L0,takeover,pin_scope16,1.0,0.8783382789317508,0.9352290679304897,0.03235990528808208,
W2_apt,15,L0,takeover,pin_useragent,0.847972972972973,0.6338383838383839,0.7254335260115606,0.11444356748224152,
W2_apt,15,L0,takeover,pin_useragent_core,0.3918918918918919,1.0,0.5631067961165048,0.0,
W2_apt,15,L0,takeover,pin_ip_or_useragent,1.0,0.5085910652920962,0.6742596810933941,0.22573007103393844,
W2_apt,15,L0,takeover,pin_ip_and_useragent,0.847972972972973,0.784375,0.814935064935065,0.05445935280189424,
W2_apt,15,L0,takeover,score_distinct_bindings,0.04054054054054054,1.0,0.07792207792207792,0.0,0.9591074894942299
W2_apt,15,L0,takeover,score_max_request_rate,0.0,0.0,0.0,0.0,0.5046809338936411
W2_apt,15,L0,takeover,score_burstiness,0.016891891891891893,0.35714285714285715,0.03225806451612903,0.007103393843725336,0.4803856737558395
W2_apt,16,L0,takeover,SICA (proposed),0.41935483870967744,0.9090909090909091,0.5739514348785872,0.010375099760574621,0.9720837731380172
W2_apt,16,L0,takeover,pin_ip,1.0,0.6313645621181263,0.7740324594257179,0.14445331205107742,
W2_apt,16,L0,takeover,pin_prefix24,1.0,0.7434052757793765,0.8528198074277854,0.0853950518754988,
W2_apt,16,L0,takeover,pin_scope16,1.0,0.8707865168539326,0.9309309309309309,0.03671189146049481,
W2_apt,16,L0,takeover,pin_useragent,0.8161290322580645,0.662303664921466,0.7312138728323699,0.10295291300877893,
W2_apt,16,L0,takeover,pin_useragent_core,0.41935483870967744,1.0,0.5909090909090909,0.0,
W2_apt,16,L0,takeover,pin_ip_or_useragent,1.0,0.5506216696269982,0.7101947308132874,0.20191540303272146,
W2_apt,16,L0,takeover,pin_ip_and_useragent,0.8161290322580645,0.8161290322580645,0.8161290322580645,0.04549082202713488,
W2_apt,16,L0,takeover,score_distinct_bindings,0.03225806451612903,1.0,0.0625,0.0,0.9586798136086296
W2_apt,16,L0,takeover,score_max_request_rate,0.0,0.0,0.0,0.0,0.5074582292819813
W2_apt,16,L0,takeover,score_burstiness,0.0032258064516129032,0.09090909090909091,0.006230529595015576,0.007980845969672785,0.49355353602965785
W2_apt,17,L0,takeover,SICA (proposed),0.41304347826086957,0.9366197183098591,0.5732758620689655,0.007252215954875101,0.9837300614111041
W2_apt,17,L0,takeover,pin_ip,1.0,0.6666666666666666,0.8,0.1297340854149879,
W2_apt,17,L0,takeover,pin_prefix24,1.0,0.8277634961439588,0.9057665260196905,0.053988718775181306,
W2_apt,17,L0,takeover,pin_scope16,1.0,0.9415204678362573,0.9698795180722891,0.016116035455278,
W2_apt,17,L0,takeover,pin_useragent,0.8385093167701864,0.6976744186046512,0.7616361071932299,0.09427880741337631,
W2_apt,17,L0,takeover,pin_useragent_core,0.41304347826086957,1.0,0.5846153846153846,0.0,
W2_apt,17,L0,takeover,pin_ip_or_useragent,1.0,0.5833333333333334,0.7368421052631579,0.185334407735697,
W2_apt,17,L0,takeover,pin_ip_and_useragent,0.8385093167701864,0.8490566037735849,0.8437500000000001,0.038678485092667206,
W2_apt,17,L0,takeover,score_distinct_bindings,0.027950310559006212,1.0,0.054380664652567974,0.0,0.9737601413406339
W2_apt,17,L0,takeover,score_max_request_rate,0.0,0.0,0.0,0.0,0.491078623230114
W2_apt,17,L0,takeover,score_burstiness,0.0,0.0,0.0,0.007252215954875101,0.46224243121906294
W2_apt,18,L0,takeover,SICA (proposed),0.41590214067278286,1.0,0.5874730021598272,0.0,0.9794703739991885
W2_apt,18,L0,takeover,pin_ip,1.0,0.6566265060240963,0.7927272727272727,0.1383495145631068,
W2_apt,18,L0,takeover,pin_prefix24,1.0,0.8074074074074075,0.8934426229508198,0.06310679611650485,
W2_apt,18,L0,takeover,pin_scope16,1.0,0.8983516483516484,0.9464544138929089,0.029935275080906147,
W2_apt,18,L0,takeover,pin_useragent,0.8562691131498471,0.7070707070707071,0.7745504840940525,0.09385113268608414,
W2_apt,18,L0,takeover,pin_useragent_core,0.41590214067278286,1.0,0.5874730021598272,0.0,
W2_apt,18,L0,takeover,pin_ip_or_useragent,1.0,0.5828877005347594,0.7364864864864864,0.18932038834951456,
W2_apt,18,L0,takeover,pin_ip_and_useragent,0.8562691131498471,0.8408408408408409,0.8484848484848485,0.04288025889967637,
W2_apt,18,L0,takeover,score_distinct_bindings,0.045871559633027525,1.0,0.08771929824561404,0.0,0.9698940055224013
W2_apt,18,L0,takeover,score_max_request_rate,0.0,0.0,0.0,0.0,0.49872207871896124
W2_apt,18,L0,takeover,score_burstiness,0.0030581039755351682,0.09090909090909091,0.005917159763313609,0.008090614886731391,0.46435057351820513
W2_apt,19,L0,takeover,SICA (proposed),0.4406779661016949,0.9420289855072463,0.6004618937644342,0.006309148264984227,0.9739319895203978
W2_apt,19,L0,takeover,pin_ip,1.0,0.5784313725490197,0.732919254658385,0.1695583596214511,
W2_apt,19,L0,takeover,pin_prefix24,1.0,0.7301980198019802,0.844062947067239,0.0859621451104101,
W2_apt,19,L0,takeover,pin_scope16,1.0,0.8805970149253731,0.9365079365079364,0.031545741324921134,
W2_apt,19,L0,takeover,pin_useragent,0.8576271186440678,0.6746666666666666,0.755223880597015,0.09621451104100946,
W2_apt,19,L0,takeover,pin_useragent_core,0.43728813559322033,1.0,0.6084905660377359,0.0,
W2_apt,19,L0,takeover,pin_ip_or_useragent,1.0,0.5157342657342657,0.6805074971164936,0.21845425867507887,
W2_apt,19,L0,takeover,pin_ip_and_useragent,0.8576271186440678,0.8083067092651757,0.8322368421052632,0.0473186119873817,
W2_apt,19,L0,takeover,score_distinct_bindings,0.020338983050847456,1.0,0.0398671096345515,0.0,0.9578931187510025
W2_apt,19,L0,takeover,score_max_request_rate,0.0,0.0,0.0,0.0,0.5353058332887772
W2_apt,19,L0,takeover,score_burstiness,0.0,0.0,0.0,0.008675078864353312,0.4958736566326258
W2_apt,0,L0,concurrent,SICA (proposed),0.6806451612903226,1.0,0.8099808061420346,0.0,0.9987192029451896
W2_apt,0,L0,concurrent,pin_ip,1.0,0.6275303643724697,0.7711442786069652,0.14684756584197925,
W2_apt,0,L0,concurrent,pin_prefix24,1.0,0.7848101265822784,0.8794326241134751,0.06783719074221868,
W2_apt,0,L0,concurrent,pin_scope16,1.0,0.9090909090909091,0.9523809523809523,0.024740622505985636,
W2_apt,0,L0,concurrent,pin_useragent,0.867741935483871,0.6625615763546798,0.7513966480446927,0.10933758978451716,
W2_apt,0,L0,concurrent,pin_useragent_core,0.4064516129032258,1.0,0.5779816513761468,0.0,
W2_apt,0,L0,concurrent,pin_ip_or_useragent,1.0,0.541958041958042,0.7029478458049886,0.20909816440542697,
W2_apt,0,L0,concurrent,pin_ip_and_useragent,0.867741935483871,0.8201219512195121,0.8432601880877743,0.047086991221069435,
W2_apt,0,L0,concurrent,score_distinct_bindings,0.0935483870967742,1.0,0.1710914454277286,0.0,0.9692544345184461
W2_apt,0,L0,concurrent,score_max_request_rate,0.0,0.0,0.0,0.0,0.5167160106068017
W2_apt,0,L0,concurrent,score_burstiness,0.0,0.0,0.0,0.009577015163607342,0.458491877558376
W2_apt,1,L0,concurrent,SICA (proposed),0.9755244755244755,0.9653979238754326,0.9704347826086956,0.007830853563038372,0.9976822316289818
W2_apt,1,L0,concurrent,pin_ip,1.0,0.5731462925851704,0.7286624203821657,0.1667971808927173,
W2_apt,1,L0,concurrent,pin_prefix24,1.0,0.7167919799498746,0.8350364963503649,0.08848864526233359,
W2_apt,1,L0,concurrent,pin_scope16,1.0,0.8693009118541033,0.9300813008130081,0.033672670321064996,
W2_apt,1,L0,concurrent,pin_useragent,0.8671328671328671,0.6666666666666666,0.7537993920972645,0.0971025841816758,
W2_apt,1,L0,concurrent,pin_useragent_core,0.36713286713286714,1.0,0.5370843989769821,0.0,
W2_apt,1,L0,concurrent,pin_ip_or_useragent,1.0,0.5218978102189781,0.6858513189448441,0.20516836335160532,
W2_apt,1,L0,concurrent,pin_ip_and_useragent,0.8671328671328671,0.7678018575851393,0.8144499178981937,0.058731401722787784,
W2_apt,1,L0,concurrent,score_distinct_bindings,0.09090909090909091,1.0,0.16666666666666669,0.0,0.9597778885171211
W2_apt,1,L0,concurrent,score_max_request_rate,0.0,0.0,0.0,0.0,0.5127826363143513
W2_apt,1,L0,concurrent,score_burstiness,0.0,0.0,0.0,0.010180109631949883,0.45686048485578634
W2_apt,2,L0,concurrent,SICA (proposed),0.9721254355400697,0.9587628865979382,0.9653979238754327,0.009404388714733543,0.997610673598899
W2_apt,2,L0,concurrent,pin_ip,1.0,0.6252723311546841,0.7694369973190349,0.13479623824451412,
W2_apt,2,L0,concurrent,pin_prefix24,1.0,0.7694369973190348,0.8696969696969697,0.06739811912225706,
W2_apt,2,L0,concurrent,pin_scope16,1.0,0.9053627760252366,0.9503311258278145,0.023510971786833857,
W2_apt,2,L0,concurrent,pin_useragent,0.8850174216027874,0.6737400530503979,0.7650602409638554,0.09639498432601881,
W2_apt,2,L0,concurrent,pin_useragent_core,0.43902439024390244,1.0,0.6101694915254238,0.0,
W2_apt,2,L0,concurrent,pin_ip_or_useragent,1.0,0.5445920303605313,0.7051597051597052,0.18808777429467086,
W2_apt,2,L0,concurrent,pin_ip_and_useragent,0.8850174216027874,0.8220064724919094,0.8523489932885905,0.04310344827586207,
W2_apt,2,L0,concurrent,score_distinct_bindings,0.07317073170731707,1.0,0.13636363636363635,0.0,0.9687667252848077
W2_apt,2,L0,concurrent,score_max_request_rate,0.0,0.0,0.0,0.0,0.5237471737681998
W2_apt,2,L0,concurrent,score_burstiness,0.003484320557491289,0.07692307692307693,0.006666666666666666,0.009404388714733543,0.45555579828077725
W2_apt,3,L0,concurrent,SICA (proposed),0.6161971830985915,1.0,0.7625272331154683,0.0,0.9965366868922684
W2_apt,3,L0,concurrent,pin_ip,1.0,0.5843621399176955,0.7376623376623377,0.15793588741204065,
W2_apt,3,L0,concurrent,pin_prefix24,1.0,0.7395833333333334,0.8502994011976047,0.07818608287724785,
W2_apt,3,L0,concurrent,pin_scope16,1.0,0.8554216867469879,0.922077922077922,0.03752931978107897,
W2_apt,3,L0,concurrent,pin_useragent,0.8485915492957746,0.6750700280112045,0.7519500780031201,0.0906958561376075,
W2_apt,3,L0,concurrent,pin_useragent_core,0.4014084507042254,1.0,0.5728643216080401,0.0,
W2_apt,3,L0,concurrent,pin_ip_or_useragent,1.0,0.5249537892791127,0.6884848484848485,0.20093823299452698,
W2_apt,3,L0,concurrent,pin_ip_and_useragent,0.8485915492957746,0.7980132450331126,0.8225255972696246,0.04769351055512119,
W2_apt,3,L0,concurrent,score_distinct_bindings,0.0528169014084507,1.0,0.1003344481605351,0.0,0.9629717318767963
W2_apt,3,L0,concurrent,score_max_request_rate,0.0,0.0,0.0,0.0,0.5212933189441575
W2_apt,3,L0,concurrent,score_burstiness,0.0035211267605633804,0.07692307692307693,0.0067340067340067354,0.009382329945269743,0.4607899547401689
W2_apt,4,L0,concurrent,SICA (proposed),0.9801324503311258,0.9517684887459807,0.9657422512234911,0.011895321173671689,0.9972808818818241
W2_apt,4,L0,concurrent,pin_ip,1.0,0.604,0.7531172069825436,0.1570182394924663,
W2_apt,4,L0,concurrent,pin_prefix24,1.0,0.7365853658536585,0.848314606741573,0.08564631245043616,
W2_apt,4,L0,concurrent,pin_scope16,1.0,0.8830409356725146,0.937888198757764,0.0317208564631245,
W2_apt,4,L0,concurrent,pin_useragent,0.8675496688741722,0.6787564766839378,0.7616279069767441,0.09833465503568596,
W2_apt,4,L0,concurrent,pin_useragent_core,0.41721854304635764,1.0,0.5887850467289719,0.0,
W2_apt,4,L0,concurrent,pin_ip_or_useragent,1.0,0.5335689045936396,0.695852534562212,0.20935765265662173,
W2_apt,4,L0,concurrent,pin_ip_and_useragent,0.8675496688741722,0.81875,0.842443729903537,0.045995241871530534,
W2_apt,4,L0,concurrent,score_distinct_bindings,0.06622516556291391,1.0,0.12422360248447208,0.0,0.9600128143857235
W2_apt,4,L0,concurrent,score_max_request_rate,0.0,0.0,0.0,0.0,0.5069048006680287
W2_apt,4,L0,concurrent,score_burstiness,0.006622516556291391,0.18181818181818182,0.012779552715654952,0.007137192704203013,0.4412100666453094
W2_apt,5,L0,concurrent,SICA (proposed),0.9591836734693877,0.9757785467128027,0.967409948542024,0.005516154452324665,0.9983582873653796
W2_apt,5,L0,concurrent,pin_ip,1.0,0.5951417004048583,0.7461928934010152,0.15760441292356187,
W2_apt,5,L0,concurrent,pin_prefix24,1.0,0.7696335078534031,0.8698224852071006,0.06934594168636722,
W2_apt,5,L0,concurrent,pin_scope16,1.0,0.8990825688073395,0.9468599033816426,0.026004728132387706,
W2_apt,5,L0,concurrent,pin_useragent,0.8979591836734694,0.6550868486352357,0.7575322812051649,0.1095350669818755,
W2_apt,5,L0,concurrent,pin_useragent_core,0.42517006802721086,1.0,0.5966587112171837,0.0,
W2_apt,5,L0,concurrent,pin_ip_or_useragent,1.0,0.5268817204301075,0.6901408450704225,0.20803782505910165,
W2_apt,5,L0,concurrent,pin_ip_and_useragent,0.8979591836734694,0.7787610619469026,0.8341232227488151,0.0591016548463357,
W2_apt,5,L0,concurrent,score_distinct_bindings,0.08503401360544217,1.0,0.1567398119122257,0.0,0.9682754110312368
W2_apt,5,L0,concurrent,score_max_request_rate,0.0,0.0,0.0,0.0,0.5378625839618747
W2_apt,5,L0,concurrent,score_burstiness,0.0,0.0,0.0,0.007880220646178092,0.4797405960019942
W2_apt,6,L0,concurrent,SICA (proposed),0.6742671009771987,1.0,0.8054474708171206,0.0,0.997728168634204
W2_apt,6,L0,concurrent,pin_ip,1.0,0.6214574898785425,0.766541822721598,0.14888535031847133,
W2_apt,6,L0,concurrent,pin_prefix24,1.0,0.7451456310679612,0.8539638386648123,0.08359872611464968,
W2_apt,6,L0,concurrent,pin_scope16,1.0,0.8847262247838616,0.9388379204892966,0.03184713375796178,
W2_apt,6,L0,concurrent,pin_useragent,0.8664495114006515,0.6785714285714286,0.7610872675250357,0.10031847133757962,
W2_apt,6,L0,concurrent,pin_useragent_core,0.43973941368078173,1.0,0.6108597285067873,0.0,
W2_apt,6,L0,concurrent,pin_ip_or_useragent,1.0,0.5385964912280702,0.7001140250855188,0.20939490445859874,
W2_apt,6,L0,concurrent,pin_ip_and_useragent,0.8664495114006515,0.8417721518987342,0.853932584269663,0.03980891719745223,
W2_apt,6,L0,concurrent,score_distinct_bindings,0.0749185667752443,1.0,0.1393939393939394,0.0,0.961332185315048
W2_apt,6,L0,concurrent,score_max_request_rate,0.0,0.0,0.0,0.0,0.5148550799809125
W2_apt,6,L0,concurrent,score_burstiness,0.0,0.0,0.0,0.009554140127388535,0.4444710989854561
W2_apt,7,L0,concurrent,SICA (proposed),0.9632107023411371,0.9632107023411371,0.9632107023411371,0.00870253164556962,0.9977046378222768
W2_apt,7,L0,concurrent,pin_ip,1.0,0.6255230125523012,0.7696267696267696,0.14161392405063292,
W2_apt,7,L0,concurrent,pin_prefix24,1.0,0.7666666666666667,0.8679245283018869,0.07199367088607594,
W2_apt,7,L0,concurrent,pin_scope16,1.0,0.8846153846153846,0.9387755102040816,0.030854430379746837,
W2_apt,7,L0,concurrent,pin_useragent,0.8561872909698997,0.6790450928381963,0.757396449704142,0.09572784810126582,
W2_apt,7,L0,concurrent,pin_useragent_core,0.411371237458194,1.0,0.5829383886255924,0.0,
W2_apt,7,L0,concurrent,pin_ip_or_useragent,1.0,0.5496323529411765,0.7093712930011862,0.19382911392405064,
W2_apt,7,L0,concurrent,pin_ip_and_useragent,0.8561872909698997,0.8231511254019293,0.8393442622950819,0.043512658227848104,
W2_apt,7,L0,concurrent,score_distinct_bindings,0.056856187290969896,1.0,0.10759493670886076,0.0,0.9660498073747936
W2_apt,7,L0,concurrent,score_max_request_rate,0.0,0.0,0.0,0.0,0.5164525210617671
W2_apt,7,L0,concurrent,score_burstiness,0.006688963210702341,0.13333333333333333,0.012738853503184712,0.010284810126582278,0.4538638817154227
W2_apt,8,L0,concurrent,SICA (proposed),0.974910394265233,0.9611307420494699,0.9679715302491102,0.008566978193146417,0.9978645362275148
W2_apt,8,L0,concurrent,pin_ip,1.0,0.6172566371681416,0.7633378932968536,0.13473520249221183,
W2_apt,8,L0,concurrent,pin_prefix24,1.0,0.7622950819672131,0.8651162790697675,0.06775700934579439,
W2_apt,8,L0,concurrent,pin_scope16,1.0,0.9029126213592233,0.9489795918367347,0.02336448598130841,
W2_apt,8,L0,concurrent,pin_useragent,0.8709677419354839,0.6903409090909091,0.7702060221870047,0.08489096573208722,
W2_apt,8,L0,concurrent,pin_useragent_core,0.43727598566308246,1.0,0.6084788029925188,0.0,
W2_apt,8,L0,concurrent,pin_ip_or_useragent,1.0,0.544921875,0.7054361567635904,0.18146417445482865,
W2_apt,8,L0,concurrent,pin_ip_and_useragent,0.8709677419354839,0.8321917808219178,0.8511383537653241,0.0381619937694704,
W2_apt,8,L0,concurrent,score_distinct_bindings,0.05017921146953405,1.0,0.09556313993174062,0.0,0.9678214919773557
W2_apt,8,L0,concurrent,score_max_request_rate,0.0,0.0,0.0,0.0,0.5287813061780502
W2_apt,8,L0,concurrent,score_burstiness,0.0035842293906810036,0.09090909090909091,0.00689655172413793,0.00778816199376947,0.4540414698690249
W2_apt,9,L0,concurrent,SICA (proposed),0.9846625766871165,0.9846625766871165,0.9846625766871165,0.004042037186742118,0.9987675506246559
W2_apt,9,L0,concurrent,pin_ip,1.0,0.628131021194605,0.7715976331360946,0.15602263540824576,
W2_apt,9,L0,concurrent,pin_prefix24,1.0,0.8129675810473815,0.8968363136176066,0.060630557801131774,
W2_apt,9,L0,concurrent,pin_scope16,1.0,0.9314285714285714,0.9644970414201183,0.019401778496362168,
W2_apt,9,L0,concurrent,pin_useragent,0.8558282208588958,0.687192118226601,0.762295081967213,0.1026677445432498,
W2_apt,9,L0,concurrent,pin_useragent_core,0.4263803680981595,1.0,0.5978494623655913,0.0,
W2_apt,9,L0,concurrent,pin_ip_or_useragent,1.0,0.5649913344887348,0.7220376522702103,0.2029102667744543,
W2_apt,9,L0,concurrent,pin_ip_and_useragent,0.8558282208588958,0.8017241379310345,0.827893175074184,0.05578011317704123,
W2_apt,9,L0,concurrent,score_distinct_bindings,0.05214723926380368,1.0,0.09912536443148688,0.0,0.9712655792016108
W2_apt,9,L0,concurrent,score_max_request_rate,0.0,0.0,0.0,0.0,0.48856450644990107
W2_apt,9,L0,concurrent,score_burstiness,0.0,0.0,0.0,0.009700889248181084,0.42955944274441926
W2_apt,10,L0,concurrent,SICA (proposed),0.974910394265233,0.974910394265233,0.974910394265233,0.005451713395638629,0.9986754541698768
W2_apt,10,L0,concurrent,pin_ip,1.0,0.621380846325167,0.7664835164835164,0.13239875389408098,
W2_apt,10,L0,concurrent,pin_prefix24,1.0,0.7837078651685393,0.878740157480315,0.05996884735202492,
W2_apt,10,L0,concurrent,pin_scope16,1.0,0.9177631578947368,0.9571183533447685,0.019470404984423675,
W2_apt,10,L0,concurrent,pin_useragent,0.8207885304659498,0.6468926553672316,0.7235387045813586,0.09735202492211838,
W2_apt,10,L0,concurrent,pin_useragent_core,0.3870967741935484,1.0,0.5581395348837209,0.0,
W2_apt,10,L0,concurrent,pin_ip_or_useragent,1.0,0.5459882583170255,0.7063291139240506,0.1806853582554517,
W2_apt,10,L0,concurrent,pin_ip_and_useragent,0.8207885304659498,0.7842465753424658,0.8021015761821366,0.04906542056074766,
W2_apt,10,L0,concurrent,score_distinct_bindings,0.06810035842293907,1.0,0.12751677852348994,0.0,0.9720575263234292
W2_apt,10,L0,concurrent,score_max_request_rate,0.0,0.0,0.0,0.0,0.5198207327013478
W2_apt,10,L0,concurrent,score_burstiness,0.0035842293906810036,0.09090909090909091,0.00689655172413793,0.00778816199376947,0.456791053942094
W2_apt,11,L0,concurrent,SICA (proposed),0.9797979797979798,0.9603960396039604,0.9700000000000001,0.009478672985781991,0.9982367115068537
W2_apt,11,L0,concurrent,pin_ip,1.0,0.6319148936170212,0.7744458930899608,0.13665086887835703,
W2_apt,11,L0,concurrent,pin_prefix24,1.0,0.7734375,0.8722466960352423,0.06872037914691943,
W2_apt,11,L0,concurrent,pin_scope16,1.0,0.9,0.9473684210526316,0.026066350710900472,
W2_apt,11,L0,concurrent,pin_useragent,0.8787878787878788,0.6814621409921671,0.7676470588235293,0.09636650868878358,
W2_apt,11,L0,concurrent,pin_useragent_core,0.40404040404040403,1.0,0.5755395683453237,0.0,
W2_apt,11,L0,concurrent,pin_ip_or_useragent,1.0,0.5489833641404805,0.7088305489260143,0.19273301737756715,
W2_apt,11,L0,concurrent,pin_ip_and_useragent,0.8787878787878788,0.8365384615384616,0.8571428571428572,0.04028436018957346,
W2_apt,11,L0,concurrent,score_distinct_bindings,0.06060606060606061,1.0,0.1142857142857143,0.0,0.9677222461582651
W2_apt,11,L0,concurrent,score_max_request_rate,0.0,0.0,0.0,0.0,0.5308735059919895
W2_apt,11,L0,concurrent,score_burstiness,0.0,0.0,0.0,0.009478672985781991,0.47001478715538747
W2_apt,12,L0,concurrent,SICA (proposed),0.9767441860465116,0.9576547231270358,0.9671052631578947,0.010301109350237718,0.9973279770021745
W2_apt,12,L0,concurrent,pin_ip,1.0,0.6257796257796258,0.7698209718670077,0.14263074484944532,
W2_apt,12,L0,concurrent,pin_prefix24,1.0,0.7797927461139896,0.8762736535662299,0.06735340729001585,
W2_apt,12,L0,concurrent,pin_scope16,1.0,0.8775510204081632,0.9347826086956522,0.03328050713153724,
W2_apt,12,L0,concurrent,pin_useragent,0.8438538205980066,0.6920980926430518,0.7604790419161678,0.089540412044374,
W2_apt,12,L0,concurrent,pin_useragent_core,0.4186046511627907,1.0,0.5901639344262295,0.0,
W2_apt,12,L0,concurrent,pin_ip_or_useragent,1.0,0.5584415584415584,0.7166666666666666,0.18858954041204437,
W2_apt,12,L0,concurrent,pin_ip_and_useragent,0.8438538205980066,0.8220064724919094,0.8327868852459017,0.043581616481774964,
W2_apt,12,L0,concurrent,score_distinct_bindings,0.06976744186046512,1.0,0.13043478260869565,0.0,0.9686728338185973
W2_apt,12,L0,concurrent,score_max_request_rate,0.0,0.0,0.0,0.0,0.5051610848150118
W2_apt,12,L0,concurrent,score_burstiness,0.0,0.0,0.0,0.00792393026941363,0.44230404725926786
W2_apt,13,L0,concurrent,SICA (proposed),0.9752650176678446,0.9550173010380623,0.965034965034965,0.01015625,0.9979019434628975
W2_apt,13,L0,concurrent,pin_ip,1.0,0.6047008547008547,0.7536617842876164,0.14453125,
W2_apt,13,L0,concurrent,pin_prefix24,1.0,0.7526595744680851,0.8588770864946889,0.07265625,
W2_apt,13,L0,concurrent,pin_scope16,1.0,0.8761609907120743,0.9339933993399341,0.03125,
W2_apt,13,L0,concurrent,pin_useragent,0.901060070671378,0.7203389830508474,0.8006279434850863,0.07734375,
W2_apt,13,L0,concurrent,pin_useragent_core,0.44876325088339225,1.0,0.6195121951219512,0.0,
W2_apt,13,L0,concurrent,pin_ip_or_useragent,1.0,0.5431861804222649,0.7039800995024875,0.1859375,
W2_apt,13,L0,concurrent,pin_ip_and_useragent,0.901060070671378,0.8471760797342193,0.8732876712328768,0.0359375,
W2_apt,13,L0,concurrent,score_distinct_bindings,0.0706713780918728,1.0,0.132013201320132,0.0,0.9662392336572438
W2_apt,13,L0,concurrent,score_max_request_rate,0.0,0.0,0.0,0.0,0.5058938825088339
W2_apt,13,L0,concurrent,score_burstiness,0.0,0.0,0.0,0.0078125,0.44045384275618377
W2_apt,14,L0,concurrent,SICA (proposed),0.6415770609318996,1.0,0.7816593886462881,0.0,0.997698444600766
W2_apt,14,L0,concurrent,pin_ip,1.0,0.5728952772073922,0.7284595300261097,0.16199376947040497,
W2_apt,14,L0,concurrent,pin_prefix24,1.0,0.7117346938775511,0.8315946348733234,0.08800623052959501,
W2_apt,14,L0,concurrent,pin_scope16,1.0,0.8403614457831325,0.9132569558101473,0.04127725856697819,
W2_apt,14,L0,concurrent,pin_useragent,0.8745519713261649,0.6455026455026455,0.7427701674277017,0.1043613707165109,
W2_apt,14,L0,concurrent,pin_useragent_core,0.4157706093189964,1.0,0.5873417721518988,0.0,
W2_apt,14,L0,concurrent,pin_ip_or_useragent,1.0,0.5138121546961326,0.6788321167883212,0.205607476635514,
W2_apt,14,L0,concurrent,pin_ip_and_useragent,0.8745519713261649,0.7577639751552795,0.8119800332778703,0.06074766355140187,
W2_apt,14,L0,concurrent,score_distinct_bindings,0.07885304659498207,1.0,0.14617940199335547,0.0,0.9594666644335019
W2_apt,14,L0,concurrent,score_max_request_rate,0.0,0.0,0.0,0.0,0.49399139114996815
W2_apt,14,L0,concurrent,score_burstiness,0.0035842293906810036,0.07692307692307693,0.0068493150684931494,0.009345794392523364,0.418986366529327
W2_apt,15,L0,concurrent,SICA (proposed),0.9787985865724381,0.9685314685314685,0.9736379613356766,0.00703125,0.9981586793286219
W2_apt,15,L0,concurrent,pin_ip,1.0,0.5717171717171717,0.7275064267352186,0.165625,
W2_apt,15,L0,concurrent,pin_prefix24,1.0,0.7237851662404092,0.8397626112759643,0.084375,
W2_apt,15,L0,concurrent,pin_scope16,1.0,0.8734567901234568,0.9324546952224052,0.03203125,
W2_apt,15,L0,concurrent,pin_useragent,0.8409893992932862,0.6214099216710183,0.7147147147147147,0.11328125,
W2_apt,15,L0,concurrent,pin_useragent_core,0.4275618374558304,1.0,0.599009900990099,0.0,
W2_apt,15,L0,concurrent,pin_ip_or_useragent,1.0,0.4956217162872154,0.6627634660421545,0.225,
W2_apt,15,L0,concurrent,pin_ip_and_useragent,0.8409893992932862,0.7752442996742671,0.8067796610169491,0.05390625,
W2_apt,15,L0,concurrent,score_distinct_bindings,0.07420494699646643,1.0,0.1381578947368421,0.0,0.9609430212014134
W2_apt,15,L0,concurrent,score_max_request_rate,0.0,0.0,0.0,0.0,0.5122211793286219
W2_apt,15,L0,concurrent,score_burstiness,0.0,0.0,0.0,0.0078125,0.44785363295053005
W2_apt,16,L0,concurrent,SICA (proposed),0.9691780821917808,0.956081081081081,0.9625850340136053,0.010228166797797011,0.9974348749232079
W2_apt,16,L0,concurrent,pin_ip,1.0,0.6173361522198731,0.7633986928104576,0.14240755310778913,
W2_apt,16,L0,concurrent,pin_prefix24,1.0,0.731829573934837,0.8451519536903038,0.08418568056648308,
W2_apt,16,L0,concurrent,pin_scope16,1.0,0.863905325443787,0.926984126984127,0.03619197482297404,
W2_apt,16,L0,concurrent,pin_useragent,0.8527397260273972,0.6569920844327177,0.7421758569299554,0.1022816679779701,
W2_apt,16,L0,concurrent,pin_useragent_core,0.4349315068493151,1.0,0.6062052505966588,0.0,
W2_apt,16,L0,concurrent,pin_ip_or_useragent,1.0,0.5347985347985348,0.6968973747016707,0.1998426435877262,
W2_apt,16,L0,concurrent,pin_ip_and_useragent,0.8527397260273972,0.8137254901960784,0.8327759197324415,0.044846577498033044,
W2_apt,16,L0,concurrent,score_distinct_bindings,0.09246575342465753,1.0,0.16927899686520376,0.0,0.9617993059073322
W2_apt,16,L0,concurrent,score_max_request_rate,0.0,0.0,0.0,0.0,0.5078314454156473
W2_apt,16,L0,concurrent,score_burstiness,0.00684931506849315,0.15384615384615385,0.013114754098360654,0.00865460267505901,0.44232240819977797
W2_apt,17,L0,concurrent,SICA (proposed),0.9602649006622517,0.9698996655518395,0.9650582362728786,0.007137192704203013,0.9982432737604445
W2_apt,17,L0,concurrent,pin_ip,1.0,0.648068669527897,0.7864583333333334,0.13005551149881048,
W2_apt,17,L0,concurrent,pin_prefix24,1.0,0.8162162162162162,0.8988095238095237,0.05392545598731166,
W2_apt,17,L0,concurrent,pin_scope16,1.0,0.937888198757764,0.9679487179487178,0.01586042823156225,
W2_apt,17,L0,concurrent,pin_useragent,0.8377483443708609,0.6819407008086253,0.7518573551263001,0.09357652656621729,
W2_apt,17,L0,concurrent,pin_useragent_core,0.4139072847682119,1.0,0.585480093676815,0.0,
W2_apt,17,L0,concurrent,pin_ip_or_useragent,1.0,0.5644859813084112,0.7216248506571087,0.18477398889770025,
W2_apt,17,L0,concurrent,pin_ip_and_useragent,0.8377483443708609,0.8377483443708609,0.8377483443708609,0.03885804916732752,
W2_apt,17,L0,concurrent,score_distinct_bindings,0.07947019867549669,1.0,0.147239263803681,0.0,0.9751800053568334
W2_apt,17,L0,concurrent,score_max_request_rate,0.0,0.0,0.0,0.0,0.5015125176591688
W2_apt,17,L0,concurrent,score_burstiness,0.0,0.0,0.0,0.007930214115781126,0.44023191937440587
W2_apt,18,L0,concurrent,SICA (proposed),0.6527331189710611,1.0,0.7898832684824904,0.0,0.9980224566738235
W2_apt,18,L0,concurrent,pin_ip,1.0,0.6412371134020619,0.7814070351758795,0.1389776357827476,
W2_apt,18,L0,concurrent,pin_prefix24,1.0,0.7974358974358975,0.8873038516405136,0.06309904153354633,
W2_apt,18,L0,concurrent,pin_scope16,1.0,0.8936781609195402,0.9438543247344461,0.029552715654952075,
W2_apt,18,L0,concurrent,pin_useragent,0.8456591639871383,0.6921052631578948,0.7612156295224313,0.09345047923322684,
W2_apt,18,L0,concurrent,pin_useragent_core,0.4212218649517685,1.0,0.5927601809954751,0.0,
W2_apt,18,L0,concurrent,pin_ip_or_useragent,1.0,0.5664845173041895,0.7232558139534884,0.1900958466453674,
W2_apt,18,L0,concurrent,pin_ip_and_useragent,0.8456591639871383,0.8322784810126582,0.8389154704944178,0.04233226837060703,
W2_apt,18,L0,concurrent,score_distinct_bindings,0.08360128617363344,1.0,0.1543026706231454,0.0,0.9710880597474908
W2_apt,18,L0,concurrent,score_max_request_rate,0.0,0.0,0.0,0.0,0.5097066558458235
W2_apt,18,L0,concurrent,score_burstiness,0.0,0.0,0.0,0.009584664536741214,0.44552638607809497
W2_apt,19,L0,concurrent,SICA (proposed),0.9640287769784173,0.9710144927536232,0.967509025270758,0.0062256809338521405,0.9976177812613722
W2_apt,19,L0,concurrent,pin_ip,1.0,0.5593561368209256,0.7174193548387098,0.17042801556420234,
W2_apt,19,L0,concurrent,pin_prefix24,1.0,0.7164948453608248,0.8348348348348348,0.08560311284046693,
W2_apt,19,L0,concurrent,pin_scope16,1.0,0.8742138364779874,0.9328859060402684,0.0311284046692607,
W2_apt,19,L0,concurrent,pin_useragent,0.8705035971223022,0.6612021857923497,0.751552795031056,0.09649805447470818,
W2_apt,19,L0,concurrent,pin_useragent_core,0.42805755395683454,1.0,0.5994962216624685,0.0,
W2_apt,19,L0,concurrent,pin_ip_or_useragent,1.0,0.49642857142857144,0.6634844868735084,0.21945525291828794,
W2_apt,19,L0,concurrent,pin_ip_and_useragent,0.8705035971223022,0.7986798679867987,0.8330464716006885,0.047470817120622566,
W2_apt,19,L0,concurrent,score_distinct_bindings,0.050359712230215826,1.0,0.09589041095890412,0.0,0.9593539176440948
W2_apt,19,L0,concurrent,score_max_request_rate,0.0,0.0,0.0,0.0,0.5382050779609775
W2_apt,19,L0,concurrent,score_burstiness,0.0,0.0,0.0,0.00933852140077821,0.4505122750048988
W2_apt,0,L1,takeover,SICA (proposed),0.0,0.0,0.0,0.0,0.946030868293642
W2_apt,0,L1,takeover,pin_ip,1.0,0.6457925636007827,0.7847800237812129,0.1467964314679643,
W2_apt,0,L1,takeover,pin_prefix24,1.0,0.7971014492753623,0.8870967741935484,0.0681265206812652,
W2_apt,0,L1,takeover,pin_scope16,1.0,0.9166666666666666,0.9565217391304348,0.024330900243309004,
W2_apt,0,L1,takeover,pin_useragent,0.04242424242424243,0.09523809523809523,0.05870020964360587,0.10786699107866991,
W2_apt,0,L1,takeover,pin_useragent_core,0.0,0.0,0.0,0.0,
W2_apt,0,L1,takeover,pin_ip_or_useragent,1.0,0.5631399317406144,0.7205240174672489,0.20762368207623683,
W2_apt,0,L1,takeover,pin_ip_and_useragent,0.04242424242424243,0.19444444444444445,0.06965174129353234,0.047039740470397405,
W2_apt,0,L1,takeover,score_distinct_bindings,0.02727272727272727,1.0,0.053097345132743355,0.0,0.9668657376686574
W2_apt,0,L1,takeover,score_max_request_rate,0.0,0.0,0.0,0.0,0.500197842168645
W2_apt,0,L1,takeover,score_burstiness,0.0,0.0,0.0,0.009732360097323601,0.4765870382658704
W2_apt,1,L1,takeover,SICA (proposed),0.0,0.0,0.0,0.00791765637371338,0.934089469517023
W2_apt,1,L1,takeover,pin_ip,1.0,0.5905511811023622,0.7425742574257426,0.16468725257323832,
W2_apt,1,L1,takeover,pin_prefix24,1.0,0.7334963325183375,0.846262341325811,0.08630245447347586,
W2_apt,1,L1,takeover,pin_scope16,1.0,0.8797653958944281,0.9360374414976599,0.03246239113222486,
W2_apt,1,L1,takeover,pin_useragent,0.04666666666666667,0.1037037037037037,0.06436781609195402,0.0958036421219319,
W2_apt,1,L1,takeover,pin_useragent_core,0.0,0.0,0.0,0.0,
W2_apt,1,L1,takeover,pin_ip_or_useragent,1.0,0.539568345323741,0.7009345794392523,0.20269200316706254,
W2_apt,1,L1,takeover,pin_ip_and_useragent,0.04666666666666667,0.16091954022988506,0.0723514211886305,0.05779889152810768,
W2_apt,1,L1,takeover,score_distinct_bindings,0.04,1.0,0.07692307692307693,0.0,0.9585748218527316
W2_apt,1,L1,takeover,score_max_request_rate,0.0,0.0,0.0,0.0,0.4936474003694906
W2_apt,1,L1,takeover,score_burstiness,0.0033333333333333335,0.07692307692307693,0.0063897763578274775,0.009501187648456057,0.46799683293745054
W2_apt,2,L1,takeover,SICA (proposed),0.0,0.0,0.0,0.00954653937947494,0.9502043458592665
W2_apt,2,L1,takeover,pin_ip,1.0,0.6415094339622641,0.7816091954022989,0.1360381861575179,
W2_apt,2,L1,takeover,pin_prefix24,1.0,0.7806122448979592,0.8767908309455587,0.06841686555290374,
W2_apt,2,L1,takeover,pin_scope16,1.0,0.9107142857142857,0.9532710280373832,0.02386634844868735,
W2_apt,2,L1,takeover,pin_useragent,0.05555555555555555,0.1223021582733813,0.07640449438202247,0.09705648369132856,
W2_apt,2,L1,takeover,pin_useragent_core,0.0,0.0,0.0,0.0,
W2_apt,2,L1,takeover,pin_ip_or_useragent,1.0,0.5625,0.72,0.18933969769291964,
W2_apt,2,L1,takeover,pin_ip_and_useragent,0.05555555555555555,0.2361111111111111,0.08994708994708996,0.04375497215592681,
W2_apt,2,L1,takeover,score_distinct_bindings,0.029411764705882353,1.0,0.05714285714285715,0.0,0.9667976975993261
W2_apt,2,L1,takeover,score_max_request_rate,0.0,0.0,0.0,0.0,0.5046601775157159
W2_apt,2,L1,takeover,score_burstiness,0.0,0.0,0.0,0.008750994431185362,0.4688736539431471
W2_apt,3,L1,takeover,SICA (proposed),0.0,0.0,0.0,0.0,0.9247444713849755
W2_apt,3,L1,takeover,pin_ip,1.0,0.608,0.7562189054726367,0.1556791104050834,
W2_apt,3,L1,takeover,pin_prefix24,1.0,0.7543424317617866,0.85997171145686,0.07863383637807785,
W2_apt,3,L1,takeover,pin_scope16,1.0,0.8636363636363636,0.9268292682926829,0.03812549642573471,
W2_apt,3,L1,takeover,pin_useragent,0.039473684210526314,0.09448818897637795,0.0556844547563805,0.09134233518665608,
W2_apt,3,L1,takeover,pin_useragent_core,0.0,0.0,0.0,0.0,
W2_apt,3,L1,takeover,pin_ip_or_useragent,1.0,0.5477477477477477,0.7077997671711291,0.1993645750595711,
W2_apt,3,L1,takeover,pin_ip_and_useragent,0.039473684210526314,0.16666666666666666,0.06382978723404256,0.04765687053216839,
W2_apt,3,L1,takeover,score_distinct_bindings,0.01644736842105263,1.0,0.032362459546925564,0.0,0.9613297416495966
W2_apt,3,L1,takeover,score_max_request_rate,0.0,0.0,0.0,0.0,0.4995388466201246
W2_apt,3,L1,takeover,score_burstiness,0.0,0.0,0.0,0.007148530579825258,0.49845454830483676
W2_apt,4,L1,takeover,SICA (proposed),0.006389776357827476,0.11764705882352941,0.012121212121212121,0.012,0.9353571884984025
W2_apt,4,L1,takeover,pin_ip,1.0,0.6149312377210217,0.7615571776155718,0.1568,
W2_apt,4,L1,takeover,pin_prefix24,1.0,0.7452380952380953,0.8540245566166439,0.0856,
W2_apt,4,L1,takeover,pin_scope16,1.0,0.886685552407932,0.93993993993994,0.032,
W2_apt,4,L1,takeover,pin_useragent,0.02875399361022364,0.06818181818181818,0.04044943820224719,0.0984,
W2_apt,4,L1,takeover,pin_useragent_core,0.0,0.0,0.0,0.0,
W2_apt,4,L1,takeover,pin_ip_or_useragent,1.0,0.5443478260869565,0.704954954954955,0.2096,
W2_apt,4,L1,takeover,pin_ip_and_useragent,0.02875399361022364,0.13636363636363635,0.0474934036939314,0.0456,
W2_apt,4,L1,takeover,score_distinct_bindings,0.038338658146964855,1.0,0.07384615384615384,0.0,0.9588408945686901
W2_apt,4,L1,takeover,score_max_request_rate,0.0,0.0,0.0,0.0,0.506341214057508
W2_apt,4,L1,takeover,score_burstiness,0.006389776357827476,0.2222222222222222,0.012422360248447204,0.0056,0.48163961661341853
W2_apt,5,L1,takeover,SICA (proposed),0.0,0.0,0.0,0.005604483586869495,0.9613168241599649
W2_apt,5,L1,takeover,pin_ip,1.0,0.6144814090019569,0.7612121212121212,0.1577261809447558,
W2_apt,5,L1,takeover,pin_prefix24,1.0,0.7810945273631841,0.877094972067039,0.07045636509207366,
W2_apt,5,L1,takeover,pin_scope16,1.0,0.9048991354466859,0.9500756429652043,0.02642113690952762,
W2_apt,5,L1,takeover,pin_useragent,0.03503184713375796,0.0738255033557047,0.047516198704103674,0.11048839071257005,
W2_apt,5,L1,takeover,pin_useragent_core,0.0,0.0,0.0,0.0,
W2_apt,5,L1,takeover,pin_ip_or_useragent,1.0,0.5470383275261324,0.7072072072072072,0.20816653322658127,
W2_apt,5,L1,takeover,pin_ip_and_useragent,0.03503184713375796,0.12790697674418605,0.05499999999999999,0.0600480384307446,
W2_apt,5,L1,takeover,score_distinct_bindings,0.028662420382165606,1.0,0.05572755417956656,0.0,0.9657815424313974
W2_apt,5,L1,takeover,score_max_request_rate,0.0,0.0,0.0,0.0,0.5250225658233594
W2_apt,5,L1,takeover,score_burstiness,0.0031847133757961785,0.1,0.00617283950617284,0.007205764611689352,0.4953287470740924
W2_apt,6,L1,takeover,SICA (proposed),0.0,0.0,0.0,0.0,0.9337006710277685
W2_apt,6,L1,takeover,pin_ip,1.0,0.63671875,0.7780429594272077,0.15036378334680678,
W2_apt,6,L1,takeover,pin_prefix24,1.0,0.7581395348837209,0.8624338624338624,0.08407437348423606,
W2_apt,6,L1,takeover,pin_scope16,1.0,0.8931506849315068,0.94356005788712,0.03152789005658852,
W2_apt,6,L1,takeover,pin_useragent,0.03374233128834356,0.08088235294117647,0.04761904761904762,0.10105092966855295,
W2_apt,6,L1,takeover,pin_useragent_core,0.0,0.0,0.0,0.0,
W2_apt,6,L1,takeover,pin_ip_or_useragent,1.0,0.555366269165247,0.7141292442497261,0.21099434114793855,
W2_apt,6,L1,takeover,pin_ip_and_useragent,0.03374233128834356,0.18032786885245902,0.056847545219638244,0.04042037186742118,
W2_apt,6,L1,takeover,score_distinct_bindings,0.024539877300613498,1.0,0.04790419161676646,0.0,0.9589944006625966
W2_apt,6,L1,takeover,score_max_request_rate,0.0,0.0,0.0,0.0,0.5023099126622395
W2_apt,6,L1,takeover,score_burstiness,0.0,0.0,0.0,0.009700889248181084,0.49467095833477986
W2_apt,7,L1,takeover,SICA (proposed),0.0,0.0,0.0,0.008856682769726247,0.9438236489232019
W2_apt,7,L1,takeover,pin_ip,1.0,0.6458752515090543,0.784841075794621,0.14170692431561996,
W2_apt,7,L1,takeover,pin_prefix24,1.0,0.784841075794621,0.8794520547945206,0.07085346215780998,
W2_apt,7,L1,takeover,pin_scope16,1.0,0.8991596638655462,0.9469026548672567,0.028985507246376812,
W2_apt,7,L1,takeover,pin_useragent,0.0529595015576324,0.12686567164179105,0.07472527472527472,0.09420289855072464,
W2_apt,7,L1,takeover,pin_useragent_core,0.0,0.0,0.0,0.0,
W2_apt,7,L1,takeover,pin_ip_or_useragent,1.0,0.5721925133689839,0.727891156462585,0.1932367149758454,
W2_apt,7,L1,takeover,pin_ip_and_useragent,0.0529595015576324,0.24285714285714285,0.08695652173913043,0.0426731078904992,
W2_apt,7,L1,takeover,score_distinct_bindings,0.03426791277258567,1.0,0.06626506024096386,0.0,0.9657872690515248
W2_apt,7,L1,takeover,score_max_request_rate,0.0,0.0,0.0,0.0,0.5307726458681356
W2_apt,7,L1,takeover,score_burstiness,0.0,0.0,0.0,0.010466988727858293,0.5107491685102412
W2_apt,8,L1,takeover,SICA (proposed),0.0034129692832764505,0.08333333333333333,0.006557377049180328,0.008661417322834646,0.9462040794388756
W2_apt,8,L1,takeover,pin_ip,1.0,0.6301075268817204,0.7730870712401056,0.13543307086614173,
W2_apt,8,L1,takeover,pin_prefix24,1.0,0.7730870712401056,0.8720238095238095,0.06771653543307087,
W2_apt,8,L1,takeover,pin_scope16,1.0,0.9071207430340558,0.9512987012987013,0.023622047244094488,
W2_apt,8,L1,takeover,pin_useragent,0.030716723549488054,0.07758620689655173,0.04400977995110024,0.08425196850393701,
W2_apt,8,L1,takeover,pin_useragent_core,0.0,0.0,0.0,0.0,
W2_apt,8,L1,takeover,pin_ip_or_useragent,1.0,0.5591603053435115,0.7172582619339045,0.18188976377952756,
W2_apt,8,L1,takeover,pin_ip_and_useragent,0.030716723549488054,0.15789473684210525,0.05142857142857142,0.03779527559055118,
W2_apt,8,L1,takeover,score_distinct_bindings,0.023890784982935155,1.0,0.046666666666666676,0.0,0.9669506328773749
W2_apt,8,L1,takeover,score_max_request_rate,0.0,0.0,0.0,0.0,0.5311157990916664
W2_apt,8,L1,takeover,score_burstiness,0.0034129692832764505,0.09090909090909091,0.006578947368421053,0.007874015748031496,0.5110760259063181
W2_apt,9,L1,takeover,SICA (proposed),0.0,0.0,0.0,0.004101722723543888,0.9459896121487303
W2_apt,9,L1,takeover,pin_ip,1.0,0.6417910447761194,0.7818181818181819,0.15750615258408532,
W2_apt,9,L1,takeover,pin_prefix24,1.0,0.8210023866348448,0.9017038007863696,0.06152584085315833,
W2_apt,9,L1,takeover,pin_scope16,1.0,0.9347826086956522,0.9662921348314606,0.019688269073010665,
W2_apt,9,L1,takeover,pin_useragent,0.04941860465116279,0.11805555555555555,0.06967213114754098,0.10418375717801477,
W2_apt,9,L1,takeover,pin_useragent_core,0.0,0.0,0.0,0.0,
W2_apt,9,L1,takeover,pin_ip_or_useragent,1.0,0.5791245791245792,0.7334754797441365,0.20508613617719443,
W2_apt,9,L1,takeover,pin_ip_and_useragent,0.04941860465116279,0.19767441860465115,0.07906976744186045,0.05660377358490566,
W2_apt,9,L1,takeover,score_distinct_bindings,0.011627906976744186,1.0,0.022988505747126436,0.0,0.969594787950474
W2_apt,9,L1,takeover,score_max_request_rate,0.0,0.0,0.0,0.0,0.5125662952858805
W2_apt,9,L1,takeover,score_burstiness,0.0029069767441860465,0.08333333333333333,0.0056179775280898875,0.009023789991796555,0.4933609325218917
W2_apt,10,L1,takeover,SICA (proposed),0.0,0.0,0.0,0.005511811023622047,0.9562468087393513
W2_apt,10,L1,takeover,pin_ip,1.0,0.6341991341991342,0.776158940397351,0.13307086614173227,
W2_apt,10,L1,takeover,pin_prefix24,1.0,0.7918918918918919,0.8838612368024132,0.06062992125984252,
W2_apt,10,L1,takeover,pin_scope16,1.0,0.9213836477987422,0.9590834697217675,0.01968503937007874,
W2_apt,10,L1,takeover,pin_useragent,0.04778156996587031,0.10218978102189781,0.06511627906976744,0.09685039370078741,
W2_apt,10,L1,takeover,pin_useragent_core,0.0,0.0,0.0,0.0,
W2_apt,10,L1,takeover,pin_ip_or_useragent,1.0,0.5602294455066922,0.7181372549019609,0.18110236220472442,
W2_apt,10,L1,takeover,pin_ip_and_useragent,0.04778156996587031,0.18421052631578946,0.07588075880758809,0.048818897637795275,
W2_apt,10,L1,takeover,score_distinct_bindings,0.04436860068259386,1.0,0.08496732026143791,0.0,0.9710300717529763
W2_apt,10,L1,takeover,score_max_request_rate,0.0,0.0,0.0,0.0,0.5293837843648384
W2_apt,10,L1,takeover,score_burstiness,0.006825938566552901,0.18181818181818182,0.013157894736842106,0.007086614173228346,0.5008707102738438
W2_apt,11,L1,takeover,SICA (proposed),0.003215434083601286,0.07692307692307693,0.00617283950617284,0.009584664536741214,0.9469453376205788
W2_apt,11,L1,takeover,pin_ip,1.0,0.6452282157676349,0.7843631778058009,0.1365814696485623,
W2_apt,11,L1,takeover,pin_prefix24,1.0,0.7853535353535354,0.8797736916548797,0.06789137380191693,
W2_apt,11,L1,takeover,pin_scope16,1.0,0.9040697674418605,0.9496183206106871,0.026357827476038338,
W2_apt,11,L1,takeover,pin_useragent,0.03215434083601286,0.07633587786259542,0.04524886877828054,0.09664536741214058,
W2_apt,11,L1,takeover,pin_useragent_core,0.0,0.0,0.0,0.0,
W2_apt,11,L1,takeover,pin_ip_or_useragent,1.0,0.5623869801084991,0.7199074074074074,0.19329073482428116,
W2_apt,11,L1,takeover,pin_ip_and_useragent,0.03215434083601286,0.16666666666666666,0.053908355795148244,0.039936102236421724,
W2_apt,11,L1,takeover,score_distinct_bindings,0.01929260450160772,1.0,0.03785488958990536,0.0,0.9667092138109571
W2_apt,11,L1,takeover,score_max_request_rate,0.0,0.0,0.0,0.0,0.5180213266490656
W2_apt,11,L1,takeover,score_burstiness,0.0,0.0,0.0,0.00878594249201278,0.49889308938495835
W2_apt,12,L1,takeover,SICA (proposed),0.003134796238244514,0.07142857142857142,0.006006006006006005,0.01045016077170418,0.9363326411918274
W2_apt,12,L1,takeover,pin_ip,1.0,0.6444444444444445,0.7837837837837839,0.1414790996784566,
W2_apt,12,L1,takeover,pin_prefix24,1.0,0.7915632754342432,0.8836565096952909,0.06752411575562701,
W2_apt,12,L1,takeover,pin_scope16,1.0,0.8836565096952909,0.9382352941176471,0.03376205787781351,
W2_apt,12,L1,takeover,pin_useragent,0.009404388714733543,0.02631578947368421,0.013856812933025405,0.08922829581993569,
W2_apt,12,L1,takeover,pin_useragent_core,0.0,0.0,0.0,0.0,
W2_apt,12,L1,takeover,pin_ip_or_useragent,1.0,0.5778985507246377,0.7324913892078071,0.1872990353697749,
W2_apt,12,L1,takeover,pin_ip_and_useragent,0.009404388714733543,0.05263157894736842,0.015957446808510637,0.04340836012861737,
W2_apt,12,L1,takeover,score_distinct_bindings,0.025078369905956112,1.0,0.04892966360856269,0.0,0.9670846394984326
W2_apt,12,L1,takeover,score_max_request_rate,0.0,0.0,0.0,0.0,0.5117794252537572
W2_apt,12,L1,takeover,score_burstiness,0.006269592476489028,0.2,0.0121580547112462,0.006430868167202572,0.49871231440695907
W2_apt,13,L1,takeover,SICA (proposed),0.0,0.0,0.0,0.010317460317460317,0.9363586358635864
W2_apt,13,L1,takeover,pin_ip,1.0,0.6234567901234568,0.768060836501901,0.14523809523809525,
W2_apt,13,L1,takeover,pin_prefix24,1.0,0.7651515151515151,0.8669527896995708,0.07380952380952381,
W2_apt,13,L1,takeover,pin_scope16,1.0,0.8833819241982507,0.9380804953560371,0.031746031746031744,
W2_apt,13,L1,takeover,pin_useragent,0.0462046204620462,0.12389380530973451,0.0673076923076923,0.07857142857142857,
W2_apt,13,L1,takeover,pin_useragent_core,0.0,0.0,0.0,0.0,
W2_apt,13,L1,takeover,pin_ip_or_useragent,1.0,0.562152133580705,0.7197149643705464,0.1873015873015873,
W2_apt,13,L1,takeover,pin_ip_and_useragent,0.0462046204620462,0.23333333333333334,0.0771349862258953,0.03650793650793651,
W2_apt,13,L1,takeover,score_distinct_bindings,0.033003300330033,1.0,0.06389776357827476,0.0,0.9643132170359893
W2_apt,13,L1,takeover,score_max_request_rate,0.0,0.0,0.0,0.0,0.47925506836397924
W2_apt,13,L1,takeover,score_burstiness,0.0,0.0,0.0,0.006349206349206349,0.4574545549793075
W2_apt,14,L1,takeover,SICA (proposed),0.0,0.0,0.0,0.0,0.9361067855542994
W2_apt,14,L1,takeover,pin_ip,1.0,0.5896414342629482,0.7418546365914788,0.16258879242304658,
W2_apt,14,L1,takeover,pin_prefix24,1.0,0.7272727272727273,0.8421052631578948,0.08760852407261246,
W2_apt,14,L1,takeover,pin_scope16,1.0,0.8505747126436781,0.9192546583850931,0.04104183109707971,
W2_apt,14,L1,takeover,pin_useragent,0.04391891891891892,0.08843537414965986,0.05869074492099323,0.10576164167324388,
W2_apt,14,L1,takeover,pin_useragent_core,0.0,0.0,0.0,0.0,
W2_apt,14,L1,takeover,pin_ip_or_useragent,1.0,0.5304659498207885,0.6932084309133489,0.2067876874506709,
W2_apt,14,L1,takeover,pin_ip_and_useragent,0.04391891891891892,0.14285714285714285,0.06718346253229975,0.06156274664561957,
W2_apt,14,L1,takeover,score_distinct_bindings,0.037162162162162164,1.0,0.0716612377850163,0.0,0.9578235990528808
W2_apt,14,L1,takeover,score_max_request_rate,0.0,0.0,0.0,0.0,0.5054648669980162
W2_apt,14,L1,takeover,score_burstiness,0.0,0.0,0.0,0.007892659826361484,0.47897512745579046
W2_apt,15,L1,takeover,SICA (proposed),0.0033783783783783786,0.1,0.006535947712418301,0.007103393843725336,0.9376493205913096
W2_apt,15,L1,takeover,pin_ip,1.0,0.5849802371541502,0.7381546134663342,0.16574585635359115,
W2_apt,15,L1,takeover,pin_prefix24,1.0,0.7326732673267327,0.8457142857142858,0.08524072612470403,
W2_apt,15,L1,takeover,pin_scope16,1.0,0.8783382789317508,0.9352290679304897,0.03235990528808208,
W2_apt,15,L1,takeover,pin_useragent,0.033783783783783786,0.06451612903225806,0.044345898004434586,0.11444356748224152,
W2_apt,15,L1,takeover,pin_useragent_core,0.0,0.0,0.0,0.0,
W2_apt,15,L1,takeover,pin_ip_or_useragent,1.0,0.5085910652920962,0.6742596810933941,0.22573007103393844,
W2_apt,15,L1,takeover,pin_ip_and_useragent,0.033783783783783786,0.12658227848101267,0.05333333333333334,0.05445935280189424,
W2_apt,15,L1,takeover,score_distinct_bindings,0.04054054054054054,1.0,0.07792207792207792,0.0,0.9591074894942299
W2_apt,15,L1,takeover,score_max_request_rate,0.0,0.0,0.0,0.0,0.5046809338936411
W2_apt,15,L1,takeover,score_burstiness,0.016891891891891893,0.35714285714285715,0.03225806451612903,0.007103393843725336,0.4803856737558395
W2_apt,16,L1,takeover,SICA (proposed),0.0,0.0,0.0,0.010375099760574621,0.9361056046134438
W2_apt,16,L1,takeover,pin_ip,1.0,0.6313645621181263,0.7740324594257179,0.14445331205107742,
W2_apt,16,L1,takeover,pin_prefix24,1.0,0.7434052757793765,0.8528198074277854,0.0853950518754988,
W2_apt,16,L1,takeover,pin_scope16,1.0,0.8707865168539326,0.9309309309309309,0.03671189146049481,
W2_apt,16,L1,takeover,pin_useragent,0.03870967741935484,0.0851063829787234,0.05321507760532151,0.10295291300877893,
W2_apt,16,L1,takeover,pin_useragent_core,0.0,0.0,0.0,0.0,
W2_apt,16,L1,takeover,pin_ip_or_useragent,1.0,0.5506216696269982,0.7101947308132874,0.20191540303272146,
W2_apt,16,L1,takeover,pin_ip_and_useragent,0.03870967741935484,0.17391304347826086,0.0633245382585752,0.04549082202713488,
W2_apt,16,L1,takeover,score_distinct_bindings,0.03225806451612903,1.0,0.0625,0.0,0.9586798136086296
W2_apt,16,L1,takeover,score_max_request_rate,0.0,0.0,0.0,0.0,0.5074582292819813
W2_apt,16,L1,takeover,score_burstiness,0.0032258064516129032,0.09090909090909091,0.006230529595015576,0.007980845969672785,0.49355353602965785
W2_apt,17,L1,takeover,SICA (proposed),0.0,0.0,0.0,0.007252215954875101,0.9564329007362325
W2_apt,17,L1,takeover,pin_ip,1.0,0.6666666666666666,0.8,0.1297340854149879,
W2_apt,17,L1,takeover,pin_prefix24,1.0,0.8277634961439588,0.9057665260196905,0.053988718775181306,
W2_apt,17,L1,takeover,pin_scope16,1.0,0.9415204678362573,0.9698795180722891,0.016116035455278,
W2_apt,17,L1,takeover,pin_useragent,0.024844720496894408,0.064,0.03579418344519016,0.09427880741337631,
W2_apt,17,L1,takeover,pin_useragent_core,0.0,0.0,0.0,0.0,
W2_apt,17,L1,takeover,pin_ip_or_useragent,1.0,0.5833333333333334,0.7368421052631579,0.185334407735697,
W2_apt,17,L1,takeover,pin_ip_and_useragent,0.024844720496894408,0.14285714285714285,0.042328042328042326,0.038678485092667206,
W2_apt,17,L1,takeover,score_distinct_bindings,0.027950310559006212,1.0,0.054380664652567974,0.0,0.9737601413406339
W2_apt,17,L1,takeover,score_max_request_rate,0.0,0.0,0.0,0.0,0.491078623230114
W2_apt,17,L1,takeover,score_burstiness,0.0,0.0,0.0,0.007252215954875101,0.46224243121906294
W2_apt,18,L1,takeover,SICA (proposed),0.0,0.0,0.0,0.0,0.9488435616519699
W2_apt,18,L1,takeover,pin_ip,1.0,0.6566265060240963,0.7927272727272727,0.1383495145631068,
W2_apt,18,L1,takeover,pin_prefix24,1.0,0.8074074074074075,0.8934426229508198,0.06310679611650485,
W2_apt,18,L1,takeover,pin_scope16,1.0,0.8983516483516484,0.9464544138929089,0.029935275080906147,
W2_apt,18,L1,takeover,pin_useragent,0.04892966360856269,0.12121212121212122,0.06971677559912855,0.09385113268608414,
W2_apt,18,L1,takeover,pin_useragent_core,0.0,0.0,0.0,0.0,
W2_apt,18,L1,takeover,pin_ip_or_useragent,1.0,0.5828877005347594,0.7364864864864864,0.18932038834951456,
W2_apt,18,L1,takeover,pin_ip_and_useragent,0.04892966360856269,0.2318840579710145,0.08080808080808081,0.04288025889967637,
W2_apt,18,L1,takeover,score_distinct_bindings,0.045871559633027525,1.0,0.08771929824561404,0.0,0.9698940055224013
W2_apt,18,L1,takeover,score_max_request_rate,0.0,0.0,0.0,0.0,0.49872207871896124
W2_apt,18,L1,takeover,score_burstiness,0.0030581039755351682,0.09090909090909091,0.005917159763313609,0.008090614886731391,0.46435057351820513
W2_apt,19,L1,takeover,SICA (proposed),0.003389830508474576,0.1111111111111111,0.006578947368421053,0.006309148264984227,0.9318023846441748
W2_apt,19,L1,takeover,pin_ip,1.0,0.5784313725490197,0.732919254658385,0.1695583596214511,
W2_apt,19,L1,takeover,pin_prefix24,1.0,0.7301980198019802,0.844062947067239,0.0859621451104101,
W2_apt,19,L1,takeover,pin_scope16,1.0,0.8805970149253731,0.9365079365079364,0.031545741324921134,
W2_apt,19,L1,takeover,pin_useragent,0.03728813559322034,0.08270676691729323,0.05140186915887851,0.09621451104100946,
W2_apt,19,L1,takeover,pin_useragent_core,0.0,0.0,0.0,0.0,
W2_apt,19,L1,takeover,pin_ip_or_useragent,1.0,0.5157342657342657,0.6805074971164936,0.21845425867507887,
W2_apt,19,L1,takeover,pin_ip_and_useragent,0.03728813559322034,0.15492957746478872,0.06010928961748634,0.0473186119873817,
W2_apt,19,L1,takeover,score_distinct_bindings,0.020338983050847456,1.0,0.0398671096345515,0.0,0.9578931187510025
W2_apt,19,L1,takeover,score_max_request_rate,0.0,0.0,0.0,0.0,0.5353058332887772
W2_apt,19,L1,takeover,score_burstiness,0.0,0.0,0.0,0.008675078864353312,0.4958736566326258
W2_apt,0,L1,concurrent,SICA (proposed),0.01935483870967742,1.0,0.0379746835443038,0.0,0.9959851195839662
W2_apt,0,L1,concurrent,pin_ip,1.0,0.6275303643724697,0.7711442786069652,0.14684756584197925,
W2_apt,0,L1,concurrent,pin_prefix24,1.0,0.7848101265822784,0.8794326241134751,0.06783719074221868,
W2_apt,0,L1,concurrent,pin_scope16,1.0,0.9090909090909091,0.9523809523809523,0.024740622505985636,
W2_apt,0,L1,concurrent,pin_useragent,0.07741935483870968,0.14906832298136646,0.10191082802547771,0.10933758978451716,
W2_apt,0,L1,concurrent,pin_useragent_core,0.0,0.0,0.0,0.0,
W2_apt,0,L1,concurrent,pin_ip_or_useragent,1.0,0.541958041958042,0.7029478458049886,0.20909816440542697,
W2_apt,0,L1,concurrent,pin_ip_and_useragent,0.07741935483870968,0.2891566265060241,0.12213740458015267,0.047086991221069435,
W2_apt,0,L1,concurrent,score_distinct_bindings,0.0935483870967742,1.0,0.1710914454277286,0.0,0.9692544345184461
W2_apt,0,L1,concurrent,score_max_request_rate,0.0,0.0,0.0,0.0,0.5167160106068017
W2_apt,0,L1,concurrent,score_burstiness,0.0,0.0,0.0,0.009577015163607342,0.458491877558376
W2_apt,1,L1,concurrent,SICA (proposed),0.9405594405594405,0.96415770609319,0.9522123893805309,0.007830853563038372,0.9938284112129061
W2_apt,1,L1,concurrent,pin_ip,1.0,0.5731462925851704,0.7286624203821657,0.1667971808927173,
W2_apt,1,L1,concurrent,pin_prefix24,1.0,0.7167919799498746,0.8350364963503649,0.08848864526233359,
W2_apt,1,L1,concurrent,pin_scope16,1.0,0.8693009118541033,0.9300813008130081,0.033672670321064996,
W2_apt,1,L1,concurrent,pin_useragent,0.12237762237762238,0.22012578616352202,0.15730337078651685,0.0971025841816758,
W2_apt,1,L1,concurrent,pin_useragent_core,0.0,0.0,0.0,0.0,
W2_apt,1,L1,concurrent,pin_ip_or_useragent,1.0,0.5218978102189781,0.6858513189448441,0.20516836335160532,
W2_apt,1,L1,concurrent,pin_ip_and_useragent,0.12237762237762238,0.3181818181818182,0.17676767676767677,0.058731401722787784,
W2_apt,1,L1,concurrent,score_distinct_bindings,0.09090909090909091,1.0,0.16666666666666669,0.0,0.9597778885171211
W2_apt,1,L1,concurrent,score_max_request_rate,0.0,0.0,0.0,0.0,0.5127826363143513
W2_apt,1,L1,concurrent,score_burstiness,0.0,0.0,0.0,0.010180109631949883,0.45686048485578634
W2_apt,2,L1,concurrent,SICA (proposed),0.9442508710801394,0.9575971731448764,0.9508771929824561,0.009404388714733543,0.9937495221347198
W2_apt,2,L1,concurrent,pin_ip,1.0,0.6252723311546841,0.7694369973190349,0.13479623824451412,
W2_apt,2,L1,concurrent,pin_prefix24,1.0,0.7694369973190348,0.8696969696969697,0.06739811912225706,
W2_apt,2,L1,concurrent,pin_scope16,1.0,0.9053627760252366,0.9503311258278145,0.023510971786833857,
W2_apt,2,L1,concurrent,pin_useragent,0.11846689895470383,0.21656050955414013,0.15315315315315317,0.09639498432601881,
W2_apt,2,L1,concurrent,pin_useragent_core,0.0,0.0,0.0,0.0,
W2_apt,2,L1,concurrent,pin_ip_or_useragent,1.0,0.5445920303605313,0.7051597051597052,0.18808777429467086,
W2_apt,2,L1,concurrent,pin_ip_and_useragent,0.11846689895470383,0.38202247191011235,0.18085106382978725,0.04310344827586207,
W2_apt,2,L1,concurrent,score_distinct_bindings,0.07317073170731707,1.0,0.13636363636363635,0.0,0.9687667252848077
W2_apt,2,L1,concurrent,score_max_request_rate,0.0,0.0,0.0,0.0,0.5237471737681998
W2_apt,2,L1,concurrent,score_burstiness,0.003484320557491289,0.07692307692307693,0.006666666666666666,0.009404388714733543,0.45555579828077725
W2_apt,3,L1,concurrent,SICA (proposed),0.017605633802816902,1.0,0.03460207612456747,0.0,0.9914738627228579
W2_apt,3,L1,concurrent,pin_ip,1.0,0.5843621399176955,0.7376623376623377,0.15793588741204065,
W2_apt,3,L1,concurrent,pin_prefix24,1.0,0.7395833333333334,0.8502994011976047,0.07818608287724785,
W2_apt,3,L1,concurrent,pin_scope16,1.0,0.8554216867469879,0.922077922077922,0.03752931978107897,
W2_apt,3,L1,concurrent,pin_useragent,0.1056338028169014,0.2054794520547945,0.1395348837209302,0.0906958561376075,
W2_apt,3,L1,concurrent,pin_useragent_core,0.0,0.0,0.0,0.0,
W2_apt,3,L1,concurrent,pin_ip_or_useragent,1.0,0.5249537892791127,0.6884848484848485,0.20093823299452698,
W2_apt,3,L1,concurrent,pin_ip_and_useragent,0.1056338028169014,0.32967032967032966,0.15999999999999998,0.04769351055512119,
W2_apt,3,L1,concurrent,score_distinct_bindings,0.0528169014084507,1.0,0.1003344481605351,0.0,0.9629717318767963
W2_apt,3,L1,concurrent,score_max_request_rate,0.0,0.0,0.0,0.0,0.5212933189441575
W2_apt,3,L1,concurrent,score_burstiness,0.0035211267605633804,0.07692307692307693,0.0067340067340067354,0.009382329945269743,0.4607899547401689
W2_apt,4,L1,concurrent,SICA (proposed),0.9635761589403974,0.9509803921568627,0.9572368421052633,0.011895321173671689,0.9926212246141242
W2_apt,4,L1,concurrent,pin_ip,1.0,0.604,0.7531172069825436,0.1570182394924663,
W2_apt,4,L1,concurrent,pin_prefix24,1.0,0.7365853658536585,0.848314606741573,0.08564631245043616,
W2_apt,4,L1,concurrent,pin_scope16,1.0,0.8830409356725146,0.937888198757764,0.0317208564631245,
W2_apt,4,L1,concurrent,pin_useragent,0.06622516556291391,0.1388888888888889,0.08968609865470853,0.09833465503568596,
W2_apt,4,L1,concurrent,pin_useragent_core,0.0,0.0,0.0,0.0,
W2_apt,4,L1,concurrent,pin_ip_or_useragent,1.0,0.5335689045936396,0.695852534562212,0.20935765265662173,
W2_apt,4,L1,concurrent,pin_ip_and_useragent,0.06622516556291391,0.2564102564102564,0.10526315789473685,0.045995241871530534,
W2_apt,4,L1,concurrent,score_distinct_bindings,0.06622516556291391,1.0,0.12422360248447208,0.0,0.9600128143857235
W2_apt,4,L1,concurrent,score_max_request_rate,0.0,0.0,0.0,0.0,0.5069048006680287
W2_apt,4,L1,concurrent,score_burstiness,0.006622516556291391,0.18181818181818182,0.012779552715654952,0.007137192704203013,0.4412100666453094
W2_apt,5,L1,concurrent,SICA (proposed),0.9455782312925171,0.9754385964912281,0.9602763385146805,0.005516154452324665,0.9960706110655452
W2_apt,5,L1,concurrent,pin_ip,1.0,0.5951417004048583,0.7461928934010152,0.15760441292356187,
W2_apt,5,L1,concurrent,pin_prefix24,1.0,0.7696335078534031,0.8698224852071006,0.06934594168636722,
W2_apt,5,L1,concurrent,pin_scope16,1.0,0.8990825688073395,0.9468599033816426,0.026004728132387706,
W2_apt,5,L1,concurrent,pin_useragent,0.09183673469387756,0.16265060240963855,0.11739130434782608,0.1095350669818755,
W2_apt,5,L1,concurrent,pin_useragent_core,0.0,0.0,0.0,0.0,
W2_apt,5,L1,concurrent,pin_ip_or_useragent,1.0,0.5268817204301075,0.6901408450704225,0.20803782505910165,
W2_apt,5,L1,concurrent,pin_ip_and_useragent,0.09183673469387756,0.2647058823529412,0.13636363636363638,0.0591016548463357,
W2_apt,5,L1,concurrent,score_distinct_bindings,0.08503401360544217,1.0,0.1567398119122257,0.0,0.9682754110312368
W2_apt,5,L1,concurrent,score_max_request_rate,0.0,0.0,0.0,0.0,0.5378625839618747
W2_apt,5,L1,concurrent,score_burstiness,0.0,0.0,0.0,0.007880220646178092,0.4797405960019942
W2_apt,6,L1,concurrent,SICA (proposed),0.013029315960912053,1.0,0.02572347266881029,0.0,0.9922781074296148
W2_apt,6,L1,concurrent,pin_ip,1.0,0.6214574898785425,0.766541822721598,0.14888535031847133,
W2_apt,6,L1,concurrent,pin_prefix24,1.0,0.7451456310679612,0.8539638386648123,0.08359872611464968,
W2_apt,6,L1,concurrent,pin_scope16,1.0,0.8847262247838616,0.9388379204892966,0.03184713375796178,
W2_apt,6,L1,concurrent,pin_useragent,0.09446254071661238,0.1870967741935484,0.12554112554112554,0.10031847133757962,
W2_apt,6,L1,concurrent,pin_useragent_core,0.0,0.0,0.0,0.0,
W2_apt,6,L1,concurrent,pin_ip_or_useragent,1.0,0.5385964912280702,0.7001140250855188,0.20939490445859874,
W2_apt,6,L1,concurrent,pin_ip_and_useragent,0.09446254071661238,0.3670886075949367,0.15025906735751296,0.03980891719745223,
W2_apt,6,L1,concurrent,score_distinct_bindings,0.0749185667752443,1.0,0.1393939393939394,0.0,0.961332185315048
W2_apt,6,L1,concurrent,score_max_request_rate,0.0,0.0,0.0,0.0,0.5148550799809125
W2_apt,6,L1,concurrent,score_burstiness,0.0,0.0,0.0,0.009554140127388535,0.4444710989854561
W2_apt,7,L1,concurrent,SICA (proposed),0.9431438127090301,0.962457337883959,0.9527027027027029,0.00870253164556962,0.9936047373100207
W2_apt,7,L1,concurrent,pin_ip,1.0,0.6255230125523012,0.7696267696267696,0.14161392405063292,
W2_apt,7,L1,concurrent,pin_prefix24,1.0,0.7666666666666667,0.8679245283018869,0.07199367088607594,
W2_apt,7,L1,concurrent,pin_scope16,1.0,0.8846153846153846,0.9387755102040816,0.030854430379746837,
W2_apt,7,L1,concurrent,pin_useragent,0.0802675585284281,0.16551724137931034,0.1081081081081081,0.09572784810126582,
W2_apt,7,L1,concurrent,pin_useragent_core,0.0,0.0,0.0,0.0,
W2_apt,7,L1,concurrent,pin_ip_or_useragent,1.0,0.5496323529411765,0.7093712930011862,0.19382911392405064,
W2_apt,7,L1,concurrent,pin_ip_and_useragent,0.0802675585284281,0.3037974683544304,0.12698412698412698,0.043512658227848104,
W2_apt,7,L1,concurrent,score_distinct_bindings,0.056856187290969896,1.0,0.10759493670886076,0.0,0.9660498073747936
W2_apt,7,L1,concurrent,score_max_request_rate,0.0,0.0,0.0,0.0,0.5164525210617671
W2_apt,7,L1,concurrent,score_burstiness,0.006688963210702341,0.13333333333333333,0.012738853503184712,0.010284810126582278,0.4538638817154227
W2_apt,8,L1,concurrent,SICA (proposed),0.9605734767025089,0.9605734767025089,0.9605734767025089,0.008566978193146417,0.9945427036925378
W2_apt,8,L1,concurrent,pin_ip,1.0,0.6172566371681416,0.7633378932968536,0.13473520249221183,
W2_apt,8,L1,concurrent,pin_prefix24,1.0,0.7622950819672131,0.8651162790697675,0.06775700934579439,
W2_apt,8,L1,concurrent,pin_scope16,1.0,0.9029126213592233,0.9489795918367347,0.02336448598130841,
W2_apt,8,L1,concurrent,pin_useragent,0.06810035842293907,0.1484375,0.09336609336609338,0.08489096573208722,
W2_apt,8,L1,concurrent,pin_useragent_core,0.0,0.0,0.0,0.0,
W2_apt,8,L1,concurrent,pin_ip_or_useragent,1.0,0.544921875,0.7054361567635904,0.18146417445482865,
W2_apt,8,L1,concurrent,pin_ip_and_useragent,0.06810035842293907,0.27941176470588236,0.10951008645533143,0.0381619937694704,
W2_apt,8,L1,concurrent,score_distinct_bindings,0.05017921146953405,1.0,0.09556313993174062,0.0,0.9678214919773557
W2_apt,8,L1,concurrent,score_max_request_rate,0.0,0.0,0.0,0.0,0.5287813061780502
W2_apt,8,L1,concurrent,score_burstiness,0.0035842293906810036,0.09090909090909091,0.00689655172413793,0.00778816199376947,0.4540414698690249
W2_apt,9,L1,concurrent,SICA (proposed),0.9693251533742331,0.9844236760124611,0.9768160741885625,0.004042037186742118,0.9969287956713005
W2_apt,9,L1,concurrent,pin_ip,1.0,0.628131021194605,0.7715976331360946,0.15602263540824576,
W2_apt,9,L1,concurrent,pin_prefix24,1.0,0.8129675810473815,0.8968363136176066,0.060630557801131774,
W2_apt,9,L1,concurrent,pin_scope16,1.0,0.9314285714285714,0.9644970414201183,0.019401778496362168,
W2_apt,9,L1,concurrent,pin_useragent,0.09202453987730061,0.1910828025477707,0.12422360248447206,0.1026677445432498,
W2_apt,9,L1,concurrent,pin_useragent_core,0.0,0.0,0.0,0.0,
W2_apt,9,L1,concurrent,pin_ip_or_useragent,1.0,0.5649913344887348,0.7220376522702103,0.2029102667744543,
W2_apt,9,L1,concurrent,pin_ip_and_useragent,0.09202453987730061,0.30303030303030304,0.1411764705882353,0.05578011317704123,
W2_apt,9,L1,concurrent,score_distinct_bindings,0.05214723926380368,1.0,0.09912536443148688,0.0,0.9712655792016108
W2_apt,9,L1,concurrent,score_max_request_rate,0.0,0.0,0.0,0.0,0.48856450644990107
W2_apt,9,L1,concurrent,score_burstiness,0.0,0.0,0.0,0.009700889248181084,0.42955944274441926
W2_apt,10,L1,concurrent,SICA (proposed),0.9498207885304659,0.9742647058823529,0.9618874773139745,0.005451713395638629,0.9965148672941859
W2_apt,10,L1,concurrent,pin_ip,1.0,0.621380846325167,0.7664835164835164,0.13239875389408098,
W2_apt,10,L1,concurrent,pin_prefix24,1.0,0.7837078651685393,0.878740157480315,0.05996884735202492,
W2_apt,10,L1,concurrent,pin_scope16,1.0,0.9177631578947368,0.9571183533447685,0.019470404984423675,
W2_apt,10,L1,concurrent,pin_useragent,0.08602150537634409,0.1610738255033557,0.11214953271028037,0.09735202492211838,
W2_apt,10,L1,concurrent,pin_useragent_core,0.0,0.0,0.0,0.0,
W2_apt,10,L1,concurrent,pin_ip_or_useragent,1.0,0.5459882583170255,0.7063291139240506,0.1806853582554517,
W2_apt,10,L1,concurrent,pin_ip_and_useragent,0.08602150537634409,0.27586206896551724,0.13114754098360656,0.04906542056074766,
W2_apt,10,L1,concurrent,score_distinct_bindings,0.06810035842293907,1.0,0.12751677852348994,0.0,0.9720575263234292
W2_apt,10,L1,concurrent,score_max_request_rate,0.0,0.0,0.0,0.0,0.5198207327013478
W2_apt,10,L1,concurrent,score_burstiness,0.0035842293906810036,0.09090909090909091,0.00689655172413793,0.00778816199376947,0.456791053942094
W2_apt,11,L1,concurrent,SICA (proposed),0.9427609427609428,0.958904109589041,0.9507640067911715,0.009478672985781991,0.9940598720219573
W2_apt,11,L1,concurrent,pin_ip,1.0,0.6319148936170212,0.7744458930899608,0.13665086887835703,
W2_apt,11,L1,concurrent,pin_prefix24,1.0,0.7734375,0.8722466960352423,0.06872037914691943,
W2_apt,11,L1,concurrent,pin_scope16,1.0,0.9,0.9473684210526316,0.026066350710900472,
W2_apt,11,L1,concurrent,pin_useragent,0.08417508417508418,0.17006802721088435,0.11261261261261261,0.09636650868878358,
W2_apt,11,L1,concurrent,pin_useragent_core,0.0,0.0,0.0,0.0,
W2_apt,11,L1,concurrent,pin_ip_or_useragent,1.0,0.5489833641404805,0.7088305489260143,0.19273301737756715,
W2_apt,11,L1,concurrent,pin_ip_and_useragent,0.08417508417508418,0.32894736842105265,0.13404825737265416,0.04028436018957346,
W2_apt,11,L1,concurrent,score_distinct_bindings,0.06060606060606061,1.0,0.1142857142857143,0.0,0.9677222461582651
W2_apt,11,L1,concurrent,score_max_request_rate,0.0,0.0,0.0,0.0,0.5308735059919895
W2_apt,11,L1,concurrent,score_burstiness,0.0,0.0,0.0,0.009478672985781991,0.47001478715538747
W2_apt,12,L1,concurrent,SICA (proposed),0.9534883720930233,0.9566666666666667,0.9550748752079866,0.010301109350237718,0.9928421374077955
W2_apt,12,L1,concurrent,pin_ip,1.0,0.6257796257796258,0.7698209718670077,0.14263074484944532,
W2_apt,12,L1,concurrent,pin_prefix24,1.0,0.7797927461139896,0.8762736535662299,0.06735340729001585,
W2_apt,12,L1,concurrent,pin_scope16,1.0,0.8775510204081632,0.9347826086956522,0.03328050713153724,
W2_apt,12,L1,concurrent,pin_useragent,0.053156146179401995,0.12403100775193798,0.07441860465116279,0.089540412044374,
W2_apt,12,L1,concurrent,pin_useragent_core,0.0,0.0,0.0,0.0,
W2_apt,12,L1,concurrent,pin_ip_or_useragent,1.0,0.5584415584415584,0.7166666666666666,0.18858954041204437,
W2_apt,12,L1,concurrent,pin_ip_and_useragent,0.053156146179401995,0.22535211267605634,0.08602150537634409,0.043581616481774964,
W2_apt,12,L1,concurrent,score_distinct_bindings,0.06976744186046512,1.0,0.13043478260869565,0.0,0.9686728338185973
W2_apt,12,L1,concurrent,score_max_request_rate,0.0,0.0,0.0,0.0,0.5051610848150118
W2_apt,12,L1,concurrent,score_burstiness,0.0,0.0,0.0,0.00792393026941363,0.44230404725926786
W2_apt,13,L1,concurrent,SICA (proposed),0.9540636042402827,0.9540636042402827,0.9540636042402827,0.01015625,0.9936782243816255
W2_apt,13,L1,concurrent,pin_ip,1.0,0.6047008547008547,0.7536617842876164,0.14453125,
W2_apt,13,L1,concurrent,pin_prefix24,1.0,0.7526595744680851,0.8588770864946889,0.07265625,
W2_apt,13,L1,concurrent,pin_scope16,1.0,0.8761609907120743,0.9339933993399341,0.03125,
W2_apt,13,L1,concurrent,pin_useragent,0.10247349823321555,0.2265625,0.14111922141119224,0.07734375,
W2_apt,13,L1,concurrent,pin_useragent_core,0.0,0.0,0.0,0.0,
W2_apt,13,L1,concurrent,pin_ip_or_useragent,1.0,0.5431861804222649,0.7039800995024875,0.1859375,
W2_apt,13,L1,concurrent,pin_ip_and_useragent,0.10247349823321555,0.38666666666666666,0.16201117318435754,0.0359375,
W2_apt,13,L1,concurrent,score_distinct_bindings,0.0706713780918728,1.0,0.132013201320132,0.0,0.9662392336572438
W2_apt,13,L1,concurrent,score_max_request_rate,0.0,0.0,0.0,0.0,0.5058938825088339
W2_apt,13,L1,concurrent,score_burstiness,0.0,0.0,0.0,0.0078125,0.44045384275618377
W2_apt,14,L1,concurrent,SICA (proposed),0.025089605734767026,1.0,0.04895104895104896,0.0,0.9931748902957827
W2_apt,14,L1,concurrent,pin_ip,1.0,0.5728952772073922,0.7284595300261097,0.16199376947040497,
W2_apt,14,L1,concurrent,pin_prefix24,1.0,0.7117346938775511,0.8315946348733234,0.08800623052959501,
W2_apt,14,L1,concurrent,pin_scope16,1.0,0.8403614457831325,0.9132569558101473,0.04127725856697819,
W2_apt,14,L1,concurrent,pin_useragent,0.12186379928315412,0.20238095238095238,0.15212527964205816,0.1043613707165109,
W2_apt,14,L1,concurrent,pin_useragent_core,0.0,0.0,0.0,0.0,
W2_apt,14,L1,concurrent,pin_ip_or_useragent,1.0,0.5138121546961326,0.6788321167883212,0.205607476635514,
W2_apt,14,L1,concurrent,pin_ip_and_useragent,0.12186379928315412,0.30357142857142855,0.17391304347826086,0.06074766355140187,
W2_apt,14,L1,concurrent,score_distinct_bindings,0.07885304659498207,1.0,0.14617940199335547,0.0,0.9594666644335019
W2_apt,14,L1,concurrent,score_max_request_rate,0.0,0.0,0.0,0.0,0.49399139114996815
W2_apt,14,L1,concurrent,score_burstiness,0.0035842293906810036,0.07692307692307693,0.0068493150684931494,0.009345794392523364,0.418986366529327
W2_apt,15,L1,concurrent,SICA (proposed),0.9646643109540636,0.9680851063829787,0.9663716814159292,0.00703125,0.9956534341872791
W2_apt,15,L1,concurrent,pin_ip,1.0,0.5717171717171717,0.7275064267352186,0.165625,
W2_apt,15,L1,concurrent,pin_prefix24,1.0,0.7237851662404092,0.8397626112759643,0.084375,
W2_apt,15,L1,concurrent,pin_scope16,1.0,0.8734567901234568,0.9324546952224052,0.03203125,
W2_apt,15,L1,concurrent,pin_useragent,0.08833922261484099,0.14705882352941177,0.11037527593818987,0.11328125,
W2_apt,15,L1,concurrent,pin_useragent_core,0.0,0.0,0.0,0.0,
W2_apt,15,L1,concurrent,pin_ip_or_useragent,1.0,0.4956217162872154,0.6627634660421545,0.225,
W2_apt,15,L1,concurrent,pin_ip_and_useragent,0.08833922261484099,0.26595744680851063,0.1326259946949602,0.05390625,
W2_apt,15,L1,concurrent,score_distinct_bindings,0.07420494699646643,1.0,0.1381578947368421,0.0,0.9609430212014134
W2_apt,15,L1,concurrent,score_max_request_rate,0.0,0.0,0.0,0.0,0.5122211793286219
W2_apt,15,L1,concurrent,score_burstiness,0.0,0.0,0.0,0.0078125,0.44785363295053005
W2_apt,16,L1,concurrent,SICA (proposed),0.952054794520548,0.9553264604810997,0.9536878216123499,0.010228166797797011,0.9934080057769203
W2_apt,16,L1,concurrent,pin_ip,1.0,0.6173361522198731,0.7633986928104576,0.14240755310778913,
W2_apt,16,L1,concurrent,pin_prefix24,1.0,0.731829573934837,0.8451519536903038,0.08418568056648308,
W2_apt,16,L1,concurrent,pin_scope16,1.0,0.863905325443787,0.926984126984127,0.03619197482297404,
W2_apt,16,L1,concurrent,pin_useragent,0.09931506849315068,0.18238993710691823,0.1286031042128603,0.1022816679779701,
W2_apt,16,L1,concurrent,pin_useragent_core,0.0,0.0,0.0,0.0,
W2_apt,16,L1,concurrent,pin_ip_or_useragent,1.0,0.5347985347985348,0.6968973747016707,0.1998426435877262,
W2_apt,16,L1,concurrent,pin_ip_and_useragent,0.09931506849315068,0.3372093023255814,0.15343915343915343,0.044846577498033044,
W2_apt,16,L1,concurrent,score_distinct_bindings,0.09246575342465753,1.0,0.16927899686520376,0.0,0.9617993059073322
W2_apt,16,L1,concurrent,score_max_request_rate,0.0,0.0,0.0,0.0,0.5078314454156473
W2_apt,16,L1,concurrent,score_burstiness,0.00684931506849315,0.15384615384615385,0.013114754098360654,0.00865460267505901,0.44232240819977797
W2_apt,17,L1,concurrent,SICA (proposed),0.9403973509933775,0.9692832764505119,0.9546218487394958,0.007137192704203013,0.9952694434670266
W2_apt,17,L1,concurrent,pin_ip,1.0,0.648068669527897,0.7864583333333334,0.13005551149881048,
W2_apt,17,L1,concurrent,pin_prefix24,1.0,0.8162162162162162,0.8988095238095237,0.05392545598731166,
W2_apt,17,L1,concurrent,pin_scope16,1.0,0.937888198757764,0.9679487179487178,0.01586042823156225,
W2_apt,17,L1,concurrent,pin_useragent,0.076158940397351,0.16312056737588654,0.10383747178329572,0.09357652656621729,
W2_apt,17,L1,concurrent,pin_useragent_core,0.0,0.0,0.0,0.0,
W2_apt,17,L1,concurrent,pin_ip_or_useragent,1.0,0.5644859813084112,0.7216248506571087,0.18477398889770025,
W2_apt,17,L1,concurrent,pin_ip_and_useragent,0.076158940397351,0.3194444444444444,0.1229946524064171,0.03885804916732752,
W2_apt,17,L1,concurrent,score_distinct_bindings,0.07947019867549669,1.0,0.147239263803681,0.0,0.9751800053568334
W2_apt,17,L1,concurrent,score_max_request_rate,0.0,0.0,0.0,0.0,0.5015125176591688
W2_apt,17,L1,concurrent,score_burstiness,0.0,0.0,0.0,0.007930214115781126,0.44023191937440587
W2_apt,18,L1,concurrent,SICA (proposed),0.006430868167202572,1.0,0.012779552715654953,0.0,0.9948468302805543
W2_apt,18,L1,concurrent,pin_ip,1.0,0.6412371134020619,0.7814070351758795,0.1389776357827476,
W2_apt,18,L1,concurrent,pin_prefix24,1.0,0.7974358974358975,0.8873038516405136,0.06309904153354633,
W2_apt,18,L1,concurrent,pin_scope16,1.0,0.8936781609195402,0.9438543247344461,0.029552715654952075,
W2_apt,18,L1,concurrent,pin_useragent,0.09003215434083602,0.19310344827586207,0.12280701754385964,0.09345047923322684,
W2_apt,18,L1,concurrent,pin_useragent_core,0.0,0.0,0.0,0.0,
W2_apt,18,L1,concurrent,pin_ip_or_useragent,1.0,0.5664845173041895,0.7232558139534884,0.1900958466453674,
W2_apt,18,L1,concurrent,pin_ip_and_useragent,0.09003215434083602,0.345679012345679,0.14285714285714288,0.04233226837060703,
W2_apt,18,L1,concurrent,score_distinct_bindings,0.08360128617363344,1.0,0.1543026706231454,0.0,0.9710880597474908
W2_apt,18,L1,concurrent,score_max_request_rate,0.0,0.0,0.0,0.0,0.5097066558458235
W2_apt,18,L1,concurrent,score_burstiness,0.0,0.0,0.0,0.009584664536741214,0.44552638607809497
W2_apt,19,L1,concurrent,SICA (proposed),0.9568345323741008,0.9708029197080292,0.963768115942029,0.0062256809338521405,0.9947344847857122
W2_apt,19,L1,concurrent,pin_ip,1.0,0.5593561368209256,0.7174193548387098,0.17042801556420234,
W2_apt,19,L1,concurrent,pin_prefix24,1.0,0.7164948453608248,0.8348348348348348,0.08560311284046693,
W2_apt,19,L1,concurrent,pin_scope16,1.0,0.8742138364779874,0.9328859060402684,0.0311284046692607,
W2_apt,19,L1,concurrent,pin_useragent,0.06474820143884892,0.1267605633802817,0.08571428571428572,0.09649805447470818,
W2_apt,19,L1,concurrent,pin_useragent_core,0.0,0.0,0.0,0.0,
W2_apt,19,L1,concurrent,pin_ip_or_useragent,1.0,0.49642857142857144,0.6634844868735084,0.21945525291828794,
W2_apt,19,L1,concurrent,pin_ip_and_useragent,0.06474820143884892,0.22784810126582278,0.10084033613445378,0.047470817120622566,
W2_apt,19,L1,concurrent,score_distinct_bindings,0.050359712230215826,1.0,0.09589041095890412,0.0,0.9593539176440948
W2_apt,19,L1,concurrent,score_max_request_rate,0.0,0.0,0.0,0.0,0.5382050779609775
W2_apt,19,L1,concurrent,score_burstiness,0.0,0.0,0.0,0.00933852140077821,0.4505122750048988
W2_apt,0,L2,takeover,SICA (proposed),0.0,0.0,0.0,0.0,0.9503072083364054
W2_apt,0,L2,takeover,pin_ip,1.0,0.6457925636007827,0.7847800237812129,0.1467964314679643,
W2_apt,0,L2,takeover,pin_prefix24,1.0,0.7971014492753623,0.8870967741935484,0.0681265206812652,
W2_apt,0,L2,takeover,pin_scope16,0.00909090909090909,0.09090909090909091,0.016528925619834708,0.024330900243309004,
W2_apt,0,L2,takeover,pin_useragent,0.8787878787878788,0.6855791962174941,0.7702523240371846,0.10786699107866991,
W2_apt,0,L2,takeover,pin_useragent_core,0.45454545454545453,1.0,0.625,0.0,
W2_apt,0,L2,takeover,pin_ip_or_useragent,1.0,0.5631399317406144,0.7205240174672489,0.20762368207623683,
W2_apt,0,L2,takeover,pin_ip_and_useragent,0.8787878787878788,0.8333333333333334,0.8554572271386431,0.047039740470397405,
W2_apt,0,L2,takeover,score_distinct_bindings,0.03333333333333333,1.0,0.06451612903225806,0.0,0.9670721816707218
W2_apt,0,L2,takeover,score_max_request_rate,0.0,0.0,0.0,0.0,0.500974464843078
W2_apt,0,L2,takeover,score_burstiness,0.0030303030303030303,0.07692307692307693,0.005830903790087463,0.009732360097323601,0.48255671065890043
W2_apt,1,L2,takeover,SICA (proposed),0.0,0.0,0.0,0.00791765637371338,0.9358353127474267
W2_apt,1,L2,takeover,pin_ip,1.0,0.5905511811023622,0.7425742574257426,0.16468725257323832,
W2_apt,1,L2,takeover,pin_prefix24,1.0,0.7334963325183375,0.846262341325811,0.08630245447347586,
W2_apt,1,L2,takeover,pin_scope16,0.02,0.1276595744680851,0.0345821325648415,0.03246239113222486,
W2_apt,1,L2,takeover,pin_useragent,0.8333333333333334,0.6738544474393531,0.7451564828614009,0.0958036421219319,
W2_apt,1,L2,takeover,pin_useragent_core,0.43666666666666665,1.0,0.6078886310904873,0.0,
W2_apt,1,L2,takeover,pin_ip_or_useragent,1.0,0.539568345323741,0.7009345794392523,0.20269200316706254,
W2_apt,1,L2,takeover,pin_ip_and_useragent,0.8333333333333334,0.7739938080495357,0.8025682182985553,0.05779889152810768,
W2_apt,1,L2,takeover,score_distinct_bindings,0.03333333333333333,1.0,0.06451612903225806,0.0,0.9582871470044867
W2_apt,1,L2,takeover,score_max_request_rate,0.0,0.0,0.0,0.0,0.5051425178147269
W2_apt,1,L2,takeover,score_burstiness,0.0,0.0,0.0,0.009501187648456057,0.4804130377408287
W2_apt,2,L2,takeover,SICA (proposed),0.0032679738562091504,0.07692307692307693,0.006269592476489029,0.00954653937947494,0.9461564259753225
W2_apt,2,L2,takeover,pin_ip,1.0,0.6415094339622641,0.7816091954022989,0.1360381861575179,
W2_apt,2,L2,takeover,pin_prefix24,1.0,0.7806122448979592,0.8767908309455587,0.06841686555290374,
W2_apt,2,L2,takeover,pin_scope16,0.016339869281045753,0.14285714285714285,0.02932551319648094,0.02386634844868735,
W2_apt,2,L2,takeover,pin_useragent,0.8790849673202614,0.6879795396419437,0.7718794835007173,0.09705648369132856,
W2_apt,2,L2,takeover,pin_useragent_core,0.4019607843137255,1.0,0.5734265734265734,0.0,
W2_apt,2,L2,takeover,pin_ip_or_useragent,1.0,0.5625,0.72,0.18933969769291964,
W2_apt,2,L2,takeover,pin_ip_and_useragent,0.8790849673202614,0.8302469135802469,0.8539682539682539,0.04375497215592681,
W2_apt,2,L2,takeover,score_distinct_bindings,0.032679738562091505,1.0,0.06329113924050632,0.0,0.9669094898633015
W2_apt,2,L2,takeover,score_max_request_rate,0.0,0.0,0.0,0.0,0.5296314495036943
W2_apt,2,L2,takeover,score_burstiness,0.006535947712418301,0.15384615384615385,0.012539184952978058,0.008750994431185362,0.5043287004539286
W2_apt,3,L2,takeover,SICA (proposed),0.0,0.0,0.0,0.0,0.9326598490865766
W2_apt,3,L2,takeover,pin_ip,1.0,0.608,0.7562189054726367,0.1556791104050834,
W2_apt,3,L2,takeover,pin_prefix24,1.0,0.7543424317617866,0.85997171145686,0.07863383637807785,
W2_apt,3,L2,takeover,pin_scope16,0.003289473684210526,0.02040816326530612,0.005665722379603399,0.03812549642573471,
W2_apt,3,L2,takeover,pin_useragent,0.8355263157894737,0.6883468834688347,0.7548291233283804,0.09134233518665608,
W2_apt,3,L2,takeover,pin_useragent_core,0.41776315789473684,1.0,0.5893271461716938,0.0,
W2_apt,3,L2,takeover,pin_ip_or_useragent,1.0,0.5477477477477477,0.7077997671711291,0.1993645750595711,
W2_apt,3,L2,takeover,pin_ip_and_useragent,0.8355263157894737,0.8089171974522293,0.8220064724919094,0.04765687053216839,
W2_apt,3,L2,takeover,score_distinct_bindings,0.013157894736842105,1.0,0.025974025974025976,0.0,0.9612004096818695
W2_apt,3,L2,takeover,score_max_request_rate,0.0,0.0,0.0,0.0,0.49681634338029346
W2_apt,3,L2,takeover,score_burstiness,0.003289473684210526,0.1,0.006369426751592356,0.007148530579825258,0.48153818820283434
W2_apt,4,L2,takeover,SICA (proposed),0.003194888178913738,0.0625,0.0060790273556231,0.012,0.9355821086261981
W2_apt,4,L2,takeover,pin_ip,1.0,0.6149312377210217,0.7615571776155718,0.1568,
W2_apt,4,L2,takeover,pin_prefix24,1.0,0.7452380952380953,0.8540245566166439,0.0856,
W2_apt,4,L2,takeover,pin_scope16,0.022364217252396165,0.14893617021276595,0.03888888888888888,0.032,
W2_apt,4,L2,takeover,pin_useragent,0.8594249201277955,0.6862244897959183,0.7631205673758865,0.0984,
W2_apt,4,L2,takeover,pin_useragent_core,0.41214057507987223,1.0,0.583710407239819,0.0,
W2_apt,4,L2,takeover,pin_ip_or_useragent,1.0,0.5443478260869565,0.704954954954955,0.2096,
W2_apt,4,L2,takeover,pin_ip_and_useragent,0.8594249201277955,0.8251533742331288,0.8419405320813772,0.0456,
W2_apt,4,L2,takeover,score_distinct_bindings,0.04472843450479233,1.0,0.08562691131498472,0.0,0.9591143769968051
W2_apt,4,L2,takeover,score_max_request_rate,0.0,0.0,0.0,0.0,0.5096319488817891
W2_apt,4,L2,takeover,score_burstiness,0.006389776357827476,0.2222222222222222,0.012422360248447204,0.0056,0.49879361022364216
W2_apt,5,L2,takeover,SICA (proposed),0.0,0.0,0.0,0.005604483586869495,0.9415239197727608
W2_apt,5,L2,takeover,pin_ip,1.0,0.6144814090019569,0.7612121212121212,0.1577261809447558,
W2_apt,5,L2,takeover,pin_prefix24,1.0,0.7810945273631841,0.877094972067039,0.07045636509207366,
W2_apt,5,L2,takeover,pin_scope16,0.006369426751592357,0.05714285714285714,0.011461318051575931,0.02642113690952762,
W2_apt,5,L2,takeover,pin_useragent,0.8662420382165605,0.6634146341463415,0.7513812154696133,0.11048839071257005,
W2_apt,5,L2,takeover,pin_useragent_core,0.3980891719745223,1.0,0.5694760820045558,0.0,
W2_apt,5,L2,takeover,pin_ip_or_useragent,1.0,0.5470383275261324,0.7072072072072072,0.20816653322658127,
W2_apt,5,L2,takeover,pin_ip_and_useragent,0.8662420382165605,0.7838616714697406,0.8229954614220878,0.0600480384307446,
W2_apt,5,L2,takeover,score_distinct_bindings,0.028662420382165606,1.0,0.05572755417956656,0.0,0.9657815424313974
W2_apt,5,L2,takeover,score_max_request_rate,0.0,0.0,0.0,0.0,0.4950406184820468
W2_apt,5,L2,takeover,score_burstiness,0.006369426751592357,0.18181818181818182,0.01230769230769231,0.007205764611689352,0.4683058548749828
W2_apt,6,L2,takeover,SICA (proposed),0.0,0.0,0.0,0.0,0.9350199126126439
W2_apt,6,L2,takeover,pin_ip,1.0,0.63671875,0.7780429594272077,0.15036378334680678,
W2_apt,6,L2,takeover,pin_prefix24,1.0,0.7581395348837209,0.8624338624338624,0.08407437348423606,
W2_apt,6,L2,takeover,pin_scope16,0.003067484662576687,0.025,0.00546448087431694,0.03152789005658852,
W2_apt,6,L2,takeover,pin_useragent,0.8588957055214724,0.691358024691358,0.7660738714090287,0.10105092966855295,
W2_apt,6,L2,takeover,pin_useragent_core,0.39263803680981596,1.0,0.5638766519823789,0.0,
W2_apt,6,L2,takeover,pin_ip_or_useragent,1.0,0.555366269165247,0.7141292442497261,0.21099434114793855,
W2_apt,6,L2,takeover,pin_ip_and_useragent,0.8588957055214724,0.8484848484848485,0.853658536585366,0.04042037186742118,
W2_apt,6,L2,takeover,score_distinct_bindings,0.024539877300613498,1.0,0.04790419161676646,0.0,0.9589944006625966
W2_apt,6,L2,takeover,score_max_request_rate,0.0,0.0,0.0,0.0,0.5197849041070074
W2_apt,6,L2,takeover,score_burstiness,0.0,0.0,0.0,0.009700889248181084,0.5070673656332607
W2_apt,7,L2,takeover,SICA (proposed),0.0,0.0,0.0,0.008856682769726247,0.9426096487927722
W2_apt,7,L2,takeover,pin_ip,1.0,0.6458752515090543,0.784841075794621,0.14170692431561996,
W2_apt,7,L2,takeover,pin_prefix24,1.0,0.784841075794621,0.8794520547945206,0.07085346215780998,
W2_apt,7,L2,takeover,pin_scope16,0.01557632398753894,0.12195121951219512,0.027624309392265192,0.028985507246376812,
W2_apt,7,L2,takeover,pin_useragent,0.838006230529595,0.6968911917098446,0.760961810466761,0.09420289855072464,
W2_apt,7,L2,takeover,pin_useragent_core,0.40809968847352024,1.0,0.5796460176991151,0.0,
W2_apt,7,L2,takeover,pin_ip_or_useragent,1.0,0.5721925133689839,0.727891156462585,0.1932367149758454,
W2_apt,7,L2,takeover,pin_ip_and_useragent,0.838006230529595,0.8354037267080745,0.8367029548989113,0.0426731078904992,
W2_apt,7,L2,takeover,score_distinct_bindings,0.037383177570093455,1.0,0.07207207207207207,0.0,0.9658976326997457
W2_apt,7,L2,takeover,score_max_request_rate,0.0,0.0,0.0,0.0,0.5188546259926458
W2_apt,7,L2,takeover,score_burstiness,0.0,0.0,0.0,0.010466988727858293,0.48344294450213454
W2_apt,8,L2,takeover,SICA (proposed),0.0034129692832764505,0.08333333333333333,0.006557377049180328,0.008661417322834646,0.944243637634033
W2_apt,8,L2,takeover,pin_ip,1.0,0.6301075268817204,0.7730870712401056,0.13543307086614173,
W2_apt,8,L2,takeover,pin_prefix24,1.0,0.7730870712401056,0.8720238095238095,0.06771653543307087,
W2_apt,8,L2,takeover,pin_scope16,0.006825938566552901,0.0625,0.012307692307692308,0.023622047244094488,
W2_apt,8,L2,takeover,pin_useragent,0.8088737201365188,0.688953488372093,0.7441130298273155,0.08425196850393701,
W2_apt,8,L2,takeover,pin_useragent_core,0.3890784982935154,1.0,0.5601965601965602,0.0,
W2_apt,8,L2,takeover,pin_ip_or_useragent,1.0,0.5591603053435115,0.7172582619339045,0.18188976377952756,
W2_apt,8,L2,takeover,pin_ip_and_useragent,0.8088737201365188,0.8315789473684211,0.8200692041522492,0.03779527559055118,
W2_apt,8,L2,takeover,score_distinct_bindings,0.023890784982935155,1.0,0.046666666666666676,0.0,0.9669506328773749
W2_apt,8,L2,takeover,score_max_request_rate,0.0,0.0,0.0,0.0,0.5132138346187956
W2_apt,8,L2,takeover,score_burstiness,0.0,0.0,0.0,0.007874015748031496,0.4997433554594072
W2_apt,9,L2,takeover,SICA (proposed),0.0,0.0,0.0,0.004101722723543888,0.9413835206135414
W2_apt,9,L2,takeover,pin_ip,1.0,0.6417910447761194,0.7818181818181819,0.15750615258408532,
W2_apt,9,L2,takeover,pin_prefix24,1.0,0.8210023866348448,0.9017038007863696,0.06152584085315833,
W2_apt,9,L2,takeover,pin_scope16,0.0,0.0,0.0,0.019688269073010665,
W2_apt,9,L2,takeover,pin_useragent,0.8313953488372093,0.6924939467312349,0.7556142668428005,0.10418375717801477,
W2_apt,9,L2,takeover,pin_useragent_core,0.3953488372093023,1.0,0.5666666666666667,0.0,
W2_apt,9,L2,takeover,pin_ip_or_useragent,1.0,0.5791245791245792,0.7334754797441365,0.20508613617719443,
W2_apt,9,L2,takeover,pin_ip_and_useragent,0.8313953488372093,0.8056338028169014,0.8183118741058656,0.05660377358490566,
W2_apt,9,L2,takeover,score_distinct_bindings,0.00872093023255814,1.0,0.017291066282420747,0.0,0.9695053608562108
W2_apt,9,L2,takeover,score_max_request_rate,0.0,0.0,0.0,0.0,0.49605924604613005
W2_apt,9,L2,takeover,score_burstiness,0.0,0.0,0.0,0.009023789991796555,0.4663944903371044
W2_apt,10,L2,takeover,SICA (proposed),0.0,0.0,0.0,0.005511811023622047,0.9509459568407191
W2_apt,10,L2,takeover,pin_ip,1.0,0.6341991341991342,0.776158940397351,0.13307086614173227,
W2_apt,10,L2,takeover,pin_prefix24,1.0,0.7918918918918919,0.8838612368024132,0.06062992125984252,
W2_apt,10,L2,takeover,pin_scope16,0.0034129692832764505,0.038461538461538464,0.006269592476489028,0.01968503937007874,
W2_apt,10,L2,takeover,pin_useragent,0.8839590443686007,0.6780104712041884,0.7674074074074073,0.09685039370078741,
W2_apt,10,L2,takeover,pin_useragent_core,0.3993174061433447,1.0,0.5707317073170732,0.0,
W2_apt,10,L2,takeover,pin_ip_or_useragent,1.0,0.5602294455066922,0.7181372549019609,0.18110236220472442,
W2_apt,10,L2,takeover,pin_ip_and_useragent,0.8839590443686007,0.8068535825545171,0.8436482084690554,0.048818897637795275,
W2_apt,10,L2,takeover,score_distinct_bindings,0.027303754266211604,1.0,0.053156146179401995,0.0,0.9705127516057079
W2_apt,10,L2,takeover,score_max_request_rate,0.0,0.0,0.0,0.0,0.49954045846658246
W2_apt,10,L2,takeover,score_burstiness,0.0034129692832764505,0.1,0.006600660066006601,0.007086614173228346,0.4760930907527344
W2_apt,11,L2,takeover,SICA (proposed),0.003215434083601286,0.07692307692307693,0.00617283950617284,0.009584664536741214,0.948436199829469
W2_apt,11,L2,takeover,pin_ip,1.0,0.6452282157676349,0.7843631778058009,0.1365814696485623,
W2_apt,11,L2,takeover,pin_prefix24,1.0,0.7853535353535354,0.8797736916548797,0.06789137380191693,
W2_apt,11,L2,takeover,pin_scope16,0.012861736334405145,0.10810810810810811,0.022988505747126436,0.026357827476038338,
W2_apt,11,L2,takeover,pin_useragent,0.8745980707395499,0.6921119592875318,0.7727272727272727,0.09664536741214058,
W2_apt,11,L2,takeover,pin_useragent_core,0.4340836012861736,1.0,0.6053811659192826,0.0,
W2_apt,11,L2,takeover,pin_ip_or_useragent,1.0,0.5623869801084991,0.7199074074074074,0.19329073482428116,
W2_apt,11,L2,takeover,pin_ip_and_useragent,0.8745980707395499,0.84472049689441,0.859399684044234,0.039936102236421724,
W2_apt,11,L2,takeover,score_distinct_bindings,0.01607717041800643,1.0,0.03164556962025316,0.0,0.9666000636923046
W2_apt,11,L2,takeover,score_max_request_rate,0.0,0.0,0.0,0.0,0.5235597320814028
W2_apt,11,L2,takeover,score_burstiness,0.0,0.0,0.0,0.00878594249201278,0.5011107629721706
W2_apt,12,L2,takeover,SICA (proposed),0.003134796238244514,0.07142857142857142,0.006006006006006005,0.01045016077170418,0.9414014857523006
W2_apt,12,L2,takeover,pin_ip,1.0,0.6444444444444445,0.7837837837837839,0.1414790996784566,
W2_apt,12,L2,takeover,pin_prefix24,1.0,0.7915632754342432,0.8836565096952909,0.06752411575562701,
W2_apt,12,L2,takeover,pin_scope16,0.0219435736677116,0.14285714285714285,0.03804347826086957,0.03376205787781351,
W2_apt,12,L2,takeover,pin_useragent,0.8620689655172413,0.7124352331606217,0.7801418439716311,0.08922829581993569,
W2_apt,12,L2,takeover,pin_useragent_core,0.4106583072100313,1.0,0.5822222222222222,0.0,
W2_apt,12,L2,takeover,pin_ip_or_useragent,1.0,0.5778985507246377,0.7324913892078071,0.1872990353697749,
W2_apt,12,L2,takeover,pin_ip_and_useragent,0.8620689655172413,0.8358662613981763,0.8487654320987654,0.04340836012861737,
W2_apt,12,L2,takeover,score_distinct_bindings,0.034482758620689655,1.0,0.06666666666666667,0.0,0.9674021510145249
W2_apt,12,L2,takeover,score_max_request_rate,0.0,0.0,0.0,0.0,0.49670392807104197
W2_apt,12,L2,takeover,score_burstiness,0.0,0.0,0.0,0.006430868167202572,0.4799526756645062
W2_apt,13,L2,takeover,SICA (proposed),0.0,0.0,0.0,0.010317460317460317,0.9394847818115145
W2_apt,13,L2,takeover,pin_ip,1.0,0.6234567901234568,0.768060836501901,0.14523809523809525,
W2_apt,13,L2,takeover,pin_prefix24,1.0,0.7651515151515151,0.8669527896995708,0.07380952380952381,
W2_apt,13,L2,takeover,pin_scope16,0.019801980198019802,0.13043478260869565,0.034383954154727794,0.031746031746031744,
W2_apt,13,L2,takeover,pin_useragent,0.8118811881188119,0.7130434782608696,0.7592592592592593,0.07857142857142857,
W2_apt,13,L2,takeover,pin_useragent_core,0.38943894389438943,1.0,0.5605700712589073,0.0,
W2_apt,13,L2,takeover,pin_ip_or_useragent,1.0,0.562152133580705,0.7197149643705464,0.1873015873015873,
W2_apt,13,L2,takeover,pin_ip_and_useragent,0.8118811881188119,0.8424657534246576,0.8268907563025211,0.03650793650793651,
W2_apt,13,L2,takeover,score_distinct_bindings,0.036303630363036306,1.0,0.07006369426751592,0.0,0.9644350149300644
W2_apt,13,L2,takeover,score_max_request_rate,0.0,0.0,0.0,0.0,0.49153308187961653
W2_apt,13,L2,takeover,score_burstiness,0.0033003300330033004,0.1111111111111111,0.006410256410256411,0.006349206349206349,0.4689087956414689
W2_apt,14,L2,takeover,SICA (proposed),0.0,0.0,0.0,0.0,0.9373880095565178
W2_apt,14,L2,takeover,pin_ip,1.0,0.5896414342629482,0.7418546365914788,0.16258879242304658,
W2_apt,14,L2,takeover,pin_prefix24,1.0,0.7272727272727273,0.8421052631578948,0.08760852407261246,
W2_apt,14,L2,takeover,pin_scope16,0.016891891891891893,0.08771929824561403,0.028328611898016998,0.04104183109707971,
W2_apt,14,L2,takeover,pin_useragent,0.8648648648648649,0.6564102564102564,0.7463556851311954,0.10576164167324388,
W2_apt,14,L2,takeover,pin_useragent_core,0.44256756756756754,1.0,0.6135831381733021,0.0,
W2_apt,14,L2,takeover,pin_ip_or_useragent,1.0,0.5304659498207885,0.6932084309133489,0.2067876874506709,
W2_apt,14,L2,takeover,pin_ip_and_useragent,0.8648648648648649,0.7664670658682635,0.8126984126984128,0.06156274664561957,
W2_apt,14,L2,takeover,score_distinct_bindings,0.04391891891891892,1.0,0.08414239482200649,0.0,0.9581195737963694
W2_apt,14,L2,takeover,score_max_request_rate,0.0,0.0,0.0,0.0,0.5145280936026793
W2_apt,14,L2,takeover,score_burstiness,0.0,0.0,0.0,0.007892659826361484,0.4955057168454958
W2_apt,15,L2,takeover,SICA (proposed),0.0,0.0,0.0,0.007103393843725336,0.9346882399368587
W2_apt,15,L2,takeover,pin_ip,1.0,0.5849802371541502,0.7381546134663342,0.16574585635359115,
W2_apt,15,L2,takeover,pin_prefix24,1.0,0.7326732673267327,0.8457142857142858,0.08524072612470403,
W2_apt,15,L2,takeover,pin_scope16,0.010135135135135136,0.06818181818181818,0.01764705882352941,0.03235990528808208,
W2_apt,15,L2,takeover,pin_useragent,0.8547297297297297,0.635678391959799,0.729106628242075,0.11444356748224152,
W2_apt,15,L2,takeover,pin_useragent_core,0.39864864864864863,1.0,0.5700483091787439,0.0,
W2_apt,15,L2,takeover,pin_ip_or_useragent,1.0,0.5085910652920962,0.6742596810933941,0.22573007103393844,
W2_apt,15,L2,takeover,pin_ip_and_useragent,0.8547297297297297,0.7857142857142857,0.8187702265372168,0.05445935280189424,
W2_apt,15,L2,takeover,score_distinct_bindings,0.033783783783783786,1.0,0.06535947712418301,0.0,0.9588195140681328
W2_apt,15,L2,takeover,score_max_request_rate,0.0,0.0,0.0,0.0,0.5179211373962755
W2_apt,15,L2,takeover,score_burstiness,0.0,0.0,0.0,0.007103393843725336,0.49816948953689283
W2_apt,16,L2,takeover,SICA (proposed),0.0,0.0,0.0,0.010375099760574621,0.9400599850680946
W2_apt,16,L2,takeover,pin_ip,1.0,0.6313645621181263,0.7740324594257179,0.14445331205107742,
W2_apt,16,L2,takeover,pin_prefix24,1.0,0.7434052757793765,0.8528198074277854,0.0853950518754988,
W2_apt,16,L2,takeover,pin_scope16,0.016129032258064516,0.09803921568627451,0.027700831024930747,0.03671189146049481,
W2_apt,16,L2,takeover,pin_useragent,0.8612903225806452,0.6742424242424242,0.7563739376770537,0.10295291300877893,
W2_apt,16,L2,takeover,pin_useragent_core,0.4129032258064516,1.0,0.5844748858447488,0.0,
W2_apt,16,L2,takeover,pin_ip_or_useragent,1.0,0.5506216696269982,0.7101947308132874,0.20191540303272146,
W2_apt,16,L2,takeover,pin_ip_and_useragent,0.8612903225806452,0.8240740740740741,0.8422712933753944,0.04549082202713488,
W2_apt,16,L2,takeover,score_distinct_bindings,0.035483870967741936,1.0,0.06853582554517135,0.0,0.9588175475632675
W2_apt,16,L2,takeover,score_max_request_rate,0.0,0.0,0.0,0.0,0.49464510980099374
W2_apt,16,L2,takeover,score_burstiness,0.0,0.0,0.0,0.007980845969672785,0.47901423679942334
W2_apt,17,L2,takeover,SICA (proposed),0.003105590062111801,0.1,0.006024096385542168,0.007252215954875101,0.9544847122887273
W2_apt,17,L2,takeover,pin_ip,1.0,0.6666666666666666,0.8,0.1297340854149879,
W2_apt,17,L2,takeover,pin_prefix24,1.0,0.8277634961439588,0.9057665260196905,0.053988718775181306,
W2_apt,17,L2,takeover,pin_scope16,0.015527950310559006,0.2,0.02881844380403458,0.016116035455278,
W2_apt,17,L2,takeover,pin_useragent,0.860248447204969,0.7030456852791879,0.7737430167597765,0.09427880741337631,
W2_apt,17,L2,takeover,pin_useragent_core,0.40062111801242234,1.0,0.5720620842572062,0.0,
W2_apt,17,L2,takeover,pin_ip_or_useragent,1.0,0.5833333333333334,0.7368421052631579,0.185334407735697,
W2_apt,17,L2,takeover,pin_ip_and_useragent,0.860248447204969,0.8523076923076923,0.8562596599690881,0.038678485092667206,
W2_apt,17,L2,takeover,score_distinct_bindings,0.034161490683229816,1.0,0.06606606606606608,0.0,0.9739278081691283
W2_apt,17,L2,takeover,score_max_request_rate,0.0,0.0,0.0,0.0,0.4841379672774411
W2_apt,17,L2,takeover,score_burstiness,0.003105590062111801,0.1,0.006024096385542168,0.007252215954875101,0.46808824780656755
W2_apt,18,L2,takeover,SICA (proposed),0.0,0.0,0.0,0.0,0.9447091832190255
W2_apt,18,L2,takeover,pin_ip,1.0,0.6566265060240963,0.7927272727272727,0.1383495145631068,
W2_apt,18,L2,takeover,pin_prefix24,1.0,0.8074074074074075,0.8934426229508198,0.06310679611650485,
W2_apt,18,L2,takeover,pin_scope16,0.027522935779816515,0.1956521739130435,0.0482573726541555,0.029935275080906147,
W2_apt,18,L2,takeover,pin_useragent,0.8195718654434251,0.6979166666666666,0.7538677918424753,0.09385113268608414,
W2_apt,18,L2,takeover,pin_useragent_core,0.4036697247706422,1.0,0.5751633986928105,0.0,
W2_apt,18,L2,takeover,pin_ip_or_useragent,1.0,0.5828877005347594,0.7364864864864864,0.18932038834951456,
W2_apt,18,L2,takeover,pin_ip_and_useragent,0.8195718654434251,0.8348909657320872,0.8271604938271604,0.04288025889967637,
W2_apt,18,L2,takeover,score_distinct_bindings,0.04281345565749235,1.0,0.08211143695014662,0.0,0.9697975119503578
W2_apt,18,L2,takeover,score_max_request_rate,0.0,0.0,0.0,0.0,0.5096493572043586
W2_apt,18,L2,takeover,score_burstiness,0.0030581039755351682,0.09090909090909091,0.005917159763313609,0.008090614886731391,0.4698915313282464
W2_apt,19,L2,takeover,SICA (proposed),0.003389830508474576,0.1111111111111111,0.006578947368421053,0.006309148264984227,0.9380326685558467
W2_apt,19,L2,takeover,pin_ip,1.0,0.5784313725490197,0.732919254658385,0.1695583596214511,
W2_apt,19,L2,takeover,pin_prefix24,1.0,0.7301980198019802,0.844062947067239,0.0859621451104101,
W2_apt,19,L2,takeover,pin_scope16,0.003389830508474576,0.024390243902439025,0.005952380952380953,0.031545741324921134,
W2_apt,19,L2,takeover,pin_useragent,0.864406779661017,0.6763925729442971,0.7589285714285714,0.09621451104100946,
W2_apt,19,L2,takeover,pin_useragent_core,0.43050847457627117,1.0,0.6018957345971563,0.0,
W2_apt,19,L2,takeover,pin_ip_or_useragent,1.0,0.5157342657342657,0.6805074971164936,0.21845425867507887,
W2_apt,19,L2,takeover,pin_ip_and_useragent,0.864406779661017,0.8095238095238095,0.8360655737704918,0.0473186119873817,
W2_apt,19,L2,takeover,score_distinct_bindings,0.01694915254237288,1.0,0.03333333333333333,0.0,0.957747420199968
W2_apt,19,L2,takeover,score_max_request_rate,0.0,0.0,0.0,0.0,0.5207961289632679
W2_apt,19,L2,takeover,score_burstiness,0.0,0.0,0.0,0.008675078864353312,0.47503609046677003
W2_apt,0,L2,concurrent,SICA (proposed),0.3974358974358974,1.0,0.5688073394495413,0.0,0.989527608682285
W2_apt,0,L2,concurrent,pin_ip,1.0,0.6290322580645161,0.7722772277227723,0.14708233413269384,
W2_apt,0,L2,concurrent,pin_prefix24,1.0,0.7819548872180451,0.8776371308016877,0.06954436450839328,
W2_apt,0,L2,concurrent,pin_scope16,0.03205128205128205,0.24390243902439024,0.056657223796033995,0.02478017585931255,
W2_apt,0,L2,concurrent,pin_useragent,0.8461538461538461,0.6583541147132169,0.7405329593267881,0.10951239008792965,
W2_apt,0,L2,concurrent,pin_useragent_core,0.40705128205128205,1.0,0.5785876993166288,0.0,
W2_apt,0,L2,concurrent,pin_ip_or_useragent,1.0,0.5445026178010471,0.7050847457627119,0.20863309352517986,
W2_apt,0,L2,concurrent,pin_ip_and_useragent,0.8461538461538461,0.8148148148148148,0.830188679245283,0.047961630695443645,
W2_apt,0,L2,concurrent,score_distinct_bindings,0.08974358974358974,1.0,0.1647058823529412,0.0,0.9683483982045133
W2_apt,0,L2,concurrent,score_max_request_rate,0.0,0.0,0.0,0.0,0.5122927299186292
W2_apt,0,L2,concurrent,score_burstiness,0.0,0.0,0.0,0.009592326139088728,0.4469565373342352
W2_apt,1,L2,concurrent,SICA (proposed),0.36363636363636365,0.9122807017543859,0.52,0.007830853563038372,0.9839289528013099
W2_apt,1,L2,concurrent,pin_ip,1.0,0.5742971887550201,0.7295918367346939,0.16601409553641347,
W2_apt,1,L2,concurrent,pin_prefix24,1.0,0.7185929648241206,0.8362573099415204,0.08770555990602975,
W2_apt,1,L2,concurrent,pin_scope16,0.05244755244755245,0.26785714285714285,0.08771929824561403,0.03210649960845732,
W2_apt,1,L2,concurrent,pin_useragent,0.8811188811188811,0.6702127659574468,0.7613293051359517,0.0971025841816758,
W2_apt,1,L2,concurrent,pin_useragent_core,0.38461538461538464,1.0,0.5555555555555556,0.0,
W2_apt,1,L2,concurrent,pin_ip_or_useragent,1.0,0.5238095238095238,0.6875000000000001,0.20360219263899765,
W2_apt,1,L2,concurrent,pin_ip_and_useragent,0.8811188811188811,0.7682926829268293,0.8208469055374594,0.05951448707909162,
W2_apt,1,L2,concurrent,score_distinct_bindings,0.0944055944055944,1.0,0.17252396166134185,0.0,0.9602871678047872
W2_apt,1,L2,concurrent,score_max_request_rate,0.0,0.0,0.0,0.0,0.5287537442979886
W2_apt,1,L2,concurrent,score_burstiness,0.0,0.0,0.0,0.009397024275646046,0.469856689903675
W2_apt,2,L2,concurrent,SICA (proposed),0.3797909407665505,0.9008264462809917,0.5343137254901961,0.009404388714733543,0.9887838192085459
W2_apt,2,L2,concurrent,pin_ip,1.0,0.6252723311546841,0.7694369973190349,0.13479623824451412,
W2_apt,2,L2,concurrent,pin_prefix24,1.0,0.7694369973190348,0.8696969696969697,0.06739811912225706,
W2_apt,2,L2,concurrent,pin_scope16,0.03832752613240418,0.2682926829268293,0.06707317073170731,0.023510971786833857,
W2_apt,2,L2,concurrent,pin_useragent,0.867595818815331,0.6693548387096774,0.755690440060698,0.09639498432601881,
W2_apt,2,L2,concurrent,pin_useragent_core,0.39372822299651566,1.0,0.565,0.0,
W2_apt,2,L2,concurrent,pin_ip_or_useragent,1.0,0.5445920303605313,0.7051597051597052,0.18808777429467086,
W2_apt,2,L2,concurrent,pin_ip_and_useragent,0.867595818815331,0.819078947368421,0.8426395939086294,0.04310344827586207,
W2_apt,2,L2,concurrent,score_distinct_bindings,0.07317073170731707,1.0,0.13636363636363635,0.0,0.9687667252848077
W2_apt,2,L2,concurrent,score_max_request_rate,0.0,0.0,0.0,0.0,0.5329481284064967
W2_apt,2,L2,concurrent,score_burstiness,0.0,0.0,0.0,0.009404388714733543,0.4541262984282328
W2_apt,3,L2,concurrent,SICA (proposed),0.39436619718309857,1.0,0.5656565656565656,0.0,0.9826944465856908
W2_apt,3,L2,concurrent,pin_ip,1.0,0.5855670103092784,0.7386215864759428,0.15715402658326819,
W2_apt,3,L2,concurrent,pin_prefix24,1.0,0.7395833333333334,0.8502994011976047,0.07818608287724785,
W2_apt,3,L2,concurrent,pin_scope16,0.007042253521126761,0.04,0.011976047904191617,0.03752931978107897,
W2_apt,3,L2,concurrent,pin_useragent,0.8661971830985915,0.6814404432132964,0.7627906976744185,0.08991399530883502,
W2_apt,3,L2,concurrent,pin_useragent_core,0.4154929577464789,1.0,0.5870646766169154,0.0,
W2_apt,3,L2,concurrent,pin_ip_or_useragent,1.0,0.5259259259259259,0.6893203883495146,0.2001563721657545,
W2_apt,3,L2,concurrent,pin_ip_and_useragent,0.8661971830985915,0.803921568627451,0.8338983050847457,0.04691164972634871,
W2_apt,3,L2,concurrent,score_distinct_bindings,0.045774647887323945,1.0,0.08754208754208755,0.0,0.9626964287680736
W2_apt,3,L2,concurrent,score_max_request_rate,0.0,0.0,0.0,0.0,0.5003372463081853
W2_apt,3,L2,concurrent,score_burstiness,0.007042253521126761,0.15384615384615385,0.013468013468013471,0.008600469116497263,0.4557780616458721
W2_apt,4,L2,concurrent,SICA (proposed),0.3979933110367893,0.8814814814814815,0.5483870967741936,0.012658227848101266,0.985193260234537
W2_apt,4,L2,concurrent,pin_ip,1.0,0.6016096579476862,0.7512562814070353,0.15664556962025317,
W2_apt,4,L2,concurrent,pin_prefix24,1.0,0.7346437346437347,0.8470254957507082,0.08544303797468354,
W2_apt,4,L2,concurrent,pin_scope16,0.020066889632107024,0.1276595744680851,0.03468208092485549,0.03243670886075949,
W2_apt,4,L2,concurrent,pin_useragent,0.862876254180602,0.675392670157068,0.7577092511013217,0.0981012658227848,
W2_apt,4,L2,concurrent,pin_useragent_core,0.41471571906354515,1.0,0.5862884160756502,0.0,
W2_apt,4,L2,concurrent,pin_ip_or_useragent,1.0,0.5310834813499112,0.6937354988399073,0.2088607594936709,
W2_apt,4,L2,concurrent,pin_ip_and_useragent,0.862876254180602,0.8164556962025317,0.8390243902439024,0.04588607594936709,
W2_apt,4,L2,concurrent,score_distinct_bindings,0.06354515050167224,1.0,0.11949685534591195,0.0,0.9599932263663689
W2_apt,4,L2,concurrent,score_max_request_rate,0.0,0.0,0.0,0.0,0.5142603509588926
W2_apt,4,L2,concurrent,score_burstiness,0.0033444816053511705,0.1111111111111111,0.006493506493506493,0.006329113924050633,0.4435182147241861
W2_apt,5,L2,concurrent,SICA (proposed),0.4143835616438356,0.9453125,0.5761904761904761,0.0055074744295830055,0.9875260015304528
W2_apt,5,L2,concurrent,pin_ip,1.0,0.594704684317719,0.7458492975734354,0.15656963021243114,
W2_apt,5,L2,concurrent,pin_prefix24,1.0,0.7664041994750657,0.8677563150074294,0.07002360346184107,
W2_apt,5,L2,concurrent,pin_scope16,0.0273972602739726,0.19047619047619047,0.04790419161676647,0.02675059008654603,
W2_apt,5,L2,concurrent,pin_useragent,0.910958904109589,0.6551724137931034,0.7621776504297993,0.11014948859166011,
W2_apt,5,L2,concurrent,pin_useragent_core,0.4246575342465753,1.0,0.5961538461538461,0.0,
W2_apt,5,L2,concurrent,pin_ip_or_useragent,1.0,0.5251798561151079,0.6886792452830188,0.2077104642014162,
W2_apt,5,L2,concurrent,pin_ip_and_useragent,0.910958904109589,0.7800586510263929,0.8404423380726698,0.059008654602675056,
W2_apt,5,L2,concurrent,score_distinct_bindings,0.0821917808219178,1.0,0.1518987341772152,0.0,0.9678658806031277
W2_apt,5,L2,concurrent,score_max_request_rate,0.0,0.0,0.0,0.0,0.5227883879590011
W2_apt,5,L2,concurrent,score_burstiness,0.003424657534246575,0.07692307692307693,0.006557377049180327,0.00944138473642801,0.44345138656866023
W2_apt,6,L2,concurrent,SICA (proposed),0.37337662337662336,1.0,0.5437352245862884,0.0,0.9835553888342733
W2_apt,6,L2,concurrent,pin_ip,1.0,0.6234817813765182,0.7680798004987531,0.14820717131474104,
W2_apt,6,L2,concurrent,pin_prefix24,1.0,0.7475728155339806,0.8555555555555555,0.08286852589641434,
W2_apt,6,L2,concurrent,pin_scope16,0.02922077922077922,0.1875,0.05056179775280899,0.031075697211155377,
W2_apt,6,L2,concurrent,pin_useragent,0.8636363636363636,0.680306905370844,0.7610872675250357,0.099601593625498,
W2_apt,6,L2,concurrent,pin_useragent_core,0.38311688311688313,1.0,0.5539906103286385,0.0,
W2_apt,6,L2,concurrent,pin_ip_or_useragent,1.0,0.5413005272407733,0.702394526795895,0.20796812749003984,
W2_apt,6,L2,concurrent,pin_ip_and_useragent,0.8636363636363636,0.8417721518987342,0.8525641025641025,0.0398406374501992,
W2_apt,6,L2,concurrent,score_distinct_bindings,0.07467532467532467,1.0,0.13897280966767372,0.0,0.961659854090133
W2_apt,6,L2,concurrent,score_max_request_rate,0.0,0.0,0.0,0.0,0.5165338645418327
W2_apt,6,L2,concurrent,score_burstiness,0.003246753246753247,0.07692307692307693,0.006230529595015577,0.009561752988047808,0.4579733015987996
W2_apt,7,L2,concurrent,SICA (proposed),0.42574257425742573,0.9214285714285714,0.582392776523702,0.00873015873015873,0.9894310859657395
W2_apt,7,L2,concurrent,pin_ip,1.0,0.6273291925465838,0.7709923664122137,0.14285714285714285,
W2_apt,7,L2,concurrent,pin_prefix24,1.0,0.7709923664122137,0.8706896551724138,0.07142857142857142,
W2_apt,7,L2,concurrent,pin_scope16,0.0231023102310231,0.1590909090909091,0.040345821325648415,0.029365079365079365,
W2_apt,7,L2,concurrent,pin_useragent,0.8712871287128713,0.6857142857142857,0.7674418604651162,0.09603174603174604,
W2_apt,7,L2,concurrent,pin_useragent_core,0.4389438943894389,1.0,0.610091743119266,0.0,
W2_apt,7,L2,concurrent,pin_ip_or_useragent,1.0,0.5519125683060109,0.7112676056338028,0.19523809523809524,
W2_apt,7,L2,concurrent,pin_ip_and_useragent,0.8712871287128713,0.8275862068965517,0.8488745980707396,0.04365079365079365,
W2_apt,7,L2,concurrent,score_distinct_bindings,0.0627062706270627,1.0,0.11801242236024843,0.0,0.9665252239509665
W2_apt,7,L2,concurrent,score_max_request_rate,0.0,0.0,0.0,0.0,0.5177287966891927
W2_apt,7,L2,concurrent,score_burstiness,0.0033003300330033004,0.07142857142857142,0.006309148264984228,0.010317460317460317,0.44752475247524753
W2_apt,8,L2,concurrent,SICA (proposed),0.40569395017793597,0.912,0.5615763546798029,0.00858034321372855,0.9892169708140639
W2_apt,8,L2,concurrent,pin_ip,1.0,0.6189427312775331,0.7646258503401361,0.13494539781591264,
W2_apt,8,L2,concurrent,pin_prefix24,1.0,0.7635869565217391,0.8659476117103235,0.06786271450858035,
W2_apt,8,L2,concurrent,pin_scope16,0.021352313167259787,0.16666666666666666,0.037854889589905356,0.0234009360374415,
W2_apt,8,L2,concurrent,pin_useragent,0.8220640569395018,0.6814159292035398,0.7451612903225806,0.0842433697347894,
W2_apt,8,L2,concurrent,pin_useragent_core,0.41637010676156583,1.0,0.5879396984924623,0.0,
W2_apt,8,L2,concurrent,pin_ip_or_useragent,1.0,0.546692607003891,0.7069182389937106,0.18174726989079562,
W2_apt,8,L2,concurrent,pin_ip_and_useragent,0.8220640569395018,0.8279569892473119,0.825,0.0374414976599064,
W2_apt,8,L2,concurrent,score_distinct_bindings,0.05338078291814947,1.0,0.10135135135135136,0.0,0.9678799251614193
W2_apt,8,L2,concurrent,score_max_request_rate,0.0,0.0,0.0,0.0,0.515171745659862
W2_apt,8,L2,concurrent,score_burstiness,0.0035587188612099642,0.07692307692307693,0.006802721088435373,0.0093603744149766,0.44052331488277324
W2_apt,9,L2,concurrent,SICA (proposed),0.38080495356037153,0.9609375,0.5454545454545455,0.004032258064516129,0.9936382702486767
W2_apt,9,L2,concurrent,pin_ip,1.0,0.6247582205029013,0.7690476190476191,0.15645161290322582,
W2_apt,9,L2,concurrent,pin_prefix24,1.0,0.8095238095238095,0.8947368421052632,0.06129032258064516,
W2_apt,9,L2,concurrent,pin_scope16,0.015479876160990712,0.1724137931034483,0.028409090909090908,0.01935483870967742,
W2_apt,9,L2,concurrent,pin_useragent,0.8328173374613003,0.6775818639798489,0.7472222222222222,0.1032258064516129,
W2_apt,9,L2,concurrent,pin_useragent_core,0.38390092879256965,1.0,0.5548098434004474,0.0,
W2_apt,9,L2,concurrent,pin_ip_or_useragent,1.0,0.5607638888888888,0.7185761957730812,0.20403225806451614,
W2_apt,9,L2,concurrent,pin_ip_and_useragent,0.8328173374613003,0.7958579881656804,0.8139183055975793,0.055645161290322584,
W2_apt,9,L2,concurrent,score_distinct_bindings,0.04953560371517028,1.0,0.09439528023598821,0.0,0.9708728652751423
W2_apt,9,L2,concurrent,score_max_request_rate,0.0,0.0,0.0,0.0,0.4902788874463198
W2_apt,9,L2,concurrent,score_burstiness,0.0030959752321981426,0.07142857142857142,0.005934718100890209,0.010483870967741936,0.4239051732747428
W2_apt,10,L2,concurrent,SICA (proposed),0.41935483870967744,0.9435483870967742,0.5806451612903226,0.005451713395638629,0.9931344141850623
W2_apt,10,L2,concurrent,pin_ip,1.0,0.6186252771618626,0.7643835616438356,0.13395638629283488,
W2_apt,10,L2,concurrent,pin_prefix24,1.0,0.7793296089385475,0.8759811616954475,0.061526479750778816,
W2_apt,10,L2,concurrent,pin_scope16,0.021505376344086023,0.1935483870967742,0.03870967741935484,0.019470404984423675,
W2_apt,10,L2,concurrent,pin_useragent,0.8853046594982079,0.660427807486631,0.7565084226646247,0.09890965732087227,
W2_apt,10,L2,concurrent,pin_useragent_core,0.4229390681003584,1.0,0.5944584382871536,0.0,
W2_apt,10,L2,concurrent,pin_ip_or_useragent,1.0,0.5428015564202334,0.7036569987389659,0.18302180685358255,
W2_apt,10,L2,concurrent,pin_ip_and_useragent,0.8853046594982079,0.7942122186495176,0.8372881355932202,0.04984423676012461,
W2_apt,10,L2,concurrent,score_distinct_bindings,0.06093189964157706,1.0,0.11486486486486486,0.0,0.9711112227693476
W2_apt,10,L2,concurrent,score_max_request_rate,0.0,0.0,0.0,0.0,0.5265425585368305
W2_apt,10,L2,concurrent,score_burstiness,0.0,0.0,0.0,0.007009345794392523,0.46776845431503256
W2_apt,11,L2,concurrent,SICA (proposed),0.4103448275862069,0.9083969465648855,0.5653206650831354,0.009426551453260016,0.9887192892163502
W2_apt,11,L2,concurrent,pin_ip,1.0,0.625,0.7692307692307693,0.13668499607227022,
W2_apt,11,L2,concurrent,pin_prefix24,1.0,0.7692307692307693,0.8695652173913044,0.06834249803613511,
W2_apt,11,L2,concurrent,pin_scope16,0.03793103448275862,0.25,0.06586826347305388,0.025923016496465043,
W2_apt,11,L2,concurrent,pin_useragent,0.8413793103448276,0.6666666666666666,0.7439024390243901,0.09583660644147683,
W2_apt,11,L2,concurrent,pin_useragent_core,0.4241379310344828,1.0,0.5956416464891041,0.0,
W2_apt,11,L2,concurrent,pin_ip_or_useragent,1.0,0.5420560747663551,0.703030303030303,0.192458758837392,
W2_apt,11,L2,concurrent,pin_ip_and_useragent,0.8413793103448276,0.8271186440677966,0.8341880341880342,0.04006284367635507,
W2_apt,11,L2,concurrent,score_distinct_bindings,0.05862068965517241,1.0,0.11074918566775244,0.0,0.9678318931657502
W2_apt,11,L2,concurrent,score_max_request_rate,0.0,0.0,0.0,0.0,0.5391120621935693
W2_apt,11,L2,concurrent,score_burstiness,0.0,0.0,0.0,0.009426551453260016,0.4640842972072487
W2_apt,12,L2,concurrent,SICA (proposed),0.4139072847682119,0.9057971014492754,0.5681818181818181,0.010309278350515464,0.9867208302041374
W2_apt,12,L2,concurrent,pin_ip,1.0,0.6265560165975104,0.7704081632653061,0.14274385408406026,
W2_apt,12,L2,concurrent,pin_prefix24,1.0,0.7803617571059431,0.876632801161103,0.06740681998413957,
W2_apt,12,L2,concurrent,pin_scope16,0.04304635761589404,0.23636363636363636,0.07282913165266107,0.03330689928628073,
W2_apt,12,L2,concurrent,pin_useragent,0.8609271523178808,0.7008086253369272,0.7726597325408618,0.0880253766851705,
W2_apt,12,L2,concurrent,pin_useragent_core,0.4337748344370861,1.0,0.6050808314087759,0.0,
W2_apt,12,L2,concurrent,pin_ip_or_useragent,1.0,0.5602968460111317,0.718192627824019,0.1879460745440127,
W2_apt,12,L2,concurrent,pin_ip_and_useragent,0.8609271523178808,0.8280254777070064,0.8441558441558441,0.04282315622521808,
W2_apt,12,L2,concurrent,score_distinct_bindings,0.0695364238410596,1.0,0.13003095975232196,0.0,0.9686402046100278
W2_apt,12,L2,concurrent,score_max_request_rate,0.0,0.0,0.0,0.0,0.514560608368214
W2_apt,12,L2,concurrent,score_burstiness,0.006622516556291391,0.18181818181818182,0.012779552715654952,0.007137192704203013,0.46455430621130084
W2_apt,13,L2,concurrent,SICA (proposed),0.3929824561403509,0.896,0.5463414634146341,0.010172143974960876,0.9874186640309695
W2_apt,13,L2,concurrent,pin_ip,1.0,0.6063829787234043,0.7549668874172186,0.14475743348982786,
W2_apt,13,L2,concurrent,pin_prefix24,1.0,0.7519788918205804,0.858433734939759,0.07355242566510173,
W2_apt,13,L2,concurrent,pin_scope16,0.02456140350877193,0.14583333333333334,0.042042042042042045,0.032081377151799685,
W2_apt,13,L2,concurrent,pin_useragent,0.8842105263157894,0.7159090909090909,0.7912087912087913,0.0782472613458529,
W2_apt,13,L2,concurrent,pin_useragent_core,0.4105263157894737,1.0,0.582089552238806,0.0,
W2_apt,13,L2,concurrent,pin_ip_or_useragent,1.0,0.5438931297709924,0.7045735475896168,0.18701095461658843,
W2_apt,13,L2,concurrent,pin_ip_and_useragent,0.8842105263157894,0.8456375838926175,0.8644939965694682,0.03599374021909233,
W2_apt,13,L2,concurrent,score_distinct_bindings,0.06666666666666667,1.0,0.125,0.0,0.9656755346896192
W2_apt,13,L2,concurrent,score_max_request_rate,0.0,0.0,0.0,0.0,0.4951239601350795
W2_apt,13,L2,concurrent,score_burstiness,0.007017543859649123,0.18181818181818182,0.013513513513513513,0.007042253521126761,0.43237926584850234
W2_apt,14,L2,concurrent,SICA (proposed),0.45323741007194246,1.0,0.6237623762376238,0.0,0.9861741735016656
W2_apt,14,L2,concurrent,pin_ip,1.0,0.5708418891170431,0.726797385620915,0.16264591439688716,
W2_apt,14,L2,concurrent,pin_prefix24,1.0,0.710997442455243,0.8310911808669657,0.08793774319066149,
W2_apt,14,L2,concurrent,pin_scope16,0.04316546762589928,0.1875,0.07017543859649122,0.04046692607003891,
W2_apt,14,L2,concurrent,pin_useragent,0.8776978417266187,0.6437994722955145,0.7427701674277015,0.10505836575875487,
W2_apt,14,L2,concurrent,pin_useragent_core,0.4676258992805755,1.0,0.6372549019607843,0.0,
W2_apt,14,L2,concurrent,pin_ip_or_useragent,1.0,0.5110294117647058,0.6763990267639902,0.20700389105058364,
W2_apt,14,L2,concurrent,pin_ip_and_useragent,0.8776978417266187,0.7577639751552795,0.8133333333333332,0.060700389105058365,
W2_apt,14,L2,concurrent,score_distinct_bindings,0.08273381294964029,1.0,0.15282392026578073,0.0,0.9596688408028441
W2_apt,14,L2,concurrent,score_max_request_rate,0.0,0.0,0.0,0.0,0.5235282591047784
W2_apt,14,L2,concurrent,score_burstiness,0.0035971223021582736,0.08333333333333333,0.00689655172413793,0.008560311284046693,0.44547210480642724
W2_apt,15,L2,concurrent,SICA (proposed),0.4245614035087719,0.9307692307692308,0.5831325301204819,0.007042253521126761,0.9894832935233232
W2_apt,15,L2,concurrent,pin_ip,1.0,0.5734406438631791,0.7289002557544757,0.16588419405320814,
W2_apt,15,L2,concurrent,pin_prefix24,1.0,0.7251908396946565,0.8407079646017699,0.08450704225352113,
W2_apt,15,L2,concurrent,pin_scope16,0.017543859649122806,0.10869565217391304,0.030211480362537766,0.032081377151799685,
W2_apt,15,L2,concurrent,pin_useragent,0.887719298245614,0.635678391959799,0.7408491947291362,0.1134585289514867,
W2_apt,15,L2,concurrent,pin_useragent_core,0.4421052631578947,1.0,0.6131386861313868,0.0,
W2_apt,15,L2,concurrent,pin_ip_or_useragent,1.0,0.4973821989528796,0.6643356643356644,0.22535211267605634,
W2_apt,15,L2,concurrent,pin_ip_and_useragent,0.887719298245614,0.7857142857142857,0.8336079077429984,0.0539906103286385,
W2_apt,15,L2,concurrent,score_distinct_bindings,0.06666666666666667,1.0,0.125,0.0,0.9605633802816902
W2_apt,15,L2,concurrent,score_max_request_rate,0.0,0.0,0.0,0.0,0.498908656618071
W2_apt,15,L2,concurrent,score_burstiness,0.0035087719298245615,0.09090909090909091,0.006756756756756756,0.00782472613458529,0.44296598303269913
W2_apt,16,L2,concurrent,SICA (proposed),0.43686006825938567,0.9078014184397163,0.5898617511520737,0.010236220472440945,0.9862164413748623
W2_apt,16,L2,concurrent,pin_ip,1.0,0.6142557651991615,0.7610389610389612,0.14488188976377953,
W2_apt,16,L2,concurrent,pin_prefix24,1.0,0.7306733167082294,0.8443804034582133,0.08503937007874016,
W2_apt,16,L2,concurrent,pin_scope16,0.034129692832764506,0.17857142857142858,0.05730659025787965,0.03622047244094488,
W2_apt,16,L2,concurrent,pin_useragent,0.8600682593856656,0.6596858638743456,0.7466666666666667,0.10236220472440945,
W2_apt,16,L2,concurrent,pin_useragent_core,0.447098976109215,1.0,0.6179245283018868,0.0,
W2_apt,16,L2,concurrent,pin_ip_or_useragent,1.0,0.5336976320582878,0.6959619952494062,0.2015748031496063,
W2_apt,16,L2,concurrent,pin_ip_and_useragent,0.8600682593856656,0.8129032258064516,0.8358208955223881,0.04566929133858268,
W2_apt,16,L2,concurrent,score_distinct_bindings,0.08532423208191127,1.0,0.15723270440251574,0.0,0.9611082744349789
W2_apt,16,L2,concurrent,score_max_request_rate,0.0,0.0,0.0,0.0,0.4960374620407944
W2_apt,16,L2,concurrent,score_burstiness,0.0034129692832764505,0.08333333333333333,0.006557377049180328,0.008661417322834646,0.4265405390879041
W2_apt,17,L2,concurrent,SICA (proposed),0.4,0.9230769230769231,0.5581395348837209,0.00791765637371338,0.9907640538400634
W2_apt,17,L2,concurrent,pin_ip,1.0,0.646551724137931,0.7853403141361257,0.12984956452889945,
W2_apt,17,L2,concurrent,pin_prefix24,1.0,0.8152173913043478,0.8982035928143712,0.053840063341250986,
W2_apt,17,L2,concurrent,pin_scope16,0.023333333333333334,0.25,0.042682926829268296,0.0166270783847981,
W2_apt,17,L2,concurrent,pin_useragent,0.88,0.6929133858267716,0.7753303964757708,0.09263657957244656,
W2_apt,17,L2,concurrent,pin_useragent_core,0.4266666666666667,1.0,0.5981308411214953,0.0,
W2_apt,17,L2,concurrent,pin_ip_or_useragent,1.0,0.5628517823639775,0.7202881152460985,0.18448139350752177,
W2_apt,17,L2,concurrent,pin_ip_and_useragent,0.88,0.8461538461538461,0.8627450980392156,0.03800475059382423,
W2_apt,17,L2,concurrent,score_distinct_bindings,0.08,1.0,0.14814814814814814,0.0,0.9752335708630245
W2_apt,17,L2,concurrent,score_max_request_rate,0.0,0.0,0.0,0.0,0.4764225389284772
W2_apt,17,L2,concurrent,score_burstiness,0.0,0.0,0.0,0.00791765637371338,0.4015056743204012
W2_apt,18,L2,concurrent,SICA (proposed),0.4090909090909091,1.0,0.5806451612903226,0.0,0.9889791483416981
W2_apt,18,L2,concurrent,pin_ip,1.0,0.6376811594202898,0.7787610619469026,0.1394422310756972,
W2_apt,18,L2,concurrent,pin_prefix24,1.0,0.7917737789203085,0.8837876614060258,0.06454183266932272,
W2_apt,18,L2,concurrent,pin_scope16,0.045454545454545456,0.2641509433962264,0.07756232686980609,0.031075697211155377,
W2_apt,18,L2,concurrent,pin_useragent,0.8506493506493507,0.6912928759894459,0.7627365356622999,0.09322709163346614,
W2_apt,18,L2,concurrent,pin_useragent_core,0.4155844155844156,1.0,0.5871559633027523,0.0,
W2_apt,18,L2,concurrent,pin_ip_or_useragent,1.0,0.5641025641025641,0.7213114754098361,0.18964143426294822,
W2_apt,18,L2,concurrent,pin_ip_and_useragent,0.8506493506493507,0.8291139240506329,0.8397435897435898,0.04302788844621514,
W2_apt,18,L2,concurrent,score_distinct_bindings,0.08441558441558442,1.0,0.155688622754491,0.0,0.9704532519273555
W2_apt,18,L2,concurrent,score_max_request_rate,0.0,0.0,0.0,0.0,0.5135535778962074
W2_apt,18,L2,concurrent,score_burstiness,0.0,0.0,0.0,0.008764940239043825,0.4516194960418068
W2_apt,19,L2,concurrent,SICA (proposed),0.4136690647482014,0.9349593495934959,0.5735660847880298,0.0062256809338521405,0.9867508327967975
W2_apt,19,L2,concurrent,pin_ip,1.0,0.5604838709677419,0.718346253229974,0.16964980544747083,
W2_apt,19,L2,concurrent,pin_prefix24,1.0,0.7183462532299741,0.8360902255639097,0.08482490272373541,
W2_apt,19,L2,concurrent,pin_scope16,0.017985611510791366,0.1111111111111111,0.030959752321981424,0.0311284046692607,
W2_apt,19,L2,concurrent,pin_useragent,0.8381294964028777,0.6508379888268156,0.7327044025157232,0.09727626459143969,
W2_apt,19,L2,concurrent,pin_useragent_core,0.4244604316546763,1.0,0.595959595959596,0.0,
W2_apt,19,L2,concurrent,pin_ip_or_useragent,1.0,0.49642857142857144,0.6634844868735084,0.21945525291828794,
W2_apt,19,L2,concurrent,pin_ip_and_useragent,0.8381294964028777,0.7925170068027211,0.8146853146853147,0.047470817120622566,
W2_apt,19,L2,concurrent,score_distinct_bindings,0.050359712230215826,1.0,0.09589041095890412,0.0,0.959723427483694
W2_apt,19,L2,concurrent,score_max_request_rate,0.0,0.0,0.0,0.0,0.5308400750216947
W2_apt,19,L2,concurrent,score_burstiness,0.0,0.0,0.0,0.008560311284046693,0.4396663214175741
W2_apt,0,L3,takeover,SICA (proposed),0.0,0.0,0.0,0.0,0.8158703826587038
W2_apt,0,L3,takeover,pin_ip,1.0,0.6457925636007827,0.7847800237812129,0.1467964314679643,
W2_apt,0,L3,takeover,pin_prefix24,0.030303030303030304,0.10638297872340426,0.04716981132075471,0.0681265206812652,
W2_apt,0,L3,takeover,pin_scope16,0.00909090909090909,0.09090909090909091,0.016528925619834708,0.024330900243309004,
W2_apt,0,L3,takeover,pin_useragent,0.04242424242424243,0.09523809523809523,0.05870020964360587,0.10786699107866991,
W2_apt,0,L3,takeover,pin_useragent_core,0.0,0.0,0.0,0.0,
W2_apt,0,L3,takeover,pin_ip_or_useragent,1.0,0.5631399317406144,0.7205240174672489,0.20762368207623683,
W2_apt,0,L3,takeover,pin_ip_and_useragent,0.04242424242424243,0.19444444444444445,0.06965174129353234,0.047039740470397405,
W2_apt,0,L3,takeover,score_distinct_bindings,0.0,0.0,0.0,0.0,0.4810882548108825
W2_apt,0,L3,takeover,score_max_request_rate,0.0,0.0,0.0,0.0,0.49816535181498683
W2_apt,0,L3,takeover,score_burstiness,0.0,0.0,0.0,0.009732360097323601,0.4697879033645457
W2_apt,1,L3,takeover,SICA (proposed),0.0,0.0,0.0,0.00791765637371338,0.8188862496700976
W2_apt,1,L3,takeover,pin_ip,1.0,0.5905511811023622,0.7425742574257426,0.16468725257323832,
W2_apt,1,L3,takeover,pin_prefix24,0.03666666666666667,0.09166666666666666,0.052380952380952375,0.08630245447347586,
W2_apt,1,L3,takeover,pin_scope16,0.02,0.1276595744680851,0.0345821325648415,0.03246239113222486,
W2_apt,1,L3,takeover,pin_useragent,0.04666666666666667,0.1037037037037037,0.06436781609195402,0.0958036421219319,
W2_apt,1,L3,takeover,pin_useragent_core,0.0,0.0,0.0,0.0,
W2_apt,1,L3,takeover,pin_ip_or_useragent,1.0,0.539568345323741,0.7009345794392523,0.20269200316706254,
W2_apt,1,L3,takeover,pin_ip_and_useragent,0.04666666666666667,0.16091954022988506,0.0723514211886305,0.05779889152810768,
W2_apt,1,L3,takeover,score_distinct_bindings,0.0,0.0,0.0,0.0,0.4751821060965954
W2_apt,1,L3,takeover,score_max_request_rate,0.0,0.0,0.0,0.0,0.5103351807864872
W2_apt,1,L3,takeover,score_burstiness,0.0,0.0,0.0,0.009501187648456057,0.4686302454473476
W2_apt,2,L3,takeover,SICA (proposed),0.0032679738562091504,0.07692307692307693,0.006269592476489029,0.00954653937947494,0.8298131769281566
W2_apt,2,L3,takeover,pin_ip,1.0,0.6415094339622641,0.7816091954022989,0.1360381861575179,
W2_apt,2,L3,takeover,pin_prefix24,0.026143790849673203,0.0851063829787234,0.039999999999999994,0.06841686555290374,
W2_apt,2,L3,takeover,pin_scope16,0.00980392156862745,0.09090909090909091,0.01769911504424779,0.02386634844868735,
W2_apt,2,L3,takeover,pin_useragent,0.06209150326797386,0.1347517730496454,0.08501118568232663,0.09705648369132856,
W2_apt,2,L3,takeover,pin_useragent_core,0.0,0.0,0.0,0.0,
W2_apt,2,L3,takeover,pin_ip_or_useragent,1.0,0.5625,0.72,0.18933969769291964,
W2_apt,2,L3,takeover,pin_ip_and_useragent,0.06209150326797386,0.25675675675675674,0.1,0.04375497215592681,
W2_apt,2,L3,takeover,score_distinct_bindings,0.0,0.0,0.0,0.0,0.47886346264838475
W2_apt,2,L3,takeover,score_max_request_rate,0.0,0.0,0.0,0.0,0.4915557843397237
W2_apt,2,L3,takeover,score_burstiness,0.0,0.0,0.0,0.008750994431185362,0.4432849246832119
W2_apt,3,L3,takeover,SICA (proposed),0.0,0.0,0.0,0.0,0.8183957087914385
W2_apt,3,L3,takeover,pin_ip,1.0,0.608,0.7562189054726367,0.1556791104050834,
W2_apt,3,L3,takeover,pin_prefix24,0.01644736842105263,0.04807692307692308,0.024509803921568624,0.07863383637807785,
W2_apt,3,L3,takeover,pin_scope16,0.006578947368421052,0.04,0.011299435028248588,0.03812549642573471,
W2_apt,3,L3,takeover,pin_useragent,0.03618421052631579,0.0873015873015873,0.05116279069767442,0.09134233518665608,
W2_apt,3,L3,takeover,pin_useragent_core,0.0,0.0,0.0,0.0,
W2_apt,3,L3,takeover,pin_ip_or_useragent,1.0,0.5477477477477477,0.7077997671711291,0.1993645750595711,
W2_apt,3,L3,takeover,pin_ip_and_useragent,0.03618421052631579,0.15492957746478872,0.058666666666666666,0.04765687053216839,
W2_apt,3,L3,takeover,score_distinct_bindings,0.0,0.0,0.0,0.0,0.4689067660214874
W2_apt,3,L3,takeover,score_max_request_rate,0.0,0.0,0.0,0.0,0.4945275594665775
W2_apt,3,L3,takeover,score_burstiness,0.0,0.0,0.0,0.007148530579825258,0.47592596463358555
W2_apt,4,L3,takeover,SICA (proposed),0.006389776357827476,0.11764705882352941,0.012121212121212121,0.012,0.8110607028753993
W2_apt,4,L3,takeover,pin_ip,1.0,0.6149312377210217,0.7615571776155718,0.1568,
W2_apt,4,L3,takeover,pin_prefix24,0.04792332268370607,0.12295081967213115,0.06896551724137931,0.0856,
W2_apt,4,L3,takeover,pin_scope16,0.022364217252396165,0.14893617021276595,0.03888888888888888,0.032,
W2_apt,4,L3,takeover,pin_useragent,0.02875399361022364,0.06818181818181818,0.04044943820224719,0.0984,
W2_apt,4,L3,takeover,pin_useragent_core,0.0,0.0,0.0,0.0,
W2_apt,4,L3,takeover,pin_ip_or_useragent,1.0,0.5443478260869565,0.704954954954955,0.2096,
W2_apt,4,L3,takeover,pin_ip_and_useragent,0.02875399361022364,0.13636363636363635,0.0474934036939314,0.0456,
W2_apt,4,L3,takeover,score_distinct_bindings,0.0,0.0,0.0,0.0,0.481161661341853
W2_apt,4,L3,takeover,score_max_request_rate,0.0,0.0,0.0,0.0,0.4931744408945687
W2_apt,4,L3,takeover,score_burstiness,0.0,0.0,0.0,0.0056,0.46187603833865815
W2_apt,5,L3,takeover,SICA (proposed),0.0,0.0,0.0,0.005604483586869495,0.8148863039476167
W2_apt,5,L3,takeover,pin_ip,1.0,0.6144814090019569,0.7612121212121212,0.1577261809447558,
W2_apt,5,L3,takeover,pin_prefix24,0.03503184713375796,0.1111111111111111,0.053268765133171914,0.07045636509207366,
W2_apt,5,L3,takeover,pin_scope16,0.012738853503184714,0.10810810810810811,0.022792022792022793,0.02642113690952762,
W2_apt,5,L3,takeover,pin_useragent,0.03821656050955414,0.08,0.051724137931034475,0.11048839071257005,
W2_apt,5,L3,takeover,pin_useragent_core,0.0,0.0,0.0,0.0,
W2_apt,5,L3,takeover,pin_ip_or_useragent,1.0,0.5470383275261324,0.7072072072072072,0.20816653322658127,
W2_apt,5,L3,takeover,pin_ip_and_useragent,0.03821656050955414,0.13793103448275862,0.059850374064837904,0.0600480384307446,
W2_apt,5,L3,takeover,score_distinct_bindings,0.0,0.0,0.0,0.0,0.48228774102084215
W2_apt,5,L3,takeover,score_max_request_rate,0.0,0.0,0.0,0.0,0.5024529177482113
W2_apt,5,L3,takeover,score_burstiness,0.0,0.0,0.0,0.007205764611689352,0.474319583054979
W2_apt,6,L3,takeover,SICA (proposed),0.0,0.0,0.0,0.0,0.8057453962932287
W2_apt,6,L3,takeover,pin_ip,1.0,0.63671875,0.7780429594272077,0.15036378334680678,
W2_apt,6,L3,takeover,pin_prefix24,0.027607361963190184,0.07964601769911504,0.041002277904328026,0.08407437348423606,
W2_apt,6,L3,takeover,pin_scope16,0.003067484662576687,0.025,0.00546448087431694,0.03152789005658852,
W2_apt,6,L3,takeover,pin_useragent,0.03374233128834356,0.08088235294117647,0.04761904761904762,0.10105092966855295,
W2_apt,6,L3,takeover,pin_useragent_core,0.0,0.0,0.0,0.0,
W2_apt,6,L3,takeover,pin_ip_or_useragent,1.0,0.555366269165247,0.7141292442497261,0.21099434114793855,
W2_apt,6,L3,takeover,pin_ip_and_useragent,0.03374233128834356,0.18032786885245902,0.056847545219638244,0.04042037186742118,
W2_apt,6,L3,takeover,score_distinct_bindings,0.0,0.0,0.0,0.0,0.4717664942394771
W2_apt,6,L3,takeover,score_max_request_rate,0.0,0.0,0.0,0.0,0.523411578576707
W2_apt,6,L3,takeover,score_burstiness,0.0,0.0,0.0,0.009700889248181084,0.5157242685896514
W2_apt,7,L3,takeover,SICA (proposed),0.0,0.0,0.0,0.008856682769726247,0.8252968531310668
W2_apt,7,L3,takeover,pin_ip,1.0,0.6458752515090543,0.784841075794621,0.14170692431561996,
W2_apt,7,L3,takeover,pin_prefix24,0.040498442367601244,0.12871287128712872,0.061611374407582936,0.07085346215780998,
W2_apt,7,L3,takeover,pin_scope16,0.018691588785046728,0.14285714285714285,0.033057851239669415,0.028985507246376812,
W2_apt,7,L3,takeover,pin_useragent,0.04361370716510903,0.10687022900763359,0.061946902654867256,0.09420289855072464,
W2_apt,7,L3,takeover,pin_useragent_core,0.0,0.0,0.0,0.0,
W2_apt,7,L3,takeover,pin_ip_or_useragent,1.0,0.5721925133689839,0.727891156462585,0.1932367149758454,
W2_apt,7,L3,takeover,pin_ip_and_useragent,0.04361370716510903,0.208955223880597,0.07216494845360824,0.0426731078904992,
W2_apt,7,L3,takeover,score_distinct_bindings,0.0,0.0,0.0,0.0,0.48482249010489564
W2_apt,7,L3,takeover,score_max_request_rate,0.0,0.0,0.0,0.0,0.5236040252632423
W2_apt,7,L3,takeover,score_burstiness,0.006230529595015576,0.13333333333333333,0.011904761904761904,0.010466988727858293,0.49759081172463265
W2_apt,8,L3,takeover,SICA (proposed),0.0034129692832764505,0.08333333333333333,0.006557377049180328,0.008661417322834646,0.8371959904329365
W2_apt,8,L3,takeover,pin_ip,1.0,0.6301075268817204,0.7730870712401056,0.13543307086614173,
W2_apt,8,L3,takeover,pin_prefix24,0.023890784982935155,0.07526881720430108,0.036269430051813475,0.06771653543307087,
W2_apt,8,L3,takeover,pin_scope16,0.006825938566552901,0.0625,0.012307692307692308,0.023622047244094488,
W2_apt,8,L3,takeover,pin_useragent,0.030716723549488054,0.07758620689655173,0.04400977995110024,0.08425196850393701,
W2_apt,8,L3,takeover,pin_useragent_core,0.0,0.0,0.0,0.0,
W2_apt,8,L3,takeover,pin_ip_or_useragent,1.0,0.5591603053435115,0.7172582619339045,0.18188976377952756,
W2_apt,8,L3,takeover,pin_ip_and_useragent,0.030716723549488054,0.15789473684210525,0.05142857142857142,0.03779527559055118,
W2_apt,8,L3,takeover,score_distinct_bindings,0.0,0.0,0.0,0.0,0.47808712477493215
W2_apt,8,L3,takeover,score_max_request_rate,0.0,0.0,0.0,0.0,0.5268885544597027
W2_apt,8,L3,takeover,score_burstiness,0.0,0.0,0.0,0.007874015748031496,0.5096853081078175
W2_apt,9,L3,takeover,SICA (proposed),0.0,0.0,0.0,0.004101722723543888,0.817052435278631
W2_apt,9,L3,takeover,pin_ip,1.0,0.6417910447761194,0.7818181818181819,0.15750615258408532,
W2_apt,9,L3,takeover,pin_prefix24,0.011627906976744186,0.05063291139240506,0.018912529550827423,0.06152584085315833,
W2_apt,9,L3,takeover,pin_scope16,0.0,0.0,0.0,0.019688269073010665,
W2_apt,9,L3,takeover,pin_useragent,0.04941860465116279,0.11805555555555555,0.06967213114754098,0.10418375717801477,
W2_apt,9,L3,takeover,pin_useragent_core,0.0,0.0,0.0,0.0,
W2_apt,9,L3,takeover,pin_ip_or_useragent,1.0,0.5791245791245792,0.7334754797441365,0.20508613617719443,
W2_apt,9,L3,takeover,pin_ip_and_useragent,0.04941860465116279,0.19767441860465115,0.07906976744186045,0.05660377358490566,
W2_apt,9,L3,takeover,score_distinct_bindings,0.0,0.0,0.0,0.0,0.4750510330617929
W2_apt,9,L3,takeover,score_max_request_rate,0.0,0.0,0.0,0.0,0.4911371787778774
W2_apt,9,L3,takeover,score_burstiness,0.005813953488372093,0.15384615384615385,0.011204481792717085,0.009023789991796555,0.46927523513363983
W2_apt,10,L3,takeover,SICA (proposed),0.0,0.0,0.0,0.005511811023622047,0.8376380640133294
W2_apt,10,L3,takeover,pin_ip,1.0,0.6341991341991342,0.776158940397351,0.13307086614173227,
W2_apt,10,L3,takeover,pin_prefix24,0.030716723549488054,0.10465116279069768,0.047493403693931395,0.06062992125984252,
W2_apt,10,L3,takeover,pin_scope16,0.006825938566552901,0.07407407407407407,0.012499999999999999,0.01968503937007874,
W2_apt,10,L3,takeover,pin_useragent,0.04436860068259386,0.09558823529411764,0.06060606060606061,0.09685039370078741,
W2_apt,10,L3,takeover,pin_useragent_core,0.0,0.0,0.0,0.0,
W2_apt,10,L3,takeover,pin_ip_or_useragent,1.0,0.5602294455066922,0.7181372549019609,0.18110236220472442,
W2_apt,10,L3,takeover,pin_ip_and_useragent,0.04436860068259386,0.17333333333333334,0.07065217391304349,0.048818897637795275,
W2_apt,10,L3,takeover,score_distinct_bindings,0.0,0.0,0.0,0.0,0.48504340114482275
W2_apt,10,L3,takeover,score_max_request_rate,0.0,0.0,0.0,0.0,0.49889548789336485
W2_apt,10,L3,takeover,score_burstiness,0.006825938566552901,0.18181818181818182,0.013157894736842106,0.007086614173228346,0.4864824917363145
W2_apt,11,L3,takeover,SICA (proposed),0.003215434083601286,0.07692307692307693,0.00617283950617284,0.009584664536741214,0.8258516277492989
W2_apt,11,L3,takeover,pin_ip,1.0,0.6452282157676349,0.7843631778058009,0.1365814696485623,
W2_apt,11,L3,takeover,pin_prefix24,0.022508038585209004,0.07608695652173914,0.034739454094292806,0.06789137380191693,
W2_apt,11,L3,takeover,pin_scope16,0.01929260450160772,0.15384615384615385,0.03428571428571429,0.026357827476038338,
W2_apt,11,L3,takeover,pin_useragent,0.03215434083601286,0.07633587786259542,0.04524886877828054,0.09664536741214058,
W2_apt,11,L3,takeover,pin_useragent_core,0.0,0.0,0.0,0.0,
W2_apt,11,L3,takeover,pin_ip_or_useragent,1.0,0.5623869801084991,0.7199074074074074,0.19329073482428116,
W2_apt,11,L3,takeover,pin_ip_and_useragent,0.03215434083601286,0.16666666666666666,0.053908355795148244,0.039936102236421724,
W2_apt,11,L3,takeover,score_distinct_bindings,0.0,0.0,0.0,0.0,0.47730833239164605
W2_apt,11,L3,takeover,score_max_request_rate,0.0,0.0,0.0,0.0,0.5202312955220201
W2_apt,11,L3,takeover,score_burstiness,0.003215434083601286,0.08333333333333333,0.006191950464396285,0.00878594249201278,0.5131468107619449
W2_apt,12,L3,takeover,SICA (proposed),0.003134796238244514,0.07142857142857142,0.006006006006006005,0.01045016077170418,0.8326953703797034
W2_apt,12,L3,takeover,pin_ip,1.0,0.6444444444444445,0.7837837837837839,0.1414790996784566,
W2_apt,12,L3,takeover,pin_prefix24,0.034482758620689655,0.11578947368421053,0.05314009661835749,0.06752411575562701,
W2_apt,12,L3,takeover,pin_scope16,0.018808777429467086,0.125,0.03269754768392371,0.03376205787781351,
W2_apt,12,L3,takeover,pin_useragent,0.018808777429467086,0.05128205128205128,0.027522935779816515,0.08922829581993569,
W2_apt,12,L3,takeover,pin_useragent_core,0.0,0.0,0.0,0.0,
W2_apt,12,L3,takeover,pin_ip_or_useragent,1.0,0.5778985507246377,0.7324913892078071,0.1872990353697749,
W2_apt,12,L3,takeover,pin_ip_and_useragent,0.018808777429467086,0.1,0.0316622691292876,0.04340836012861737,
W2_apt,12,L3,takeover,score_distinct_bindings,0.0,0.0,0.0,0.0,0.4834793214325313
W2_apt,12,L3,takeover,score_max_request_rate,0.0,0.0,0.0,0.0,0.5111179429285649
W2_apt,12,L3,takeover,score_burstiness,0.003134796238244514,0.1111111111111111,0.0060975609756097554,0.006430868167202572,0.49384002459454285
W2_apt,13,L3,takeover,SICA (proposed),0.0,0.0,0.0,0.010317460317460317,0.8328107810781078
W2_apt,13,L3,takeover,pin_ip,1.0,0.6234567901234568,0.768060836501901,0.14523809523809525,
W2_apt,13,L3,takeover,pin_prefix24,0.036303630363036306,0.10576923076923077,0.05405405405405405,0.07380952380952381,
W2_apt,13,L3,takeover,pin_scope16,0.019801980198019802,0.13043478260869565,0.034383954154727794,0.031746031746031744,
W2_apt,13,L3,takeover,pin_useragent,0.036303630363036306,0.1,0.05326876513317192,0.07857142857142857,
W2_apt,13,L3,takeover,pin_useragent_core,0.0,0.0,0.0,0.0,
W2_apt,13,L3,takeover,pin_ip_or_useragent,1.0,0.562152133580705,0.7197149643705464,0.1873015873015873,
W2_apt,13,L3,takeover,pin_ip_and_useragent,0.036303630363036306,0.19298245614035087,0.061111111111111116,0.03650793650793651,
W2_apt,13,L3,takeover,score_distinct_bindings,0.0,0.0,0.0,0.0,0.48124705327675626
W2_apt,13,L3,takeover,score_max_request_rate,0.0,0.0,0.0,0.0,0.49245900780554247
W2_apt,13,L3,takeover,score_burstiness,0.0033003300330033004,0.1111111111111111,0.006410256410256411,0.006349206349206349,0.462040966001362
W2_apt,14,L3,takeover,SICA (proposed),0.0,0.0,0.0,0.0,0.8154250837261887
W2_apt,14,L3,takeover,pin_ip,1.0,0.5896414342629482,0.7418546365914788,0.16258879242304658,
W2_apt,14,L3,takeover,pin_prefix24,0.0472972972972973,0.112,0.0665083135391924,0.08760852407261246,
W2_apt,14,L3,takeover,pin_scope16,0.016891891891891893,0.08771929824561403,0.028328611898016998,0.04104183109707971,
W2_apt,14,L3,takeover,pin_useragent,0.0472972972972973,0.0945945945945946,0.06306306306306307,0.10576164167324388,
W2_apt,14,L3,takeover,pin_useragent_core,0.0,0.0,0.0,0.0,
W2_apt,14,L3,takeover,pin_ip_or_useragent,1.0,0.5304659498207885,0.6932084309133489,0.2067876874506709,
W2_apt,14,L3,takeover,pin_ip_and_useragent,0.0472972972972973,0.15217391304347827,0.07216494845360824,0.06156274664561957,
W2_apt,14,L3,takeover,score_distinct_bindings,0.0,0.0,0.0,0.0,0.4798443866123424
W2_apt,14,L3,takeover,score_max_request_rate,0.0,0.0,0.0,0.0,0.5101471341112225
W2_apt,14,L3,takeover,score_burstiness,0.010135135135135136,0.23076923076923078,0.019417475728155338,0.007892659826361484,0.4908861110518569
W2_apt,15,L3,takeover,SICA (proposed),0.0,0.0,0.0,0.007103393843725336,0.7964960323385738
W2_apt,15,L3,takeover,pin_ip,1.0,0.5849802371541502,0.7381546134663342,0.16574585635359115,
W2_apt,15,L3,takeover,pin_prefix24,0.030405405405405407,0.07692307692307693,0.04358353510895884,0.08524072612470403,
W2_apt,15,L3,takeover,pin_scope16,0.006756756756756757,0.046511627906976744,0.011799410029498525,0.03235990528808208,
W2_apt,15,L3,takeover,pin_useragent,0.030405405405405407,0.05844155844155844,0.04,0.11444356748224152,
W2_apt,15,L3,takeover,pin_useragent_core,0.0,0.0,0.0,0.0,
W2_apt,15,L3,takeover,pin_ip_or_useragent,1.0,0.5085910652920962,0.6742596810933941,0.22573007103393844,
W2_apt,15,L3,takeover,pin_ip_and_useragent,0.030405405405405407,0.11538461538461539,0.04812834224598931,0.05445935280189424,
W2_apt,15,L3,takeover,score_distinct_bindings,0.0,0.0,0.0,0.0,0.4725823396403507
W2_apt,15,L3,takeover,score_max_request_rate,0.0,0.0,0.0,0.0,0.5036730199023016
W2_apt,15,L3,takeover,score_burstiness,0.006756756756756757,0.18181818181818182,0.013029315960912054,0.007103393843725336,0.4928099468845325
W2_apt,16,L3,takeover,SICA (proposed),0.0,0.0,0.0,0.010375099760574621,0.8194616790670134
W2_apt,16,L3,takeover,pin_ip,1.0,0.6313645621181263,0.7740324594257179,0.14445331205107742,
W2_apt,16,L3,takeover,pin_prefix24,0.03870967741935484,0.10084033613445378,0.05594405594405594,0.0853950518754988,
W2_apt,16,L3,takeover,pin_scope16,0.016129032258064516,0.09803921568627451,0.027700831024930747,0.03671189146049481,
W2_apt,16,L3,takeover,pin_useragent,0.041935483870967745,0.09154929577464789,0.05752212389380531,0.10295291300877893,
W2_apt,16,L3,takeover,pin_useragent_core,0.0,0.0,0.0,0.0,
W2_apt,16,L3,takeover,pin_ip_or_useragent,1.0,0.5506216696269982,0.7101947308132874,0.20191540303272146,
W2_apt,16,L3,takeover,pin_ip_and_useragent,0.041935483870967745,0.18571428571428572,0.06842105263157895,0.04549082202713488,
W2_apt,16,L3,takeover,score_distinct_bindings,0.0,0.0,0.0,0.0,0.476657312771928
W2_apt,16,L3,takeover,score_max_request_rate,0.0,0.0,0.0,0.0,0.4906984527456685
W2_apt,16,L3,takeover,score_burstiness,0.0032258064516129032,0.09090909090909091,0.006230529595015576,0.007980845969672785,0.4692235409211441
W2_apt,17,L3,takeover,SICA (proposed),0.0,0.0,0.0,0.007252215954875101,0.8363884565142317
W2_apt,17,L3,takeover,pin_ip,1.0,0.6666666666666666,0.8,0.1297340854149879,
W2_apt,17,L3,takeover,pin_prefix24,0.024844720496894408,0.10666666666666667,0.040302267002518884,0.053988718775181306,
W2_apt,17,L3,takeover,pin_scope16,0.009316770186335404,0.13043478260869565,0.017391304347826087,0.016116035455278,
W2_apt,17,L3,takeover,pin_useragent,0.024844720496894408,0.064,0.03579418344519016,0.09427880741337631,
W2_apt,17,L3,takeover,pin_useragent_core,0.0,0.0,0.0,0.0,
W2_apt,17,L3,takeover,pin_ip_or_useragent,1.0,0.5833333333333334,0.7368421052631579,0.185334407735697,
W2_apt,17,L3,takeover,pin_ip_and_useragent,0.024844720496894408,0.14285714285714285,0.042328042328042326,0.038678485092667206,
W2_apt,17,L3,takeover,score_distinct_bindings,0.0,0.0,0.0,0.0,0.4854280008608566
W2_apt,17,L3,takeover,score_max_request_rate,0.0,0.0,0.0,0.0,0.48277285899469974
W2_apt,17,L3,takeover,score_burstiness,0.006211180124223602,0.18181818181818182,0.01201201201201201,0.007252215954875101,0.46819835736557874
W2_apt,18,L3,takeover,SICA (proposed),0.0,0.0,0.0,0.0,0.8321828330512752
W2_apt,18,L3,takeover,pin_ip,1.0,0.6566265060240963,0.7927272727272727,0.1383495145631068,
W2_apt,18,L3,takeover,pin_prefix24,0.045871559633027525,0.16129032258064516,0.07142857142857144,0.06310679611650485,
W2_apt,18,L3,takeover,pin_scope16,0.03058103975535168,0.2127659574468085,0.053475935828877004,0.029935275080906147,
W2_apt,18,L3,takeover,pin_useragent,0.05198776758409786,0.12781954887218044,0.07391304347826087,0.09385113268608414,
W2_apt,18,L3,takeover,pin_useragent_core,0.0,0.0,0.0,0.0,
W2_apt,18,L3,takeover,pin_ip_or_useragent,1.0,0.5828877005347594,0.7364864864864864,0.18932038834951456,
W2_apt,18,L3,takeover,pin_ip_and_useragent,0.05198776758409786,0.24285714285714285,0.08564231738035263,0.04288025889967637,
W2_apt,18,L3,takeover,score_distinct_bindings,0.0,0.0,0.0,0.0,0.4913823817582613
W2_apt,18,L3,takeover,score_max_request_rate,0.0,0.0,0.0,0.0,0.49608211355561493
W2_apt,18,L3,takeover,score_burstiness,0.0030581039755351682,0.09090909090909091,0.005917159763313609,0.008090614886731391,0.45797210098670865
W2_apt,19,L3,takeover,SICA (proposed),0.003389830508474576,0.1111111111111111,0.006578947368421053,0.006309148264984227,0.8044725445115757
W2_apt,19,L3,takeover,pin_ip,1.0,0.5784313725490197,0.732919254658385,0.1695583596214511,
W2_apt,19,L3,takeover,pin_prefix24,0.01694915254237288,0.043859649122807015,0.02444987775061125,0.0859621451104101,
W2_apt,19,L3,takeover,pin_scope16,0.003389830508474576,0.024390243902439025,0.005952380952380953,0.031545741324921134,
W2_apt,19,L3,takeover,pin_useragent,0.04067796610169491,0.08955223880597014,0.05594405594405594,0.09621451104100946,
W2_apt,19,L3,takeover,pin_useragent_core,0.0,0.0,0.0,0.0,
W2_apt,19,L3,takeover,pin_ip_or_useragent,1.0,0.5157342657342657,0.6805074971164936,0.21845425867507887,
W2_apt,19,L3,takeover,pin_ip_and_useragent,0.04067796610169491,0.16666666666666666,0.0653950953678474,0.0473186119873817,
W2_apt,19,L3,takeover,score_distinct_bindings,0.0,0.0,0.0,0.0,0.4654935037159814
W2_apt,19,L3,takeover,score_max_request_rate,0.0,0.0,0.0,0.0,0.5316914398759557
W2_apt,19,L3,takeover,score_burstiness,0.003389830508474576,0.08333333333333333,0.0065146579804560255,0.008675078864353312,0.48000855477730847
W2_apt,0,L3,concurrent,SICA (proposed),0.0,0.0,0.0,0.0,0.9622401555909171
W2_apt,0,L3,concurrent,pin_ip,1.0,0.6334661354581673,0.775609756097561,0.14779116465863454,
W2_apt,0,L3,concurrent,pin_prefix24,0.09119496855345911,0.25217391304347825,0.13394919168591224,0.06907630522088354,
W2_apt,0,L3,concurrent,pin_scope16,0.03459119496855346,0.2682926829268293,0.06128133704735376,0.024096385542168676,
W2_apt,0,L3,concurrent,pin_useragent,0.08176100628930817,0.16149068322981366,0.10855949895615866,0.10843373493975904,
W2_apt,0,L3,concurrent,pin_useragent_core,0.0,0.0,0.0,0.0,
W2_apt,0,L3,concurrent,pin_ip_or_useragent,1.0,0.5501730103806228,0.7098214285714286,0.20883534136546184,
W2_apt,0,L3,concurrent,pin_ip_and_useragent,0.08176100628930817,0.3058823529411765,0.12903225806451613,0.04738955823293173,
W2_apt,0,L3,concurrent,score_distinct_bindings,0.0,0.0,0.0,0.0,0.5110593316662878
W2_apt,0,L3,concurrent,score_max_request_rate,0.0,0.0,0.0,0.0,0.5111401581167437
W2_apt,0,L3,concurrent,score_burstiness,0.0031446540880503146,0.07692307692307693,0.006042296072507553,0.00963855421686747,0.4344598519865626
W2_apt,1,L3,concurrent,SICA (proposed),0.006944444444444444,0.16666666666666666,0.013333333333333332,0.00784313725490196,0.9508986928104575
W2_apt,1,L3,concurrent,pin_ip,1.0,0.5783132530120482,0.7328244274809159,0.16470588235294117,
W2_apt,1,L3,concurrent,pin_prefix24,0.10069444444444445,0.20863309352517986,0.13583138173302106,0.08627450980392157,
W2_apt,1,L3,concurrent,pin_scope16,0.052083333333333336,0.26785714285714285,0.08720930232558141,0.03215686274509804,
W2_apt,1,L3,concurrent,pin_useragent,0.1284722222222222,0.23270440251572327,0.16554809843400448,0.09568627450980392,
W2_apt,1,L3,concurrent,pin_useragent_core,0.0,0.0,0.0,0.0,
W2_apt,1,L3,concurrent,pin_ip_or_useragent,1.0,0.5274725274725275,0.6906474820143885,0.2023529411764706,
W2_apt,1,L3,concurrent,pin_ip_and_useragent,0.1284722222222222,0.3333333333333333,0.18546365914786966,0.05803921568627451,
W2_apt,1,L3,concurrent,score_distinct_bindings,0.0,0.0,0.0,0.0,0.5072099673202615
W2_apt,1,L3,concurrent,score_max_request_rate,0.0,0.0,0.0,0.0,0.5074455337690632
W2_apt,1,L3,concurrent,score_burstiness,0.0,0.0,0.0,0.009411764705882352,0.4489229302832244
W2_apt,2,L3,concurrent,SICA (proposed),0.013793103448275862,0.25,0.0261437908496732,0.009426551453260016,0.9636847522821465
W2_apt,2,L3,concurrent,pin_ip,1.0,0.6263498920086393,0.7702523240371847,0.1358994501178319,
W2_apt,2,L3,concurrent,pin_prefix24,0.07241379310344828,0.19626168224299065,0.1057934508816121,0.06755695208169678,
W2_apt,2,L3,concurrent,pin_scope16,0.03793103448275862,0.2682926829268293,0.06646525679758307,0.02356637863315004,
W2_apt,2,L3,concurrent,pin_useragent,0.1206896551724138,0.2229299363057325,0.15659955257270694,0.09583660644147683,
W2_apt,2,L3,concurrent,pin_useragent_core,0.0,0.0,0.0,0.0,
W2_apt,2,L3,concurrent,pin_ip_or_useragent,1.0,0.5471698113207547,0.7073170731707317,0.1885310290652003,
W2_apt,2,L3,concurrent,pin_ip_and_useragent,0.1206896551724138,0.3888888888888889,0.1842105263157895,0.04320502749410841,
W2_apt,2,L3,concurrent,score_distinct_bindings,0.0,0.0,0.0,0.0,0.5024284205108758
W2_apt,2,L3,concurrent,score_max_request_rate,0.0,0.0,0.0,0.0,0.5299130481891812
W2_apt,2,L3,concurrent,score_burstiness,0.0,0.0,0.0,0.00864100549882168,0.4528469268900506
W2_apt,3,L3,concurrent,SICA (proposed),0.0,0.0,0.0,0.0,0.9410949125552536
W2_apt,3,L3,concurrent,pin_ip,1.0,0.5876288659793815,0.7402597402597402,0.1564945226917058,
W2_apt,3,L3,concurrent,pin_prefix24,0.0456140350877193,0.11504424778761062,0.06532663316582915,0.0782472613458529,
W2_apt,3,L3,concurrent,pin_scope16,0.007017543859649123,0.04,0.011940298507462687,0.03755868544600939,
W2_apt,3,L3,concurrent,pin_useragent,0.10175438596491228,0.19863013698630136,0.1345707656612529,0.09154929577464789,
W2_apt,3,L3,concurrent,pin_useragent_core,0.0,0.0,0.0,0.0,
W2_apt,3,L3,concurrent,pin_ip_or_useragent,1.0,0.5277777777777778,0.6909090909090909,0.19953051643192488,
W2_apt,3,L3,concurrent,pin_ip_and_useragent,0.10175438596491228,0.31868131868131866,0.15425531914893617,0.048513302034428794,
W2_apt,3,L3,concurrent,score_distinct_bindings,0.0,0.0,0.0,0.0,0.4836833868709332
W2_apt,3,L3,concurrent,score_max_request_rate,0.0,0.0,0.0,0.0,0.4925129725722758
W2_apt,3,L3,concurrent,score_burstiness,0.0035087719298245615,0.08333333333333333,0.006734006734006735,0.008607198748043818,0.4165019355901491
W2_apt,4,L3,concurrent,SICA (proposed),0.010238907849829351,0.16666666666666666,0.019292604501607715,0.011811023622047244,0.9491252586600737
W2_apt,4,L3,concurrent,pin_ip,1.0,0.5979591836734693,0.7484035759897829,0.15511811023622046,
W2_apt,4,L3,concurrent,pin_prefix24,0.06825938566552901,0.15748031496062992,0.09523809523809523,0.08425196850393701,
W2_apt,4,L3,concurrent,pin_scope16,0.023890784982935155,0.14893617021276595,0.0411764705882353,0.031496062992125984,
W2_apt,4,L3,concurrent,pin_useragent,0.06825938566552901,0.1388888888888889,0.09153318077803203,0.09763779527559055,
W2_apt,4,L3,concurrent,pin_useragent_core,0.0,0.0,0.0,0.0,
W2_apt,4,L3,concurrent,pin_ip_or_useragent,1.0,0.5269784172661871,0.690223792697291,0.20708661417322835,
W2_apt,4,L3,concurrent,pin_ip_and_useragent,0.06825938566552901,0.2564102564102564,0.1078167115902965,0.04566929133858268,
W2_apt,4,L3,concurrent,score_distinct_bindings,0.0,0.0,0.0,0.0,0.492003708580796
W2_apt,4,L3,concurrent,score_max_request_rate,0.0,0.0,0.0,0.0,0.5291150466259977
W2_apt,4,L3,concurrent,score_burstiness,0.0034129692832764505,0.1111111111111111,0.006622516556291391,0.006299212598425197,0.4662559458224719
W2_apt,5,L3,concurrent,SICA (proposed),0.006896551724137931,0.2222222222222222,0.01337792642140468,0.0054988216810683424,0.9487864669393504
W2_apt,5,L3,concurrent,pin_ip,1.0,0.5930470347648262,0.7445442875481387,0.1563236449332286,
W2_apt,5,L3,concurrent,pin_prefix24,0.08275862068965517,0.21238938053097345,0.11910669975186104,0.06991358994501179,
W2_apt,5,L3,concurrent,pin_scope16,0.03103448275862069,0.21428571428571427,0.05421686746987951,0.025923016496465043,
W2_apt,5,L3,concurrent,pin_useragent,0.0896551724137931,0.1566265060240964,0.11403508771929824,0.10997643362136685,
W2_apt,5,L3,concurrent,pin_useragent_core,0.0,0.0,0.0,0.0,
W2_apt,5,L3,concurrent,pin_ip_or_useragent,1.0,0.5244122965641953,0.6880189798339265,0.206598586017282,
W2_apt,5,L3,concurrent,pin_ip_and_useragent,0.0896551724137931,0.2549019607843137,0.1326530612244898,0.05970149253731343,
W2_apt,5,L3,concurrent,score_distinct_bindings,0.0,0.0,0.0,0.0,0.5064225153723217
W2_apt,5,L3,concurrent,score_max_request_rate,0.0,0.0,0.0,0.0,0.5287753609448221
W2_apt,5,L3,concurrent,score_burstiness,0.0,0.0,0.0,0.009426551453260016,0.45532139664653143
W2_apt,6,L3,concurrent,SICA (proposed),0.0,0.0,0.0,0.0,0.9495194665097578
W2_apt,6,L3,concurrent,pin_ip,1.0,0.6229838709677419,0.7677018633540372,0.14912280701754385,
W2_apt,6,L3,concurrent,pin_prefix24,0.08090614886731391,0.1937984496124031,0.1141552511415525,0.08293460925039872,
W2_apt,6,L3,concurrent,pin_scope16,0.032362459546925564,0.20408163265306123,0.05586592178770949,0.03110047846889952,
W2_apt,6,L3,concurrent,pin_useragent,0.09385113268608414,0.1870967741935484,0.12499999999999997,0.10047846889952153,
W2_apt,6,L3,concurrent,pin_useragent_core,0.0,0.0,0.0,0.0,
W2_apt,6,L3,concurrent,pin_ip_or_useragent,1.0,0.5402097902097902,0.7014755959137344,0.20972886762360446,
W2_apt,6,L3,concurrent,pin_ip_and_useragent,0.09385113268608414,0.3670886075949367,0.14948453608247422,0.03987240829346093,
W2_apt,6,L3,concurrent,score_distinct_bindings,0.0,0.0,0.0,0.0,0.4989857698084576
W2_apt,6,L3,concurrent,score_max_request_rate,0.0,0.0,0.0,0.0,0.5055537490386749
W2_apt,6,L3,concurrent,score_burstiness,0.003236245954692557,0.07692307692307693,0.006211180124223602,0.009569377990430622,0.4390558626634253
W2_apt,7,L3,concurrent,SICA (proposed),0.006644518272425249,0.15384615384615385,0.012738853503184714,0.008716323296354992,0.9559669037703166
W2_apt,7,L3,concurrent,pin_ip,1.0,0.6257796257796258,0.7698209718670077,0.14263074484944532,
W2_apt,7,L3,concurrent,pin_prefix24,0.06312292358803986,0.17272727272727273,0.09245742092457421,0.07210776545166403,
W2_apt,7,L3,concurrent,pin_scope16,0.023255813953488372,0.15555555555555556,0.04046242774566474,0.030110935023771792,
W2_apt,7,L3,concurrent,pin_useragent,0.07973421926910298,0.16551724137931034,0.10762331838565022,0.09587955625990491,
W2_apt,7,L3,concurrent,pin_useragent_core,0.0,0.0,0.0,0.0,
W2_apt,7,L3,concurrent,pin_ip_or_useragent,1.0,0.5502742230347349,0.7099056603773585,0.1949286846275753,
W2_apt,7,L3,concurrent,pin_ip_and_useragent,0.07973421926910298,0.3037974683544304,0.1263157894736842,0.043581616481774964,
W2_apt,7,L3,concurrent,score_distinct_bindings,0.0,0.0,0.0,0.0,0.49550757906818793
W2_apt,7,L3,concurrent,score_max_request_rate,0.0,0.0,0.0,0.0,0.5358485449979203
W2_apt,7,L3,concurrent,score_burstiness,0.006644518272425249,0.13333333333333333,0.012658227848101267,0.010301109350237718,0.47318236622773535
W2_apt,8,L3,concurrent,SICA (proposed),0.0035587188612099642,0.08333333333333333,0.0068259385665529,0.00858034321372855,0.9582613909538588
W2_apt,8,L3,concurrent,pin_ip,1.0,0.6175824175824176,0.7635869565217391,0.1357254290171607,
W2_apt,8,L3,concurrent,pin_prefix24,0.046263345195729534,0.12871287128712872,0.06806282722513088,0.0686427457098284,
W2_apt,8,L3,concurrent,pin_scope16,0.017793594306049824,0.14285714285714285,0.03164556962025317,0.0234009360374415,
W2_apt,8,L3,concurrent,pin_useragent,0.06761565836298933,0.1484375,0.09290953545232274,0.08502340093603744,
W2_apt,8,L3,concurrent,pin_useragent_core,0.0,0.0,0.0,0.0,
W2_apt,8,L3,concurrent,pin_ip_or_useragent,1.0,0.545631067961165,0.7060301507537688,0.18252730109204368,
W2_apt,8,L3,concurrent,pin_ip_and_useragent,0.06761565836298933,0.27941176470588236,0.10888252148997135,0.038221528861154444,
W2_apt,8,L3,concurrent,score_distinct_bindings,0.0,0.0,0.0,0.0,0.4888102997429506
W2_apt,8,L3,concurrent,score_max_request_rate,0.0,0.0,0.0,0.0,0.5064526068587227
W2_apt,8,L3,concurrent,score_burstiness,0.0,0.0,0.0,0.0078003120124804995,0.4310130412333931
W2_apt,9,L3,concurrent,SICA (proposed),0.009375,0.3333333333333333,0.0182370820668693,0.004827031375703942,0.9591550181013676
W2_apt,9,L3,concurrent,pin_ip,1.0,0.6237816764132553,0.7683073229291716,0.15526950925181013,
W2_apt,9,L3,concurrent,pin_prefix24,0.053125,0.1827956989247312,0.08232445520581112,0.061142397425583264,
W2_apt,9,L3,concurrent,pin_scope16,0.015625,0.16666666666666666,0.02857142857142857,0.02011263073209976,
W2_apt,9,L3,concurrent,pin_useragent,0.09375,0.1910828025477707,0.1257861635220126,0.10217216411906678,
W2_apt,9,L3,concurrent,pin_useragent_core,0.0,0.0,0.0,0.0,
W2_apt,9,L3,concurrent,pin_ip_or_useragent,1.0,0.5604203152364273,0.7182940516273849,0.20193081255028159,
W2_apt,9,L3,concurrent,pin_ip_and_useragent,0.09375,0.30303030303030304,0.1431980906921241,0.05551086082059534,
W2_apt,9,L3,concurrent,score_distinct_bindings,0.0,0.0,0.0,0.0,0.49599130128720836
W2_apt,9,L3,concurrent,score_max_request_rate,0.0,0.0,0.0,0.0,0.5080727071600966
W2_apt,9,L3,concurrent,score_burstiness,0.00625,0.14285714285714285,0.011976047904191616,0.009654062751407884,0.4422830349959775
W2_apt,10,L3,concurrent,SICA (proposed),0.007220216606498195,0.18181818181818182,0.01388888888888889,0.006998444790046656,0.9653263975835293
W2_apt,10,L3,concurrent,pin_ip,1.0,0.6155555555555555,0.7620357634112792,0.13452566096423016,
W2_apt,10,L3,concurrent,pin_prefix24,0.061371841155234655,0.17346938775510204,0.09066666666666665,0.06298600311041991,
W2_apt,10,L3,concurrent,pin_scope16,0.021660649819494584,0.18181818181818182,0.03870967741935484,0.020995334370139968,
W2_apt,10,L3,concurrent,pin_useragent,0.08664259927797834,0.1610738255033557,0.11267605633802816,0.09720062208398134,
W2_apt,10,L3,concurrent,pin_useragent_core,0.0,0.0,0.0,0.0,
W2_apt,10,L3,concurrent,pin_ip_or_useragent,1.0,0.541015625,0.7021546261089987,0.1827371695178849,
W2_apt,10,L3,concurrent,pin_ip_and_useragent,0.08664259927797834,0.27586206896551724,0.13186813186813184,0.048989113530326596,
W2_apt,10,L3,concurrent,score_distinct_bindings,0.0,0.0,0.0,0.0,0.49919291902240737
W2_apt,10,L3,concurrent,score_max_request_rate,0.0,0.0,0.0,0.0,0.5329485545530596
W2_apt,10,L3,concurrent,score_burstiness,0.007220216606498195,0.14285714285714285,0.013745704467353953,0.00933125972006221,0.47381688946780376
W2_apt,11,L3,concurrent,SICA (proposed),0.010238907849829351,0.2,0.01948051948051948,0.009448818897637795,0.9593453548681842
W2_apt,11,L3,concurrent,pin_ip,1.0,0.628755364806867,0.772068511198946,0.13622047244094487,
W2_apt,11,L3,concurrent,pin_prefix24,0.06143344709897611,0.17307692307692307,0.0906801007556675,0.06771653543307087,
W2_apt,11,L3,concurrent,pin_scope16,0.03754266211604096,0.25,0.06528189910979229,0.025984251968503937,
W2_apt,11,L3,concurrent,pin_useragent,0.08191126279863481,0.16326530612244897,0.10909090909090909,0.09685039370078741,
W2_apt,11,L3,concurrent,pin_useragent_core,0.0,0.0,0.0,0.0,
W2_apt,11,L3,concurrent,pin_ip_or_useragent,1.0,0.5446096654275093,0.7051744885679904,0.19291338582677164,
W2_apt,11,L3,concurrent,pin_ip_and_useragent,0.08191126279863481,0.32,0.13043478260869565,0.04015748031496063,
W2_apt,11,L3,concurrent,score_distinct_bindings,0.0,0.0,0.0,0.0,0.49685845583295263
W2_apt,11,L3,concurrent,score_max_request_rate,0.0,0.0,0.0,0.0,0.5282550858617076
W2_apt,11,L3,concurrent,score_burstiness,0.0,0.0,0.0,0.010236220472440945,0.4563825212974658
W2_apt,12,L3,concurrent,SICA (proposed),0.0033333333333333335,0.07142857142857142,0.006369426751592358,0.010292953285827395,0.9524821852731592
W2_apt,12,L3,concurrent,pin_ip,1.0,0.625,0.7692307692307693,0.14251781472684086,
W2_apt,12,L3,concurrent,pin_prefix24,0.07333333333333333,0.205607476635514,0.10810810810810811,0.06730007917656373,
W2_apt,12,L3,concurrent,pin_scope16,0.043333333333333335,0.23636363636363636,0.07323943661971831,0.0332541567695962,
W2_apt,12,L3,concurrent,pin_useragent,0.05333333333333334,0.12403100775193798,0.07459207459207459,0.0894695170229612,
W2_apt,12,L3,concurrent,pin_useragent_core,0.0,0.0,0.0,0.0,
W2_apt,12,L3,concurrent,pin_ip_or_useragent,1.0,0.5576208178438662,0.7159904534606205,0.18844022169437846,
W2_apt,12,L3,concurrent,pin_ip_and_useragent,0.05333333333333334,0.22535211267605634,0.08625336927223722,0.043547110055423596,
W2_apt,12,L3,concurrent,score_distinct_bindings,0.0,0.0,0.0,0.0,0.5030166270783848
W2_apt,12,L3,concurrent,score_max_request_rate,0.0,0.0,0.0,0.0,0.5052982317234098
W2_apt,12,L3,concurrent,score_burstiness,0.0033333333333333335,0.09090909090909091,0.006430868167202574,0.00791765637371338,0.4445091053048298
W2_apt,13,L3,concurrent,SICA (proposed),0.0,0.0,0.0,0.010124610591900311,0.952637367545417
W2_apt,13,L3,concurrent,pin_ip,1.0,0.6012931034482759,0.7510094212651414,0.1440809968847352,
W2_apt,13,L3,concurrent,pin_prefix24,0.06810035842293907,0.168141592920354,0.09693877551020409,0.07320872274143302,
W2_apt,13,L3,concurrent,pin_scope16,0.025089605734767026,0.14583333333333334,0.04281345565749236,0.031931464174454825,
W2_apt,13,L3,concurrent,pin_useragent,0.1039426523297491,0.2265625,0.1425061425061425,0.07710280373831775,
W2_apt,13,L3,concurrent,pin_useragent_core,0.0,0.0,0.0,0.0,
W2_apt,13,L3,concurrent,pin_ip_or_useragent,1.0,0.539651837524178,0.7010050251256281,0.1853582554517134,
W2_apt,13,L3,concurrent,pin_ip_and_useragent,0.1039426523297491,0.38666666666666666,0.16384180790960454,0.03582554517133956,
W2_apt,13,L3,concurrent,score_distinct_bindings,0.0,0.0,0.0,0.0,0.49744581784075304
W2_apt,13,L3,concurrent,score_max_request_rate,0.0,0.0,0.0,0.0,0.505481023682712
W2_apt,13,L3,concurrent,score_burstiness,0.0035842293906810036,0.09090909090909091,0.00689655172413793,0.00778816199376947,0.4346227068189685
W2_apt,14,L3,concurrent,SICA (proposed),0.003676470588235294,1.0,0.007326007326007326,0.0,0.9521375358818973
W2_apt,14,L3,concurrent,pin_ip,1.0,0.5631469979296067,0.7205298013245033,0.16343919442292795,
W2_apt,14,L3,concurrent,pin_prefix24,0.07720588235294118,0.15441176470588236,0.10294117647058823,0.08907823392718822,
W2_apt,14,L3,concurrent,pin_scope16,0.04044117647058824,0.171875,0.06547619047619048,0.041053446940356314,
W2_apt,14,L3,concurrent,pin_useragent,0.11764705882352941,0.19047619047619047,0.14545454545454542,0.10534469403563129,
W2_apt,14,L3,concurrent,pin_useragent_core,0.0,0.0,0.0,0.0,
W2_apt,14,L3,concurrent,pin_ip_or_useragent,1.0,0.5037037037037037,0.6699507389162561,0.20759101471727343,
W2_apt,14,L3,concurrent,pin_ip_and_useragent,0.11764705882352941,0.2882882882882883,0.16710182767624024,0.061192873741285826,
W2_apt,14,L3,concurrent,score_distinct_bindings,0.0,0.0,0.0,0.0,0.4940638242128765
W2_apt,14,L3,concurrent,score_max_request_rate,0.0,0.0,0.0,0.0,0.5198090855242175
W2_apt,14,L3,concurrent,score_burstiness,0.007352941176470588,0.15384615384615385,0.014035087719298246,0.008520526723470178,0.4417346334350936
W2_apt,15,L3,concurrent,SICA (proposed),0.0071174377224199285,0.18181818181818182,0.013698630136986299,0.0070202808112324495,0.9543584590358704
W2_apt,15,L3,concurrent,pin_ip,1.0,0.5711382113821138,0.7270375161707632,0.16458658346333854,
W2_apt,15,L3,concurrent,pin_prefix24,0.06761565836298933,0.1484375,0.09290953545232274,0.08502340093603744,
W2_apt,15,L3,concurrent,pin_scope16,0.017793594306049824,0.10638297872340426,0.030487804878048783,0.0327613104524181,
W2_apt,15,L3,concurrent,pin_useragent,0.08540925266903915,0.1411764705882353,0.10643015521064302,0.11388455538221529,
W2_apt,15,L3,concurrent,pin_useragent_core,0.0,0.0,0.0,0.0,
W2_apt,15,L3,concurrent,pin_ip_or_useragent,1.0,0.49471830985915494,0.6619552414605417,0.22386895475819032,
W2_apt,15,L3,concurrent,pin_ip_and_useragent,0.08540925266903915,0.2553191489361702,0.128,0.054602184087363496,
W2_apt,15,L3,concurrent,score_distinct_bindings,0.0,0.0,0.0,0.0,0.49129612871347594
W2_apt,15,L3,concurrent,score_max_request_rate,0.0,0.0,0.0,0.0,0.5105262573492264
W2_apt,15,L3,concurrent,score_burstiness,0.0035587188612099642,0.1,0.006872852233676976,0.0070202808112324495,0.45188928553583424
W2_apt,16,L3,concurrent,SICA (proposed),0.010309278350515464,0.1875,0.01954397394136808,0.010220125786163521,0.9488899154941753
W2_apt,16,L3,concurrent,pin_ip,1.0,0.6126315789473684,0.7597911227154047,0.14465408805031446,
W2_apt,16,L3,concurrent,pin_prefix24,0.0859106529209622,0.1865671641791045,0.11764705882352942,0.08569182389937106,
W2_apt,16,L3,concurrent,pin_scope16,0.030927835051546393,0.16071428571428573,0.05187319884726225,0.036949685534591194,
W2_apt,16,L3,concurrent,pin_useragent,0.09621993127147767,0.1761006289308176,0.12444444444444443,0.1029874213836478,
W2_apt,16,L3,concurrent,pin_useragent_core,0.0,0.0,0.0,0.0,
W2_apt,16,L3,concurrent,pin_ip_or_useragent,1.0,0.5319926873857403,0.6945107398568019,0.20125786163522014,
W2_apt,16,L3,concurrent,pin_ip_and_useragent,0.09621993127147767,0.3218390804597701,0.14814814814814814,0.046383647798742135,
W2_apt,16,L3,concurrent,score_distinct_bindings,0.0,0.0,0.0,0.0,0.5001094145107956
W2_apt,16,L3,concurrent,score_max_request_rate,0.0,0.0,0.0,0.0,0.490267511724913
W2_apt,16,L3,concurrent,score_burstiness,0.006872852233676976,0.15384615384615385,0.013157894736842106,0.008647798742138365,0.414120415396918
W2_apt,17,L3,concurrent,SICA (proposed),0.0033333333333333335,0.1,0.006451612903225807,0.007125890736342043,0.9661546582211665
W2_apt,17,L3,concurrent,pin_ip,1.0,0.6479481641468683,0.7863695937090432,0.1290577988915281,
W2_apt,17,L3,concurrent,pin_prefix24,0.08333333333333333,0.2717391304347826,0.12755102040816327,0.05304829770387965,
W2_apt,17,L3,concurrent,pin_scope16,0.02666666666666667,0.2857142857142857,0.04878048780487805,0.01583531274742676,
W2_apt,17,L3,concurrent,pin_useragent,0.07666666666666666,0.16312056737588654,0.10430839002267574,0.0934283452098179,
W2_apt,17,L3,concurrent,pin_useragent_core,0.0,0.0,0.0,0.0,
W2_apt,17,L3,concurrent,pin_ip_or_useragent,1.0,0.5628517823639775,0.7202881152460985,0.18448139350752177,
W2_apt,17,L3,concurrent,pin_ip_and_useragent,0.07666666666666666,0.323943661971831,0.12398921832884097,0.03800475059382423,
W2_apt,17,L3,concurrent,score_distinct_bindings,0.0,0.0,0.0,0.0,0.5151425178147269
W2_apt,17,L3,concurrent,score_max_request_rate,0.0,0.0,0.0,0.0,0.5093309580364213
W2_apt,17,L3,concurrent,score_burstiness,0.0,0.0,0.0,0.00870942201108472,0.44330034309844285
W2_apt,18,L3,concurrent,SICA (proposed),0.0,0.0,0.0,0.0,0.9628412381350552
W2_apt,18,L3,concurrent,pin_ip,1.0,0.6410788381742739,0.7812895069532239,0.1379585326953748,
W2_apt,18,L3,concurrent,pin_prefix24,0.08414239482200647,0.24528301886792453,0.1253012048192771,0.06379585326953748,
W2_apt,18,L3,concurrent,pin_scope16,0.05177993527508091,0.3018867924528302,0.08839779005524862,0.029505582137161084,
W2_apt,18,L3,concurrent,pin_useragent,0.09385113268608414,0.2,0.1277533039647577,0.09250398724082935,
W2_apt,18,L3,concurrent,pin_useragent_core,0.0,0.0,0.0,0.0,
W2_apt,18,L3,concurrent,pin_ip_or_useragent,1.0,0.5669724770642202,0.7236533957845434,0.18819776714513556,
W2_apt,18,L3,concurrent,pin_ip_and_useragent,0.09385113268608414,0.35365853658536583,0.1483375959079284,0.04226475279106858,
W2_apt,18,L3,concurrent,score_distinct_bindings,0.0,0.0,0.0,0.0,0.5101732707762345
W2_apt,18,L3,concurrent,score_max_request_rate,0.0,0.0,0.0,0.0,0.5080260964267096
W2_apt,18,L3,concurrent,score_burstiness,0.003236245954692557,0.09090909090909091,0.00625,0.007974481658692184,0.4509737125986487
W2_apt,19,L3,concurrent,SICA (proposed),0.007067137809187279,0.2,0.013651877133105804,0.00625,0.9463836130742049
W2_apt,19,L3,concurrent,pin_ip,1.0,0.5637450199203188,0.7210191082802548,0.17109375,
W2_apt,19,L3,concurrent,pin_prefix24,0.04946996466431095,0.11290322580645161,0.0687960687960688,0.0859375,
W2_apt,19,L3,concurrent,pin_scope16,0.02120141342756184,0.13043478260869565,0.0364741641337386,0.03125,
W2_apt,19,L3,concurrent,pin_useragent,0.0636042402826855,0.1267605633802817,0.08470588235294116,0.096875,
W2_apt,19,L3,concurrent,pin_useragent_core,0.0,0.0,0.0,0.0,
W2_apt,19,L3,concurrent,pin_ip_or_useragent,1.0,0.5008849557522124,0.6674528301886792,0.2203125,
W2_apt,19,L3,concurrent,pin_ip_and_useragent,0.0636042402826855,0.22784810126582278,0.09944751381215468,0.04765625,
W2_apt,19,L3,concurrent,score_distinct_bindings,0.0,0.0,0.0,0.0,0.4817662323321555
W2_apt,19,L3,concurrent,score_max_request_rate,0.0,0.0,0.0,0.0,0.5397554107773852
W2_apt,19,L3,concurrent,score_burstiness,0.0,0.0,0.0,0.00859375,0.44388526943462897
W2_apt,0,L4,takeover,SICA (proposed),0.0,0.0,0.0,0.0,0.4367679225343459
W2_apt,0,L4,takeover,pin_ip,0.0696969696969697,0.11274509803921569,0.0861423220973783,0.1467964314679643,
W2_apt,0,L4,takeover,pin_prefix24,0.02727272727272727,0.0967741935483871,0.04255319148936171,0.0681265206812652,
W2_apt,0,L4,takeover,pin_scope16,0.00909090909090909,0.09090909090909091,0.016528925619834708,0.024330900243309004,
W2_apt,0,L4,takeover,pin_useragent,0.04242424242424243,0.09523809523809523,0.05870020964360587,0.10786699107866991,
W2_apt,0,L4,takeover,pin_useragent_core,0.0,0.0,0.0,0.0,
W2_apt,0,L4,takeover,pin_ip_or_useragent,0.07878787878787878,0.09219858156028368,0.08496732026143791,0.20762368207623683,
W2_apt,0,L4,takeover,pin_ip_and_useragent,0.03333333333333333,0.15942028985507245,0.055137844611528826,0.047039740470397405,
W2_apt,0,L4,takeover,score_distinct_bindings,0.0,0.0,0.0,0.0,0.47957310329573105
W2_apt,0,L4,takeover,score_max_request_rate,0.0,0.0,0.0,0.0,0.4987809973211433
W2_apt,0,L4,takeover,score_burstiness,0.0,0.0,0.0,0.009732360097323601,0.4734682592346826
W2_apt,1,L4,takeover,SICA (proposed),0.0,0.0,0.0,0.00791765637371338,0.4400224333597255
W2_apt,1,L4,takeover,pin_ip,0.06666666666666667,0.08771929824561403,0.07575757575757576,0.16468725257323832,
W2_apt,1,L4,takeover,pin_prefix24,0.04,0.09917355371900827,0.05700712589073634,0.08630245447347586,
W2_apt,1,L4,takeover,pin_scope16,0.023333333333333334,0.14583333333333334,0.040229885057471264,0.03246239113222486,
W2_apt,1,L4,takeover,pin_useragent,0.04666666666666667,0.1037037037037037,0.06436781609195402,0.0958036421219319,
W2_apt,1,L4,takeover,pin_useragent_core,0.0,0.0,0.0,0.0,
W2_apt,1,L4,takeover,pin_ip_or_useragent,0.08333333333333333,0.08896797153024912,0.08605851979345956,0.20269200316706254,
W2_apt,1,L4,takeover,pin_ip_and_useragent,0.03,0.10975609756097561,0.04712041884816753,0.05779889152810768,
W2_apt,1,L4,takeover,score_distinct_bindings,0.0,0.0,0.0,0.0,0.4768487727632621
W2_apt,1,L4,takeover,score_max_request_rate,0.0,0.0,0.0,0.0,0.4936474003694906
W2_apt,1,L4,takeover,score_burstiness,0.0033333333333333335,0.07692307692307693,0.0063897763578274775,0.009501187648456057,0.46835048825547637
W2_apt,2,L4,takeover,SICA (proposed),0.0,0.0,0.0,0.00954653937947494,0.4547358322804062
W2_apt,2,L4,takeover,pin_ip,0.0718954248366013,0.11398963730569948,0.08817635270541081,0.1360381861575179,
W2_apt,2,L4,takeover,pin_prefix24,0.029411764705882353,0.09473684210526316,0.044887780548628436,0.06841686555290374,
W2_apt,2,L4,takeover,pin_scope16,0.013071895424836602,0.11764705882352941,0.023529411764705882,0.02386634844868735,
W2_apt,2,L4,takeover,pin_useragent,0.05555555555555555,0.1223021582733813,0.07640449438202247,0.09705648369132856,
W2_apt,2,L4,takeover,pin_useragent_core,0.0,0.0,0.0,0.0,
W2_apt,2,L4,takeover,pin_ip_or_useragent,0.10130718954248366,0.11524163568773234,0.10782608695652172,0.18933969769291964,
W2_apt,2,L4,takeover,pin_ip_and_useragent,0.026143790849673203,0.12698412698412698,0.04336043360433604,0.04375497215592681,
W2_apt,2,L4,takeover,score_distinct_bindings,0.0,0.0,0.0,0.0,0.4804974495764893
W2_apt,2,L4,takeover,score_max_request_rate,0.0,0.0,0.0,0.0,0.5031379828515866
W2_apt,2,L4,takeover,score_burstiness,0.0,0.0,0.0,0.008750994431185362,0.4668483940911289
W2_apt,3,L4,takeover,SICA (proposed),0.0,0.0,0.0,0.0,0.4329903641152126
W2_apt,3,L4,takeover,pin_ip,0.046052631578947366,0.06666666666666667,0.05447470817120623,0.1556791104050834,
W2_apt,3,L4,takeover,pin_prefix24,0.01644736842105263,0.04807692307692308,0.024509803921568624,0.07863383637807785,
W2_apt,3,L4,takeover,pin_scope16,0.006578947368421052,0.04,0.011299435028248588,0.03812549642573471,
W2_apt,3,L4,takeover,pin_useragent,0.039473684210526314,0.09448818897637795,0.0556844547563805,0.09134233518665608,
W2_apt,3,L4,takeover,pin_useragent_core,0.0,0.0,0.0,0.0,
W2_apt,3,L4,takeover,pin_ip_or_useragent,0.06907894736842106,0.07720588235294118,0.07291666666666667,0.1993645750595711,
W2_apt,3,L4,takeover,pin_ip_and_useragent,0.01644736842105263,0.07692307692307693,0.02710027100271003,0.04765687053216839,
W2_apt,3,L4,takeover,score_distinct_bindings,0.0,0.0,0.0,0.0,0.4689067660214874
W2_apt,3,L4,takeover,score_max_request_rate,0.0,0.0,0.0,0.0,0.4980012332260357
W2_apt,3,L4,takeover,score_burstiness,0.0,0.0,0.0,0.007148530579825258,0.49720172651645
W2_apt,4,L4,takeover,SICA (proposed),0.006389776357827476,0.11764705882352941,0.012121212121212121,0.012,0.434526517571885
W2_apt,4,L4,takeover,pin_ip,0.06389776357827476,0.09259259259259259,0.07561436672967863,0.1568,
W2_apt,4,L4,takeover,pin_prefix24,0.038338658146964855,0.10084033613445378,0.05555555555555556,0.0856,
W2_apt,4,L4,takeover,pin_scope16,0.019169329073482427,0.13043478260869565,0.033426183844011144,0.032,
W2_apt,4,L4,takeover,pin_useragent,0.02875399361022364,0.06818181818181818,0.04044943820224719,0.0984,
W2_apt,4,L4,takeover,pin_useragent_core,0.0,0.0,0.0,0.0,
W2_apt,4,L4,takeover,pin_ip_or_useragent,0.07987220447284345,0.08710801393728224,0.08333333333333334,0.2096,
W2_apt,4,L4,takeover,pin_ip_and_useragent,0.012779552715654952,0.06557377049180328,0.0213903743315508,0.0456,
W2_apt,4,L4,takeover,score_distinct_bindings,0.0,0.0,0.0,0.0,0.47636932907348245
W2_apt,4,L4,takeover,score_max_request_rate,0.0,0.0,0.0,0.0,0.5083539936102236
W2_apt,4,L4,takeover,score_burstiness,0.006389776357827476,0.2222222222222222,0.012422360248447204,0.0056,0.4842415335463259
W2_apt,5,L4,takeover,SICA (proposed),0.0,0.0,0.0,0.005604483586869495,0.43033917579923814
W2_apt,5,L4,takeover,pin_ip,0.050955414012738856,0.07511737089201878,0.06072106261859582,0.1577261809447558,
W2_apt,5,L4,takeover,pin_prefix24,0.028662420382165606,0.09278350515463918,0.043795620437956206,0.07045636509207366,
W2_apt,5,L4,takeover,pin_scope16,0.006369426751592357,0.05714285714285714,0.011461318051575931,0.02642113690952762,
W2_apt,5,L4,takeover,pin_useragent,0.03503184713375796,0.0738255033557047,0.047516198704103674,0.11048839071257005,
W2_apt,5,L4,takeover,pin_useragent_core,0.0,0.0,0.0,0.0,
W2_apt,5,L4,takeover,pin_ip_or_useragent,0.07006369426751592,0.07801418439716312,0.0738255033557047,0.20816653322658127,
W2_apt,5,L4,takeover,pin_ip_and_useragent,0.01592356687898089,0.0625,0.025380710659898477,0.0600480384307446,
W2_apt,5,L4,takeover,score_distinct_bindings,0.0,0.0,0.0,0.0,0.479103027645046
W2_apt,5,L4,takeover,score_max_request_rate,0.0,0.0,0.0,0.0,0.5250225658233594
W2_apt,5,L4,takeover,score_burstiness,0.0031847133757961785,0.1,0.00617283950617284,0.007205764611689352,0.49488508003855314
W2_apt,6,L4,takeover,SICA (proposed),0.0,0.0,0.0,0.0,0.4244523411578577
W2_apt,6,L4,takeover,pin_ip,0.03680981595092025,0.06060606060606061,0.04580152671755725,0.15036378334680678,
W2_apt,6,L4,takeover,pin_prefix24,0.024539877300613498,0.07142857142857142,0.03652968036529681,0.08407437348423606,
W2_apt,6,L4,takeover,pin_scope16,0.003067484662576687,0.025,0.00546448087431694,0.03152789005658852,
W2_apt,6,L4,takeover,pin_useragent,0.03374233128834356,0.08088235294117647,0.04761904761904762,0.10105092966855295,
W2_apt,6,L4,takeover,pin_useragent_core,0.0,0.0,0.0,0.0,
W2_apt,6,L4,takeover,pin_ip_or_useragent,0.06134969325153374,0.0711743772241993,0.06589785831960462,0.21099434114793855,
W2_apt,6,L4,takeover,pin_ip_and_useragent,0.009202453987730062,0.05660377358490566,0.015831134564643797,0.04042037186742118,
W2_apt,6,L4,takeover,score_distinct_bindings,0.0,0.0,0.0,0.0,0.4702327519081887
W2_apt,6,L4,takeover,score_max_request_rate,0.0,0.0,0.0,0.0,0.5004550391556853
W2_apt,6,L4,takeover,score_burstiness,0.0,0.0,0.0,0.009700889248181084,0.4933293987531679
W2_apt,7,L4,takeover,SICA (proposed),0.0,0.0,0.0,0.008856682769726247,0.4489329841828826
W2_apt,7,L4,takeover,pin_ip,0.06853582554517133,0.1111111111111111,0.08477842003853563,0.14170692431561996,
W2_apt,7,L4,takeover,pin_prefix24,0.03426791277258567,0.1111111111111111,0.052380952380952375,0.07085346215780998,
W2_apt,7,L4,takeover,pin_scope16,0.01557632398753894,0.12195121951219512,0.027624309392265192,0.028985507246376812,
W2_apt,7,L4,takeover,pin_useragent,0.0529595015576324,0.12686567164179105,0.07472527472527472,0.09420289855072464,
W2_apt,7,L4,takeover,pin_useragent_core,0.0,0.0,0.0,0.0,
W2_apt,7,L4,takeover,pin_ip_or_useragent,0.09345794392523364,0.1111111111111111,0.1015228426395939,0.1932367149758454,
W2_apt,7,L4,takeover,pin_ip_and_useragent,0.028037383177570093,0.14516129032258066,0.04699738903394256,0.0426731078904992,
W2_apt,7,L4,takeover,score_distinct_bindings,0.0,0.0,0.0,0.0,0.48170722530738785
W2_apt,7,L4,takeover,score_max_request_rate,0.0,0.0,0.0,0.0,0.5307726458681356
W2_apt,7,L4,takeover,score_burstiness,0.0,0.0,0.0,0.010466988727858293,0.5106212470088943
W2_apt,8,L4,takeover,SICA (proposed),0.0034129692832764505,0.08333333333333333,0.006557377049180328,0.008661417322834646,0.4383354384456209
W2_apt,8,L4,takeover,pin_ip,0.04436860068259386,0.07027027027027027,0.05439330543933055,0.13543307086614173,
W2_apt,8,L4,takeover,pin_prefix24,0.023890784982935155,0.07526881720430108,0.036269430051813475,0.06771653543307087,
W2_apt,8,L4,takeover,pin_scope16,0.006825938566552901,0.0625,0.012307692307692308,0.023622047244094488,
W2_apt,8,L4,takeover,pin_useragent,0.030716723549488054,0.07758620689655173,0.04400977995110024,0.08425196850393701,
W2_apt,8,L4,takeover,pin_useragent_core,0.0,0.0,0.0,0.0,
W2_apt,8,L4,takeover,pin_ip_or_useragent,0.05802047781569966,0.06854838709677419,0.06284658040665435,0.18188976377952756,
W2_apt,8,L4,takeover,pin_ip_and_useragent,0.017064846416382253,0.09433962264150944,0.028901734104046246,0.03779527559055118,
W2_apt,8,L4,takeover,score_distinct_bindings,0.0,0.0,0.0,0.0,0.47808712477493215
W2_apt,8,L4,takeover,score_max_request_rate,0.0,0.0,0.0,0.0,0.5311157990916664
W2_apt,8,L4,takeover,score_burstiness,0.0034129692832764505,0.09090909090909091,0.006578947368421053,0.007874015748031496,0.5112171132192094
W2_apt,9,L4,takeover,SICA (proposed),0.0,0.0,0.0,0.004101722723543888,0.43624444359654313
W2_apt,9,L4,takeover,pin_ip,0.046511627906976744,0.07692307692307693,0.057971014492753624,0.15750615258408532,
W2_apt,9,L4,takeover,pin_prefix24,0.011627906976744186,0.05063291139240506,0.018912529550827423,0.06152584085315833,
W2_apt,9,L4,takeover,pin_scope16,0.0,0.0,0.0,0.019688269073010665,
W2_apt,9,L4,takeover,pin_useragent,0.04941860465116279,0.11805555555555555,0.06967213114754098,0.10418375717801477,
W2_apt,9,L4,takeover,pin_useragent_core,0.0,0.0,0.0,0.0,
W2_apt,9,L4,takeover,pin_ip_or_useragent,0.08139534883720931,0.10071942446043165,0.09003215434083602,0.20508613617719443,
W2_apt,9,L4,takeover,pin_ip_and_useragent,0.014534883720930232,0.06756756756756757,0.023923444976076555,0.05660377358490566,
W2_apt,9,L4,takeover,score_distinct_bindings,0.0,0.0,0.0,0.0,0.4750510330617929
W2_apt,9,L4,takeover,score_max_request_rate,0.0,0.0,0.0,0.0,0.5125662952858805
W2_apt,9,L4,takeover,score_burstiness,0.0029069767441860465,0.08333333333333333,0.0056179775280898875,0.009023789991796555,0.4939499589827728
W2_apt,10,L4,takeover,SICA (proposed),0.0,0.0,0.0,0.005511811023622047,0.44795221843003413
W2_apt,10,L4,takeover,pin_ip,0.051194539249146756,0.08152173913043478,0.06289308176100628,0.13307086614173227,
W2_apt,10,L4,takeover,pin_prefix24,0.04436860068259386,0.14444444444444443,0.06788511749347259,0.06062992125984252,
W2_apt,10,L4,takeover,pin_scope16,0.010238907849829351,0.10714285714285714,0.018691588785046728,0.01968503937007874,
W2_apt,10,L4,takeover,pin_useragent,0.04778156996587031,0.10218978102189781,0.06511627906976744,0.09685039370078741,
W2_apt,10,L4,takeover,pin_useragent_core,0.0,0.0,0.0,0.0,
W2_apt,10,L4,takeover,pin_ip_or_useragent,0.07508532423208192,0.0873015873015873,0.08073394495412844,0.18110236220472442,
W2_apt,10,L4,takeover,pin_ip_and_useragent,0.023890784982935155,0.10144927536231885,0.038674033149171276,0.048818897637795275,
W2_apt,10,L4,takeover,score_distinct_bindings,0.0,0.0,0.0,0.0,0.49186933971137564
W2_apt,10,L4,takeover,score_max_request_rate,0.0,0.0,0.0,0.0,0.5277928569509016
W2_apt,10,L4,takeover,score_burstiness,0.006825938566552901,0.18181818181818182,0.013157894736842106,0.007086614173228346,0.4990002956115127
W2_apt,11,L4,takeover,SICA (proposed),0.003215434083601286,0.07692307692307693,0.00617283950617284,0.009584664536741214,0.4296289923261046
W2_apt,11,L4,takeover,pin_ip,0.04180064308681672,0.07065217391304347,0.05252525252525252,0.1365814696485623,
W2_apt,11,L4,takeover,pin_prefix24,0.01929260450160772,0.06593406593406594,0.02985074626865672,0.06789137380191693,
W2_apt,11,L4,takeover,pin_scope16,0.012861736334405145,0.10810810810810811,0.022988505747126436,0.026357827476038338,
W2_apt,11,L4,takeover,pin_useragent,0.03215434083601286,0.07633587786259542,0.04524886877828054,0.09664536741214058,
W2_apt,11,L4,takeover,pin_useragent_core,0.0,0.0,0.0,0.0,
W2_apt,11,L4,takeover,pin_ip_or_useragent,0.05144694533762058,0.06201550387596899,0.056239015817223195,0.19329073482428116,
W2_apt,11,L4,takeover,pin_ip_and_useragent,0.022508038585209004,0.12280701754385964,0.03804347826086957,0.039936102236421724,
W2_apt,11,L4,takeover,score_distinct_bindings,0.0,0.0,0.0,0.0,0.47570061534984537
W2_apt,11,L4,takeover,score_max_request_rate,0.0,0.0,0.0,0.0,0.5195211776912567
W2_apt,11,L4,takeover,score_burstiness,0.0,0.0,0.0,0.00878594249201278,0.49964686726318275
W2_apt,12,L4,takeover,SICA (proposed),0.003134796238244514,0.07142857142857142,0.006006006006006005,0.01045016077170418,0.4402460966242982
W2_apt,12,L4,takeover,pin_ip,0.06269592476489028,0.10204081632653061,0.07766990291262137,0.1414790996784566,
W2_apt,12,L4,takeover,pin_prefix24,0.025078369905956112,0.08695652173913043,0.038929440389294405,0.06752411575562701,
W2_apt,12,L4,takeover,pin_scope16,0.01567398119122257,0.10638297872340426,0.027322404371584695,0.03376205787781351,
W2_apt,12,L4,takeover,pin_useragent,0.009404388714733543,0.02631578947368421,0.013856812933025405,0.08922829581993569,
W2_apt,12,L4,takeover,pin_useragent_core,0.0,0.0,0.0,0.0,
W2_apt,12,L4,takeover,pin_ip_or_useragent,0.06896551724137931,0.08627450980392157,0.07665505226480836,0.1872990353697749,
W2_apt,12,L4,takeover,pin_ip_and_useragent,0.003134796238244514,0.01818181818181818,0.0053475935828877,0.04340836012861737,
W2_apt,12,L4,takeover,score_distinct_bindings,0.0,0.0,0.0,0.0,0.47877712707516457
W2_apt,12,L4,takeover,score_max_request_rate,0.0,0.0,0.0,0.0,0.5103178643066657
W2_apt,12,L4,takeover,score_burstiness,0.006269592476489028,0.2,0.0121580547112462,0.006430868167202572,0.4967681863540606
W2_apt,13,L4,takeover,SICA (proposed),0.0,0.0,0.0,0.010317460317460317,0.4450809366650951
W2_apt,13,L4,takeover,pin_ip,0.0594059405940594,0.08955223880597014,0.07142857142857144,0.14523809523809525,
W2_apt,13,L4,takeover,pin_prefix24,0.033003300330033,0.0970873786407767,0.04926108374384236,0.07380952380952381,
W2_apt,13,L4,takeover,pin_scope16,0.0165016501650165,0.1111111111111111,0.028735632183908042,0.031746031746031744,
W2_apt,13,L4,takeover,pin_useragent,0.0462046204620462,0.12389380530973451,0.0673076923076923,0.07857142857142857,
W2_apt,13,L4,takeover,pin_useragent_core,0.0,0.0,0.0,0.0,
W2_apt,13,L4,takeover,pin_ip_or_useragent,0.07920792079207921,0.09230769230769231,0.0852575488454707,0.1873015873015873,
W2_apt,13,L4,takeover,pin_ip_and_useragent,0.026402640264026403,0.14814814814814814,0.04481792717086835,0.03650793650793651,
W2_apt,13,L4,takeover,score_distinct_bindings,0.0,0.0,0.0,0.0,0.4795968882602546
W2_apt,13,L4,takeover,score_max_request_rate,0.0,0.0,0.0,0.0,0.47925506836397924
W2_apt,13,L4,takeover,score_burstiness,0.0,0.0,0.0,0.006349206349206349,0.456996175808057
W2_apt,14,L4,takeover,SICA (proposed),0.0,0.0,0.0,0.0,0.4440021118197914
W2_apt,14,L4,takeover,pin_ip,0.07432432432432433,0.09649122807017543,0.08396946564885496,0.16258879242304658,
W2_apt,14,L4,takeover,pin_prefix24,0.037162162162162164,0.09016393442622951,0.052631578947368425,0.08760852407261246,
W2_apt,14,L4,takeover,pin_scope16,0.013513513513513514,0.07142857142857142,0.022727272727272728,0.04104183109707971,
W2_apt,14,L4,takeover,pin_useragent,0.04391891891891892,0.08843537414965986,0.05869074492099323,0.10576164167324388,
W2_apt,14,L4,takeover,pin_useragent_core,0.0,0.0,0.0,0.0,
W2_apt,14,L4,takeover,pin_ip_or_useragent,0.09797297297297297,0.09965635738831616,0.09880749574105621,0.2067876874506709,
W2_apt,14,L4,takeover,pin_ip_and_useragent,0.02027027027027027,0.07142857142857142,0.031578947368421054,0.06156274664561957,
W2_apt,14,L4,takeover,score_distinct_bindings,0.0,0.0,0.0,0.0,0.47477681904477487
W2_apt,14,L4,takeover,score_max_request_rate,0.0,0.0,0.0,0.0,0.5054648669980162
W2_apt,14,L4,takeover,score_burstiness,0.0,0.0,0.0,0.007892659826361484,0.47897512745579046
W2_apt,15,L4,takeover,SICA (proposed),0.0033783783783783786,0.1,0.006535947712418301,0.007103393843725336,0.4289127327801361
W2_apt,15,L4,takeover,pin_ip,0.06756756756756757,0.08695652173913043,0.07604562737642585,0.16574585635359115,
W2_apt,15,L4,takeover,pin_prefix24,0.04054054054054054,0.1,0.057692307692307696,0.08524072612470403,
W2_apt,15,L4,takeover,pin_scope16,0.013513513513513514,0.08888888888888889,0.023460410557184754,0.03235990528808208,
W2_apt,15,L4,takeover,pin_useragent,0.033783783783783786,0.06451612903225806,0.044345898004434586,0.11444356748224152,
W2_apt,15,L4,takeover,pin_useragent_core,0.0,0.0,0.0,0.0,
W2_apt,15,L4,takeover,pin_ip_or_useragent,0.08445945945945946,0.08038585209003216,0.08237232289950577,0.22573007103393844,
W2_apt,15,L4,takeover,pin_ip_and_useragent,0.016891891891891893,0.06756756756756757,0.027027027027027032,0.05445935280189424,
W2_apt,15,L4,takeover,score_distinct_bindings,0.0,0.0,0.0,0.0,0.4776499072079183
W2_apt,15,L4,takeover,score_max_request_rate,0.0,0.0,0.0,0.0,0.5046809338936411
W2_apt,15,L4,takeover,score_burstiness,0.016891891891891893,0.35714285714285715,0.03225806451612903,0.007103393843725336,0.4803856737558395
W2_apt,16,L4,takeover,SICA (proposed),0.0,0.0,0.0,0.010375099760574621,0.43523543495610534
W2_apt,16,L4,takeover,pin_ip,0.05161290322580645,0.08121827411167512,0.0631163708086785,0.14445331205107742,
W2_apt,16,L4,takeover,pin_prefix24,0.03225806451612903,0.08547008547008547,0.046838407494145196,0.0853950518754988,
W2_apt,16,L4,takeover,pin_scope16,0.012903225806451613,0.08,0.022222222222222223,0.03671189146049481,
W2_apt,16,L4,takeover,pin_useragent,0.03870967741935484,0.0851063829787234,0.05321507760532151,0.10295291300877893,
W2_apt,16,L4,takeover,pin_useragent_core,0.0,0.0,0.0,0.0,
W2_apt,16,L4,takeover,pin_ip_or_useragent,0.07419354838709677,0.08333333333333333,0.07849829351535835,0.20191540303272146,
W2_apt,16,L4,takeover,pin_ip_and_useragent,0.016129032258064516,0.08064516129032258,0.026881720430107527,0.04549082202713488,
W2_apt,16,L4,takeover,score_distinct_bindings,0.0,0.0,0.0,0.0,0.4734315063203151
W2_apt,16,L4,takeover,score_max_request_rate,0.0,0.0,0.0,0.0,0.5075818036711891
W2_apt,16,L4,takeover,score_burstiness,0.0032258064516129032,0.09090909090909091,0.006230529595015576,0.007980845969672785,0.4938174188399454
W2_apt,17,L4,takeover,SICA (proposed),0.0,0.0,0.0,0.007252215954875101,0.4379695296820336
W2_apt,17,L4,takeover,pin_ip,0.052795031055900624,0.09550561797752809,0.068,0.1297340854149879,
W2_apt,17,L4,takeover,pin_prefix24,0.027950310559006212,0.11842105263157894,0.04522613065326633,0.053988718775181306,
W2_apt,17,L4,takeover,pin_scope16,0.012422360248447204,0.16666666666666666,0.023121387283236993,0.016116035455278,
W2_apt,17,L4,takeover,pin_useragent,0.024844720496894408,0.064,0.03579418344519016,0.09427880741337631,
W2_apt,17,L4,takeover,pin_useragent_core,0.0,0.0,0.0,0.0,
W2_apt,17,L4,takeover,pin_ip_or_useragent,0.059006211180124224,0.07630522088353414,0.06654991243432574,0.185334407735697,
W2_apt,17,L4,takeover,pin_ip_and_useragent,0.018633540372670808,0.1111111111111111,0.03191489361702128,0.038678485092667206,
W2_apt,17,L4,takeover,score_distinct_bindings,0.0,0.0,0.0,0.0,0.48698079589191245
W2_apt,17,L4,takeover,score_max_request_rate,0.0,0.0,0.0,0.0,0.491078623230114
W2_apt,17,L4,takeover,score_burstiness,0.0,0.0,0.0,0.007252215954875101,0.464144323601984
W2_apt,18,L4,takeover,SICA (proposed),0.0,0.0,0.0,0.0,0.45258949160258505
W2_apt,18,L4,takeover,pin_ip,0.07339449541284404,0.12307692307692308,0.09195402298850575,0.1383495145631068,
W2_apt,18,L4,takeover,pin_prefix24,0.045871559633027525,0.16129032258064516,0.07142857142857144,0.06310679611650485,
W2_apt,18,L4,takeover,pin_scope16,0.03058103975535168,0.2127659574468085,0.053475935828877004,0.029935275080906147,
W2_apt,18,L4,takeover,pin_useragent,0.04892966360856269,0.12121212121212122,0.06971677559912855,0.09385113268608414,
W2_apt,18,L4,takeover,pin_useragent_core,0.0,0.0,0.0,0.0,
W2_apt,18,L4,takeover,pin_ip_or_useragent,0.09174311926605505,0.11363636363636363,0.10152284263959391,0.18932038834951456,
W2_apt,18,L4,takeover,pin_ip_and_useragent,0.03058103975535168,0.15873015873015872,0.05128205128205128,0.04288025889967637,
W2_apt,18,L4,takeover,score_distinct_bindings,0.0,0.0,0.0,0.0,0.4913823817582613
W2_apt,18,L4,takeover,score_max_request_rate,0.0,0.0,0.0,0.0,0.5001534000376078
W2_apt,18,L4,takeover,score_burstiness,0.0030581039755351682,0.09090909090909091,0.005917159763313609,0.008090614886731391,0.46816083251684926
W2_apt,19,L4,takeover,SICA (proposed),0.003389830508474576,0.1111111111111111,0.006578947368421053,0.006309148264984227,0.42570977917981073
W2_apt,19,L4,takeover,pin_ip,0.05084745762711865,0.06521739130434782,0.05714285714285715,0.1695583596214511,
W2_apt,19,L4,takeover,pin_prefix24,0.020338983050847456,0.05217391304347826,0.02926829268292683,0.0859621451104101,
W2_apt,19,L4,takeover,pin_scope16,0.006779661016949152,0.047619047619047616,0.011869436201780416,0.031545741324921134,
W2_apt,19,L4,takeover,pin_useragent,0.03728813559322034,0.08270676691729323,0.05140186915887851,0.09621451104100946,
W2_apt,19,L4,takeover,pin_useragent_core,0.0,0.0,0.0,0.0,
W2_apt,19,L4,takeover,pin_ip_or_useragent,0.0711864406779661,0.07046979865771812,0.07082630691399662,0.21845425867507887,
W2_apt,19,L4,takeover,pin_ip_and_useragent,0.01694915254237288,0.07692307692307693,0.027777777777777776,0.0473186119873817,
W2_apt,19,L4,takeover,score_distinct_bindings,0.0,0.0,0.0,0.0,0.4671884189702187
W2_apt,19,L4,takeover,score_max_request_rate,0.0,0.0,0.0,0.0,0.5353058332887772
W2_apt,19,L4,takeover,score_burstiness,0.0,0.0,0.0,0.008675078864353312,0.4958736566326258
W2_apt,0,L4,concurrent,SICA (proposed),0.0032258064516129032,1.0,0.006430868167202572,0.0,0.48899415596117707
W2_apt,0,L4,concurrent,pin_ip,0.16129032258064516,0.21367521367521367,0.18382352941176472,0.14684756584197925,
W2_apt,0,L4,concurrent,pin_prefix24,0.0935483870967742,0.2543859649122807,0.13679245283018868,0.06783719074221868,
W2_apt,0,L4,concurrent,pin_scope16,0.03225806451612903,0.24390243902439024,0.05698005698005699,0.024740622505985636,
W2_apt,0,L4,concurrent,pin_useragent,0.07741935483870968,0.14906832298136646,0.10191082802547771,0.10933758978451716,
W2_apt,0,L4,concurrent,pin_useragent_core,0.0,0.0,0.0,0.0,
W2_apt,0,L4,concurrent,pin_ip_or_useragent,0.1774193548387097,0.17350157728706625,0.1754385964912281,0.20909816440542697,
W2_apt,0,L4,concurrent,pin_ip_and_useragent,0.06129032258064516,0.24358974358974358,0.09793814432989689,0.047086991221069435,
W2_apt,0,L4,concurrent,score_distinct_bindings,0.0,0.0,0.0,0.0,0.5128555981772778
W2_apt,0,L4,concurrent,score_max_request_rate,0.0,0.0,0.0,0.0,0.5167160106068017
W2_apt,0,L4,concurrent,score_burstiness,0.0,0.0,0.0,0.009577015163607342,0.458491877558376
W2_apt,1,L4,concurrent,SICA (proposed),0.01048951048951049,0.23076923076923078,0.020066889632107024,0.007830853563038372,0.5058991517487994
W2_apt,1,L4,concurrent,pin_ip,0.15384615384615385,0.17120622568093385,0.16206261510128914,0.1667971808927173,
W2_apt,1,L4,concurrent,pin_prefix24,0.09090909090909091,0.18705035971223022,0.1223529411764706,0.08848864526233359,
W2_apt,1,L4,concurrent,pin_scope16,0.045454545454545456,0.23214285714285715,0.07602339181286549,0.033672670321064996,
W2_apt,1,L4,concurrent,pin_useragent,0.12237762237762238,0.22012578616352202,0.15730337078651685,0.0971025841816758,
W2_apt,1,L4,concurrent,pin_useragent_core,0.0,0.0,0.0,0.0,
W2_apt,1,L4,concurrent,pin_ip_or_useragent,0.21678321678321677,0.19135802469135801,0.2032786885245902,0.20516836335160532,
W2_apt,1,L4,concurrent,pin_ip_and_useragent,0.05944055944055944,0.18478260869565216,0.08994708994708996,0.058731401722787784,
W2_apt,1,L4,concurrent,score_distinct_bindings,0.0,0.0,0.0,0.0,0.5012102228233787
W2_apt,1,L4,concurrent,score_max_request_rate,0.0,0.0,0.0,0.0,0.5139353598633161
W2_apt,1,L4,concurrent,score_burstiness,0.0,0.0,0.0,0.010180109631949883,0.4585443921779082
W2_apt,2,L4,concurrent,SICA (proposed),0.013937282229965157,0.25,0.026402640264026403,0.009404388714733543,0.5284889626773562
W2_apt,2,L4,concurrent,pin_ip,0.18815331010452963,0.23893805309734514,0.2105263157894737,0.13479623824451412,
W2_apt,2,L4,concurrent,pin_prefix24,0.07317073170731707,0.19626168224299065,0.1065989847715736,0.06739811912225706,
W2_apt,2,L4,concurrent,pin_scope16,0.03832752613240418,0.2682926829268293,0.06707317073170731,0.023510971786833857,
W2_apt,2,L4,concurrent,pin_useragent,0.11846689895470383,0.21656050955414013,0.15315315315315317,0.09639498432601881,
W2_apt,2,L4,concurrent,pin_useragent_core,0.0,0.0,0.0,0.0,
W2_apt,2,L4,concurrent,pin_ip_or_useragent,0.24390243902439024,0.22580645161290322,0.23450586264656614,0.18808777429467086,
W2_apt,2,L4,concurrent,pin_ip_and_useragent,0.0627177700348432,0.2465753424657534,0.1,0.04310344827586207,
W2_apt,2,L4,concurrent,score_distinct_bindings,0.0,0.0,0.0,0.0,0.5028863062925301
W2_apt,2,L4,concurrent,score_max_request_rate,0.0,0.0,0.0,0.0,0.5200239205705984
W2_apt,2,L4,concurrent,score_burstiness,0.003484320557491289,0.07692307692307693,0.006666666666666666,0.009404388714733543,0.45275414240931483
W2_apt,3,L4,concurrent,SICA (proposed),0.0,0.0,0.0,0.0,0.49057912761950906
W2_apt,3,L4,concurrent,pin_ip,0.13380281690140844,0.15833333333333333,0.1450381679389313,0.15793588741204065,
W2_apt,3,L4,concurrent,pin_prefix24,0.0528169014084507,0.13043478260869565,0.07518796992481203,0.07818608287724785,
W2_apt,3,L4,concurrent,pin_scope16,0.014084507042253521,0.07692307692307693,0.02380952380952381,0.03752931978107897,
W2_apt,3,L4,concurrent,pin_useragent,0.1056338028169014,0.2054794520547945,0.1395348837209302,0.0906958561376075,
W2_apt,3,L4,concurrent,pin_useragent_core,0.0,0.0,0.0,0.0,
W2_apt,3,L4,concurrent,pin_ip_or_useragent,0.18661971830985916,0.17096774193548386,0.17845117845117844,0.20093823299452698,
W2_apt,3,L4,concurrent,pin_ip_and_useragent,0.0528169014084507,0.19736842105263158,0.08333333333333334,0.04769351055512119,
W2_apt,3,L4,concurrent,score_distinct_bindings,0.0,0.0,0.0,0.0,0.4873154092656014
W2_apt,3,L4,concurrent,score_max_request_rate,0.0,0.0,0.0,0.0,0.5212933189441575
W2_apt,3,L4,concurrent,score_burstiness,0.0035211267605633804,0.07692307692307693,0.0067340067340067354,0.009382329945269743,0.4607899547401689
W2_apt,4,L4,concurrent,SICA (proposed),0.006622516556291391,0.11764705882352941,0.012539184952978056,0.011895321173671689,0.48059723440347457
W2_apt,4,L4,concurrent,pin_ip,0.13245033112582782,0.16806722689075632,0.14814814814814814,0.1570182394924663,
W2_apt,4,L4,concurrent,pin_prefix24,0.06622516556291391,0.15625,0.09302325581395349,0.08564631245043616,
W2_apt,4,L4,concurrent,pin_scope16,0.023178807947019868,0.14893617021276595,0.04011461318051576,0.0317208564631245,
W2_apt,4,L4,concurrent,pin_useragent,0.06622516556291391,0.1388888888888889,0.08968609865470853,0.09833465503568596,
W2_apt,4,L4,concurrent,pin_useragent_core,0.0,0.0,0.0,0.0,
W2_apt,4,L4,concurrent,pin_ip_or_useragent,0.17218543046357615,0.16455696202531644,0.16828478964401292,0.20935765265662173,
W2_apt,4,L4,concurrent,pin_ip_and_useragent,0.026490066225165563,0.12121212121212122,0.043478260869565216,0.045995241871530534,
W2_apt,4,L4,concurrent,score_distinct_bindings,0.0,0.0,0.0,0.0,0.49028942655623886
W2_apt,4,L4,concurrent,score_max_request_rate,0.0,0.0,0.0,0.0,0.5084501420611204
W2_apt,4,L4,concurrent,score_burstiness,0.006622516556291391,0.18181818181818182,0.012779552715654952,0.007137192704203013,0.4440867386863154
W2_apt,5,L4,concurrent,SICA (proposed),0.01020408163265306,0.3,0.019736842105263157,0.005516154452324665,0.49533619594409867
W2_apt,5,L4,concurrent,pin_ip,0.1564625850340136,0.18699186991869918,0.17037037037037037,0.15760441292356187,
W2_apt,5,L4,concurrent,pin_prefix24,0.08503401360544217,0.22123893805309736,0.12285012285012285,0.06934594168636722,
W2_apt,5,L4,concurrent,pin_scope16,0.030612244897959183,0.21428571428571427,0.05357142857142857,0.026004728132387706,
W2_apt,5,L4,concurrent,pin_useragent,0.09183673469387756,0.16265060240963855,0.11739130434782608,0.1095350669818755,
W2_apt,5,L4,concurrent,pin_useragent_core,0.0,0.0,0.0,0.0,
W2_apt,5,L4,concurrent,pin_ip_or_useragent,0.19387755102040816,0.17757009345794392,0.18536585365853656,0.20803782505910165,
W2_apt,5,L4,concurrent,pin_ip_and_useragent,0.05442176870748299,0.17582417582417584,0.08311688311688312,0.0591016548463357,
W2_apt,5,L4,concurrent,score_distinct_bindings,0.0,0.0,0.0,0.0,0.5078440359595375
W2_apt,5,L4,concurrent,score_max_request_rate,0.0,0.0,0.0,0.0,0.53677034249476
W2_apt,5,L4,concurrent,score_burstiness,0.0,0.0,0.0,0.007880220646178092,0.47856124325222604
W2_apt,6,L4,concurrent,SICA (proposed),0.003257328990228013,1.0,0.006493506493506494,0.0,0.4816736343077657
W2_apt,6,L4,concurrent,pin_ip,0.11726384364820847,0.16143497757847533,0.1358490566037736,0.14888535031847133,
W2_apt,6,L4,concurrent,pin_prefix24,0.0749185667752443,0.1796875,0.10574712643678161,0.08359872611464968,
W2_apt,6,L4,concurrent,pin_scope16,0.029315960912052116,0.1836734693877551,0.050561797752808994,0.03184713375796178,
W2_apt,6,L4,concurrent,pin_useragent,0.09446254071661238,0.1870967741935484,0.12554112554112554,0.10031847133757962,
W2_apt,6,L4,concurrent,pin_useragent_core,0.0,0.0,0.0,0.0,
W2_apt,6,L4,concurrent,pin_ip_or_useragent,0.17263843648208468,0.16772151898734178,0.17014446227929375,0.20939490445859874,
W2_apt,6,L4,concurrent,pin_ip_and_useragent,0.03908794788273615,0.1935483870967742,0.06504065040650406,0.03980891719745223,
W2_apt,6,L4,concurrent,score_distinct_bindings,0.0,0.0,0.0,0.0,0.4956599203302973
W2_apt,6,L4,concurrent,score_max_request_rate,0.0,0.0,0.0,0.0,0.5148550799809125
W2_apt,6,L4,concurrent,score_burstiness,0.0,0.0,0.0,0.009554140127388535,0.4445268574036806
W2_apt,7,L4,concurrent,SICA (proposed),0.0033444816053511705,0.08333333333333333,0.006430868167202573,0.00870253164556962,0.48840412133271244
W2_apt,7,L4,concurrent,pin_ip,0.13043478260869565,0.17889908256880735,0.15087040618955513,0.14161392405063292,
W2_apt,7,L4,concurrent,pin_prefix24,0.056856187290969896,0.1574074074074074,0.08353808353808354,0.07199367088607594,
W2_apt,7,L4,concurrent,pin_scope16,0.013377926421404682,0.09302325581395349,0.023391812865497075,0.030854430379746837,
W2_apt,7,L4,concurrent,pin_useragent,0.0802675585284281,0.16551724137931034,0.1081081081081081,0.09572784810126582,
W2_apt,7,L4,concurrent,pin_useragent_core,0.0,0.0,0.0,0.0,
W2_apt,7,L4,concurrent,pin_ip_or_useragent,0.17391304347826086,0.1750841750841751,0.174496644295302,0.19382911392405064,
W2_apt,7,L4,concurrent,pin_ip_and_useragent,0.03678929765886288,0.16666666666666666,0.060273972602739735,0.043512658227848104,
W2_apt,7,L4,concurrent,score_distinct_bindings,0.0,0.0,0.0,0.0,0.492431258202447
W2_apt,7,L4,concurrent,score_max_request_rate,0.0,0.0,0.0,0.0,0.5144230769230769
W2_apt,7,L4,concurrent,score_burstiness,0.006688963210702341,0.13333333333333333,0.012738853503184712,0.010284810126582278,0.4523755344820287
W2_apt,8,L4,concurrent,SICA (proposed),0.010752688172043012,0.21428571428571427,0.020477815699658706,0.008566978193146417,0.4824543038667247
W2_apt,8,L4,concurrent,pin_ip,0.12186379928315412,0.1642512077294686,0.13991769547325103,0.13473520249221183,
W2_apt,8,L4,concurrent,pin_prefix24,0.05017921146953405,0.13861386138613863,0.0736842105263158,0.06775700934579439,
W2_apt,8,L4,concurrent,pin_scope16,0.021505376344086023,0.16666666666666666,0.0380952380952381,0.02336448598130841,
W2_apt,8,L4,concurrent,pin_useragent,0.06810035842293907,0.1484375,0.09336609336609338,0.08489096573208722,
W2_apt,8,L4,concurrent,pin_useragent_core,0.0,0.0,0.0,0.0,
W2_apt,8,L4,concurrent,pin_ip_or_useragent,0.14695340501792115,0.14963503649635038,0.14828209764918623,0.18146417445482865,
W2_apt,8,L4,concurrent,pin_ip_and_useragent,0.043010752688172046,0.19672131147540983,0.07058823529411765,0.0381619937694704,
W2_apt,8,L4,concurrent,score_distinct_bindings,0.0,0.0,0.0,0.0,0.4912111010618698
W2_apt,8,L4,concurrent,score_max_request_rate,0.0,0.0,0.0,0.0,0.5287813061780502
W2_apt,8,L4,concurrent,score_burstiness,0.0035842293906810036,0.09090909090909091,0.00689655172413793,0.00778816199376947,0.4543973804977724
W2_apt,9,L4,concurrent,SICA (proposed),0.006134969325153374,0.2857142857142857,0.012012012012012012,0.004042037186742118,0.47950959921837416
W2_apt,9,L4,concurrent,pin_ip,0.1165644171779141,0.1645021645021645,0.13644524236983843,0.15602263540824576,
W2_apt,9,L4,concurrent,pin_prefix24,0.05214723926380368,0.18478260869565216,0.08133971291866027,0.060630557801131774,
W2_apt,9,L4,concurrent,pin_scope16,0.015337423312883436,0.1724137931034483,0.028169014084507043,0.019401778496362168,
W2_apt,9,L4,concurrent,pin_useragent,0.09202453987730061,0.1910828025477707,0.12422360248447206,0.1026677445432498,
W2_apt,9,L4,concurrent,pin_useragent_core,0.0,0.0,0.0,0.0,
W2_apt,9,L4,concurrent,pin_ip_or_useragent,0.16257668711656442,0.17434210526315788,0.16825396825396824,0.2029102667744543,
W2_apt,9,L4,concurrent,pin_ip_and_useragent,0.046012269938650305,0.17857142857142858,0.07317073170731707,0.05578011317704123,
W2_apt,9,L4,concurrent,score_distinct_bindings,0.0,0.0,0.0,0.0,0.49575834073133596
W2_apt,9,L4,concurrent,score_max_request_rate,0.0,0.0,0.0,0.0,0.48856450644990107
W2_apt,9,L4,concurrent,score_burstiness,0.0,0.0,0.0,0.009700889248181084,0.42977394349083226
W2_apt,10,L4,concurrent,SICA (proposed),0.007168458781362007,0.2222222222222222,0.013888888888888888,0.005451713395638629,0.48844895543719785
W2_apt,10,L4,concurrent,pin_ip,0.1003584229390681,0.1414141414141414,0.11740041928721175,0.13239875389408098,
W2_apt,10,L4,concurrent,pin_prefix24,0.06810035842293907,0.19791666666666666,0.10133333333333333,0.05996884735202492,
W2_apt,10,L4,concurrent,pin_scope16,0.025089605734767026,0.21875,0.045016077170418,0.019470404984423675,
W2_apt,10,L4,concurrent,pin_useragent,0.08602150537634409,0.1610738255033557,0.11214953271028037,0.09735202492211838,
W2_apt,10,L4,concurrent,pin_useragent_core,0.0,0.0,0.0,0.0,
W2_apt,10,L4,concurrent,pin_ip_or_useragent,0.15412186379928317,0.15636363636363637,0.1552346570397112,0.1806853582554517,
W2_apt,10,L4,concurrent,pin_ip_and_useragent,0.03225806451612903,0.125,0.05128205128205128,0.04906542056074766,
W2_apt,10,L4,concurrent,score_distinct_bindings,0.0,0.0,0.0,0.0,0.5040657555354571
W2_apt,10,L4,concurrent,score_max_request_rate,0.0,0.0,0.0,0.0,0.5203106332138591
W2_apt,10,L4,concurrent,score_burstiness,0.0035842293906810036,0.09090909090909091,0.00689655172413793,0.00778816199376947,0.45787274310789533
W2_apt,11,L4,concurrent,SICA (proposed),0.016835016835016835,0.29411764705882354,0.03184713375796178,0.009478672985781991,0.4801982436263637
W2_apt,11,L4,concurrent,pin_ip,0.11447811447811448,0.1642512077294686,0.13492063492063494,0.13665086887835703,
W2_apt,11,L4,concurrent,pin_prefix24,0.06060606060606061,0.17142857142857143,0.08955223880597014,0.06872037914691943,
W2_apt,11,L4,concurrent,pin_scope16,0.037037037037037035,0.25,0.06451612903225806,0.026066350710900472,
W2_apt,11,L4,concurrent,pin_useragent,0.08417508417508418,0.17006802721088435,0.11261261261261261,0.09636650868878358,
W2_apt,11,L4,concurrent,pin_useragent_core,0.0,0.0,0.0,0.0,
W2_apt,11,L4,concurrent,pin_ip_or_useragent,0.14814814814814814,0.1527777777777778,0.15042735042735042,0.19273301737756715,
W2_apt,11,L4,concurrent,pin_ip_and_useragent,0.050505050505050504,0.22727272727272727,0.08264462809917354,0.04028436018957346,
W2_apt,11,L4,concurrent,score_distinct_bindings,0.0,0.0,0.0,0.0,0.49594284072957057
W2_apt,11,L4,concurrent,score_max_request_rate,0.0,0.0,0.0,0.0,0.5308735059919895
W2_apt,11,L4,concurrent,score_burstiness,0.0,0.0,0.0,0.009478672985781991,0.47001478715538747
W2_apt,12,L4,concurrent,SICA (proposed),0.013289036544850499,0.23529411764705882,0.025157232704402514,0.010301109350237718,0.49920629070557204
W2_apt,12,L4,concurrent,pin_ip,0.15282392026578073,0.20353982300884957,0.17457305502846301,0.14263074484944532,
W2_apt,12,L4,concurrent,pin_prefix24,0.07308970099667775,0.205607476635514,0.10784313725490198,0.06735340729001585,
W2_apt,12,L4,concurrent,pin_scope16,0.04318936877076412,0.23636363636363636,0.07303370786516855,0.03328050713153724,
W2_apt,12,L4,concurrent,pin_useragent,0.053156146179401995,0.12403100775193798,0.07441860465116279,0.089540412044374,
W2_apt,12,L4,concurrent,pin_useragent_core,0.0,0.0,0.0,0.0,
W2_apt,12,L4,concurrent,pin_ip_or_useragent,0.18604651162790697,0.19047619047619047,0.18823529411764706,0.18858954041204437,
W2_apt,12,L4,concurrent,pin_ip_and_useragent,0.019933554817275746,0.09836065573770492,0.03314917127071823,0.043581616481774964,
W2_apt,12,L4,concurrent,score_distinct_bindings,0.0,0.0,0.0,0.0,0.5028681468533309
W2_apt,12,L4,concurrent,score_max_request_rate,0.0,0.0,0.0,0.0,0.506897241629855
W2_apt,12,L4,concurrent,score_burstiness,0.0033222591362126247,0.09090909090909091,0.00641025641025641,0.00792393026941363,0.4392134512006992
W2_apt,13,L4,concurrent,SICA (proposed),0.0,0.0,0.0,0.01015625,0.49465271643109543
W2_apt,13,L4,concurrent,pin_ip,0.12367491166077739,0.1590909090909091,0.13916500994035783,0.14453125,
W2_apt,13,L4,concurrent,pin_prefix24,0.0706713780918728,0.17699115044247787,0.10101010101010101,0.07265625,
W2_apt,13,L4,concurrent,pin_scope16,0.028268551236749116,0.16666666666666666,0.04833836858006042,0.03125,
W2_apt,13,L4,concurrent,pin_useragent,0.10247349823321555,0.2265625,0.14111922141119224,0.07734375,
W2_apt,13,L4,concurrent,pin_useragent_core,0.0,0.0,0.0,0.0,
W2_apt,13,L4,concurrent,pin_ip_or_useragent,0.17667844522968199,0.1736111111111111,0.17513134851138357,0.1859375,
W2_apt,13,L4,concurrent,pin_ip_and_useragent,0.04946996466431095,0.23333333333333334,0.08163265306122448,0.0359375,
W2_apt,13,L4,concurrent,score_distinct_bindings,0.0,0.0,0.0,0.0,0.4990075640459364
W2_apt,13,L4,concurrent,score_max_request_rate,0.0,0.0,0.0,0.0,0.5058938825088339
W2_apt,13,L4,concurrent,score_burstiness,0.0,0.0,0.0,0.0078125,0.4407657906360424
W2_apt,14,L4,concurrent,SICA (proposed),0.0035842293906810036,1.0,0.0071428571428571435,0.0,0.49883317142889044
W2_apt,14,L4,concurrent,pin_ip,0.13261648745519714,0.1510204081632653,0.14122137404580154,0.16199376947040497,
W2_apt,14,L4,concurrent,pin_prefix24,0.07885304659498207,0.16296296296296298,0.10628019323671496,0.08800623052959501,
W2_apt,14,L4,concurrent,pin_scope16,0.03942652329749104,0.171875,0.0641399416909621,0.04127725856697819,
W2_apt,14,L4,concurrent,pin_useragent,0.12186379928315412,0.20238095238095238,0.15212527964205816,0.1043613707165109,
W2_apt,14,L4,concurrent,pin_useragent_core,0.0,0.0,0.0,0.0,
W2_apt,14,L4,concurrent,pin_ip_or_useragent,0.20430107526881722,0.17757009345794392,0.19,0.205607476635514,
W2_apt,14,L4,concurrent,pin_ip_and_useragent,0.05017921146953405,0.15217391304347827,0.07547169811320754,0.06074766355140187,
W2_apt,14,L4,concurrent,score_distinct_bindings,0.0,0.0,0.0,0.0,0.4954234080326935
W2_apt,14,L4,concurrent,score_max_request_rate,0.0,0.0,0.0,0.0,0.49399139114996815
W2_apt,14,L4,concurrent,score_burstiness,0.0035842293906810036,0.07692307692307693,0.0068493150684931494,0.009345794392523364,0.418986366529327
W2_apt,15,L4,concurrent,SICA (proposed),0.01060070671378092,0.25,0.020338983050847456,0.00703125,0.4714498674911661
W2_apt,15,L4,concurrent,pin_ip,0.12014134275618374,0.13821138211382114,0.1285444234404537,0.165625,
W2_apt,15,L4,concurrent,pin_prefix24,0.07420494699646643,0.16279069767441862,0.10194174757281554,0.084375,
W2_apt,15,L4,concurrent,pin_scope16,0.024734982332155476,0.14583333333333334,0.042296072507552865,0.03203125,
W2_apt,15,L4,concurrent,pin_useragent,0.08833922261484099,0.14705882352941177,0.11037527593818987,0.11328125,
W2_apt,15,L4,concurrent,pin_useragent_core,0.0,0.0,0.0,0.0,
W2_apt,15,L4,concurrent,pin_ip_or_useragent,0.16607773851590105,0.14029850746268657,0.15210355987055016,0.225,
W2_apt,15,L4,concurrent,pin_ip_and_useragent,0.04240282685512368,0.14814814814814814,0.06593406593406594,0.05390625,
W2_apt,15,L4,concurrent,score_distinct_bindings,0.0,0.0,0.0,0.0,0.4949149734982332
W2_apt,15,L4,concurrent,score_max_request_rate,0.0,0.0,0.0,0.0,0.5122211793286219
W2_apt,15,L4,concurrent,score_burstiness,0.0,0.0,0.0,0.0078125,0.44785363295053005
W2_apt,16,L4,concurrent,SICA (proposed),0.00684931506849315,0.13333333333333333,0.013029315960912053,0.010228166797797011,0.5034664216505179
W2_apt,16,L4,concurrent,pin_ip,0.1541095890410959,0.19911504424778761,0.17374517374517373,0.14240755310778913,
W2_apt,16,L4,concurrent,pin_prefix24,0.09246575342465753,0.20149253731343283,0.1267605633802817,0.08418568056648308,
W2_apt,16,L4,concurrent,pin_scope16,0.03424657534246575,0.17857142857142858,0.05747126436781609,0.03619197482297404,
W2_apt,16,L4,concurrent,pin_useragent,0.09931506849315068,0.18238993710691823,0.1286031042128603,0.1022816679779701,
W2_apt,16,L4,concurrent,pin_useragent_core,0.0,0.0,0.0,0.0,
W2_apt,16,L4,concurrent,pin_ip_or_useragent,0.2054794520547945,0.1910828025477707,0.198019801980198,0.1998426435877262,
W2_apt,16,L4,concurrent,pin_ip_and_useragent,0.04794520547945205,0.19718309859154928,0.07713498622589532,0.044846577498033044,
W2_apt,16,L4,concurrent,score_distinct_bindings,0.0,0.0,0.0,0.0,0.5041400364290872
W2_apt,16,L4,concurrent,score_max_request_rate,0.0,0.0,0.0,0.0,0.5094252179817423
W2_apt,16,L4,concurrent,score_burstiness,0.00684931506849315,0.15384615384615385,0.013114754098360654,0.00865460267505901,0.4445897955444424
W2_apt,17,L4,concurrent,SICA (proposed),0.0033112582781456954,0.1,0.00641025641025641,0.007137192704203013,0.49878289594613756
W2_apt,17,L4,concurrent,pin_ip,0.1423841059602649,0.20772946859903382,0.16895874263261298,0.13005551149881048,
W2_apt,17,L4,concurrent,pin_prefix24,0.07947019867549669,0.2608695652173913,0.12182741116751268,0.05392545598731166,
W2_apt,17,L4,concurrent,pin_scope16,0.026490066225165563,0.2857142857142857,0.048484848484848485,0.01586042823156225,
W2_apt,17,L4,concurrent,pin_useragent,0.076158940397351,0.16312056737588654,0.10383747178329572,0.09357652656621729,
W2_apt,17,L4,concurrent,pin_useragent_core,0.0,0.0,0.0,0.0,
W2_apt,17,L4,concurrent,pin_ip_or_useragent,0.17880794701986755,0.18815331010452963,0.18336162988115448,0.18477398889770025,
W2_apt,17,L4,concurrent,pin_ip_and_useragent,0.039735099337748346,0.19672131147540983,0.06611570247933884,0.03885804916732752,
W2_apt,17,L4,concurrent,score_distinct_bindings,0.0,0.0,0.0,0.0,0.5127723713440925
W2_apt,17,L4,concurrent,score_max_request_rate,0.0,0.0,0.0,0.0,0.5037287761736454
W2_apt,17,L4,concurrent,score_burstiness,0.0,0.0,0.0,0.007930214115781126,0.44247837572409154
W2_apt,18,L4,concurrent,SICA (proposed),0.0,0.0,0.0,0.0,0.4972096093196224
W2_apt,18,L4,concurrent,pin_ip,0.1382636655948553,0.19815668202764977,0.1628787878787879,0.1389776357827476,
W2_apt,18,L4,concurrent,pin_prefix24,0.08360128617363344,0.24761904761904763,0.125,0.06309904153354633,
W2_apt,18,L4,concurrent,pin_scope16,0.04823151125401929,0.28846153846153844,0.08264462809917354,0.029552715654952075,
W2_apt,18,L4,concurrent,pin_useragent,0.09003215434083602,0.19310344827586207,0.12280701754385964,0.09345047923322684,
W2_apt,18,L4,concurrent,pin_useragent_core,0.0,0.0,0.0,0.0,
W2_apt,18,L4,concurrent,pin_ip_or_useragent,0.1832797427652733,0.19322033898305085,0.18811881188118812,0.1900958466453674,
W2_apt,18,L4,concurrent,pin_ip_and_useragent,0.04501607717041801,0.208955223880597,0.07407407407407408,0.04233226837060703,
W2_apt,18,L4,concurrent,score_distinct_bindings,0.0,0.0,0.0,0.0,0.5102511223200435
W2_apt,18,L4,concurrent,score_max_request_rate,0.0,0.0,0.0,0.0,0.5116572326720976
W2_apt,18,L4,concurrent,score_burstiness,0.0,0.0,0.0,0.009584664536741214,0.44720986614343095
W2_apt,19,L4,concurrent,SICA (proposed),0.007194244604316547,0.2,0.01388888888888889,0.0062256809338521405,0.4729823922962797
W2_apt,19,L4,concurrent,pin_ip,0.12949640287769784,0.1411764705882353,0.1350844277673546,0.17042801556420234,
W2_apt,19,L4,concurrent,pin_prefix24,0.050359712230215826,0.11290322580645161,0.06965174129353234,0.08560311284046693,
W2_apt,19,L4,concurrent,pin_scope16,0.02158273381294964,0.13043478260869565,0.03703703703703704,0.0311284046692607,
W2_apt,19,L4,concurrent,pin_useragent,0.06474820143884892,0.1267605633802817,0.08571428571428572,0.09649805447470818,
W2_apt,19,L4,concurrent,pin_useragent_core,0.0,0.0,0.0,0.0,
W2_apt,19,L4,concurrent,pin_ip_or_useragent,0.16546762589928057,0.1402439024390244,0.15181518151815182,0.21945525291828794,
W2_apt,19,L4,concurrent,pin_ip_and_useragent,0.02877697841726619,0.11594202898550725,0.046109510086455335,0.047470817120622566,
W2_apt,19,L4,concurrent,score_distinct_bindings,0.0,0.0,0.0,0.0,0.48237829969487445
W2_apt,19,L4,concurrent,score_max_request_rate,0.0,0.0,0.0,0.0,0.5393681941606248
W2_apt,19,L4,concurrent,score_burstiness,0.0,0.0,0.0,0.00933852140077821,0.4522114604036615
W2_apt,0,L5,takeover,SICA (proposed),0.0,0.0,0.0,0.0,0.8149610459829438
W2_apt,0,L5,takeover,pin_ip,0.0696969696969697,0.11274509803921569,0.0861423220973783,0.1467964314679643,
W2_apt,0,L5,takeover,pin_prefix24,0.02727272727272727,0.0967741935483871,0.04255319148936171,0.0681265206812652,
W2_apt,0,L5,takeover,pin_scope16,0.00909090909090909,0.09090909090909091,0.016528925619834708,0.024330900243309004,
W2_apt,0,L5,takeover,pin_useragent,1.0,0.712742980561555,0.8322824716267339,0.10786699107866991,
W2_apt,0,L5,takeover,pin_useragent_core,0.48787878787878786,1.0,0.6558044806517311,0.0,
W2_apt,0,L5,takeover,pin_ip_or_useragent,1.0,0.5631399317406144,0.7205240174672489,0.20762368207623683,
W2_apt,0,L5,takeover,pin_ip_and_useragent,0.0696969696969697,0.2839506172839506,0.11192214111922143,0.047039740470397405,
W2_apt,0,L5,takeover,score_distinct_bindings,0.01818181818181818,1.0,0.03571428571428572,0.0,0.7150409201504092
W2_apt,0,L5,takeover,score_max_request_rate,0.0,0.0,0.0,0.0,0.4981850131485168
W2_apt,0,L5,takeover,score_burstiness,0.0,0.0,0.0,0.009732360097323601,0.4733269433999361
W2_apt,1,L5,takeover,SICA (proposed),0.0,0.0,0.0,0.00791765637371338,0.8077434679334917
W2_apt,1,L5,takeover,pin_ip,0.06666666666666667,0.08771929824561403,0.07575757575757576,0.16468725257323832,
W2_apt,1,L5,takeover,pin_prefix24,0.04,0.09917355371900827,0.05700712589073634,0.08630245447347586,
W2_apt,1,L5,takeover,pin_scope16,0.023333333333333334,0.14583333333333334,0.040229885057471264,0.03246239113222486,
W2_apt,1,L5,takeover,pin_useragent,1.0,0.7125890736342043,0.8321775312066574,0.0958036421219319,
W2_apt,1,L5,takeover,pin_useragent_core,0.49666666666666665,1.0,0.6636971046770601,0.0,
W2_apt,1,L5,takeover,pin_ip_or_useragent,1.0,0.539568345323741,0.7009345794392523,0.20269200316706254,
W2_apt,1,L5,takeover,pin_ip_and_useragent,0.06666666666666667,0.21505376344086022,0.10178117048346055,0.05779889152810768,
W2_apt,1,L5,takeover,score_distinct_bindings,0.02666666666666667,1.0,0.05194805194805195,0.0,0.7129994721562417
W2_apt,1,L5,takeover,score_max_request_rate,0.0,0.0,0.0,0.0,0.49631169173924516
W2_apt,1,L5,takeover,score_burstiness,0.0033333333333333335,0.07692307692307693,0.0063897763578274775,0.009501187648456057,0.4726339403536553
W2_apt,2,L5,takeover,SICA (proposed),0.0,0.0,0.0,0.00954653937947494,0.8238283910753376
W2_apt,2,L5,takeover,pin_ip,0.0718954248366013,0.11398963730569948,0.08817635270541081,0.1360381861575179,
W2_apt,2,L5,takeover,pin_prefix24,0.029411764705882353,0.09473684210526316,0.044887780548628436,0.06841686555290374,
W2_apt,2,L5,takeover,pin_scope16,0.013071895424836602,0.11764705882352941,0.023529411764705882,0.02386634844868735,
W2_apt,2,L5,takeover,pin_useragent,1.0,0.7149532710280374,0.8337874659400546,0.09705648369132856,
W2_apt,2,L5,takeover,pin_useragent_core,0.477124183006536,1.0,0.6460176991150443,0.0,
W2_apt,2,L5,takeover,pin_ip_or_useragent,1.0,0.5625,0.72,0.18933969769291964,
W2_apt,2,L5,takeover,pin_ip_and_useragent,0.0718954248366013,0.2857142857142857,0.11488250652741513,0.04375497215592681,
W2_apt,2,L5,takeover,score_distinct_bindings,0.00980392156862745,1.0,0.01941747572815534,0.0,0.7144929570873696
W2_apt,2,L5,takeover,score_max_request_rate,0.0,0.0,0.0,0.0,0.5056468092408005
W2_apt,2,L5,takeover,score_burstiness,0.0,0.0,0.0,0.008750994431185362,0.46387939954555146
W2_apt,3,L5,takeover,SICA (proposed),0.0,0.0,0.0,0.0,0.8246010304753145
W2_apt,3,L5,takeover,pin_ip,0.049342105263157895,0.07109004739336493,0.058252427184466014,0.1556791104050834,
W2_apt,3,L5,takeover,pin_prefix24,0.019736842105263157,0.05714285714285714,0.029339853300733493,0.07863383637807785,
W2_apt,3,L5,takeover,pin_scope16,0.006578947368421052,0.04,0.011299435028248588,0.03812549642573471,
W2_apt,3,L5,takeover,pin_useragent,1.0,0.7255369928400954,0.8409405255878285,0.09134233518665608,
W2_apt,3,L5,takeover,pin_useragent_core,0.5394736842105263,1.0,0.7008547008547009,0.0,
W2_apt,3,L5,takeover,pin_ip_or_useragent,1.0,0.5477477477477477,0.7077997671711291,0.1993645750595711,
W2_apt,3,L5,takeover,pin_ip_and_useragent,0.049342105263157895,0.2,0.079155672823219,0.04765687053216839,
W2_apt,3,L5,takeover,score_distinct_bindings,0.006578947368421052,1.0,0.013071895424836602,0.0,0.7372575352200995
W2_apt,3,L5,takeover,score_max_request_rate,0.0,0.0,0.0,0.0,0.49512980226579156
W2_apt,3,L5,takeover,score_burstiness,0.003289473684210526,0.1,0.006369426751592356,0.007148530579825258,0.49180766899377115
W2_apt,4,L5,takeover,SICA (proposed),0.006389776357827476,0.11764705882352941,0.012121212121212121,0.012,0.797502875399361
W2_apt,4,L5,takeover,pin_ip,0.06389776357827476,0.09259259259259259,0.07561436672967863,0.1568,
W2_apt,4,L5,takeover,pin_prefix24,0.038338658146964855,0.10084033613445378,0.05555555555555556,0.0856,
W2_apt,4,L5,takeover,pin_scope16,0.019169329073482427,0.13043478260869565,0.033426183844011144,0.032,
W2_apt,4,L5,takeover,pin_useragent,1.0,0.7178899082568807,0.8357810413885179,0.0984,
W2_apt,4,L5,takeover,pin_useragent_core,0.46006389776357826,1.0,0.6301969365426696,0.0,
W2_apt,4,L5,takeover,pin_ip_or_useragent,1.0,0.5443478260869565,0.704954954954955,0.2096,
W2_apt,4,L5,takeover,pin_ip_and_useragent,0.06389776357827476,0.2597402597402597,0.10256410256410255,0.0456,
W2_apt,4,L5,takeover,score_distinct_bindings,0.022364217252396165,1.0,0.04375,0.0,0.696176357827476
W2_apt,4,L5,takeover,score_max_request_rate,0.0,0.0,0.0,0.0,0.5102504792332269
W2_apt,4,L5,takeover,score_burstiness,0.006389776357827476,0.2222222222222222,0.012422360248447204,0.0056,0.4853661341853035
W2_apt,5,L5,takeover,SICA (proposed),0.0,0.0,0.0,0.005604483586869495,0.813557852651548
W2_apt,5,L5,takeover,pin_ip,0.050955414012738856,0.07511737089201878,0.06072106261859582,0.1577261809447558,
W2_apt,5,L5,takeover,pin_prefix24,0.028662420382165606,0.09278350515463918,0.043795620437956206,0.07045636509207366,
W2_apt,5,L5,takeover,pin_scope16,0.006369426751592357,0.05714285714285714,0.011461318051575931,0.02642113690952762,
W2_apt,5,L5,takeover,pin_useragent,1.0,0.6946902654867256,0.8198433420365535,0.11048839071257005,
W2_apt,5,L5,takeover,pin_useragent_core,0.5127388535031847,1.0,0.6778947368421052,0.0,
W2_apt,5,L5,takeover,pin_ip_or_useragent,1.0,0.5470383275261324,0.7072072072072072,0.20816653322658127,
W2_apt,5,L5,takeover,pin_ip_and_useragent,0.050955414012738856,0.17582417582417584,0.07901234567901234,0.0600480384307446,
W2_apt,5,L5,takeover,score_distinct_bindings,0.009554140127388535,1.0,0.018927444794952678,0.0,0.7310319593254221
W2_apt,5,L5,takeover,score_max_request_rate,0.0,0.0,0.0,0.0,0.525412686837368
W2_apt,5,L5,takeover,score_burstiness,0.0,0.0,0.0,0.007205764611689352,0.49142881183928033
W2_apt,6,L5,takeover,SICA (proposed),0.0,0.0,0.0,0.0,0.8024782895487301
W2_apt,6,L5,takeover,pin_ip,0.03680981595092025,0.06060606060606061,0.04580152671755725,0.15036378334680678,
W2_apt,6,L5,takeover,pin_prefix24,0.024539877300613498,0.07142857142857142,0.03652968036529681,0.08407437348423606,
W2_apt,6,L5,takeover,pin_scope16,0.003067484662576687,0.025,0.00546448087431694,0.03152789005658852,
W2_apt,6,L5,takeover,pin_useragent,1.0,0.7228381374722838,0.8391248391248392,0.10105092966855295,
W2_apt,6,L5,takeover,pin_useragent_core,0.46319018404907975,1.0,0.6331236897274634,0.0,
W2_apt,6,L5,takeover,pin_ip_or_useragent,1.0,0.555366269165247,0.7141292442497261,0.21099434114793855,
W2_apt,6,L5,takeover,pin_ip_and_useragent,0.03680981595092025,0.1935483870967742,0.061855670103092786,0.04042037186742118,
W2_apt,6,L5,takeover,score_distinct_bindings,0.0,0.0,0.0,0.0,0.7018278439327286
W2_apt,6,L5,takeover,score_max_request_rate,0.0,0.0,0.0,0.0,0.5018089976243733
W2_apt,6,L5,takeover,score_burstiness,0.0,0.0,0.0,0.009700889248181084,0.49556615798165954
W2_apt,7,L5,takeover,SICA (proposed),0.0,0.0,0.0,0.008856682769726247,0.8138579118194451
W2_apt,7,L5,takeover,pin_ip,0.06853582554517133,0.1111111111111111,0.08477842003853563,0.14170692431561996,
W2_apt,7,L5,takeover,pin_prefix24,0.03426791277258567,0.1111111111111111,0.052380952380952375,0.07085346215780998,
W2_apt,7,L5,takeover,pin_scope16,0.01557632398753894,0.12195121951219512,0.027624309392265192,0.028985507246376812,
W2_apt,7,L5,takeover,pin_useragent,1.0,0.7328767123287672,0.8458498023715415,0.09420289855072464,
W2_apt,7,L5,takeover,pin_useragent_core,0.48909657320872274,1.0,0.6569037656903766,0.0,
W2_apt,7,L5,takeover,pin_ip_or_useragent,1.0,0.5721925133689839,0.727891156462585,0.1932367149758454,
W2_apt,7,L5,takeover,pin_ip_and_useragent,0.06853582554517133,0.29333333333333333,0.11111111111111109,0.0426731078904992,
W2_apt,7,L5,takeover,score_distinct_bindings,0.021806853582554516,1.0,0.042682926829268296,0.0,0.7161246306580181
W2_apt,7,L5,takeover,score_max_request_rate,0.0,0.0,0.0,0.0,0.5321371418825028
W2_apt,7,L5,takeover,score_burstiness,0.0,0.0,0.0,0.010466988727858293,0.5080502756582941
W2_apt,8,L5,takeover,SICA (proposed),0.0034129692832764505,0.08333333333333333,0.006557377049180328,0.008661417322834646,0.8306535701808605
W2_apt,8,L5,takeover,pin_ip,0.04436860068259386,0.07027027027027027,0.05439330543933055,0.13543307086614173,
W2_apt,8,L5,takeover,pin_prefix24,0.023890784982935155,0.07526881720430108,0.036269430051813475,0.06771653543307087,
W2_apt,8,L5,takeover,pin_scope16,0.006825938566552901,0.0625,0.012307692307692308,0.023622047244094488,
W2_apt,8,L5,takeover,pin_useragent,1.0,0.7325,0.8455988455988457,0.08425196850393701,
W2_apt,8,L5,takeover,pin_useragent_core,0.5187713310580204,1.0,0.6831460674157303,0.0,
W2_apt,8,L5,takeover,pin_ip_or_useragent,1.0,0.5591603053435115,0.7172582619339045,0.18188976377952756,
W2_apt,8,L5,takeover,pin_ip_and_useragent,0.04436860068259386,0.21311475409836064,0.07344632768361582,0.03779527559055118,
W2_apt,8,L5,takeover,score_distinct_bindings,0.017064846416382253,1.0,0.03355704697986577,0.0,0.7295181532342587
W2_apt,8,L5,takeover,score_max_request_rate,0.0,0.0,0.0,0.0,0.5266130982773911
W2_apt,8,L5,takeover,score_burstiness,0.006825938566552901,0.16666666666666666,0.013114754098360656,0.007874015748031496,0.5063207116175324
W2_apt,9,L5,takeover,SICA (proposed),0.0,0.0,0.0,0.004101722723543888,0.7989476219547094
W2_apt,9,L5,takeover,pin_ip,0.046511627906976744,0.07692307692307693,0.057971014492753624,0.15750615258408532,
W2_apt,9,L5,takeover,pin_prefix24,0.011627906976744186,0.05063291139240506,0.018912529550827423,0.06152584085315833,
W2_apt,9,L5,takeover,pin_scope16,0.0,0.0,0.0,0.019688269073010665,
W2_apt,9,L5,takeover,pin_useragent,1.0,0.7303609341825902,0.8441717791411043,0.10418375717801477,
W2_apt,9,L5,takeover,pin_useragent_core,0.4738372093023256,1.0,0.6429980276134123,0.0,
W2_apt,9,L5,takeover,pin_ip_or_useragent,1.0,0.5791245791245792,0.7334754797441365,0.20508613617719443,
W2_apt,9,L5,takeover,pin_ip_and_useragent,0.046511627906976744,0.18823529411764706,0.07459207459207459,0.05660377358490566,
W2_apt,9,L5,takeover,score_distinct_bindings,0.0029069767441860465,1.0,0.005797101449275362,0.0,0.710605576435126
W2_apt,9,L5,takeover,score_max_request_rate,0.0,0.0,0.0,0.0,0.5098977907930633
W2_apt,9,L5,takeover,score_burstiness,0.0,0.0,0.0,0.009023789991796555,0.4890660472747391
W2_apt,10,L5,takeover,SICA (proposed),0.0,0.0,0.0,0.005511811023622047,0.8469431082206874
W2_apt,10,L5,takeover,pin_ip,0.051194539249146756,0.08152173913043478,0.06289308176100628,0.13307086614173227,
W2_apt,10,L5,takeover,pin_prefix24,0.04436860068259386,0.14444444444444443,0.06788511749347259,0.06062992125984252,
W2_apt,10,L5,takeover,pin_scope16,0.010238907849829351,0.10714285714285714,0.018691588785046728,0.01968503937007874,
W2_apt,10,L5,takeover,pin_useragent,1.0,0.7043269230769231,0.8265162200282088,0.09685039370078741,
W2_apt,10,L5,takeover,pin_useragent_core,0.5290102389078498,1.0,0.6919642857142857,0.0,
W2_apt,10,L5,takeover,pin_ip_or_useragent,1.0,0.5602294455066922,0.7181372549019609,0.18110236220472442,
W2_apt,10,L5,takeover,pin_ip_and_useragent,0.051194539249146756,0.19480519480519481,0.08108108108108109,0.048818897637795275,
W2_apt,10,L5,takeover,score_distinct_bindings,0.020477815699658702,1.0,0.04013377926421404,0.0,0.7467563354921932
W2_apt,10,L5,takeover,score_max_request_rate,0.0,0.0,0.0,0.0,0.5257625433339604
W2_apt,10,L5,takeover,score_burstiness,0.006825938566552901,0.18181818181818182,0.013157894736842106,0.007086614173228346,0.4972588750638252
W2_apt,11,L5,takeover,SICA (proposed),0.003215434083601286,0.07692307692307693,0.00617283950617284,0.009584664536741214,0.8169860698766218
W2_apt,11,L5,takeover,pin_ip,0.04501607717041801,0.07567567567567568,0.05645161290322581,0.1365814696485623,
W2_apt,11,L5,takeover,pin_prefix24,0.022508038585209004,0.07608695652173914,0.034739454094292806,0.06789137380191693,
W2_apt,11,L5,takeover,pin_scope16,0.01607717041800643,0.13157894736842105,0.028653295128939826,0.026357827476038338,
W2_apt,11,L5,takeover,pin_useragent,1.0,0.7199074074074074,0.8371467025572006,0.09664536741214058,
W2_apt,11,L5,takeover,pin_useragent_core,0.4887459807073955,1.0,0.6565874730021598,0.0,
W2_apt,11,L5,takeover,pin_ip_or_useragent,1.0,0.5623869801084991,0.7199074074074074,0.19329073482428116,
W2_apt,11,L5,takeover,pin_ip_and_useragent,0.04501607717041801,0.21875,0.07466666666666667,0.039936102236421724,
W2_apt,11,L5,takeover,score_distinct_bindings,0.01607717041800643,1.0,0.03164556962025316,0.0,0.7141884881296036
W2_apt,11,L5,takeover,score_max_request_rate,0.0,0.0,0.0,0.0,0.526196028476624
W2_apt,11,L5,takeover,score_burstiness,0.0,0.0,0.0,0.00878594249201278,0.5098864325118396
W2_apt,12,L5,takeover,SICA (proposed),0.003134796238244514,0.07142857142857142,0.006006006006006005,0.01045016077170418,0.8086955316553942
W2_apt,12,L5,takeover,pin_ip,0.06269592476489028,0.10204081632653061,0.07766990291262137,0.1414790996784566,
W2_apt,12,L5,takeover,pin_prefix24,0.025078369905956112,0.08695652173913043,0.038929440389294405,0.06752411575562701,
W2_apt,12,L5,takeover,pin_scope16,0.01567398119122257,0.10638297872340426,0.027322404371584695,0.03376205787781351,
W2_apt,12,L5,takeover,pin_useragent,1.0,0.7418604651162791,0.8518024032042724,0.08922829581993569,
W2_apt,12,L5,takeover,pin_useragent_core,0.47335423197492166,1.0,0.6425531914893617,0.0,
W2_apt,12,L5,takeover,pin_ip_or_useragent,1.0,0.5778985507246377,0.7324913892078071,0.1872990353697749,
W2_apt,12,L5,takeover,pin_ip_and_useragent,0.06269592476489028,0.2702702702702703,0.10178117048346054,0.04340836012861737,
W2_apt,12,L5,takeover,score_distinct_bindings,0.003134796238244514,1.0,0.00625,0.0,0.7139926821155339
W2_apt,12,L5,takeover,score_max_request_rate,0.0,0.0,0.0,0.0,0.5171897206906632
W2_apt,12,L5,takeover,score_burstiness,0.009404388714733543,0.2727272727272727,0.01818181818181818,0.006430868167202572,0.4982423469644891
W2_apt,13,L5,takeover,SICA (proposed),0.0,0.0,0.0,0.010317460317460317,0.8193370527528944
W2_apt,13,L5,takeover,pin_ip,0.0594059405940594,0.08955223880597014,0.07142857142857144,0.14523809523809525,
W2_apt,13,L5,takeover,pin_prefix24,0.033003300330033,0.0970873786407767,0.04926108374384236,0.07380952380952381,
W2_apt,13,L5,takeover,pin_scope16,0.0165016501650165,0.1111111111111111,0.028735632183908042,0.031746031746031744,
W2_apt,13,L5,takeover,pin_useragent,1.0,0.753731343283582,0.8595744680851063,0.07857142857142857,
W2_apt,13,L5,takeover,pin_useragent_core,0.47194719471947194,1.0,0.6412556053811659,0.0,
W2_apt,13,L5,takeover,pin_ip_or_useragent,1.0,0.562152133580705,0.7197149643705464,0.1873015873015873,
W2_apt,13,L5,takeover,pin_ip_and_useragent,0.0594059405940594,0.28125,0.09809264305177112,0.03650793650793651,
W2_apt,13,L5,takeover,score_distinct_bindings,0.013201320132013201,1.0,0.026058631921824105,0.0,0.7094570171302844
W2_apt,13,L5,takeover,score_max_request_rate,0.0,0.0,0.0,0.0,0.4812706270627063
W2_apt,13,L5,takeover,score_burstiness,0.0033003300330033004,0.1111111111111111,0.006410256410256411,0.006349206349206349,0.4644978783592645
W2_apt,14,L5,takeover,SICA (proposed),0.0,0.0,0.0,0.0,0.8000477292604364
W2_apt,14,L5,takeover,pin_ip,0.07432432432432433,0.09649122807017543,0.08396946564885496,0.16258879242304658,
W2_apt,14,L5,takeover,pin_prefix24,0.037162162162162164,0.09016393442622951,0.052631578947368425,0.08760852407261246,
W2_apt,14,L5,takeover,pin_scope16,0.013513513513513514,0.07142857142857142,0.022727272727272728,0.04104183109707971,
W2_apt,14,L5,takeover,pin_useragent,1.0,0.6883720930232559,0.8154269972451791,0.10576164167324388,
W2_apt,14,L5,takeover,pin_useragent_core,0.4864864864864865,1.0,0.6545454545454547,0.0,
W2_apt,14,L5,takeover,pin_ip_or_useragent,1.0,0.5304659498207885,0.6932084309133489,0.2067876874506709,
W2_apt,14,L5,takeover,pin_ip_and_useragent,0.07432432432432433,0.22,0.1111111111111111,0.06156274664561957,
W2_apt,14,L5,takeover,score_distinct_bindings,0.02027027027027027,1.0,0.03973509933774835,0.0,0.7087728513833487
W2_apt,14,L5,takeover,score_max_request_rate,0.0,0.0,0.0,0.0,0.5088125813263935
W2_apt,14,L5,takeover,score_burstiness,0.0,0.0,0.0,0.007892659826361484,0.47733660061008126
W2_apt,15,L5,takeover,SICA (proposed),0.0033783783783783786,0.1,0.006535947712418301,0.007103393843725336,0.8079910514302779
W2_apt,15,L5,takeover,pin_ip,0.06756756756756757,0.08695652173913043,0.07604562737642585,0.16574585635359115,
W2_apt,15,L5,takeover,pin_prefix24,0.04054054054054054,0.1,0.057692307692307696,0.08524072612470403,
W2_apt,15,L5,takeover,pin_scope16,0.013513513513513514,0.08888888888888889,0.023460410557184754,0.03235990528808208,
W2_apt,15,L5,takeover,pin_useragent,1.0,0.671201814058957,0.8032564450474898,0.11444356748224152,
W2_apt,15,L5,takeover,pin_useragent_core,0.4864864864864865,1.0,0.6545454545454547,0.0,
W2_apt,15,L5,takeover,pin_ip_or_useragent,1.0,0.5085910652920962,0.6742596810933941,0.22573007103393844,
W2_apt,15,L5,takeover,pin_ip_and_useragent,0.06756756756756757,0.2247191011235955,0.1038961038961039,0.05445935280189424,
W2_apt,15,L5,takeover,score_distinct_bindings,0.02364864864864865,1.0,0.04620462046204621,0.0,0.7100767401181766
W2_apt,15,L5,takeover,score_max_request_rate,0.0,0.0,0.0,0.0,0.5129442287591459
W2_apt,15,L5,takeover,score_burstiness,0.016891891891891893,0.35714285714285715,0.03225806451612903,0.007103393843725336,0.48592253461037993
W2_apt,16,L5,takeover,SICA (proposed),0.0,0.0,0.0,0.010375099760574621,0.8264191746260587
W2_apt,16,L5,takeover,pin_ip,0.05161290322580645,0.08121827411167512,0.0631163708086785,0.14445331205107742,
W2_apt,16,L5,takeover,pin_prefix24,0.03225806451612903,0.08547008547008547,0.046838407494145196,0.0853950518754988,
W2_apt,16,L5,takeover,pin_scope16,0.012903225806451613,0.08,0.022222222222222223,0.03671189146049481,
W2_apt,16,L5,takeover,pin_useragent,1.0,0.7061503416856492,0.8277703604806408,0.10295291300877893,
W2_apt,16,L5,takeover,pin_useragent_core,0.532258064516129,1.0,0.6947368421052631,0.0,
W2_apt,16,L5,takeover,pin_ip_or_useragent,1.0,0.5506216696269982,0.7101947308132874,0.20191540303272146,
W2_apt,16,L5,takeover,pin_ip_and_useragent,0.05161290322580645,0.2191780821917808,0.0835509138381201,0.04549082202713488,
W2_apt,16,L5,takeover,score_distinct_bindings,0.00967741935483871,1.0,0.019169329073482427,0.0,0.735135030764874
W2_apt,16,L5,takeover,score_max_request_rate,0.0,0.0,0.0,0.0,0.5055737198465619
W2_apt,16,L5,takeover,score_burstiness,0.0032258064516129032,0.09090909090909091,0.006230529595015576,0.007980845969672785,0.48509255206858376
W2_apt,17,L5,takeover,SICA (proposed),0.0,0.0,0.0,0.007252215954875101,0.8407327791152196
W2_apt,17,L5,takeover,pin_ip,0.049689440993788817,0.0903954802259887,0.06412825651302605,0.1297340854149879,
W2_apt,17,L5,takeover,pin_prefix24,0.024844720496894408,0.10666666666666667,0.040302267002518884,0.053988718775181306,
W2_apt,17,L5,takeover,pin_scope16,0.012422360248447204,0.16666666666666666,0.023121387283236993,0.016116035455278,
W2_apt,17,L5,takeover,pin_useragent,1.0,0.7334851936218679,0.8462549277266755,0.09427880741337631,
W2_apt,17,L5,takeover,pin_useragent_core,0.4968944099378882,1.0,0.6639004149377593,0.0,
W2_apt,17,L5,takeover,pin_ip_or_useragent,1.0,0.5833333333333334,0.7368421052631579,0.185334407735697,
W2_apt,17,L5,takeover,pin_ip_and_useragent,0.049689440993788817,0.25,0.08290155440414508,0.038678485092667206,
W2_apt,17,L5,takeover,score_distinct_bindings,0.012422360248447204,1.0,0.024539877300613494,0.0,0.7279993593625658
W2_apt,17,L5,takeover,score_max_request_rate,0.0,0.0,0.0,0.0,0.4849938188497555
W2_apt,17,L5,takeover,score_burstiness,0.0,0.0,0.0,0.007252215954875101,0.4633785616688605
W2_apt,18,L5,takeover,SICA (proposed),0.0030581039755351682,1.0,0.006097560975609756,0.0,0.8304038874538563
W2_apt,18,L5,takeover,pin_ip,0.07339449541284404,0.12307692307692308,0.09195402298850575,0.1383495145631068,
W2_apt,18,L5,takeover,pin_prefix24,0.045871559633027525,0.16129032258064516,0.07142857142857144,0.06310679611650485,
W2_apt,18,L5,takeover,pin_scope16,0.03058103975535168,0.2127659574468085,0.053475935828877004,0.029935275080906147,
W2_apt,18,L5,takeover,pin_useragent,1.0,0.7381489841986456,0.8493506493506494,0.09385113268608414,
W2_apt,18,L5,takeover,pin_useragent_core,0.5137614678899083,1.0,0.6787878787878788,0.0,
W2_apt,18,L5,takeover,pin_ip_or_useragent,1.0,0.5828877005347594,0.7364864864864864,0.18932038834951456,
W2_apt,18,L5,takeover,pin_ip_and_useragent,0.07339449541284404,0.3116883116883117,0.11881188118811882,0.04288025889967637,
W2_apt,18,L5,takeover,score_distinct_bindings,0.03363914373088685,1.0,0.06508875739644969,0.0,0.7325049731302514
W2_apt,18,L5,takeover,score_max_request_rate,0.0,0.0,0.0,0.0,0.502082034381402
W2_apt,18,L5,takeover,score_burstiness,0.0030581039755351682,0.09090909090909091,0.005917159763313609,0.008090614886731391,0.46739135813465554
W2_apt,19,L5,takeover,SICA (proposed),0.003389830508474576,0.1111111111111111,0.006578947368421053,0.006309148264984227,0.8063893493022509
W2_apt,19,L5,takeover,pin_ip,0.05084745762711865,0.06521739130434782,0.05714285714285715,0.1695583596214511,
W2_apt,19,L5,takeover,pin_prefix24,0.020338983050847456,0.05217391304347826,0.02926829268292683,0.0859621451104101,
W2_apt,19,L5,takeover,pin_scope16,0.006779661016949152,0.047619047619047616,0.011869436201780416,0.031545741324921134,
W2_apt,19,L5,takeover,pin_useragent,1.0,0.7074340527577938,0.8286516853932585,0.09621451104100946,
W2_apt,19,L5,takeover,pin_useragent_core,0.5152542372881356,1.0,0.680089485458613,0.0,
W2_apt,19,L5,takeover,pin_ip_or_useragent,1.0,0.5157342657342657,0.6805074971164936,0.21845425867507887,
W2_apt,19,L5,takeover,pin_ip_and_useragent,0.05084745762711865,0.2,0.08108108108108107,0.0473186119873817,
W2_apt,19,L5,takeover,score_distinct_bindings,0.013559322033898305,1.0,0.026755852842809364,0.0,0.7186186708014757
W2_apt,19,L5,takeover,score_max_request_rate,0.0,0.0,0.0,0.0,0.5263099502753569
W2_apt,19,L5,takeover,score_burstiness,0.0,0.0,0.0,0.008675078864353312,0.48989065925252634
W2_apt,0,L5,concurrent,SICA (proposed),0.45483870967741935,1.0,0.6252771618625277,0.0,0.8958641196612002
W2_apt,0,L5,concurrent,pin_ip,0.16129032258064516,0.21367521367521367,0.18382352941176472,0.14684756584197925,
W2_apt,0,L5,concurrent,pin_prefix24,0.0935483870967742,0.2543859649122807,0.13679245283018868,0.06783719074221868,
W2_apt,0,L5,concurrent,pin_scope16,0.03225806451612903,0.24390243902439024,0.05698005698005699,0.024740622505985636,
W2_apt,0,L5,concurrent,pin_useragent,1.0,0.6935123042505593,0.8190224570673712,0.10933758978451716,
W2_apt,0,L5,concurrent,pin_useragent_core,0.47096774193548385,1.0,0.6403508771929824,0.0,
W2_apt,0,L5,concurrent,pin_ip_or_useragent,1.0,0.541958041958042,0.7029478458049886,0.20909816440542697,
W2_apt,0,L5,concurrent,pin_ip_and_useragent,0.16129032258064516,0.45871559633027525,0.23866348448687352,0.047086991221069435,
W2_apt,0,L5,concurrent,score_distinct_bindings,0.05806451612903226,1.0,0.10975609756097561,0.0,0.7212766779085035
W2_apt,0,L5,concurrent,score_max_request_rate,0.0,0.0,0.0,0.0,0.5186623072368252
W2_apt,0,L5,concurrent,score_burstiness,0.0,0.0,0.0,0.009577015163607342,0.4558569111551631
W2_apt,1,L5,concurrent,SICA (proposed),0.43508771929824563,0.9253731343283582,0.5918854415274464,0.00782472613458529,0.891267880185597
W2_apt,1,L5,concurrent,pin_ip,0.1543859649122807,0.17120622568093385,0.16236162361623618,0.16666666666666666,
W2_apt,1,L5,concurrent,pin_prefix24,0.0912280701754386,0.18705035971223022,0.12264150943396228,0.08841940532081377,
W2_apt,1,L5,concurrent,pin_scope16,0.0456140350877193,0.23214285714285715,0.07624633431085044,0.033646322378716745,
W2_apt,1,L5,concurrent,pin_useragent,1.0,0.6968215158924206,0.8213256484149856,0.09702660406885759,
W2_apt,1,L5,concurrent,pin_useragent_core,0.47368421052631576,1.0,0.6428571428571429,0.0,
W2_apt,1,L5,concurrent,pin_ip_or_useragent,1.0,0.5210237659963437,0.6850961538461539,0.20500782472613457,
W2_apt,1,L5,concurrent,pin_ip_and_useragent,0.1543859649122807,0.3697478991596639,0.21782178217821782,0.05868544600938967,
W2_apt,1,L5,concurrent,score_distinct_bindings,0.056140350877192984,1.0,0.10631229235880399,0.0,0.7126582104714054
W2_apt,1,L5,concurrent,score_max_request_rate,0.0,0.0,0.0,0.0,0.524830464267084
W2_apt,1,L5,concurrent,score_burstiness,0.0,0.0,0.0,0.010172143974960876,0.4709139829228784
W2_apt,2,L5,concurrent,SICA (proposed),0.5104166666666666,0.9245283018867925,0.6577181208053692,0.009411764705882352,0.8805174291938997
W2_apt,2,L5,concurrent,pin_ip,0.1875,0.23893805309734514,0.2101167315175097,0.1349019607843137,
W2_apt,2,L5,concurrent,pin_prefix24,0.07291666666666667,0.19626168224299065,0.10632911392405064,0.06745098039215686,
W2_apt,2,L5,concurrent,pin_scope16,0.03819444444444445,0.2682926829268293,0.06686930091185411,0.023529411764705882,
W2_apt,2,L5,concurrent,pin_useragent,1.0,0.7024390243902439,0.8252148997134671,0.09568627450980392,
W2_apt,2,L5,concurrent,pin_useragent_core,0.5451388888888888,1.0,0.7056179775280899,0.0,
W2_apt,2,L5,concurrent,pin_ip_or_useragent,1.0,0.5464895635673624,0.7067484662576687,0.18745098039215685,
W2_apt,2,L5,concurrent,pin_ip_and_useragent,0.1875,0.4954128440366973,0.2720403022670025,0.043137254901960784,
W2_apt,2,L5,concurrent,score_distinct_bindings,0.027777777777777776,1.0,0.05405405405405406,0.0,0.7623502178649237
W2_apt,2,L5,concurrent,score_max_request_rate,0.0,0.0,0.0,0.0,0.5198093681917212
W2_apt,2,L5,concurrent,score_burstiness,0.003472222222222222,0.07692307692307693,0.006644518272425249,0.009411764705882352,0.447937091503268
W2_apt,3,L5,concurrent,SICA (proposed),0.47719298245614034,1.0,0.6460807600950119,0.0,0.8791450457128738
W2_apt,3,L5,concurrent,pin_ip,0.14035087719298245,0.16666666666666666,0.1523809523809524,0.1564945226917058,
W2_apt,3,L5,concurrent,pin_prefix24,0.05263157894736842,0.13043478260869565,0.075,0.0782472613458529,
W2_apt,3,L5,concurrent,pin_scope16,0.014035087719298246,0.07692307692307693,0.02373887240356083,0.03755868544600939,
W2_apt,3,L5,concurrent,pin_useragent,1.0,0.7107231920199502,0.8309037900874636,0.09076682316118936,
W2_apt,3,L5,concurrent,pin_useragent_core,0.512280701754386,1.0,0.6774941995359629,0.0,
W2_apt,3,L5,concurrent,pin_ip_or_useragent,1.0,0.5277777777777778,0.6909090909090909,0.19953051643192488,
W2_apt,3,L5,concurrent,pin_ip_and_useragent,0.14035087719298245,0.39603960396039606,0.2072538860103627,0.04773082942097027,
W2_apt,3,L5,concurrent,score_distinct_bindings,0.021052631578947368,1.0,0.041237113402061855,0.0,0.733629849271065
W2_apt,3,L5,concurrent,score_max_request_rate,0.0,0.0,0.0,0.0,0.5094912555253549
W2_apt,3,L5,concurrent,score_burstiness,0.0035087719298245615,0.08333333333333333,0.006734006734006735,0.008607198748043818,0.4473299838014441
W2_apt,4,L5,concurrent,SICA (proposed),0.4752475247524752,0.9056603773584906,0.6233766233766234,0.011904761904761904,0.8613638744826864
W2_apt,4,L5,concurrent,pin_ip,0.12871287128712872,0.16455696202531644,0.14444444444444443,0.15714285714285714,
W2_apt,4,L5,concurrent,pin_prefix24,0.066006600660066,0.15625,0.09280742459396751,0.08571428571428572,
W2_apt,4,L5,concurrent,pin_scope16,0.0231023102310231,0.14893617021276595,0.039999999999999994,0.031746031746031744,
W2_apt,4,L5,concurrent,pin_useragent,1.0,0.7096018735362998,0.8301369863013698,0.09841269841269841,
W2_apt,4,L5,concurrent,pin_useragent_core,0.49174917491749176,1.0,0.6592920353982301,0.0,
W2_apt,4,L5,concurrent,pin_ip_or_useragent,1.0,0.5343915343915344,0.6965517241379311,0.20952380952380953,
W2_apt,4,L5,concurrent,pin_ip_and_useragent,0.12871287128712872,0.4020618556701031,0.195,0.046031746031746035,
W2_apt,4,L5,concurrent,score_distinct_bindings,0.0297029702970297,1.0,0.05769230769230769,0.0,0.7224422442244225
W2_apt,4,L5,concurrent,score_max_request_rate,0.0,0.0,0.0,0.0,0.5093142647598093
W2_apt,4,L5,concurrent,score_burstiness,0.0,0.0,0.0,0.006349206349206349,0.43975195138561474
W2_apt,5,L5,concurrent,SICA (proposed),0.45918367346938777,0.9507042253521126,0.6192660550458715,0.005516154452324665,0.8706745897728674
W2_apt,5,L5,concurrent,pin_ip,0.1564625850340136,0.18699186991869918,0.17037037037037037,0.15760441292356187,
W2_apt,5,L5,concurrent,pin_prefix24,0.08503401360544217,0.22123893805309736,0.12285012285012285,0.06934594168636722,
W2_apt,5,L5,concurrent,pin_scope16,0.030612244897959183,0.21428571428571427,0.05357142857142857,0.026004728132387706,
W2_apt,5,L5,concurrent,pin_useragent,1.0,0.6789838337182448,0.8088033012379642,0.1095350669818755,
W2_apt,5,L5,concurrent,pin_useragent_core,0.47959183673469385,1.0,0.6482758620689655,0.0,
W2_apt,5,L5,concurrent,pin_ip_or_useragent,1.0,0.5268817204301075,0.6901408450704225,0.20803782505910165,
W2_apt,5,L5,concurrent,pin_ip_and_useragent,0.1564625850340136,0.38016528925619836,0.22168674698795182,0.0591016548463357,
W2_apt,5,L5,concurrent,score_distinct_bindings,0.04421768707482993,1.0,0.08469055374592835,0.0,0.727064269364168
W2_apt,5,L5,concurrent,score_max_request_rate,0.0,0.0,0.0,0.0,0.5298094809239693
W2_apt,5,L5,concurrent,score_burstiness,0.0,0.0,0.0,0.007880220646178092,0.46882488219874235
W2_apt,6,L5,concurrent,SICA (proposed),0.4788273615635179,1.0,0.6475770925110133,0.0,0.8755912985746592
W2_apt,6,L5,concurrent,pin_ip,0.11726384364820847,0.16071428571428573,0.13559322033898305,0.14968152866242038,
W2_apt,6,L5,concurrent,pin_prefix24,0.0749185667752443,0.1796875,0.10574712643678161,0.08359872611464968,
W2_apt,6,L5,concurrent,pin_scope16,0.029315960912052116,0.1836734693877551,0.050561797752808994,0.03184713375796178,
W2_apt,6,L5,concurrent,pin_useragent,1.0,0.7090069284064665,0.8297297297297298,0.10031847133757962,
W2_apt,6,L5,concurrent,pin_useragent_core,0.501628664495114,1.0,0.6681127982646421,0.0,
W2_apt,6,L5,concurrent,pin_ip_or_useragent,1.0,0.5376532399299475,0.6993166287015945,0.21019108280254778,
W2_apt,6,L5,concurrent,pin_ip_and_useragent,0.11726384364820847,0.4186046511627907,0.183206106870229,0.03980891719745223,
W2_apt,6,L5,concurrent,score_distinct_bindings,0.04234527687296417,1.0,0.08124999999999999,0.0,0.7270716197431482
W2_apt,6,L5,concurrent,score_max_request_rate,0.0,0.0,0.0,0.0,0.5198901948173199
W2_apt,6,L5,concurrent,score_burstiness,0.0,0.0,0.0,0.009554140127388535,0.44392259175501564
W2_apt,7,L5,concurrent,SICA (proposed),0.44594594594594594,0.9230769230769231,0.601366742596811,0.008681925808997633,0.8588080483798716
W2_apt,7,L5,concurrent,pin_ip,0.12837837837837837,0.1743119266055046,0.14785992217898836,0.1420678768745067,
W2_apt,7,L5,concurrent,pin_prefix24,0.05405405405405406,0.14814814814814814,0.07920792079207921,0.07261247040252565,
W2_apt,7,L5,concurrent,pin_scope16,0.013513513513513514,0.09302325581395349,0.02359882005899705,0.030781373322809787,
W2_apt,7,L5,concurrent,pin_useragent,1.0,0.7081339712918661,0.8291316526610644,0.0962904498816101,
W2_apt,7,L5,concurrent,pin_useragent_core,0.46621621621621623,1.0,0.6359447004608295,0.0,
W2_apt,7,L5,concurrent,pin_ip_or_useragent,1.0,0.5461254612546126,0.7064439140811456,0.1941594317284925,
W2_apt,7,L5,concurrent,pin_ip_and_useragent,0.12837837837837837,0.40425531914893614,0.19487179487179487,0.04419889502762431,
W2_apt,7,L5,concurrent,score_distinct_bindings,0.02364864864864865,1.0,0.04620462046204621,0.0,0.7128631690095778
W2_apt,7,L5,concurrent,score_max_request_rate,0.0,0.0,0.0,0.0,0.5206969005311547
W2_apt,7,L5,concurrent,score_burstiness,0.010135135135135136,0.1875,0.019230769230769232,0.010260457774269928,0.45422923910492974
W2_apt,8,L5,concurrent,SICA (proposed),0.5428571428571428,0.926829268292683,0.6846846846846847,0.009353078721745909,0.8977619418772965
W2_apt,8,L5,concurrent,pin_ip,0.11785714285714285,0.15942028985507245,0.13552361396303902,0.13561964146531566,
W2_apt,8,L5,concurrent,pin_prefix24,0.04642857142857143,0.12871287128712872,0.06824146981627296,0.06858924395947,
W2_apt,8,L5,concurrent,pin_scope16,0.017857142857142856,0.1388888888888889,0.03164556962025316,0.024162120031176928,
W2_apt,8,L5,concurrent,pin_useragent,1.0,0.7197943444730077,0.8370702541106129,0.08495713172252534,
W2_apt,8,L5,concurrent,pin_useragent_core,0.5535714285714286,1.0,0.7126436781609196,0.0,
W2_apt,8,L5,concurrent,pin_ip_or_useragent,1.0,0.5447470817120622,0.7052896725440806,0.18238503507404522,
W2_apt,8,L5,concurrent,pin_ip_and_useragent,0.11785714285714285,0.4024390243902439,0.18232044198895028,0.03819173811379579,
W2_apt,8,L5,concurrent,score_distinct_bindings,0.03214285714285714,1.0,0.06228373702422146,0.0,0.7507362765838993
W2_apt,8,L5,concurrent,score_max_request_rate,0.0,0.0,0.0,0.0,0.5211641242623316
W2_apt,8,L5,concurrent,score_burstiness,0.0035714285714285713,0.09090909090909091,0.006872852233676976,0.00779423226812159,0.45434389266228703
W2_apt,9,L5,concurrent,SICA (proposed),0.5046153846153846,0.9704142011834319,0.6639676113360323,0.004038772213247173,0.8933503168882814
W2_apt,9,L5,concurrent,pin_ip,0.11692307692307692,0.1645021645021645,0.13669064748201437,0.15589660743134087,
W2_apt,9,L5,concurrent,pin_prefix24,0.052307692307692305,0.18478260869565216,0.0815347721822542,0.06058158319870759,
W2_apt,9,L5,concurrent,pin_scope16,0.015384615384615385,0.1724137931034483,0.02824858757062147,0.01938610662358643,
W2_apt,9,L5,concurrent,pin_useragent,1.0,0.7190265486725663,0.8365508365508365,0.10258481421647819,
W2_apt,9,L5,concurrent,pin_useragent_core,0.5169230769230769,1.0,0.6815415821501014,0.0,
W2_apt,9,L5,concurrent,pin_ip_or_useragent,1.0,0.5642361111111112,0.7214206437291898,0.20274636510500807,
W2_apt,9,L5,concurrent,pin_ip_and_useragent,0.11692307692307692,0.35514018691588783,0.17592592592592593,0.05573505654281099,
W2_apt,9,L5,concurrent,score_distinct_bindings,0.027692307692307693,1.0,0.05389221556886228,0.0,0.7413172610910899
W2_apt,9,L5,concurrent,score_max_request_rate,0.0,0.0,0.0,0.0,0.4852765005592146
W2_apt,9,L5,concurrent,score_burstiness,0.0,0.0,0.0,0.01050080775444265,0.4288393190008699
W2_apt,10,L5,concurrent,SICA (proposed),0.4982078853046595,0.952054794520548,0.6541176470588235,0.005451713395638629,0.8903795263457609
W2_apt,10,L5,concurrent,pin_ip,0.1003584229390681,0.1414141414141414,0.11740041928721175,0.13239875389408098,
W2_apt,10,L5,concurrent,pin_prefix24,0.06810035842293907,0.19791666666666666,0.10133333333333333,0.05996884735202492,
W2_apt,10,L5,concurrent,pin_scope16,0.025089605734767026,0.21875,0.045016077170418,0.019470404984423675,
W2_apt,10,L5,concurrent,pin_useragent,1.0,0.6905940594059405,0.8169838945827232,0.09735202492211838,
W2_apt,10,L5,concurrent,pin_useragent_core,0.5161290322580645,1.0,0.6808510638297872,0.0,
W2_apt,10,L5,concurrent,pin_ip_or_useragent,1.0,0.5459882583170255,0.7063291139240506,0.1806853582554517,
W2_apt,10,L5,concurrent,pin_ip_and_useragent,0.1003584229390681,0.3076923076923077,0.15135135135135136,0.04906542056074766,
W2_apt,10,L5,concurrent,score_distinct_bindings,0.035842293906810034,1.0,0.06920415224913495,0.0,0.7452838352371063
W2_apt,10,L5,concurrent,score_max_request_rate,0.0,0.0,0.0,0.0,0.5194327203296151
W2_apt,10,L5,concurrent,score_burstiness,0.0035842293906810036,0.09090909090909091,0.00689655172413793,0.00778816199376947,0.461965017474514
W2_apt,11,L5,concurrent,SICA (proposed),0.4612794612794613,0.9194630872483222,0.6143497757847534,0.009478672985781991,0.8769408141446056
W2_apt,11,L5,concurrent,pin_ip,0.11447811447811448,0.1642512077294686,0.13492063492063494,0.13665086887835703,
W2_apt,11,L5,concurrent,pin_prefix24,0.06060606060606061,0.17142857142857143,0.08955223880597014,0.06872037914691943,
W2_apt,11,L5,concurrent,pin_scope16,0.037037037037037035,0.25,0.06451612903225806,0.026066350710900472,
W2_apt,11,L5,concurrent,pin_useragent,1.0,0.7088305489260143,0.829608938547486,0.09636650868878358,
W2_apt,11,L5,concurrent,pin_useragent_core,0.48148148148148145,1.0,0.65,0.0,
W2_apt,11,L5,concurrent,pin_ip_or_useragent,1.0,0.5489833641404805,0.7088305489260143,0.19273301737756715,
W2_apt,11,L5,concurrent,pin_ip_and_useragent,0.11447811447811448,0.4,0.1780104712041885,0.04028436018957346,
W2_apt,11,L5,concurrent,score_distinct_bindings,0.04377104377104377,1.0,0.08387096774193549,0.0,0.7163020409465907
W2_apt,11,L5,concurrent,score_max_request_rate,0.0,0.0,0.0,0.0,0.534140775846937
W2_apt,11,L5,concurrent,score_burstiness,0.0,0.0,0.0,0.009478672985781991,0.48155328961016164
W2_apt,12,L5,concurrent,SICA (proposed),0.4867549668874172,0.91875,0.6363636363636364,0.010309278350515464,0.8897056892721534
W2_apt,12,L5,concurrent,pin_ip,0.152317880794702,0.20353982300884957,0.17424242424242425,0.14274385408406026,
W2_apt,12,L5,concurrent,pin_prefix24,0.0728476821192053,0.205607476635514,0.10757946210268947,0.06740681998413957,
W2_apt,12,L5,concurrent,pin_scope16,0.04304635761589404,0.23636363636363636,0.07282913165266107,0.03330689928628073,
W2_apt,12,L5,concurrent,pin_useragent,1.0,0.727710843373494,0.8423988842398884,0.08961141950832673,
W2_apt,12,L5,concurrent,pin_useragent_core,0.5132450331125827,1.0,0.6783369803063456,0.0,
W2_apt,12,L5,concurrent,pin_ip_or_useragent,1.0,0.5592592592592592,0.7173396674584323,0.1887390959555908,
W2_apt,12,L5,concurrent,pin_ip_and_useragent,0.152317880794702,0.45544554455445546,0.228287841191067,0.04361617763679619,
W2_apt,12,L5,concurrent,score_distinct_bindings,0.026490066225165563,1.0,0.05161290322580646,0.0,0.7469907200739453
W2_apt,12,L5,concurrent,score_max_request_rate,0.0,0.0,0.0,0.0,0.5003544963263677
W2_apt,12,L5,concurrent,score_burstiness,0.0033112582781456954,0.08333333333333333,0.006369426751592357,0.008723235527359239,0.4299909143904501
W2_apt,13,L5,concurrent,SICA (proposed),0.5017667844522968,0.9161290322580645,0.6484018264840183,0.01015625,0.8942772747349823
W2_apt,13,L5,concurrent,pin_ip,0.12367491166077739,0.1590909090909091,0.13916500994035783,0.14453125,
W2_apt,13,L5,concurrent,pin_prefix24,0.0706713780918728,0.17699115044247787,0.10101010101010101,0.07265625,
W2_apt,13,L5,concurrent,pin_scope16,0.028268551236749116,0.16666666666666666,0.04833836858006042,0.03125,
W2_apt,13,L5,concurrent,pin_useragent,1.0,0.7408376963350786,0.8511278195488723,0.07734375,
W2_apt,13,L5,concurrent,pin_useragent_core,0.5335689045936396,1.0,0.695852534562212,0.0,
W2_apt,13,L5,concurrent,pin_ip_or_useragent,1.0,0.5431861804222649,0.7039800995024875,0.1859375,
W2_apt,13,L5,concurrent,pin_ip_and_useragent,0.12367491166077739,0.43209876543209874,0.1923076923076923,0.0359375,
W2_apt,13,L5,concurrent,score_distinct_bindings,0.024734982332155476,1.0,0.04827586206896552,0.0,0.7543231007067138
W2_apt,13,L5,concurrent,score_max_request_rate,0.0,0.0,0.0,0.0,0.49815453842756185
W2_apt,13,L5,concurrent,score_burstiness,0.0,0.0,0.0,0.0078125,0.4279524624558304
W2_apt,14,L5,concurrent,SICA (proposed),0.5,1.0,0.6666666666666666,0.0,0.8741899565749917
W2_apt,14,L5,concurrent,pin_ip,0.1357142857142857,0.15447154471544716,0.1444866920152091,0.16212003117692908,
W2_apt,14,L5,concurrent,pin_prefix24,0.08214285714285714,0.16911764705882354,0.11057692307692309,0.08807482462977397,
W2_apt,14,L5,concurrent,pin_scope16,0.039285714285714285,0.171875,0.06395348837209303,0.041309431021044424,
W2_apt,14,L5,concurrent,pin_useragent,1.0,0.6730769230769231,0.8045977011494253,0.10600155884645363,
W2_apt,14,L5,concurrent,pin_useragent_core,0.5178571428571429,1.0,0.6823529411764707,0.0,
W2_apt,14,L5,concurrent,pin_ip_or_useragent,1.0,0.5128205128205128,0.6779661016949152,0.2073265783320343,
W2_apt,14,L5,concurrent,pin_ip_and_useragent,0.1357142857142857,0.3275862068965517,0.19191919191919193,0.060795011691348405,
W2_apt,14,L5,concurrent,score_distinct_bindings,0.04642857142857143,1.0,0.08873720136518772,0.0,0.7347928961140184
W2_apt,14,L5,concurrent,score_max_request_rate,0.0,0.0,0.0,0.0,0.5079890880748247
W2_apt,14,L5,concurrent,score_burstiness,0.0,0.0,0.0,0.010132501948558068,0.42620810600155884
W2_apt,15,L5,concurrent,SICA (proposed),0.5017667844522968,0.9403973509933775,0.6543778801843319,0.00703125,0.872965437279152
W2_apt,15,L5,concurrent,pin_ip,0.12014134275618374,0.13821138211382114,0.1285444234404537,0.165625,
W2_apt,15,L5,concurrent,pin_prefix24,0.07420494699646643,0.16279069767441862,0.10194174757281554,0.084375,
W2_apt,15,L5,concurrent,pin_scope16,0.024734982332155476,0.14583333333333334,0.042296072507552865,0.03203125,
W2_apt,15,L5,concurrent,pin_useragent,1.0,0.6612149532710281,0.7960618846694797,0.11328125,
W2_apt,15,L5,concurrent,pin_useragent_core,0.519434628975265,1.0,0.6837209302325581,0.0,
W2_apt,15,L5,concurrent,pin_ip_or_useragent,1.0,0.4956217162872154,0.6627634660421545,0.225,
W2_apt,15,L5,concurrent,pin_ip_and_useragent,0.12014134275618374,0.3300970873786408,0.17616580310880828,0.05390625,
W2_apt,15,L5,concurrent,score_distinct_bindings,0.04946996466431095,1.0,0.09427609427609428,0.0,0.7319843197879858
W2_apt,15,L5,concurrent,score_max_request_rate,0.0,0.0,0.0,0.0,0.5131929107773852
W2_apt,15,L5,concurrent,score_burstiness,0.0,0.0,0.0,0.0078125,0.451349933745583
W2_apt,16,L5,concurrent,SICA (proposed),0.4965753424657534,0.9177215189873418,0.6444444444444444,0.010228166797797011,0.8719121498550381
W2_apt,16,L5,concurrent,pin_ip,0.14383561643835616,0.18666666666666668,0.16247582205029013,0.14398111723052714,
W2_apt,16,L5,concurrent,pin_prefix24,0.08561643835616438,0.18796992481203006,0.11764705882352941,0.08497246262785209,
W2_apt,16,L5,concurrent,pin_scope16,0.03424657534246575,0.17857142857142858,0.05747126436781609,0.03619197482297404,
W2_apt,16,L5,concurrent,pin_useragent,1.0,0.6903073286052009,0.8167832167832167,0.10306845003933911,
W2_apt,16,L5,concurrent,pin_useragent_core,0.5136986301369864,1.0,0.6787330316742082,0.0,
W2_apt,16,L5,concurrent,pin_ip_or_useragent,1.0,0.5328467153284672,0.6952380952380952,0.2014162077104642,
W2_apt,16,L5,concurrent,pin_ip_and_useragent,0.14383561643835616,0.42,0.2142857142857143,0.045633359559402044,
W2_apt,16,L5,concurrent,score_distinct_bindings,0.04794520547945205,1.0,0.0915032679738562,0.0,0.735235711283317
W2_apt,16,L5,concurrent,score_max_request_rate,0.0,0.0,0.0,0.0,0.5052097366974554
W2_apt,16,L5,concurrent,score_burstiness,0.003424657534246575,0.08333333333333333,0.006578947368421052,0.00865460267505901,0.4384208314023043
W2_apt,17,L5,concurrent,SICA (proposed),0.46534653465346537,0.94,0.6225165562913908,0.007142857142857143,0.8870854942637121
W2_apt,17,L5,concurrent,pin_ip,0.14521452145214522,0.21256038647342995,0.17254901960784313,0.12936507936507938,
W2_apt,17,L5,concurrent,pin_prefix24,0.07920792079207921,0.2608695652173913,0.12151898734177215,0.05396825396825397,
W2_apt,17,L5,concurrent,pin_scope16,0.026402640264026403,0.2857142857142857,0.04833836858006043,0.015873015873015872,
W2_apt,17,L5,concurrent,pin_useragent,1.0,0.7197149643705463,0.8370165745856353,0.09365079365079365,
W2_apt,17,L5,concurrent,pin_useragent_core,0.48514851485148514,1.0,0.6533333333333333,0.0,
W2_apt,17,L5,concurrent,pin_ip_or_useragent,1.0,0.5663551401869159,0.7231503579952266,0.18412698412698414,
W2_apt,17,L5,concurrent,pin_ip_and_useragent,0.14521452145214522,0.4731182795698925,0.22222222222222224,0.03888888888888889,
W2_apt,17,L5,concurrent,score_distinct_bindings,0.039603960396039604,1.0,0.07619047619047618,0.0,0.7364607889360365
W2_apt,17,L5,concurrent,score_max_request_rate,0.0,0.0,0.0,0.0,0.49536251244172036
W2_apt,17,L5,concurrent,score_burstiness,0.0033003300330033004,0.09090909090909091,0.006369426751592357,0.007936507936507936,0.4326654093980827
W2_apt,18,L5,concurrent,SICA (proposed),0.5,1.0,0.6666666666666666,0.0,0.8971719486136498
W2_apt,18,L5,concurrent,pin_ip,0.13548387096774195,0.1935483870967742,0.15939278937381404,0.13966480446927373,
W2_apt,18,L5,concurrent,pin_prefix24,0.08064516129032258,0.23809523809523808,0.12048192771084337,0.06384676775738228,
W2_apt,18,L5,concurrent,pin_scope16,0.04838709677419355,0.28846153846153844,0.08287292817679558,0.029529130087789304,
W2_apt,18,L5,concurrent,pin_useragent,1.0,0.7259953161592506,0.8412483039348712,0.09337589784517158,
W2_apt,18,L5,concurrent,pin_useragent_core,0.5129032258064516,1.0,0.6780383795309168,0.0,
W2_apt,18,L5,concurrent,pin_ip_or_useragent,1.0,0.5646630236794171,0.7217694994179279,0.19074221867517957,
W2_apt,18,L5,concurrent,pin_ip_and_useragent,0.13548387096774195,0.4421052631578947,0.2074074074074074,0.04229848363926576,
W2_apt,18,L5,concurrent,score_distinct_bindings,0.03870967741935484,1.0,0.07453416149068323,0.0,0.7467317148520969
W2_apt,18,L5,concurrent,score_max_request_rate,0.0,0.0,0.0,0.0,0.5063087300157042
W2_apt,18,L5,concurrent,score_burstiness,0.0,0.0,0.0,0.009577015163607342,0.43932883659861494
W2_apt,19,L5,concurrent,SICA (proposed),0.5107913669064749,0.9466666666666667,0.663551401869159,0.0062256809338521405,0.892986311340033
W2_apt,19,L5,concurrent,pin_ip,0.12949640287769784,0.1411764705882353,0.1350844277673546,0.17042801556420234,
W2_apt,19,L5,concurrent,pin_prefix24,0.050359712230215826,0.11290322580645161,0.06965174129353234,0.08560311284046693,
W2_apt,19,L5,concurrent,pin_scope16,0.02158273381294964,0.13043478260869565,0.03703703703703704,0.0311284046692607,
W2_apt,19,L5,concurrent,pin_useragent,1.0,0.6915422885572139,0.8176470588235294,0.09649805447470818,
W2_apt,19,L5,concurrent,pin_useragent_core,0.5143884892086331,1.0,0.6793349168646081,0.0,
W2_apt,19,L5,concurrent,pin_ip_or_useragent,1.0,0.49642857142857144,0.6634844868735084,0.21945525291828794,
W2_apt,19,L5,concurrent,pin_ip_and_useragent,0.12949640287769784,0.3711340206185567,0.19200000000000003,0.047470817120622566,
W2_apt,19,L5,concurrent,score_distinct_bindings,0.03237410071942446,1.0,0.0627177700348432,0.0,0.7247711558379756
W2_apt,19,L5,concurrent,score_max_request_rate,0.0,0.0,0.0,0.0,0.5360943929681158
W2_apt,19,L5,concurrent,score_burstiness,0.0,0.0,0.0,0.00933852140077821,0.44723987347087313
