workload,seed,factor,value,n_attack_sessions,precision,recall,f1,fpr,roc_auc,attack_request_detection_rate,latency_requests_median
W1_web,0,flapping_rate,0.0,21,1.0,0.6666666666666666,0.8,0.0,0.956648697214735,0.0472972972972973,1.0
W1_web,0,flapping_rate,0.01,21,1.0,0.5238095238095238,0.6875000000000001,0.0,0.956199460916442,0.013513513513513514,3.0
W1_web,0,flapping_rate,0.02,16,1.0,0.25,0.4,0.0,0.9484797297297297,0.02654867256637168,1.0
W1_web,0,flapping_rate,0.05,18,0.75,0.3333333333333333,0.46153846153846156,0.01834862385321101,0.8498980632008155,0.021739130434782608,1.0
W1_web,0,flapping_rate,0.1,24,1.0,0.3333333333333333,0.5,0.0,0.8248381877022654,0.0273224043715847,1.0
W1_web,0,flapping_rate,0.2,22,1.0,0.3181818181818182,0.4827586206896552,0.0,0.8664502164502165,0.039473684210526314,1.0
W1_web,0,monotone_rate,0.0,27,1.0,0.2962962962962963,0.45714285714285713,0.0,0.945,0.023809523809523808,1.0
W1_web,0,monotone_rate,0.05,22,1.0,0.2727272727272727,0.42857142857142855,0.0,0.8642857142857143,0.020689655172413793,1.5
W1_web,0,monotone_rate,0.15,18,0.75,0.3333333333333333,0.46153846153846156,0.01834862385321101,0.8498980632008155,0.021739130434782608,1.0
W1_web,0,monotone_rate,0.3,22,0.875,0.3181818181818182,0.4666666666666667,0.009523809523809525,0.9051948051948052,0.02631578947368421,1.0
W1_web,0,monotone_rate,0.5,24,1.0,0.4166666666666667,0.5882352941176471,0.0,0.8537621359223301,0.028708133971291867,1.0
W1_web,0,attack_fraction,0.05,19,0.75,0.3157894736842105,0.44444444444444436,0.018518518518518517,0.9193469785575049,0.02336448598130841,1.0
W1_web,0,attack_fraction,0.1,19,0.75,0.3157894736842105,0.44444444444444436,0.018518518518518517,0.9193469785575049,0.02336448598130841,1.0
W1_web,0,attack_fraction,0.2,19,0.75,0.3157894736842105,0.44444444444444436,0.018518518518518517,0.8462475633528265,0.010526315789473684,1.0
W1_web,0,attack_fraction,0.4,18,0.75,0.3333333333333333,0.46153846153846156,0.01834862385321101,0.8498980632008155,0.021739130434782608,1.0
W1_web,0,attack_fraction,0.6,19,0.8333333333333334,0.5263157894736842,0.6451612903225806,0.018518518518518517,0.8391812865497076,0.043478260869565216,2.5
W1_web,0,attack_rate,0.02,2,0.0,0.0,0.0,0.016,0.876,0.0,
W1_web,0,attack_rate,0.05,3,0.0,0.0,0.0,0.016129032258064516,0.7096774193548387,0.0,
W1_web,0,attack_rate,0.1,6,0.5,0.3333333333333333,0.4,0.01652892561983471,0.7520661157024794,0.030303030303030304,1.0
W1_web,0,attack_rate,0.2,18,0.75,0.3333333333333333,0.46153846153846156,0.01834862385321101,0.8498980632008155,0.021739130434782608,1.0
W1_web,0,attack_rate,0.35,32,0.8461538461538461,0.34375,0.4888888888888889,0.021052631578947368,0.8307565789473684,0.030201342281879196,1.0
W1_web,0,theft_position,0.10-0.20,18,0.75,0.3333333333333333,0.46153846153846156,0.01834862385321101,0.8132008154943935,0.01818181818181818,1.0
W1_web,0,theft_position,0.25-0.50,18,0.75,0.3333333333333333,0.46153846153846156,0.01834862385321101,0.8498980632008155,0.021739130434782608,1.0
W1_web,0,theft_position,0.50-0.70,13,0.7777777777777778,0.5384615384615384,0.6363636363636364,0.017543859649122806,0.8660593792172739,0.037383177570093455,1.0
W1_web,0,theft_position,0.70-0.85,11,0.6666666666666666,0.36363636363636365,0.4705882352941177,0.017241379310344827,0.8753918495297806,0.05063291139240506,1.0
W1_web,0,theft_delay_s,0.0,18,0.75,0.3333333333333333,0.46153846153846156,0.01834862385321101,0.9148827726809379,0.010309278350515464,1.5
W1_web,0,theft_delay_s,1.0,18,0.75,0.3333333333333333,0.46153846153846156,0.01834862385321101,0.9148827726809379,0.010309278350515464,1.5
W1_web,0,theft_delay_s,60.0,18,0.75,0.3333333333333333,0.46153846153846156,0.01834862385321101,0.9148827726809379,0.010309278350515464,1.5
W1_web,0,theft_delay_s,600.0,18,0.75,0.3333333333333333,0.46153846153846156,0.01834862385321101,0.9148827726809379,0.010309278350515464,1.5
W1_web,1,flapping_rate,0.0,20,0.9090909090909091,0.5,0.6451612903225806,0.009345794392523364,0.9296728971962617,0.048484848484848485,3.0
W1_web,1,flapping_rate,0.01,20,1.0,0.4,0.5714285714285715,0.0,0.9266355140186916,0.024242424242424242,2.0
W1_web,1,flapping_rate,0.02,22,1.0,0.4090909090909091,0.5806451612903226,0.0,0.9173160173160173,0.045454545454545456,1.0
W1_web,1,flapping_rate,0.05,19,1.0,0.631578947368421,0.7741935483870968,0.0,0.8893762183235867,0.1,1.0
W1_web,1,flapping_rate,0.1,24,0.875,0.2916666666666667,0.43750000000000006,0.009708737864077669,0.8335355987055016,0.004672897196261682,3.0
W1_web,1,flapping_rate,0.2,20,1.0,0.3,0.4615384615384615,0.0,0.8380841121495327,0.05442176870748299,1.5
W1_web,1,monotone_rate,0.0,23,0.75,0.5217391304347826,0.6153846153846153,0.038461538461538464,0.8877508361204013,0.05063291139240506,1.0
W1_web,1,monotone_rate,0.05,18,0.8571428571428571,0.3333333333333333,0.48,0.009174311926605505,0.8769113149847095,0.016260162601626018,1.0
W1_web,1,monotone_rate,0.15,19,1.0,0.631578947368421,0.7741935483870968,0.0,0.8893762183235867,0.1,1.0
W1_web,1,monotone_rate,0.3,18,1.0,0.3333333333333333,0.5,0.0,0.8419979612640163,0.03546099290780142,2.5
W1_web,1,monotone_rate,0.5,28,1.0,0.39285714285714285,0.5641025641025641,0.0,0.8474025974025974,0.04487179487179487,2.0
W1_web,1,attack_fraction,0.05,19,1.0,0.5789473684210527,0.7333333333333334,0.0,0.9454191033138402,0.07216494845360824,1.0
W1_web,1,attack_fraction,0.1,19,1.0,0.5789473684210527,0.7333333333333334,0.0,0.9454191033138402,0.07216494845360824,1.0
W1_web,1,attack_fraction,0.2,19,1.0,0.5789473684210527,0.7333333333333334,0.0,0.9454191033138402,0.07216494845360824,1.0
W1_web,1,attack_fraction,0.4,19,1.0,0.631578947368421,0.7741935483870968,0.0,0.8893762183235867,0.1,1.0
W1_web,1,attack_fraction,0.6,21,1.0,0.5714285714285714,0.7272727272727273,0.0,0.9079065588499551,0.09090909090909091,1.0
W1_web,1,attack_rate,0.02,2,0.3333333333333333,0.5,0.4,0.016,0.9,0.0,4.0
W1_web,1,attack_rate,0.05,5,0.75,0.6,0.6666666666666665,0.00819672131147541,0.8418032786885246,0.047619047619047616,3.0
W1_web,1,attack_rate,0.1,10,0.8571428571428571,0.6,0.7058823529411764,0.008547008547008548,0.9726495726495726,0.12195121951219512,1.0
W1_web,1,attack_rate,0.2,19,1.0,0.631578947368421,0.7741935483870968,0.0,0.8893762183235867,0.1,1.0
W1_web,1,attack_rate,0.35,40,1.0,0.575,0.7301587301587301,0.0,0.914367816091954,0.05859375,1.0
W1_web,1,theft_position,0.10-0.20,23,1.0,0.782608695652174,0.878048780487805,0.0,0.9659280936454849,0.0975609756097561,1.0
W1_web,1,theft_position,0.25-0.50,19,1.0,0.631578947368421,0.7741935483870968,0.0,0.8893762183235867,0.1,1.0
W1_web,1,theft_position,0.50-0.70,8,0.8333333333333334,0.625,0.7142857142857143,0.008403361344537815,0.9711134453781513,0.10526315789473684,1.0
W1_web,1,theft_position,0.70-0.85,1,0.0,0.0,0.0,0.015873015873015872,0.9841269841269841,0.0,
W1_web,1,theft_delay_s,0.0,18,1.0,0.4444444444444444,0.6153846153846153,0.0,0.8998470948012233,0.04878048780487805,1.0
W1_web,1,theft_delay_s,1.0,18,1.0,0.4444444444444444,0.6153846153846153,0.0,0.8998470948012233,0.04878048780487805,1.0
W1_web,1,theft_delay_s,60.0,18,1.0,0.4444444444444444,0.6153846153846153,0.0,0.8998470948012233,0.04878048780487805,1.0
W1_web,1,theft_delay_s,600.0,18,1.0,0.4444444444444444,0.6153846153846153,0.0,0.8998470948012233,0.04878048780487805,1.0
W1_web,2,flapping_rate,0.0,25,0.9285714285714286,0.52,0.6666666666666666,0.00980392156862745,0.8688235294117647,0.058823529411764705,1.0
W1_web,2,flapping_rate,0.01,26,0.9166666666666666,0.4230769230769231,0.5789473684210527,0.009900990099009901,0.9851485148514851,0.02262443438914027,2.0
W1_web,2,flapping_rate,0.02,30,0.9523809523809523,0.6666666666666666,0.7843137254901961,0.010309278350515464,0.9268041237113402,0.05905511811023622,1.0
W1_web,2,flapping_rate,0.05,28,1.0,0.6071428571428571,0.7555555555555554,0.0,0.8901515151515151,0.05627705627705628,1.0
W1_web,2,flapping_rate,0.1,22,1.0,0.45454545454545453,0.625,0.0,0.8649350649350649,0.041666666666666664,1.0
W1_web,2,flapping_rate,0.2,19,1.0,0.631578947368421,0.7741935483870968,0.0,0.8857212475633528,0.08064516129032258,1.0
W1_web,2,monotone_rate,0.0,20,0.9,0.45,0.6,0.009345794392523364,0.9593457943925233,0.041916167664670656,1.0
W1_web,2,monotone_rate,0.05,21,1.0,0.3333333333333333,0.5,0.0,0.910826594788859,0.02097902097902098,1.0
W1_web,2,monotone_rate,0.15,28,1.0,0.6071428571428571,0.7555555555555554,0.0,0.8901515151515151,0.05627705627705628,1.0
W1_web,2,monotone_rate,0.3,15,1.0,0.3333333333333333,0.5,0.0,0.8392857142857143,0.02040816326530612,4.0
W1_web,2,monotone_rate,0.5,25,0.9,0.36,0.5142857142857143,0.00980392156862745,0.7637254901960784,0.03205128205128205,1.0
W1_web,2,attack_fraction,0.05,31,1.0,0.45161290322580644,0.6222222222222222,0.0,0.9069220430107527,0.04390243902439024,1.0
W1_web,2,attack_fraction,0.1,28,1.0,0.4642857142857143,0.6341463414634146,0.0,0.8885281385281385,0.04142011834319527,1.0
W1_web,2,attack_fraction,0.2,31,1.0,0.3870967741935484,0.5581395348837209,0.0,0.8716397849462365,0.04419889502762431,1.0
W1_web,2,attack_fraction,0.4,28,1.0,0.6071428571428571,0.7555555555555554,0.0,0.8901515151515151,0.05627705627705628,1.0
W1_web,2,attack_fraction,0.6,29,1.0,0.4827586206896552,0.6511627906976745,0.0,0.8532723434201267,0.0273972602739726,1.0
W1_web,2,attack_rate,0.02,2,0.5,0.5,0.5,0.008,0.918,0.0,3.0
W1_web,2,attack_rate,0.05,11,0.8,0.36363636363636365,0.5000000000000001,0.008620689655172414,0.8565830721003135,0.013333333333333334,2.0
W1_web,2,attack_rate,0.1,18,0.8888888888888888,0.4444444444444444,0.5925925925925926,0.009174311926605505,0.9342507645259939,0.033112582781456956,1.0
W1_web,2,attack_rate,0.2,28,1.0,0.6071428571428571,0.7555555555555554,0.0,0.8901515151515151,0.05627705627705628,1.0
W1_web,2,attack_rate,0.35,45,1.0,0.4444444444444444,0.6153846153846153,0.0,0.9226287262872629,0.04154302670623145,1.0
W1_web,2,theft_position,0.10-0.20,32,1.0,0.5625,0.72,0.0,0.9082236842105263,0.028688524590163935,1.0
W1_web,2,theft_position,0.25-0.50,28,1.0,0.6071428571428571,0.7555555555555554,0.0,0.8901515151515151,0.05627705627705628,1.0
W1_web,2,theft_position,0.50-0.70,19,1.0,0.47368421052631576,0.6428571428571429,0.0,0.8550194931773879,0.03636363636363636,1.0
W1_web,2,theft_position,0.70-0.85,13,1.0,0.3076923076923077,0.47058823529411764,0.0,0.840080971659919,0.024691358024691357,2.5
W1_web,2,theft_delay_s,0.0,27,1.0,0.48148148148148145,0.65,0.0,0.9325925925925926,0.02510460251046025,2.0
W1_web,2,theft_delay_s,1.0,27,1.0,0.48148148148148145,0.65,0.0,0.9325925925925926,0.02510460251046025,1.0
W1_web,2,theft_delay_s,60.0,27,1.0,0.48148148148148145,0.65,0.0,0.9325925925925926,0.02510460251046025,1.0
W1_web,2,theft_delay_s,600.0,27,1.0,0.48148148148148145,0.65,0.0,0.9325925925925926,0.02510460251046025,1.0
W1_web,3,flapping_rate,0.0,28,0.8888888888888888,0.5714285714285714,0.6956521739130435,0.020202020202020204,0.895021645021645,0.08455882352941177,1.0
W1_web,3,flapping_rate,0.01,26,1.0,0.38461538461538464,0.5555555555555556,0.0,0.9419268849961919,0.041666666666666664,1.0
W1_web,3,flapping_rate,0.02,27,1.0,0.4074074074074074,0.5789473684210525,0.0,0.9127777777777778,0.0375,1.0
W1_web,3,flapping_rate,0.05,33,1.0,0.24242424242424243,0.3902439024390244,0.0,0.8607350096711799,0.012244897959183673,2.0
W1_web,3,flapping_rate,0.1,27,1.0,0.2222222222222222,0.3636363636363636,0.0,0.8994444444444445,0.005376344086021506,2.0
W1_web,3,flapping_rate,0.2,31,1.0,0.4838709677419355,0.6521739130434783,0.0,0.849630376344086,0.04716981132075472,1.0
W1_web,3,monotone_rate,0.0,22,0.7142857142857143,0.45454545454545453,0.5555555555555556,0.0380952380952381,0.8859307359307359,0.07894736842105263,1.0
W1_web,3,monotone_rate,0.05,24,0.7777777777777778,0.5833333333333334,0.6666666666666666,0.038834951456310676,0.9478155339805825,0.028708133971291867,2.0
W1_web,3,monotone_rate,0.15,33,1.0,0.24242424242424243,0.3902439024390244,0.0,0.8607350096711799,0.012244897959183673,2.0
W1_web,3,monotone_rate,0.3,31,0.9166666666666666,0.3548387096774194,0.5116279069767442,0.010416666666666666,0.8435819892473119,0.06639004149377593,1.0
W1_web,3,monotone_rate,0.5,20,1.0,0.2,0.33333333333333337,0.0,0.927570093457944,0.028169014084507043,1.0
W1_web,3,attack_fraction,0.05,32,1.0,0.3125,0.47619047619047616,0.0,0.88125,0.03317535545023697,1.0
W1_web,3,attack_fraction,0.1,32,1.0,0.3125,0.47619047619047616,0.0,0.88125,0.03317535545023697,1.0
W1_web,3,attack_fraction,0.2,29,1.0,0.3793103448275862,0.5499999999999999,0.0,0.9417663617171006,0.03125,1.0
W1_web,3,attack_fraction,0.4,33,1.0,0.24242424242424243,0.3902439024390244,0.0,0.8607350096711799,0.012244897959183673,2.0
W1_web,3,attack_fraction,0.6,30,1.0,0.3333333333333333,0.5,0.0,0.872852233676976,0.012448132780082987,3.0
W1_web,3,attack_rate,0.02,1,0.0,0.0,0.0,0.0,1.0,0.0,
W1_web,3,attack_rate,0.05,8,1.0,0.375,0.5454545454545454,0.0,0.9275210084033614,0.02702702702702703,1.0
W1_web,3,attack_rate,0.1,19,1.0,0.3157894736842105,0.4799999999999999,0.0,0.8837719298245614,0.02,2.0
W1_web,3,attack_rate,0.2,33,1.0,0.24242424242424243,0.3902439024390244,0.0,0.8607350096711799,0.012244897959183673,2.0
W1_web,3,attack_rate,0.35,45,1.0,0.35555555555555557,0.5245901639344263,0.0,0.9139566395663956,0.0469208211143695,1.0
W1_web,3,theft_position,0.10-0.20,35,1.0,0.34285714285714286,0.5106382978723404,0.0,0.878416149068323,0.025179856115107913,1.0
W1_web,3,theft_position,0.25-0.50,33,1.0,0.24242424242424243,0.3902439024390244,0.0,0.8607350096711799,0.012244897959183673,2.0
W1_web,3,theft_position,0.50-0.70,20,1.0,0.15,0.2608695652173913,0.0,0.9088785046728972,0.007246376811594203,3.0
W1_web,3,theft_position,0.70-0.85,8,1.0,0.25,0.4,0.0,0.8114495798319328,0.021739130434782608,2.0
W1_web,3,theft_delay_s,0.0,31,1.0,0.3225806451612903,0.4878048780487805,0.0,0.9032258064516129,0.03211009174311927,1.0
W1_web,3,theft_delay_s,1.0,31,1.0,0.3225806451612903,0.4878048780487805,0.0,0.9032258064516129,0.03211009174311927,1.0
W1_web,3,theft_delay_s,60.0,31,1.0,0.3225806451612903,0.4878048780487805,0.0,0.9032258064516129,0.03211009174311927,1.0
W1_web,3,theft_delay_s,600.0,31,1.0,0.3225806451612903,0.4878048780487805,0.0,0.9032258064516129,0.03211009174311927,1.0
W1_web,4,flapping_rate,0.0,16,0.6875,0.6875,0.6875,0.04504504504504504,0.9093468468468469,0.12,1.0
W1_web,4,flapping_rate,0.01,18,0.8888888888888888,0.4444444444444444,0.5925925925925926,0.009174311926605505,0.8425076452599388,0.019801980198019802,1.5
W1_web,4,flapping_rate,0.02,18,0.8888888888888888,0.4444444444444444,0.5925925925925926,0.009174311926605505,0.8399592252803262,0.019801980198019802,1.5
W1_web,4,flapping_rate,0.05,23,1.0,0.17391304347826086,0.29629629629629634,0.0,0.844690635451505,0.041176470588235294,1.5
W1_web,4,flapping_rate,0.1,24,0.8125,0.5416666666666666,0.65,0.02912621359223301,0.8980582524271845,0.056910569105691054,1.0
W1_web,4,flapping_rate,0.2,28,1.0,0.39285714285714285,0.5641025641025641,0.0,0.8304473304473304,0.04371584699453552,1.0
W1_web,4,monotone_rate,0.0,23,1.0,0.43478260869565216,0.6060606060606061,0.0,0.8971571906354515,0.03773584905660377,1.0
W1_web,4,monotone_rate,0.05,24,1.0,0.4583333333333333,0.6285714285714286,0.0,0.8903721682847896,0.0427807486631016,1.0
W1_web,4,monotone_rate,0.15,23,1.0,0.17391304347826086,0.29629629629629634,0.0,0.844690635451505,0.041176470588235294,1.5
W1_web,4,monotone_rate,0.3,33,0.9473684210526315,0.5454545454545454,0.6923076923076923,0.010638297872340425,0.870889748549323,0.058333333333333334,1.0
W1_web,4,monotone_rate,0.5,22,0.8461538461538461,0.5,0.6285714285714286,0.01904761904761905,0.7681818181818182,0.09433962264150944,1.0
W1_web,4,attack_fraction,0.05,24,1.0,0.25,0.4,0.0,0.8952265372168284,0.03428571428571429,1.0
W1_web,4,attack_fraction,0.1,21,1.0,0.2857142857142857,0.4444444444444445,0.0,0.8939802336028752,0.03550295857988166,1.0
W1_web,4,attack_fraction,0.2,22,1.0,0.2727272727272727,0.42857142857142855,0.0,0.9090909090909091,0.024242424242424242,2.5
W1_web,4,attack_fraction,0.4,23,1.0,0.17391304347826086,0.29629629629629634,0.0,0.844690635451505,0.041176470588235294,1.5
W1_web,4,attack_fraction,0.6,25,1.0,0.24,0.3870967741935484,0.0,0.841764705882353,0.017543859649122806,2.0
W1_web,4,attack_rate,0.02,2,0.0,0.0,0.0,0.0,0.958,0.0,
W1_web,4,attack_rate,0.05,6,1.0,0.16666666666666666,0.2857142857142857,0.0,0.8567493112947658,0.0,1.0
W1_web,4,attack_rate,0.1,11,1.0,0.18181818181818182,0.3076923076923077,0.0,0.9106583072100314,0.0,2.0
W1_web,4,attack_rate,0.2,23,1.0,0.17391304347826086,0.29629629629629634,0.0,0.844690635451505,0.041176470588235294,1.5
W1_web,4,attack_rate,0.35,43,1.0,0.3488372093023256,0.5172413793103449,0.0,0.8781838316722038,0.03164556962025317,1.0
W1_web,4,theft_position,0.10-0.20,25,1.0,0.12,0.21428571428571425,0.0,0.855686274509804,0.00411522633744856,3.0
W1_web,4,theft_position,0.25-0.50,23,1.0,0.17391304347826086,0.29629629629629634,0.0,0.844690635451505,0.041176470588235294,1.5
W1_web,4,theft_position,0.50-0.70,15,1.0,0.2,0.33333333333333337,0.0,0.8244047619047619,0.015873015873015872,1.0
W1_web,4,theft_position,0.70-0.85,10,1.0,0.4,0.5714285714285715,0.0,0.8632478632478633,0.058823529411764705,1.0
W1_web,4,theft_delay_s,0.0,24,1.0,0.3333333333333333,0.5,0.0,0.8102750809061489,0.0273972602739726,1.0
W1_web,4,theft_delay_s,1.0,24,1.0,0.3333333333333333,0.5,0.0,0.8102750809061489,0.0273972602739726,1.0
W1_web,4,theft_delay_s,60.0,24,1.0,0.3333333333333333,0.5,0.0,0.8102750809061489,0.0273972602739726,1.0
W1_web,4,theft_delay_s,600.0,24,1.0,0.3333333333333333,0.5,0.0,0.8102750809061489,0.0273972602739726,1.0
W1_web,5,flapping_rate,0.0,27,0.8636363636363636,0.7037037037037037,0.7755102040816326,0.03,0.837037037037037,0.12556053811659193,1.0
W1_web,5,flapping_rate,0.01,27,0.8571428571428571,0.4444444444444444,0.5853658536585367,0.02,0.847037037037037,0.04780876494023904,1.0
W1_web,5,flapping_rate,0.02,28,0.8571428571428571,0.42857142857142855,0.5714285714285714,0.020202020202020204,0.8439754689754689,0.03184713375796178,3.0
W1_web,5,flapping_rate,0.05,26,1.0,0.2692307692307692,0.42424242424242425,0.0,0.9084158415841584,0.026041666666666668,1.0
W1_web,5,flapping_rate,0.1,21,1.0,0.3333333333333333,0.5,0.0,0.8436657681940701,0.025477707006369428,2.0
W1_web,5,flapping_rate,0.2,26,1.0,0.38461538461538464,0.5555555555555556,0.0,0.8990860624523991,0.06422018348623854,1.0
W1_web,5,monotone_rate,0.0,26,1.0,0.2692307692307692,0.42424242424242425,0.0,0.8872810357958872,0.014218009478672985,3.0
W1_web,5,monotone_rate,0.05,24,1.0,0.25,0.4,0.0,0.8658980582524272,0.0196078431372549,1.0
W1_web,5,monotone_rate,0.15,26,1.0,0.2692307692307692,0.42424242424242425,0.0,0.9084158415841584,0.026041666666666668,1.0
W1_web,5,monotone_rate,0.3,26,0.8333333333333334,0.38461538461538464,0.5263157894736842,0.019801980198019802,0.9173648134044173,0.03608247422680412,1.0
W1_web,5,monotone_rate,0.5,24,0.7692307692307693,0.4166666666666667,0.5405405405405406,0.02912621359223301,0.8406148867313916,0.043209876543209874,1.0
W1_web,5,attack_fraction,0.05,26,1.0,0.19230769230769232,0.32258064516129037,0.0,0.8836633663366337,0.022988505747126436,1.0
W1_web,5,attack_fraction,0.1,26,1.0,0.19230769230769232,0.32258064516129037,0.0,0.8836633663366337,0.022988505747126436,1.0
W1_web,5,attack_fraction,0.2,28,1.0,0.32142857142857145,0.4864864864864865,0.0,0.900974025974026,0.045454545454545456,1.0
W1_web,5,attack_fraction,0.4,26,1.0,0.2692307692307692,0.42424242424242425,0.0,0.9084158415841584,0.026041666666666668,1.0
W1_web,5,attack_fraction,0.6,28,1.0,0.14285714285714285,0.25,0.0,0.8632756132756133,0.01932367149758454,1.0
W1_web,5,attack_rate,0.02,4,0.0,0.0,0.0,0.0,0.8140243902439024,0.0,
W1_web,5,attack_rate,0.05,7,1.0,0.5714285714285714,0.7272727272727273,0.0,0.8142857142857143,0.041666666666666664,1.0
W1_web,5,attack_rate,0.1,11,1.0,0.36363636363636365,0.5333333333333333,0.0,0.9353448275862069,0.029411764705882353,2.5
W1_web,5,attack_rate,0.2,26,1.0,0.2692307692307692,0.42424242424242425,0.0,0.9084158415841584,0.026041666666666668,1.0
W1_web,5,attack_rate,0.35,39,1.0,0.38461538461538464,0.5555555555555556,0.0,0.9087995337995338,0.02834008097165992,1.0
W1_web,5,theft_position,0.10-0.20,29,1.0,0.1724137931034483,0.29411764705882354,0.0,0.8680506685432794,0.01762114537444934,1.0
W1_web,5,theft_position,0.25-0.50,26,1.0,0.2692307692307692,0.42424242424242425,0.0,0.9084158415841584,0.026041666666666668,1.0
W1_web,5,theft_position,0.50-0.70,14,1.0,0.35714285714285715,0.5263157894736842,0.0,0.8991782553729456,0.043478260869565216,1.0
W1_web,5,theft_position,0.70-0.85,6,1.0,0.16666666666666666,0.2857142857142857,0.0,0.6852617079889807,0.03225806451612903,1.0
W1_web,5,theft_delay_s,0.0,24,1.0,0.20833333333333334,0.3448275862068966,0.0,0.8258495145631068,0.022222222222222223,1.0
W1_web,5,theft_delay_s,1.0,24,1.0,0.20833333333333334,0.3448275862068966,0.0,0.8258495145631068,0.022222222222222223,1.0
W1_web,5,theft_delay_s,60.0,24,1.0,0.20833333333333334,0.3448275862068966,0.0,0.8258495145631068,0.022222222222222223,1.0
W1_web,5,theft_delay_s,600.0,24,1.0,0.20833333333333334,0.3448275862068966,0.0,0.8258495145631068,0.022222222222222223,1.0
W1_web,6,flapping_rate,0.0,20,0.8888888888888888,0.4,0.5517241379310346,0.009345794392523364,0.9322429906542056,0.027972027972027972,2.0
W1_web,6,flapping_rate,0.01,20,1.0,0.45,0.6206896551724138,0.0,0.872196261682243,0.032467532467532464,1.0
W1_web,6,flapping_rate,0.02,20,1.0,0.45,0.6206896551724138,0.0,0.872196261682243,0.032467532467532464,1.0
W1_web,6,flapping_rate,0.05,16,0.7142857142857143,0.3125,0.43478260869565216,0.018018018018018018,0.9220157657657657,0.01680672268907563,1.0
W1_web,6,flapping_rate,0.1,17,1.0,0.058823529411764705,0.1111111111111111,0.0,0.8390374331550802,0.0,6.0
W1_web,6,flapping_rate,0.2,27,1.0,0.4074074074074074,0.5789473684210525,0.0,0.8622222222222222,0.05084745762711865,1.0
W1_web,6,monotone_rate,0.0,26,0.9090909090909091,0.38461538461538464,0.5405405405405405,0.009900990099009901,0.8910891089108911,0.016304347826086956,1.0
W1_web,6,monotone_rate,0.05,19,1.0,0.5263157894736842,0.6896551724137931,0.0,0.9566276803118908,0.05555555555555555,1.0
W1_web,6,monotone_rate,0.15,16,0.7142857142857143,0.3125,0.43478260869565216,0.018018018018018018,0.9220157657657657,0.01680672268907563,1.0
W1_web,6,monotone_rate,0.3,28,1.0,0.42857142857142855,0.6,0.0,0.9202741702741702,0.051643192488262914,2.0
W1_web,6,monotone_rate,0.5,21,0.8333333333333334,0.47619047619047616,0.6060606060606061,0.018867924528301886,0.8027852650494159,0.0440251572327044,1.0
W1_web,6,attack_fraction,0.05,16,0.7777777777777778,0.4375,0.56,0.018018018018018018,0.8885135135135135,0.05263157894736842,1.0
W1_web,6,attack_fraction,0.1,16,0.7777777777777778,0.4375,0.56,0.018018018018018018,0.8885135135135135,0.05263157894736842,1.0
W1_web,6,attack_fraction,0.2,17,0.75,0.35294117647058826,0.48,0.01818181818181818,0.8379679144385027,0.03296703296703297,1.0
W1_web,6,attack_fraction,0.4,16,0.7142857142857143,0.3125,0.43478260869565216,0.018018018018018018,0.9220157657657657,0.01680672268907563,1.0
W1_web,6,attack_fraction,0.6,15,0.75,0.4,0.5217391304347827,0.017857142857142856,0.8922619047619048,0.03333333333333333,1.0
W1_web,6,attack_rate,0.02,2,0.0,0.0,0.0,0.016,0.964,0.0,
W1_web,6,attack_rate,0.05,3,0.0,0.0,0.0,0.016129032258064516,0.9381720430107527,0.0,
W1_web,6,attack_rate,0.1,9,0.5,0.2222222222222222,0.30769230769230765,0.01694915254237288,0.9453860640301318,0.0,10.5
W1_web,6,attack_rate,0.2,16,0.7142857142857143,0.3125,0.43478260869565216,0.018018018018018018,0.9220157657657657,0.01680672268907563,1.0
W1_web,6,attack_rate,0.35,29,0.8571428571428571,0.41379310344827586,0.5581395348837208,0.02040816326530612,0.9016537649542575,0.03488372093023256,2.0
W1_web,6,theft_position,0.10-0.20,18,0.75,0.3333333333333333,0.46153846153846156,0.01834862385321101,0.9396024464831805,0.013157894736842105,1.0
W1_web,6,theft_position,0.25-0.50,16,0.7142857142857143,0.3125,0.43478260869565216,0.018018018018018018,0.9220157657657657,0.01680672268907563,1.0
W1_web,6,theft_position,0.50-0.70,8,0.3333333333333333,0.125,0.18181818181818182,0.01680672268907563,0.9243697478991597,0.0,6.0
W1_web,6,theft_position,0.70-0.85,5,0.5,0.4,0.4444444444444445,0.01639344262295082,0.7540983606557377,0.03333333333333333,6.5
W1_web,6,theft_delay_s,0.0,16,0.75,0.375,0.5,0.018018018018018018,0.9048423423423423,0.018691588785046728,3.5
W1_web,6,theft_delay_s,1.0,16,0.75,0.375,0.5,0.018018018018018018,0.9048423423423423,0.018691588785046728,3.5
W1_web,6,theft_delay_s,60.0,16,0.75,0.375,0.5,0.018018018018018018,0.9048423423423423,0.018691588785046728,3.5
W1_web,6,theft_delay_s,600.0,16,0.75,0.375,0.5,0.018018018018018018,0.9048423423423423,0.018691588785046728,3.5
W1_web,7,flapping_rate,0.0,14,0.5,0.35714285714285715,0.41666666666666663,0.04424778761061947,0.8520859671302149,0.034782608695652174,1.0
W1_web,7,flapping_rate,0.01,16,1.0,0.5,0.6666666666666666,0.0,0.8372747747747747,0.06862745098039216,1.0
W1_web,7,flapping_rate,0.02,16,1.0,0.5,0.6666666666666666,0.0,0.9583333333333334,0.09473684210526316,3.0
W1_web,7,flapping_rate,0.05,14,0.8571428571428571,0.42857142857142855,0.5714285714285714,0.008849557522123894,0.8761061946902655,0.06741573033707865,1.0
W1_web,7,flapping_rate,0.1,19,0.8571428571428571,0.3157894736842105,0.46153846153846156,0.009259259259259259,0.8423489278752436,0.0189873417721519,1.0
W1_web,7,flapping_rate,0.2,22,1.0,0.45454545454545453,0.625,0.0,0.9164502164502164,0.05389221556886228,1.0
W1_web,7,monotone_rate,0.0,27,1.0,0.2962962962962963,0.45714285714285713,0.0,0.9225925925925926,0.028089887640449437,1.0
W1_web,7,monotone_rate,0.05,23,1.0,0.391304347826087,0.5625,0.0,0.9360367892976589,0.027149321266968326,1.0
W1_web,7,monotone_rate,0.15,14,0.8571428571428571,0.42857142857142855,0.5714285714285714,0.008849557522123894,0.8761061946902655,0.06741573033707865,1.0
W1_web,7,monotone_rate,0.3,25,0.9230769230769231,0.48,0.631578947368421,0.00980392156862745,0.8907843137254902,0.014492753623188406,3.0
W1_web,7,monotone_rate,0.5,26,1.0,0.2692307692307692,0.42424242424242425,0.0,0.8389185072353389,0.023809523809523808,1.0
W1_web,7,attack_fraction,0.05,12,0.875,0.5833333333333334,0.7000000000000001,0.008695652173913044,0.841304347826087,0.12195121951219512,1.0
W1_web,7,attack_fraction,0.1,12,0.875,0.5833333333333334,0.7000000000000001,0.008695652173913044,0.841304347826087,0.12195121951219512,1.0
W1_web,7,attack_fraction,0.2,13,0.875,0.5384615384615384,0.6666666666666667,0.008771929824561403,0.8920377867746289,0.06557377049180328,1.0
W1_web,7,attack_fraction,0.4,14,0.8571428571428571,0.42857142857142855,0.5714285714285714,0.008849557522123894,0.8761061946902655,0.06741573033707865,1.0
W1_web,7,attack_fraction,0.6,14,0.8333333333333334,0.35714285714285715,0.5,0.008849557522123894,0.8429203539823009,0.05555555555555555,1.0
W1_web,7,attack_rate,0.02,1,0.5,1.0,0.6666666666666666,0.007936507936507936,1.0,0.3333333333333333,1.0
W1_web,7,attack_rate,0.05,3,0.5,0.3333333333333333,0.4,0.008064516129032258,0.739247311827957,0.1,1.0
W1_web,7,attack_rate,0.1,9,0.8333333333333334,0.5555555555555556,0.6666666666666667,0.00847457627118644,0.9048964218455744,0.13333333333333333,1.0
W1_web,7,attack_rate,0.2,14,0.8571428571428571,0.42857142857142855,0.5714285714285714,0.008849557522123894,0.8761061946902655,0.06741573033707865,1.0
W1_web,7,attack_rate,0.35,30,0.9090909090909091,0.3333333333333333,0.4878048780487804,0.010309278350515464,0.8874570446735395,0.03636363636363636,1.0
W1_web,7,theft_position,0.10-0.20,15,0.9,0.6,0.7200000000000001,0.008928571428571428,0.8613095238095239,0.05,1.0
W1_web,7,theft_position,0.25-0.50,14,0.8571428571428571,0.42857142857142855,0.5714285714285714,0.008849557522123894,0.8761061946902655,0.06741573033707865,1.0
W1_web,7,theft_position,0.50-0.70,3,0.5,0.3333333333333333,0.4,0.008064516129032258,0.9744623655913979,0.03225806451612903,1.0
W1_web,7,theft_position,0.70-0.85,3,0.0,0.0,0.0,0.008064516129032258,0.9731182795698925,0.0,
W1_web,7,theft_delay_s,0.0,13,0.875,0.5384615384615384,0.6666666666666667,0.008771929824561403,0.9149797570850202,0.06779661016949153,1.0
W1_web,7,theft_delay_s,1.0,13,0.875,0.5384615384615384,0.6666666666666667,0.008771929824561403,0.9149797570850202,0.06779661016949153,1.0
W1_web,7,theft_delay_s,60.0,13,0.875,0.5384615384615384,0.6666666666666667,0.008771929824561403,0.9149797570850202,0.06779661016949153,1.0
W1_web,7,theft_delay_s,600.0,13,0.875,0.5384615384615384,0.6666666666666667,0.008771929824561403,0.9149797570850202,0.06779661016949153,1.0
W1_web,8,flapping_rate,0.0,20,0.9375,0.75,0.8333333333333334,0.009345794392523364,0.9530373831775701,0.12184873949579832,1.0
W1_web,8,flapping_rate,0.01,21,0.9090909090909091,0.47619047619047616,0.6249999999999999,0.009433962264150943,0.926774483378257,0.050955414012738856,1.0
W1_web,8,flapping_rate,0.02,21,0.8181818181818182,0.42857142857142855,0.5625,0.018867924528301886,0.9065588499550764,0.041176470588235294,1.0
W1_web,8,flapping_rate,0.05,24,1.0,0.25,0.4,0.0,0.8871359223300971,0.015384615384615385,2.0
W1_web,8,flapping_rate,0.1,26,1.0,0.34615384615384615,0.5142857142857142,0.0,0.8492003046458492,0.027972027972027972,3.0
W1_web,8,flapping_rate,0.2,22,1.0,0.22727272727272727,0.37037037037037035,0.0,0.848917748917749,0.02857142857142857,1.0
W1_web,8,monotone_rate,0.0,18,0.7142857142857143,0.2777777777777778,0.4,0.01834862385321101,0.8103975535168195,0.007462686567164179,3.0
W1_web,8,monotone_rate,0.05,23,0.8571428571428571,0.2608695652173913,0.4,0.009615384615384616,0.8175167224080268,0.032,1.0
W1_web,8,monotone_rate,0.15,24,1.0,0.25,0.4,0.0,0.8871359223300971,0.015384615384615385,2.0
W1_web,8,monotone_rate,0.3,21,1.0,0.2857142857142857,0.4444444444444445,0.0,0.7854896675651393,0.011976047904191617,2.0
W1_web,8,monotone_rate,0.5,20,0.8571428571428571,0.3,0.4444444444444444,0.009345794392523364,0.8189252336448598,0.057971014492753624,1.5
W1_web,8,attack_fraction,0.05,23,1.0,0.34782608695652173,0.5161290322580645,0.0,0.9211956521739131,0.02127659574468085,1.5
W1_web,8,attack_fraction,0.1,23,1.0,0.34782608695652173,0.5161290322580645,0.0,0.9211956521739131,0.02127659574468085,1.5
W1_web,8,attack_fraction,0.2,25,1.0,0.44,0.6111111111111112,0.0,0.9296078431372549,0.02512562814070352,1.0
W1_web,8,attack_fraction,0.4,24,1.0,0.25,0.4,0.0,0.8871359223300971,0.015384615384615385,2.0
W1_web,8,attack_fraction,0.6,24,1.0,0.25,0.4,0.0,0.8946197411003236,0.01282051282051282,2.0
W1_web,8,attack_rate,0.02,2,1.0,0.5,0.6666666666666666,0.0,0.978,0.045454545454545456,1.0
W1_web,8,attack_rate,0.05,3,1.0,0.3333333333333333,0.5,0.0,0.9301075268817204,0.038461538461538464,1.0
W1_web,8,attack_rate,0.1,13,1.0,0.23076923076923078,0.375,0.0,0.832995951417004,0.030612244897959183,1.0
W1_web,8,attack_rate,0.2,24,1.0,0.25,0.4,0.0,0.8871359223300971,0.015384615384615385,2.0
W1_web,8,attack_rate,0.35,41,1.0,0.21951219512195122,0.36,0.0,0.8841463414634146,0.007246376811594203,3.0
W1_web,8,theft_position,0.10-0.20,26,1.0,0.3076923076923077,0.47058823529411764,0.0,0.9019421172886519,0.012875536480686695,1.5
W1_web,8,theft_position,0.25-0.50,24,1.0,0.25,0.4,0.0,0.8871359223300971,0.015384615384615385,2.0
W1_web,8,theft_position,0.50-0.70,15,1.0,0.4666666666666667,0.6363636363636364,0.0,0.8776785714285714,0.026785714285714284,7.0
W1_web,8,theft_position,0.70-0.85,11,1.0,0.2727272727272727,0.42857142857142855,0.0,0.890282131661442,0.04081632653061224,1.0
W1_web,8,theft_delay_s,0.0,21,1.0,0.38095238095238093,0.5517241379310345,0.0,0.9216082659478886,0.016216216216216217,1.0
W1_web,8,theft_delay_s,1.0,21,1.0,0.38095238095238093,0.5517241379310345,0.0,0.9216082659478886,0.016216216216216217,1.0
W1_web,8,theft_delay_s,60.0,21,1.0,0.38095238095238093,0.5517241379310345,0.0,0.9216082659478886,0.016216216216216217,1.5
W1_web,8,theft_delay_s,600.0,21,1.0,0.38095238095238093,0.5517241379310345,0.0,0.9216082659478886,0.016216216216216217,1.5
W1_web,9,flapping_rate,0.0,22,0.9285714285714286,0.5909090909090909,0.7222222222222223,0.009523809523809525,0.8878787878787879,0.1076923076923077,1.0
W1_web,9,flapping_rate,0.01,24,1.0,0.3333333333333333,0.5,0.0,0.8948220064724919,0.005847953216374269,3.0
W1_web,9,flapping_rate,0.02,21,1.0,0.42857142857142855,0.6,0.0,0.8984725965858041,0.03763440860215054,1.0
W1_web,9,flapping_rate,0.05,23,1.0,0.43478260869565216,0.6060606060606061,0.0,0.9103260869565217,0.022727272727272728,1.5
W1_web,9,flapping_rate,0.1,19,0.8333333333333334,0.5263157894736842,0.6451612903225806,0.018518518518518517,0.9049707602339181,0.04854368932038835,1.0
W1_web,9,flapping_rate,0.2,19,1.0,0.42105263157894735,0.5925925925925926,0.0,0.8235867446393762,0.05714285714285714,1.0
W1_web,9,monotone_rate,0.0,23,0.6666666666666666,0.08695652173913043,0.15384615384615383,0.009615384615384616,0.9005016722408027,0.0,4.0
W1_web,9,monotone_rate,0.05,26,1.0,0.2692307692307692,0.42424242424242425,0.0,0.912033511043412,0.0,3.0
W1_web,9,monotone_rate,0.15,23,1.0,0.43478260869565216,0.6060606060606061,0.0,0.9103260869565217,0.022727272727272728,1.5
W1_web,9,monotone_rate,0.3,20,0.6666666666666666,0.1,0.1739130434782609,0.009345794392523364,0.8735981308411215,0.0,2.0
W1_web,9,monotone_rate,0.5,24,1.0,0.4166666666666667,0.5882352941176471,0.0,0.872168284789644,0.06097560975609756,1.0
W1_web,9,attack_fraction,0.05,23,1.0,0.30434782608695654,0.4666666666666667,0.0,0.8869147157190636,0.011695906432748537,2.0
W1_web,9,attack_fraction,0.1,22,1.0,0.2727272727272727,0.42857142857142855,0.0,0.8716450216450217,0.012578616352201259,1.0
W1_web,9,attack_fraction,0.2,23,1.0,0.4782608695652174,0.6470588235294118,0.0,0.8770903010033445,0.022727272727272728,1.0
W1_web,9,attack_fraction,0.4,23,1.0,0.43478260869565216,0.6060606060606061,0.0,0.9103260869565217,0.022727272727272728,1.5
W1_web,9,attack_fraction,0.6,22,1.0,0.3181818181818182,0.4827586206896552,0.0,0.9268398268398268,0.017777777777777778,2.0
W1_web,9,attack_rate,0.02,0,0.0,0.0,0.0,0.0,,,
W1_web,9,attack_rate,0.05,4,1.0,0.25,0.4,0.0,0.975609756097561,0.0,1.0
W1_web,9,attack_rate,0.1,11,1.0,0.36363636363636365,0.5333333333333333,0.0,0.9224137931034483,0.008849557522123894,2.5
W1_web,9,attack_rate,0.2,23,1.0,0.43478260869565216,0.6060606060606061,0.0,0.9103260869565217,0.022727272727272728,1.5
W1_web,9,attack_rate,0.35,46,1.0,0.43478260869565216,0.6060606060606061,0.0,0.9432367149758454,0.027624309392265192,3.0
W1_web,9,theft_position,0.10-0.20,23,1.0,0.5217391304347826,0.6857142857142856,0.0,0.9383361204013378,0.01680672268907563,1.0
W1_web,9,theft_position,0.25-0.50,23,1.0,0.43478260869565216,0.6060606060606061,0.0,0.9103260869565217,0.022727272727272728,1.5
W1_web,9,theft_position,0.50-0.70,14,1.0,0.2857142857142857,0.4444444444444445,0.0,0.8135271807838179,0.020833333333333332,1.0
W1_web,9,theft_position,0.70-0.85,10,1.0,0.3,0.4615384615384615,0.0,0.9145299145299145,0.0,1.0
W1_web,9,theft_delay_s,0.0,23,1.0,0.17391304347826086,0.29629629629629634,0.0,0.8655936454849499,0.013888888888888888,1.0
W1_web,9,theft_delay_s,1.0,23,1.0,0.17391304347826086,0.29629629629629634,0.0,0.8655936454849499,0.013888888888888888,1.0
W1_web,9,theft_delay_s,60.0,23,1.0,0.17391304347826086,0.29629629629629634,0.0,0.8655936454849499,0.013888888888888888,1.0
W1_web,9,theft_delay_s,600.0,23,1.0,0.17391304347826086,0.29629629629629634,0.0,0.8655936454849499,0.013888888888888888,1.0
W1_web,10,flapping_rate,0.0,17,0.8,0.23529411764705882,0.3636363636363636,0.00909090909090909,0.7296791443850268,0.047619047619047616,1.0
W1_web,10,flapping_rate,0.01,21,0.8333333333333334,0.47619047619047616,0.6060606060606061,0.018867924528301886,0.8721922731356694,0.014084507042253521,3.0
W1_web,10,flapping_rate,0.02,20,0.8181818181818182,0.45,0.5806451612903226,0.018691588785046728,0.8787383177570094,0.07971014492753623,1.0
W1_web,10,flapping_rate,0.05,19,0.7777777777777778,0.3684210526315789,0.5,0.018518518518518517,0.800682261208577,0.012738853503184714,3.0
W1_web,10,flapping_rate,0.1,28,1.0,0.39285714285714285,0.5641025641025641,0.0,0.8813131313131313,0.024390243902439025,3.0
W1_web,10,flapping_rate,0.2,27,1.0,0.48148148148148145,0.65,0.0,0.8531481481481481,0.03508771929824561,1.0
W1_web,10,monotone_rate,0.0,22,1.0,0.6818181818181818,0.8108108108108109,0.0,0.9028138528138528,0.10526315789473684,1.0
W1_web,10,monotone_rate,0.05,23,0.875,0.6086956521739131,0.717948717948718,0.019230769230769232,0.8910953177257525,0.07432432432432433,1.0
W1_web,10,monotone_rate,0.15,19,0.7777777777777778,0.3684210526315789,0.5,0.018518518518518517,0.800682261208577,0.012738853503184714,3.0
W1_web,10,monotone_rate,0.3,26,0.8888888888888888,0.6153846153846154,0.7272727272727274,0.019801980198019802,0.8832825590251333,0.05188679245283019,1.0
W1_web,10,monotone_rate,0.5,22,1.0,0.18181818181818182,0.3076923076923077,0.0,0.8125541125541126,0.006944444444444444,2.0
W1_web,10,attack_fraction,0.05,24,0.8,0.3333333333333333,0.47058823529411764,0.019417475728155338,0.8258495145631068,0.04032258064516129,1.0
W1_web,10,attack_fraction,0.1,24,0.75,0.25,0.375,0.019417475728155338,0.8169498381877023,0.025210084033613446,1.0
W1_web,10,attack_fraction,0.2,23,0.8333333333333334,0.43478260869565216,0.5714285714285714,0.019230769230769232,0.8576505016722408,0.023255813953488372,2.0
W1_web,10,attack_fraction,0.4,19,0.7777777777777778,0.3684210526315789,0.5,0.018518518518518517,0.800682261208577,0.012738853503184714,3.0
W1_web,10,attack_fraction,0.6,24,0.7142857142857143,0.20833333333333334,0.3225806451612903,0.019417475728155338,0.7481796116504854,0.018633540372670808,1.0
W1_web,10,attack_rate,0.02,1,0.25,1.0,0.4,0.023809523809523808,0.9880952380952381,0.0,1.0
W1_web,10,attack_rate,0.05,5,0.3333333333333333,0.2,0.25,0.01639344262295082,0.8811475409836066,0.0,3.0
W1_web,10,attack_rate,0.1,11,0.5714285714285714,0.36363636363636365,0.4444444444444444,0.02586206896551724,0.8765673981191222,0.0,4.0
W1_web,10,attack_rate,0.2,19,0.7777777777777778,0.3684210526315789,0.5,0.018518518518518517,0.800682261208577,0.012738853503184714,3.0
W1_web,10,attack_rate,0.35,42,0.8571428571428571,0.2857142857142857,0.42857142857142855,0.023529411764705882,0.880812324929972,0.05460750853242321,2.0
W1_web,10,theft_position,0.10-0.20,28,0.8181818181818182,0.32142857142857145,0.46153846153846156,0.020202020202020204,0.8125901875901876,0.005128205128205128,1.0
W1_web,10,theft_position,0.25-0.50,19,0.7777777777777778,0.3684210526315789,0.5,0.018518518518518517,0.800682261208577,0.012738853503184714,3.0
W1_web,10,theft_position,0.50-0.70,12,0.5,0.25,0.3333333333333333,0.02608695652173913,0.8242753623188406,0.010101010101010102,5.0
W1_web,10,theft_position,0.70-0.85,7,0.4,0.2857142857142857,0.3333333333333333,0.025,0.8273809523809523,0.046511627906976744,1.0
W1_web,10,theft_delay_s,0.0,26,0.8461538461538461,0.4230769230769231,0.5641025641025641,0.019801980198019802,0.856054836252856,0.010869565217391304,3.0
W1_web,10,theft_delay_s,1.0,26,0.8461538461538461,0.4230769230769231,0.5641025641025641,0.019801980198019802,0.856054836252856,0.010869565217391304,3.0
W1_web,10,theft_delay_s,60.0,26,0.8461538461538461,0.4230769230769231,0.5641025641025641,0.019801980198019802,0.856054836252856,0.010869565217391304,3.0
W1_web,10,theft_delay_s,600.0,26,0.8461538461538461,0.4230769230769231,0.5641025641025641,0.019801980198019802,0.856054836252856,0.010869565217391304,3.0
W1_web,11,flapping_rate,0.0,15,1.0,0.6666666666666666,0.8,0.0,0.8979166666666667,0.23853211009174313,1.0
W1_web,11,flapping_rate,0.01,19,1.0,0.3157894736842105,0.4799999999999999,0.0,0.7962962962962963,0.023076923076923078,1.5
W1_web,11,flapping_rate,0.02,19,1.0,0.47368421052631576,0.6428571428571429,0.0,0.9220272904483431,0.018518518518518517,2.0
W1_web,11,flapping_rate,0.05,17,1.0,0.35294117647058826,0.5217391304347826,0.0,0.9446524064171123,0.02531645569620253,1.0
W1_web,11,flapping_rate,0.1,23,1.0,0.5217391304347826,0.6857142857142856,0.0,0.9243311036789298,0.05202312138728324,1.0
W1_web,11,flapping_rate,0.2,27,1.0,0.4074074074074074,0.5789473684210525,0.0,0.8351851851851851,0.054878048780487805,1.0
W1_web,11,monotone_rate,0.0,25,1.0,0.48,0.6486486486486487,0.0,0.9515686274509804,0.0425531914893617,1.0
W1_web,11,monotone_rate,0.05,20,1.0,0.15,0.2608695652173913,0.0,0.7799065420560748,0.020689655172413793,3.0
W1_web,11,monotone_rate,0.15,17,1.0,0.35294117647058826,0.5217391304347826,0.0,0.9446524064171123,0.02531645569620253,1.0
W1_web,11,monotone_rate,0.3,28,1.0,0.32142857142857145,0.4864864864864865,0.0,0.9047619047619048,0.01092896174863388,2.0
W1_web,11,monotone_rate,0.5,19,1.0,0.2631578947368421,0.4166666666666667,0.0,0.8347953216374269,0.026785714285714284,1.0
W1_web,11,attack_fraction,0.05,19,1.0,0.2631578947368421,0.4166666666666667,0.0,0.8559941520467836,0.019867549668874173,1.0
W1_web,11,attack_fraction,0.1,19,1.0,0.2631578947368421,0.4166666666666667,0.0,0.8559941520467836,0.019867549668874173,1.0
W1_web,11,attack_fraction,0.2,19,1.0,0.2631578947368421,0.4166666666666667,0.0,0.8876705653021443,0.024390243902439025,1.0
W1_web,11,attack_fraction,0.4,17,1.0,0.35294117647058826,0.5217391304347826,0.0,0.9446524064171123,0.02531645569620253,1.0
W1_web,11,attack_fraction,0.6,20,1.0,0.25,0.4,0.0,0.8700934579439252,0.005714285714285714,3.0
W1_web,11,attack_rate,0.02,3,0.0,0.0,0.0,0.0,0.928763440860215,0.0,
W1_web,11,attack_rate,0.05,5,1.0,0.2,0.33333333333333337,0.0,0.9516393442622951,0.020833333333333332,1.0
W1_web,11,attack_rate,0.1,8,1.0,0.25,0.4,0.0,0.8576680672268907,0.0,2.5
W1_web,11,attack_rate,0.2,17,1.0,0.35294117647058826,0.5217391304347826,0.0,0.9446524064171123,0.02531645569620253,1.0
W1_web,11,attack_rate,0.35,42,1.0,0.23809523809523808,0.3846153846153846,0.0,0.8992997198879552,0.014577259475218658,1.0
W1_web,11,theft_position,0.10-0.20,21,1.0,0.38095238095238093,0.5517241379310345,0.0,0.9106019766397125,0.023923444976076555,1.0
W1_web,11,theft_position,0.25-0.50,17,1.0,0.35294117647058826,0.5217391304347826,0.0,0.9446524064171123,0.02531645569620253,1.0
W1_web,11,theft_position,0.50-0.70,11,1.0,0.5454545454545454,0.7058823529411764,0.0,0.9106583072100314,0.056179775280898875,1.0
W1_web,11,theft_position,0.70-0.85,8,1.0,0.125,0.2222222222222222,0.0,0.9411764705882353,0.018867924528301886,1.0
W1_web,11,theft_delay_s,0.0,18,1.0,0.16666666666666666,0.2857142857142857,0.0,0.7989296636085627,0.018292682926829267,1.0
W1_web,11,theft_delay_s,1.0,18,1.0,0.16666666666666666,0.2857142857142857,0.0,0.7989296636085627,0.018292682926829267,1.0
W1_web,11,theft_delay_s,60.0,18,1.0,0.16666666666666666,0.2857142857142857,0.0,0.7989296636085627,0.018292682926829267,1.0
W1_web,11,theft_delay_s,600.0,18,1.0,0.16666666666666666,0.2857142857142857,0.0,0.7989296636085627,0.018292682926829267,1.0
W1_web,12,flapping_rate,0.0,24,1.0,0.2916666666666667,0.45161290322580644,0.0,0.9071601941747572,0.006329113924050633,4.0
W1_web,12,flapping_rate,0.01,23,1.0,0.6086956521739131,0.7567567567567568,0.0,0.8923494983277592,0.1390728476821192,1.0
W1_web,12,flapping_rate,0.02,23,1.0,0.6086956521739131,0.7567567567567568,0.0,0.893185618729097,0.1390728476821192,1.0
W1_web,12,flapping_rate,0.05,27,0.8947368421052632,0.6296296296296297,0.7391304347826088,0.02,0.9205555555555556,0.08771929824561403,1.0
W1_web,12,flapping_rate,0.1,27,1.0,0.18518518518518517,0.3125,0.0,0.8725925925925926,0.014150943396226415,1.0
W1_web,12,flapping_rate,0.2,25,1.0,0.2,0.33333333333333337,0.0,0.8450980392156863,0.027472527472527472,1.0
W1_web,12,monotone_rate,0.0,21,1.0,0.2857142857142857,0.4444444444444445,0.0,0.882973944294699,0.0472972972972973,1.0
W1_web,12,monotone_rate,0.05,23,1.0,0.08695652173913043,0.16,0.0,0.830267558528428,0.006622516556291391,1.0
W1_web,12,monotone_rate,0.15,27,0.8947368421052632,0.6296296296296297,0.7391304347826088,0.02,0.9205555555555556,0.08771929824561403,1.0
W1_web,12,monotone_rate,0.3,26,1.0,0.2692307692307692,0.42424242424242425,0.0,0.7808453922315308,0.014354066985645933,1.0
W1_web,12,monotone_rate,0.5,21,0.875,0.3333333333333333,0.48275862068965514,0.009433962264150943,0.8384995507637018,0.12138728323699421,2.0
W1_web,12,attack_fraction,0.05,30,0.9230769230769231,0.4,0.5581395348837209,0.010309278350515464,0.8941580756013746,0.029940119760479042,1.0
W1_web,12,attack_fraction,0.1,27,0.9411764705882353,0.5925925925925926,0.7272727272727272,0.01,0.9070370370370371,0.06201550387596899,1.0
W1_web,12,attack_fraction,0.2,28,0.9333333333333333,0.5,0.6511627906976745,0.010101010101010102,0.8686868686868687,0.06569343065693431,1.0
W1_web,12,attack_fraction,0.4,27,0.8947368421052632,0.6296296296296297,0.7391304347826088,0.02,0.9205555555555556,0.08771929824561403,1.0
W1_web,12,attack_fraction,0.6,25,0.9,0.36,0.5142857142857143,0.00980392156862745,0.8884313725490196,0.03723404255319149,1.0
W1_web,12,attack_rate,0.02,3,0.5,0.6666666666666666,0.5714285714285715,0.016129032258064516,0.7997311827956989,0.10810810810810811,2.0
W1_web,12,attack_rate,0.05,8,0.5,0.25,0.3333333333333333,0.01680672268907563,0.7521008403361344,0.03333333333333333,1.0
W1_web,12,attack_rate,0.1,12,0.875,0.5833333333333334,0.7000000000000001,0.008695652173913044,0.9481884057971014,0.11538461538461539,1.0
W1_web,12,attack_rate,0.2,27,0.8947368421052632,0.6296296296296297,0.7391304347826088,0.02,0.9205555555555556,0.08771929824561403,1.0
W1_web,12,attack_rate,0.35,45,1.0,0.4222222222222222,0.59375,0.0,0.8597560975609756,0.03826530612244898,1.0
W1_web,12,theft_position,0.10-0.20,30,0.9473684210526315,0.6,0.7346938775510204,0.010309278350515464,0.89553264604811,0.06722689075630252,1.0
W1_web,12,theft_position,0.25-0.50,27,0.8947368421052632,0.6296296296296297,0.7391304347826088,0.02,0.9205555555555556,0.08771929824561403,1.0
W1_web,12,theft_position,0.50-0.70,12,0.75,0.5,0.6,0.017391304347826087,0.8818840579710145,0.03508771929824561,1.0
W1_web,12,theft_position,0.70-0.85,10,0.7142857142857143,0.5,0.588235294117647,0.017094017094017096,0.902991452991453,0.05084745762711865,1.0
W1_web,12,theft_delay_s,0.0,27,0.8823529411764706,0.5555555555555556,0.6818181818181819,0.02,0.9196296296296296,0.0546448087431694,1.0
W1_web,12,theft_delay_s,1.0,27,0.8823529411764706,0.5555555555555556,0.6818181818181819,0.02,0.9196296296296296,0.0546448087431694,1.0
W1_web,12,theft_delay_s,60.0,27,0.8823529411764706,0.5555555555555556,0.6818181818181819,0.02,0.9196296296296296,0.0546448087431694,1.0
W1_web,12,theft_delay_s,600.0,27,0.8823529411764706,0.5555555555555556,0.6818181818181819,0.02,0.9196296296296296,0.0546448087431694,1.0
W1_web,13,flapping_rate,0.0,25,1.0,0.68,0.8095238095238095,0.0,0.951764705882353,0.11707317073170732,1.0
W1_web,13,flapping_rate,0.01,23,0.8181818181818182,0.391304347826087,0.5294117647058824,0.019230769230769232,0.939799331103679,0.040268456375838924,1.0
W1_web,13,flapping_rate,0.02,25,0.8571428571428571,0.48,0.6153846153846153,0.0196078431372549,0.9315686274509803,0.037383177570093455,1.0
W1_web,13,flapping_rate,0.05,25,1.0,0.44,0.6111111111111112,0.0,0.9631372549019608,0.04395604395604396,1.0
W1_web,13,flapping_rate,0.1,26,1.0,0.3076923076923077,0.47058823529411764,0.0,0.7686595582635186,0.04830917874396135,1.0
W1_web,13,flapping_rate,0.2,22,1.0,0.45454545454545453,0.625,0.0,0.8971861471861472,0.07086614173228346,1.0
W1_web,13,monotone_rate,0.0,26,1.0,0.2692307692307692,0.42424242424242425,0.0,0.9463061690784463,0.021505376344086023,1.0
W1_web,13,monotone_rate,0.05,29,1.0,0.4482758620689655,0.6190476190476191,0.0,0.8970795214637579,0.04093567251461988,1.0
W1_web,13,monotone_rate,0.15,25,1.0,0.44,0.6111111111111112,0.0,0.9631372549019608,0.04395604395604396,1.0
W1_web,13,monotone_rate,0.3,18,0.8333333333333334,0.5555555555555556,0.6666666666666667,0.01834862385321101,0.9072375127420998,0.10891089108910891,1.0
W1_web,13,monotone_rate,0.5,20,1.0,0.5,0.6666666666666666,0.0,0.8810747663551401,0.13533834586466165,1.0
W1_web,13,attack_fraction,0.05,27,1.0,0.5185185185185185,0.6829268292682926,0.0,0.9546296296296296,0.06451612903225806,1.0
W1_web,13,attack_fraction,0.1,25,1.0,0.6,0.7499999999999999,0.0,0.9496078431372549,0.05286343612334802,1.0
W1_web,13,attack_fraction,0.2,24,1.0,0.5,0.6666666666666666,0.0,0.9433656957928802,0.043478260869565216,1.0
W1_web,13,attack_fraction,0.4,25,1.0,0.44,0.6111111111111112,0.0,0.9631372549019608,0.04395604395604396,1.0
W1_web,13,attack_fraction,0.6,23,1.0,0.34782608695652173,0.5161290322580645,0.0,0.9044732441471572,0.0365296803652968,1.0
W1_web,13,attack_rate,0.02,2,0.0,0.0,0.0,0.0,0.98,0.0,
W1_web,13,attack_rate,0.05,7,1.0,0.42857142857142855,0.6,0.0,0.9511904761904761,0.045454545454545456,1.0
W1_web,13,attack_rate,0.1,13,1.0,0.3076923076923077,0.47058823529411764,0.0,0.868421052631579,0.021739130434782608,1.0
W1_web,13,attack_rate,0.2,25,1.0,0.44,0.6111111111111112,0.0,0.9631372549019608,0.04395604395604396,1.0
W1_web,13,attack_rate,0.35,47,1.0,0.3617021276595745,0.53125,0.0,0.8925531914893617,0.034666666666666665,1.0
W1_web,13,theft_position,0.10-0.20,27,1.0,0.4074074074074074,0.5789473684210525,0.0,0.9025925925925926,0.07114624505928854,1.0
W1_web,13,theft_position,0.25-0.50,25,1.0,0.44,0.6111111111111112,0.0,0.9631372549019608,0.04395604395604396,1.0
W1_web,13,theft_position,0.50-0.70,15,1.0,0.4666666666666667,0.6363636363636364,0.0,0.8693452380952381,0.02857142857142857,1.0
W1_web,13,theft_position,0.70-0.85,12,1.0,0.5,0.6666666666666666,0.0,0.8739130434782608,0.0821917808219178,1.0
W1_web,13,theft_delay_s,0.0,23,1.0,0.5652173913043478,0.7222222222222222,0.0,0.9203595317725752,0.04950495049504951,1.0
W1_web,13,theft_delay_s,1.0,23,1.0,0.5652173913043478,0.7222222222222222,0.0,0.9203595317725752,0.04950495049504951,1.0
W1_web,13,theft_delay_s,60.0,23,1.0,0.5652173913043478,0.7222222222222222,0.0,0.9203595317725752,0.04950495049504951,1.0
W1_web,13,theft_delay_s,600.0,23,1.0,0.5652173913043478,0.7222222222222222,0.0,0.9203595317725752,0.04950495049504951,1.0
W1_web,14,flapping_rate,0.0,21,1.0,0.5238095238095238,0.6875000000000001,0.0,0.7996406109613656,0.1130952380952381,1.0
W1_web,14,flapping_rate,0.01,24,0.9090909090909091,0.4166666666666667,0.5714285714285715,0.009708737864077669,0.912621359223301,0.054455445544554455,1.0
W1_web,14,flapping_rate,0.02,25,1.0,0.44,0.6111111111111112,0.0,0.9237254901960784,0.010810810810810811,3.0
W1_web,14,flapping_rate,0.05,25,0.8,0.16,0.26666666666666666,0.00980392156862745,0.9243137254901961,0.016304347826086956,1.0
W1_web,14,flapping_rate,0.1,26,1.0,0.2692307692307692,0.42424242424242425,0.0,0.9091774562071592,0.02830188679245283,1.0
W1_web,14,flapping_rate,0.2,23,1.0,0.34782608695652173,0.5161290322580645,0.0,0.8256688963210702,0.045112781954887216,1.0
W1_web,14,monotone_rate,0.0,20,0.8461538461538461,0.55,0.6666666666666667,0.018691588785046728,0.9336448598130841,0.08256880733944955,1.0
W1_web,14,monotone_rate,0.05,22,1.0,0.3181818181818182,0.4827586206896552,0.0,0.841991341991342,0.008658008658008658,3.0
W1_web,14,monotone_rate,0.15,25,0.8,0.16,0.26666666666666666,0.00980392156862745,0.9243137254901961,0.016304347826086956,1.0
W1_web,14,monotone_rate,0.3,26,0.8333333333333334,0.19230769230769232,0.3125,0.009900990099009901,0.8015993907083016,0.012658227848101266,3.0
W1_web,14,monotone_rate,0.5,19,1.0,0.47368421052631576,0.6428571428571429,0.0,0.7517056530214425,0.0380952380952381,1.0
W1_web,14,attack_fraction,0.05,24,0.9,0.375,0.5294117647058825,0.009708737864077669,0.8250404530744336,0.024691358024691357,1.0
W1_web,14,attack_fraction,0.1,24,0.9,0.375,0.5294117647058825,0.009708737864077669,0.8250404530744336,0.024691358024691357,1.0
W1_web,14,attack_fraction,0.2,25,0.8888888888888888,0.32,0.47058823529411764,0.00980392156862745,0.8792156862745099,0.007246376811594203,1.5
W1_web,14,attack_fraction,0.4,25,0.8,0.16,0.26666666666666666,0.00980392156862745,0.9243137254901961,0.016304347826086956,1.0
W1_web,14,attack_fraction,0.6,22,0.8333333333333334,0.22727272727272727,0.35714285714285715,0.009523809523809525,0.8398268398268398,0.01675977653631285,1.0
W1_web,14,attack_rate,0.02,1,0.0,0.0,0.0,0.007936507936507936,0.43253968253968256,0.0,
W1_web,14,attack_rate,0.05,6,0.6666666666666666,0.3333333333333333,0.4444444444444444,0.008264462809917356,0.7107438016528925,0.015873015873015872,2.0
W1_web,14,attack_rate,0.1,10,0.8,0.4,0.5333333333333333,0.008547008547008548,0.85,0.03773584905660377,1.0
W1_web,14,attack_rate,0.2,25,0.8,0.16,0.26666666666666666,0.00980392156862745,0.9243137254901961,0.016304347826086956,1.0
W1_web,14,attack_rate,0.35,44,1.0,0.22727272727272727,0.37037037037037035,0.0,0.9303121577217963,0.010238907849829351,3.0
W1_web,14,theft_position,0.10-0.20,26,0.875,0.2692307692307692,0.411764705882353,0.009900990099009901,0.8724295506473724,0.005319148936170213,3.0
W1_web,14,theft_position,0.25-0.50,25,0.8,0.16,0.26666666666666666,0.00980392156862745,0.9243137254901961,0.016304347826086956,1.0
W1_web,14,theft_position,0.50-0.70,13,0.8571428571428571,0.46153846153846156,0.6,0.008771929824561403,0.8883265856950068,0.019417475728155338,3.5
W1_web,14,theft_position,0.70-0.85,7,0.6666666666666666,0.2857142857142857,0.4,0.008333333333333333,0.9732142857142857,0.0,7.0
W1_web,14,theft_delay_s,0.0,23,0.8571428571428571,0.2608695652173913,0.4,0.009615384615384616,0.9090719063545151,0.011428571428571429,1.5
W1_web,14,theft_delay_s,1.0,23,0.8571428571428571,0.2608695652173913,0.4,0.009615384615384616,0.9090719063545151,0.011428571428571429,1.5
W1_web,14,theft_delay_s,60.0,23,0.8571428571428571,0.2608695652173913,0.4,0.009615384615384616,0.9090719063545151,0.011428571428571429,1.0
W1_web,14,theft_delay_s,600.0,23,0.8571428571428571,0.2608695652173913,0.4,0.009615384615384616,0.9090719063545151,0.011428571428571429,1.0
W1_web,15,flapping_rate,0.0,29,1.0,0.5862068965517241,0.7391304347826086,0.0,0.9204785362420831,0.06153846153846154,1.0
W1_web,15,flapping_rate,0.01,26,0.9444444444444444,0.6538461538461539,0.7727272727272727,0.009900990099009901,0.9925742574257426,0.07741935483870968,1.0
W1_web,15,flapping_rate,0.02,25,0.9090909090909091,0.4,0.5555555555555556,0.00980392156862745,0.8888235294117647,0.03225806451612903,2.0
W1_web,15,flapping_rate,0.05,21,1.0,0.19047619047619047,0.32,0.0,0.8823000898472596,0.013245033112582781,1.5
W1_web,15,flapping_rate,0.1,20,1.0,0.2,0.33333333333333337,0.0,0.8060747663551402,0.017964071856287425,1.0
W1_web,15,flapping_rate,0.2,22,0.7857142857142857,0.5,0.6111111111111112,0.02857142857142857,0.8649350649350649,0.04371584699453552,1.0
W1_web,15,monotone_rate,0.0,24,1.0,0.2916666666666667,0.45161290322580644,0.0,0.8845064724919094,0.02040816326530612,3.0
W1_web,15,monotone_rate,0.05,27,1.0,0.37037037037037035,0.5405405405405406,0.0,0.8911111111111111,0.02717391304347826,1.0
W1_web,15,monotone_rate,0.15,21,1.0,0.19047619047619047,0.32,0.0,0.8823000898472596,0.013245033112582781,1.5
W1_web,15,monotone_rate,0.3,20,1.0,0.35,0.5185185185185185,0.0,0.925,0.042105263157894736,1.0
W1_web,15,monotone_rate,0.5,29,1.0,0.3448275862068966,0.5128205128205129,0.0,0.8360309641097818,0.018691588785046728,2.5
W1_web,15,attack_fraction,0.05,21,1.0,0.14285714285714285,0.25,0.0,0.784366576819407,0.011904761904761904,1.0
W1_web,15,attack_fraction,0.1,21,1.0,0.14285714285714285,0.25,0.0,0.784366576819407,0.011904761904761904,1.0
W1_web,15,attack_fraction,0.2,20,1.0,0.3,0.4615384615384615,0.0,0.9170560747663551,0.031496062992125984,1.0
W1_web,15,attack_fraction,0.4,21,1.0,0.19047619047619047,0.32,0.0,0.8823000898472596,0.013245033112582781,1.5
W1_web,15,attack_fraction,0.6,21,1.0,0.09523809523809523,0.17391304347826084,0.0,0.8818508535489668,0.00546448087431694,2.5
W1_web,15,attack_rate,0.02,0,0.0,0.0,0.0,0.0,,,
W1_web,15,attack_rate,0.05,2,0.0,0.0,0.0,0.0,0.696,0.0,
W1_web,15,attack_rate,0.1,10,1.0,0.2,0.33333333333333337,0.0,0.7897435897435897,0.012658227848101266,2.0
W1_web,15,attack_rate,0.2,21,1.0,0.19047619047619047,0.32,0.0,0.8823000898472596,0.013245033112582781,1.5
W1_web,15,attack_rate,0.35,29,1.0,0.27586206896551724,0.4324324324324324,0.0,0.8691062631949331,0.01606425702811245,2.0
W1_web,15,theft_position,0.10-0.20,23,1.0,0.30434782608695654,0.4666666666666667,0.0,0.927257525083612,0.027777777777777776,1.0
W1_web,15,theft_position,0.25-0.50,21,1.0,0.19047619047619047,0.32,0.0,0.8823000898472596,0.013245033112582781,1.5
W1_web,15,theft_position,0.50-0.70,11,1.0,0.36363636363636365,0.5333333333333333,0.0,0.9690438871473355,0.023529411764705882,2.5
W1_web,15,theft_position,0.70-0.85,7,1.0,0.42857142857142855,0.6,0.0,0.8845238095238095,0.02,5.0
W1_web,15,theft_delay_s,0.0,21,1.0,0.09523809523809523,0.17391304347826084,0.0,0.8975741239892183,0.014925373134328358,1.0
W1_web,15,theft_delay_s,1.0,21,1.0,0.09523809523809523,0.17391304347826084,0.0,0.8975741239892183,0.014925373134328358,1.0
W1_web,15,theft_delay_s,60.0,21,1.0,0.09523809523809523,0.17391304347826084,0.0,0.8975741239892183,0.014925373134328358,1.0
W1_web,15,theft_delay_s,600.0,21,1.0,0.09523809523809523,0.17391304347826084,0.0,0.8975741239892183,0.014925373134328358,1.0
W1_web,16,flapping_rate,0.0,21,1.0,0.47619047619047616,0.6451612903225806,0.0,0.8200808625336927,0.057692307692307696,1.0
W1_web,16,flapping_rate,0.01,20,1.0,0.3,0.4615384615384615,0.0,0.8640186915887851,0.017857142857142856,2.0
W1_web,16,flapping_rate,0.02,21,1.0,0.2857142857142857,0.4444444444444445,0.0,0.8683737646001797,0.025210084033613446,2.5
W1_web,16,flapping_rate,0.05,20,0.8888888888888888,0.4,0.5517241379310346,0.009345794392523364,0.9142523364485982,0.03225806451612903,1.0
W1_web,16,flapping_rate,0.1,17,1.0,0.6470588235294118,0.7857142857142858,0.0,0.9951871657754011,0.07142857142857142,1.0
W1_web,16,flapping_rate,0.2,27,1.0,0.18518518518518517,0.3125,0.0,0.7831481481481481,0.029787234042553193,1.0
W1_web,16,monotone_rate,0.0,20,1.0,0.45,0.6206896551724138,0.0,0.9074766355140187,0.05511811023622047,1.0
W1_web,16,monotone_rate,0.05,26,1.0,0.3076923076923077,0.47058823529411764,0.0,0.9095582635186595,0.024390243902439025,1.0
W1_web,16,monotone_rate,0.15,20,0.8888888888888888,0.4,0.5517241379310346,0.009345794392523364,0.9142523364485982,0.03225806451612903,1.0
W1_web,16,monotone_rate,0.3,25,1.0,0.28,0.43750000000000006,0.0,0.7858823529411765,0.017142857142857144,2.0
W1_web,16,monotone_rate,0.5,21,1.0,0.19047619047619047,0.32,0.0,0.793800539083558,0.0,3.0
W1_web,16,attack_fraction,0.05,18,0.9,0.5,0.6428571428571429,0.009174311926605505,0.8868501529051988,0.05084745762711865,1.0
W1_web,16,attack_fraction,0.1,18,0.9,0.5,0.6428571428571429,0.009174311926605505,0.8868501529051988,0.05084745762711865,1.0
W1_web,16,attack_fraction,0.2,21,0.9090909090909091,0.47619047619047616,0.6249999999999999,0.009433962264150943,0.8544474393530997,0.07339449541284404,1.0
W1_web,16,attack_fraction,0.4,20,0.8888888888888888,0.4,0.5517241379310346,0.009345794392523364,0.9142523364485982,0.03225806451612903,1.0
W1_web,16,attack_fraction,0.6,19,0.9090909090909091,0.5263157894736842,0.6666666666666666,0.009259259259259259,0.9312865497076024,0.012903225806451613,3.0
W1_web,16,attack_rate,0.02,5,0.6666666666666666,0.4,0.5,0.00819672131147541,0.7655737704918033,0.0,3.0
W1_web,16,attack_rate,0.05,7,0.75,0.42857142857142855,0.5454545454545454,0.008333333333333333,0.9898809523809524,0.12,1.0
W1_web,16,attack_rate,0.1,15,0.8571428571428571,0.4,0.5454545454545455,0.008928571428571428,0.9002976190476191,0.03225806451612903,1.0
W1_web,16,attack_rate,0.2,20,0.8888888888888888,0.4,0.5517241379310346,0.009345794392523364,0.9142523364485982,0.03225806451612903,1.0
W1_web,16,attack_rate,0.35,33,0.9166666666666666,0.3333333333333333,0.4888888888888888,0.010638297872340425,0.8409090909090909,0.02054794520547945,1.0
W1_web,16,theft_position,0.10-0.20,22,0.9230769230769231,0.5454545454545454,0.6857142857142856,0.009523809523809525,0.9495670995670996,0.025806451612903226,1.0
W1_web,16,theft_position,0.25-0.50,20,0.8888888888888888,0.4,0.5517241379310346,0.009345794392523364,0.9142523364485982,0.03225806451612903,1.0
W1_web,16,theft_position,0.50-0.70,9,0.8571428571428571,0.6666666666666666,0.75,0.00847457627118644,0.8512241054613936,0.029850746268656716,2.0
W1_web,16,theft_position,0.70-0.85,7,0.75,0.42857142857142855,0.5454545454545454,0.008333333333333333,0.8910714285714286,0.024390243902439025,5.0
W1_web,16,theft_delay_s,0.0,20,0.8571428571428571,0.3,0.4444444444444444,0.009345794392523364,0.7773364485981309,0.02112676056338028,2.0
W1_web,16,theft_delay_s,1.0,20,0.8571428571428571,0.3,0.4444444444444444,0.009345794392523364,0.7773364485981309,0.02112676056338028,2.0
W1_web,16,theft_delay_s,60.0,20,0.8571428571428571,0.3,0.4444444444444444,0.009345794392523364,0.7773364485981309,0.02112676056338028,2.0
W1_web,16,theft_delay_s,600.0,20,0.8571428571428571,0.3,0.4444444444444444,0.009345794392523364,0.7773364485981309,0.02112676056338028,2.0
W1_web,17,flapping_rate,0.0,29,1.0,0.5862068965517241,0.7391304347826086,0.0,0.9167839549612948,0.06153846153846154,1.0
W1_web,17,flapping_rate,0.01,29,1.0,0.4827586206896552,0.6511627906976745,0.0,0.868402533427164,0.03806228373702422,1.0
W1_web,17,flapping_rate,0.02,26,1.0,0.5384615384615384,0.7000000000000001,0.0,0.8733815689261234,0.05759162303664921,1.0
W1_web,17,flapping_rate,0.05,21,1.0,0.19047619047619047,0.32,0.0,0.8367026055705301,0.02030456852791878,1.0
W1_web,17,flapping_rate,0.1,22,1.0,0.22727272727272727,0.37037037037037035,0.0,0.8296536796536796,0.005128205128205128,3.0
W1_web,17,flapping_rate,0.2,22,1.0,0.36363636363636365,0.5333333333333333,0.0,0.8393939393939394,0.0948905109489051,1.0
W1_web,17,monotone_rate,0.0,22,0.9,0.4090909090909091,0.5625000000000001,0.009523809523809525,0.9127705627705628,0.025477707006369428,1.0
W1_web,17,monotone_rate,0.05,24,1.0,0.2916666666666667,0.45161290322580644,0.0,0.9178802588996764,0.005747126436781609,3.0
W1_web,17,monotone_rate,0.15,21,1.0,0.19047619047619047,0.32,0.0,0.8367026055705301,0.02030456852791878,1.0
W1_web,17,monotone_rate,0.3,23,0.8333333333333334,0.21739130434782608,0.3448275862068966,0.009615384615384616,0.8798076923076923,0.05454545454545454,1.0
W1_web,17,monotone_rate,0.5,23,1.0,0.21739130434782608,0.3571428571428571,0.0,0.7715301003344481,0.014563106796116505,5.0
W1_web,17,attack_fraction,0.05,18,1.0,0.1111111111111111,0.19999999999999998,0.0,0.8521916411824668,0.017094017094017096,1.0
W1_web,17,attack_fraction,0.1,18,1.0,0.2222222222222222,0.3636363636363636,0.0,0.8379204892966361,0.017391304347826087,1.0
W1_web,17,attack_fraction,0.2,23,1.0,0.17391304347826086,0.29629629629629634,0.0,0.8407190635451505,0.01694915254237288,1.0
W1_web,17,attack_fraction,0.4,21,1.0,0.19047619047619047,0.32,0.0,0.8367026055705301,0.02030456852791878,1.0
W1_web,17,attack_fraction,0.6,21,1.0,0.19047619047619047,0.32,0.0,0.8283917340521114,0.014925373134328358,1.0
W1_web,17,attack_rate,0.02,2,0.0,0.0,0.0,0.0,0.696,0.0,
W1_web,17,attack_rate,0.05,4,1.0,0.5,0.6666666666666666,0.0,0.9451219512195121,0.06896551724137931,1.0
W1_web,17,attack_rate,0.1,11,1.0,0.18181818181818182,0.3076923076923077,0.0,0.7852664576802508,0.01639344262295082,2.0
W1_web,17,attack_rate,0.2,21,1.0,0.19047619047619047,0.32,0.0,0.8367026055705301,0.02030456852791878,1.0
W1_web,17,attack_rate,0.35,37,1.0,0.21621621621621623,0.35555555555555557,0.0,0.8639639639639639,0.02973977695167286,1.0
W1_web,17,theft_position,0.10-0.20,22,1.0,0.22727272727272727,0.37037037037037035,0.0,0.8575757575757575,0.027472527472527472,1.0
W1_web,17,theft_position,0.25-0.50,21,1.0,0.19047619047619047,0.32,0.0,0.8367026055705301,0.02030456852791878,1.0
W1_web,17,theft_position,0.50-0.70,12,1.0,0.08333333333333333,0.15384615384615385,0.0,0.7822463768115943,0.00909090909090909,1.0
W1_web,17,theft_position,0.70-0.85,9,1.0,0.3333333333333333,0.5,0.0,0.8983050847457628,0.0,7.0
W1_web,17,theft_delay_s,0.0,21,1.0,0.23809523809523808,0.3846153846153846,0.0,0.8146900269541779,0.0189873417721519,1.0
W1_web,17,theft_delay_s,1.0,21,1.0,0.23809523809523808,0.3846153846153846,0.0,0.8146900269541779,0.0189873417721519,1.0
W1_web,17,theft_delay_s,60.0,21,1.0,0.23809523809523808,0.3846153846153846,0.0,0.8146900269541779,0.0189873417721519,1.0
W1_web,17,theft_delay_s,600.0,21,1.0,0.23809523809523808,0.3846153846153846,0.0,0.8146900269541779,0.0189873417721519,1.0
W1_web,18,flapping_rate,0.0,27,0.8947368421052632,0.6296296296296297,0.7391304347826088,0.02,0.8414814814814815,0.27450980392156865,1.0
W1_web,18,flapping_rate,0.01,25,0.8571428571428571,0.96,0.9056603773584904,0.0392156862745098,0.9650980392156863,0.18857142857142858,1.0
W1_web,18,flapping_rate,0.02,25,1.0,0.24,0.3870967741935484,0.0,0.7992156862745098,0.013745704467353952,1.0
W1_web,18,flapping_rate,0.05,24,1.0,0.20833333333333334,0.3448275862068966,0.0,0.8836974110032363,0.028409090909090908,2.0
W1_web,18,flapping_rate,0.1,25,1.0,0.28,0.43750000000000006,0.0,0.7815686274509804,0.03954802259887006,1.0
W1_web,18,flapping_rate,0.2,22,1.0,0.22727272727272727,0.37037037037037035,0.0,0.8344155844155844,0.020833333333333332,1.0
W1_web,18,monotone_rate,0.0,24,0.8461538461538461,0.4583333333333333,0.5945945945945945,0.019417475728155338,0.8808656957928802,0.031413612565445025,1.0
W1_web,18,monotone_rate,0.05,25,0.75,0.24,0.36363636363636365,0.0196078431372549,0.8937254901960784,0.02403846153846154,1.0
W1_web,18,monotone_rate,0.15,24,1.0,0.20833333333333334,0.3448275862068966,0.0,0.8836974110032363,0.028409090909090908,2.0
W1_web,18,monotone_rate,0.3,21,1.0,0.19047619047619047,0.32,0.0,0.7284366576819407,0.008,3.0
W1_web,18,monotone_rate,0.5,24,0.8571428571428571,0.25,0.3870967741935483,0.009708737864077669,0.8578074433656958,0.01098901098901099,1.0
W1_web,18,attack_fraction,0.05,26,1.0,0.23076923076923078,0.375,0.0,0.8589108910891089,0.013333333333333334,1.0
W1_web,18,attack_fraction,0.1,26,1.0,0.23076923076923078,0.375,0.0,0.837966488956588,0.013245033112582781,1.0
W1_web,18,attack_fraction,0.2,25,1.0,0.28,0.43750000000000006,0.0,0.863921568627451,0.029585798816568046,1.0
W1_web,18,attack_fraction,0.4,24,1.0,0.20833333333333334,0.3448275862068966,0.0,0.8836974110032363,0.028409090909090908,2.0
W1_web,18,attack_fraction,0.6,24,1.0,0.20833333333333334,0.3448275862068966,0.0,0.8836974110032363,0.02824858757062147,2.0
W1_web,18,attack_rate,0.02,3,1.0,0.3333333333333333,0.5,0.0,0.7298387096774194,0.0,2.0
W1_web,18,attack_rate,0.05,5,1.0,0.2,0.33333333333333337,0.0,0.8213114754098361,0.0,3.0
W1_web,18,attack_rate,0.1,11,1.0,0.36363636363636365,0.5333333333333333,0.0,0.9094827586206896,0.02127659574468085,1.0
W1_web,18,attack_rate,0.2,24,1.0,0.20833333333333334,0.3448275862068966,0.0,0.8836974110032363,0.028409090909090908,2.0
W1_web,18,attack_rate,0.35,45,1.0,0.26666666666666666,0.4210526315789474,0.0,0.879539295392954,0.009433962264150943,2.0
W1_web,18,theft_position,0.10-0.20,27,1.0,0.4074074074074074,0.5789473684210525,0.0,0.8372222222222222,0.0311284046692607,1.0
W1_web,18,theft_position,0.25-0.50,24,1.0,0.20833333333333334,0.3448275862068966,0.0,0.8836974110032363,0.028409090909090908,2.0
W1_web,18,theft_position,0.50-0.70,13,1.0,0.23076923076923078,0.375,0.0,0.8178137651821862,0.009523809523809525,4.0
W1_web,18,theft_position,0.70-0.85,8,1.0,0.125,0.2222222222222222,0.0,0.7132352941176471,0.0,5.0
W1_web,18,theft_delay_s,0.0,23,1.0,0.21739130434782608,0.3571428571428571,0.0,0.8154264214046822,0.015151515151515152,1.0
W1_web,18,theft_delay_s,1.0,23,1.0,0.21739130434782608,0.3571428571428571,0.0,0.8154264214046822,0.015151515151515152,1.0
W1_web,18,theft_delay_s,60.0,23,1.0,0.21739130434782608,0.3571428571428571,0.0,0.8154264214046822,0.015151515151515152,1.0
W1_web,18,theft_delay_s,600.0,23,1.0,0.21739130434782608,0.3571428571428571,0.0,0.8154264214046822,0.015151515151515152,1.0
W1_web,19,flapping_rate,0.0,21,0.8888888888888888,0.38095238095238093,0.5333333333333333,0.009433962264150943,0.8465858041329739,0.03067484662576687,1.0
W1_web,19,flapping_rate,0.01,20,1.0,0.5,0.6666666666666666,0.0,0.9172897196261682,0.0547945205479452,1.0
W1_web,19,flapping_rate,0.02,24,0.85,0.7083333333333334,0.7727272727272727,0.02912621359223301,0.9194983818770227,0.11764705882352941,1.0
W1_web,19,flapping_rate,0.05,23,1.0,0.34782608695652173,0.5161290322580645,0.0,0.8668478260869565,0.023391812865497075,1.5
W1_web,19,flapping_rate,0.1,21,1.0,0.19047619047619047,0.32,0.0,0.8589398023360287,0.014285714285714285,1.0
W1_web,19,flapping_rate,0.2,21,1.0,0.38095238095238093,0.5517241379310345,0.0,0.8115453728661276,0.045454545454545456,2.0
W1_web,19,monotone_rate,0.0,20,1.0,0.35,0.5185185185185185,0.0,0.8901869158878505,0.025,1.0
W1_web,19,monotone_rate,0.05,19,1.0,0.3157894736842105,0.4799999999999999,0.0,0.9310428849902534,0.022388059701492536,1.0
W1_web,19,monotone_rate,0.15,23,1.0,0.34782608695652173,0.5161290322580645,0.0,0.8668478260869565,0.023391812865497075,1.5
W1_web,19,monotone_rate,0.3,18,0.8,0.2222222222222222,0.3478260869565218,0.009174311926605505,0.7581549439347605,0.043478260869565216,1.0
W1_web,19,monotone_rate,0.5,25,0.9285714285714286,0.52,0.6666666666666666,0.00980392156862745,0.8625490196078431,0.056768558951965066,1.0
W1_web,19,attack_fraction,0.05,22,1.0,0.22727272727272727,0.37037037037037035,0.0,0.8722943722943723,0.007936507936507936,1.0
W1_web,19,attack_fraction,0.1,22,1.0,0.36363636363636365,0.5333333333333333,0.0,0.9086580086580086,0.0078125,1.0
W1_web,19,attack_fraction,0.2,24,1.0,0.3333333333333333,0.5,0.0,0.8652912621359223,0.023668639053254437,1.0
W1_web,19,attack_fraction,0.4,23,1.0,0.34782608695652173,0.5161290322580645,0.0,0.8668478260869565,0.023391812865497075,1.5
W1_web,19,attack_fraction,0.6,23,1.0,0.34782608695652173,0.5161290322580645,0.0,0.8668478260869565,0.023391812865497075,1.5
W1_web,19,attack_rate,0.02,2,0.0,0.0,0.0,0.0,0.984,0.0,
W1_web,19,attack_rate,0.05,5,1.0,0.2,0.33333333333333337,0.0,0.9401639344262295,0.0,1.0
W1_web,19,attack_rate,0.1,9,1.0,0.6666666666666666,0.8,0.0,0.9868173258003766,0.017543859649122806,3.0
W1_web,19,attack_rate,0.2,23,1.0,0.34782608695652173,0.5161290322580645,0.0,0.8668478260869565,0.023391812865497075,1.5
W1_web,19,attack_rate,0.35,39,1.0,0.38461538461538464,0.5555555555555556,0.0,0.8862179487179487,0.014285714285714285,3.0
W1_web,19,theft_position,0.10-0.20,25,1.0,0.32,0.48484848484848486,0.0,0.8754901960784314,0.012295081967213115,1.0
W1_web,19,theft_position,0.25-0.50,23,1.0,0.34782608695652173,0.5161290322580645,0.0,0.8668478260869565,0.023391812865497075,1.5
W1_web,19,theft_position,0.50-0.70,11,1.0,0.18181818181818182,0.3076923076923077,0.0,0.762539184952978,0.022222222222222223,1.0
W1_web,19,theft_position,0.70-0.85,7,1.0,0.42857142857142855,0.6,0.0,0.743452380952381,0.027777777777777776,3.0
W1_web,19,theft_delay_s,0.0,25,1.0,0.24,0.3870967741935484,0.0,0.8525490196078431,0.005235602094240838,3.0
W1_web,19,theft_delay_s,1.0,25,1.0,0.24,0.3870967741935484,0.0,0.8525490196078431,0.005235602094240838,3.0
W1_web,19,theft_delay_s,60.0,25,1.0,0.24,0.3870967741935484,0.0,0.8525490196078431,0.005235602094240838,3.0
W1_web,19,theft_delay_s,600.0,25,1.0,0.24,0.3870967741935484,0.0,0.8525490196078431,0.005235602094240838,3.0
W1_web,0,min_requests,7,18,0.75,0.3333333333333333,0.46153846153846156,0.01834862385321101,0.8498980632008155,0.021739130434782608,1.0
W1_web,1,min_requests,7,19,1.0,0.631578947368421,0.7741935483870968,0.0,0.8893762183235867,0.1,1.0
W1_web,2,min_requests,7,28,1.0,0.6071428571428571,0.7555555555555554,0.0,0.8901515151515151,0.05627705627705628,1.0
W1_web,3,min_requests,7,33,1.0,0.24242424242424243,0.3902439024390244,0.0,0.8607350096711799,0.012244897959183673,2.0
W1_web,4,min_requests,7,23,1.0,0.17391304347826086,0.29629629629629634,0.0,0.844690635451505,0.041176470588235294,1.5
W1_web,5,min_requests,7,26,1.0,0.2692307692307692,0.42424242424242425,0.0,0.9084158415841584,0.026041666666666668,1.0
W1_web,6,min_requests,7,16,0.7142857142857143,0.3125,0.43478260869565216,0.018018018018018018,0.9220157657657657,0.01680672268907563,1.0
W1_web,7,min_requests,7,14,0.8571428571428571,0.42857142857142855,0.5714285714285714,0.008849557522123894,0.8761061946902655,0.06741573033707865,1.0
W1_web,8,min_requests,7,24,1.0,0.25,0.4,0.0,0.8871359223300971,0.015384615384615385,2.0
W1_web,9,min_requests,7,23,1.0,0.43478260869565216,0.6060606060606061,0.0,0.9103260869565217,0.022727272727272728,1.5
W1_web,10,min_requests,7,19,0.7777777777777778,0.3684210526315789,0.5,0.018518518518518517,0.800682261208577,0.012738853503184714,3.0
W1_web,11,min_requests,7,17,1.0,0.35294117647058826,0.5217391304347826,0.0,0.9446524064171123,0.02531645569620253,1.0
W1_web,12,min_requests,7,27,0.8947368421052632,0.6296296296296297,0.7391304347826088,0.02,0.9205555555555556,0.08771929824561403,1.0
W1_web,13,min_requests,7,25,1.0,0.44,0.6111111111111112,0.0,0.9631372549019608,0.04395604395604396,1.0
W1_web,14,min_requests,7,25,0.8,0.16,0.26666666666666666,0.00980392156862745,0.9243137254901961,0.016304347826086956,1.0
W1_web,15,min_requests,7,21,1.0,0.19047619047619047,0.32,0.0,0.8823000898472596,0.013245033112582781,1.5
W1_web,16,min_requests,7,20,0.8888888888888888,0.4,0.5517241379310346,0.009345794392523364,0.9142523364485982,0.03225806451612903,1.0
W1_web,17,min_requests,7,21,1.0,0.19047619047619047,0.32,0.0,0.8367026055705301,0.02030456852791878,1.0
W1_web,18,min_requests,7,24,1.0,0.20833333333333334,0.3448275862068966,0.0,0.8836974110032363,0.028409090909090908,2.0
W1_web,19,min_requests,7,23,1.0,0.34782608695652173,0.5161290322580645,0.0,0.8668478260869565,0.023391812865497075,1.5
W1_web,0,min_requests,10,12,1.0,0.16666666666666666,0.2857142857142857,0.0,0.8571428571428571,0.011363636363636364,1.0
W1_web,1,min_requests,10,11,1.0,0.45454545454545453,0.625,0.0,0.9365750528541226,0.01818181818181818,1.0
W1_web,2,min_requests,10,12,1.0,0.3333333333333333,0.5,0.0,0.9206349206349206,0.05921052631578947,5.5
W1_web,3,min_requests,10,8,1.0,0.125,0.2222222222222222,0.0,0.47690217391304346,0.0,2.0
W1_web,4,min_requests,10,9,1.0,0.5555555555555556,0.7142857142857143,0.0,0.8691358024691358,0.014598540145985401,1.0
W1_web,5,min_requests,10,12,1.0,0.25,0.4,0.0,0.9940476190476191,0.012048192771084338,1.0
W1_web,6,min_requests,10,10,1.0,0.6,0.7499999999999999,0.0,0.7954545454545454,0.039603960396039604,1.0
W1_web,7,min_requests,10,16,1.0,0.375,0.5454545454545454,0.0,0.8462171052631579,0.015151515151515152,3.0
W1_web,8,min_requests,10,14,0.9166666666666666,0.7857142857142857,0.8461538461538461,0.025,0.9383928571428571,0.1695906432748538,1.0
W1_web,9,min_requests,10,10,0.6666666666666666,0.4,0.5,0.045454545454545456,0.725,0.031007751937984496,1.0
W1_web,10,min_requests,10,9,0.6666666666666666,0.4444444444444444,0.5333333333333333,0.044444444444444446,0.9481481481481482,0.023622047244094488,1.0
W1_web,11,min_requests,10,11,1.0,0.18181818181818182,0.3076923076923077,0.0,0.7769556025369979,0.006944444444444444,1.0
W1_web,12,min_requests,10,12,0.7272727272727273,0.6666666666666666,0.6956521739130435,0.07142857142857142,0.8660714285714286,0.03759398496240601,1.0
W1_web,13,min_requests,10,9,1.0,0.5555555555555556,0.7142857142857143,0.0,0.9814814814814815,0.031578947368421054,1.0
W1_web,14,min_requests,10,12,1.0,0.4166666666666667,0.5882352941176471,0.0,0.8650793650793651,0.017142857142857144,1.0
W1_web,15,min_requests,10,9,1.0,0.5555555555555556,0.7142857142857143,0.0,0.8740740740740741,0.043478260869565216,1.0
W1_web,16,min_requests,10,22,0.9090909090909091,0.45454545454545453,0.6060606060606061,0.03125,0.8913352272727273,0.022388059701492536,1.0
W1_web,17,min_requests,10,13,1.0,0.6153846153846154,0.761904761904762,0.0,0.9183864915572233,0.03763440860215054,1.0
W1_web,18,min_requests,10,11,0.6666666666666666,0.36363636363636365,0.4705882352941177,0.046511627906976744,0.9016913319238901,0.024793388429752067,1.0
W1_web,19,min_requests,10,12,0.8571428571428571,0.5,0.631578947368421,0.023809523809523808,0.9652777777777778,0.027210884353741496,1.0
W1_web,0,min_requests,15,7,1.0,0.2857142857142857,0.4444444444444445,0.0,0.8087557603686636,0.008130081300813009,2.0
W1_web,1,min_requests,15,6,0.7142857142857143,0.8333333333333334,0.7692307692307692,0.0625,0.9609375,0.04938271604938271,1.0
W1_web,2,min_requests,15,7,0.5555555555555556,0.7142857142857143,0.6250000000000001,0.12903225806451613,0.8778801843317973,0.25225225225225223,1.0
W1_web,3,min_requests,15,6,1.0,0.6666666666666666,0.8,0.0,0.9973958333333334,0.047058823529411764,1.0
W1_web,4,min_requests,15,4,0.0,0.0,0.0,0.0,0.9852941176470589,0.0,
W1_web,5,min_requests,15,6,1.0,0.5,0.6666666666666666,0.0,0.8645833333333334,0.0,1.0
W1_web,6,min_requests,15,5,0.5,0.6,0.5454545454545454,0.09090909090909091,0.9636363636363636,0.016129032258064516,1.0
W1_web,7,min_requests,15,4,0.5,0.5,0.5,0.058823529411764705,0.9669117647058824,0.03773584905660377,1.0
W1_web,8,min_requests,15,9,1.0,0.6666666666666666,0.8,0.0,0.867816091954023,0.052980132450331126,1.0
W1_web,9,min_requests,15,9,1.0,0.5555555555555556,0.7142857142857143,0.0,0.9272030651340997,0.015267175572519083,2.0
W1_web,10,min_requests,15,6,0.75,0.5,0.6,0.03125,0.8645833333333334,0.12,1.0
W1_web,11,min_requests,15,8,1.0,0.375,0.5454545454545454,0.0,0.8145833333333333,0.019736842105263157,1.0
W1_web,12,min_requests,15,9,0.8,0.4444444444444444,0.5714285714285714,0.034482758620689655,0.8314176245210728,0.04201680672268908,1.0
W1_web,13,min_requests,15,6,1.0,0.16666666666666666,0.2857142857142857,0.0,0.9505208333333334,0.010869565217391304,1.0
W1_web,14,min_requests,15,10,1.0,0.4,0.5714285714285715,0.0,0.9017857142857143,0.029411764705882353,1.0
W1_web,15,min_requests,15,4,0.75,0.75,0.75,0.029411764705882353,0.8676470588235294,0.047619047619047616,1.0
W1_web,16,min_requests,15,8,1.0,0.5,0.6666666666666666,0.0,0.925,0.018018018018018018,2.5
W1_web,17,min_requests,15,6,0.8571428571428571,1.0,0.923076923076923,0.03125,0.9947916666666666,0.06818181818181818,1.0
W1_web,18,min_requests,15,12,1.0,0.5,0.6666666666666666,0.0,0.9759615384615384,0.03067484662576687,1.0
W1_web,19,min_requests,15,11,0.6,0.2727272727272727,0.37499999999999994,0.07407407407407407,0.7845117845117845,0.011834319526627219,1.0
W1_web,0,min_requests,20,7,1.0,0.5714285714285714,0.7272727272727273,0.0,0.8035714285714286,0.030927835051546393,1.0
W1_web,1,min_requests,20,4,1.0,0.25,0.4,0.0,0.6620370370370371,0.20270270270270271,1.0
W1_web,2,min_requests,20,7,0.6363636363636364,1.0,0.7777777777777778,0.16666666666666666,0.9642857142857143,0.17699115044247787,1.0
W1_web,3,min_requests,20,4,0.6666666666666666,0.5,0.5714285714285715,0.037037037037037035,0.8148148148148148,0.03076923076923077,1.0
W1_web,4,min_requests,20,5,0.7142857142857143,1.0,0.8333333333333333,0.07692307692307693,0.9538461538461539,0.09333333333333334,1.0
W1_web,5,min_requests,20,8,1.0,0.625,0.7692307692307693,0.0,0.9130434782608695,0.008620689655172414,4.0
W1_web,6,min_requests,20,9,0.6,0.6666666666666666,0.631578947368421,0.18181818181818182,0.8181818181818182,0.11278195488721804,1.0
W1_web,7,min_requests,20,7,1.0,0.2857142857142857,0.4444444444444445,0.0,0.8363095238095238,0.017699115044247787,1.0
W1_web,8,min_requests,20,9,1.0,0.8888888888888888,0.9411764705882353,0.0,0.9318181818181818,0.16037735849056603,1.0
W1_web,9,min_requests,20,4,0.6666666666666666,0.5,0.5714285714285715,0.037037037037037035,0.8379629629629629,0.017543859649122806,1.0
W1_web,10,min_requests,20,6,0.8,0.6666666666666666,0.7272727272727272,0.04,0.8066666666666666,0.12371134020618557,1.0
W1_web,11,min_requests,20,10,0.9,0.9,0.9,0.047619047619047616,0.9166666666666666,0.043243243243243246,1.0
W1_web,12,min_requests,20,12,1.0,0.4166666666666667,0.5882352941176471,0.0,0.9517543859649122,0.005,1.0
W1_web,13,min_requests,20,2,0.5,1.0,0.6666666666666666,0.06896551724137931,1.0,0.391304347826087,5.5
W1_web,14,min_requests,20,11,1.0,0.45454545454545453,0.625,0.0,0.8045454545454546,0.010416666666666666,2.0
W1_web,15,min_requests,20,2,1.0,1.0,1.0,0.0,1.0,0.1111111111111111,1.0
W1_web,16,min_requests,20,2,1.0,0.5,0.6666666666666666,0.0,0.9137931034482759,0.038461538461538464,1.0
W1_web,17,min_requests,20,5,0.8333333333333334,1.0,0.9090909090909091,0.038461538461538464,1.0,0.07142857142857142,1.0
W1_web,18,min_requests,20,4,1.0,1.0,1.0,0.0,1.0,0.047619047619047616,1.0
W1_web,19,min_requests,20,8,1.0,0.375,0.5454545454545454,0.0,0.8858695652173914,0.05660377358490566,11.0
W2_apt,0,flapping_rate,0.0,322,0.8950617283950617,0.4503105590062112,0.5991735537190083,0.0136986301369863,0.8615885305879349,0.03576341127922971,1.0
W2_apt,0,flapping_rate,0.01,320,0.9298245614035088,0.33125,0.488479262672811,0.006436041834271922,0.8650643604183427,0.02635431918008785,2.0
W2_apt,0,flapping_rate,0.02,319,0.9015151515151515,0.3730407523510972,0.5277161862527716,0.01045016077170418,0.8543869507806752,0.023408239700374533,2.0
W2_apt,0,flapping_rate,0.05,322,1.0,0.14906832298136646,0.2594594594594595,0.0,0.8433153487720282,0.010921177587844255,2.0
W2_apt,0,flapping_rate,0.1,325,1.0,0.1753846153846154,0.29842931937172773,0.0,0.8525885423139058,0.012471131639722863,1.0
W2_apt,0,flapping_rate,0.2,324,1.0,0.2006172839506173,0.3341902313624679,0.0,0.8004214868621649,0.01826697892271663,1.0
W2_apt,0,monotone_rate,0.0,319,1.0,0.16927899686520376,0.28954423592493295,0.0,0.8659446219597012,0.013822688274547188,1.0
W2_apt,0,monotone_rate,0.05,314,1.0,0.15605095541401273,0.26997245179063356,0.0,0.8759109198186574,0.009671179883945842,1.0
W2_apt,0,monotone_rate,0.15,322,1.0,0.14906832298136646,0.2594594594594595,0.0,0.8433153487720282,0.010921177587844255,2.0
W2_apt,0,monotone_rate,0.3,316,1.0,0.13291139240506328,0.23463687150837986,0.0,0.8093487661526905,0.012315270935960592,1.0
W2_apt,0,monotone_rate,0.5,306,0.8686868686868687,0.28104575163398693,0.4246913580246913,0.010342084327764518,0.8032924121650782,0.02731958762886598,2.0
W2_apt,0,attack_fraction,0.05,319,1.0,0.20376175548589343,0.3385416666666667,0.0,0.8618421715771755,0.020471464019851116,1.0
W2_apt,0,attack_fraction,0.1,323,1.0,0.17956656346749225,0.3044619422572178,0.0,0.8395560770997703,0.014545454545454545,1.0
W2_apt,0,attack_fraction,0.2,319,1.0,0.2225705329153605,0.3641025641025641,0.0,0.8709643278331602,0.02084574151280524,2.0
W2_apt,0,attack_fraction,0.4,322,1.0,0.14906832298136646,0.2594594594594595,0.0,0.8433153487720282,0.010921177587844255,2.0
W2_apt,0,attack_fraction,0.6,319,1.0,0.13793103448275862,0.2424242424242424,0.0,0.8562466610892157,0.01137915339098771,3.0
W2_apt,0,attack_rate,0.02,29,1.0,0.10344827586206896,0.1875,0.0,0.7707143820527806,0.005917159763313609,3.0
W2_apt,0,attack_rate,0.05,78,1.0,0.1794871794871795,0.30434782608695654,0.0,0.8472718639385306,0.010309278350515464,1.5
W2_apt,0,attack_rate,0.1,164,1.0,0.13414634146341464,0.23655913978494622,0.0,0.8639773182935546,0.010277492291880781,1.0
W2_apt,0,attack_rate,0.2,322,1.0,0.14906832298136646,0.2594594594594595,0.0,0.8433153487720282,0.010921177587844255,2.0
W2_apt,0,attack_rate,0.35,542,1.0,0.14575645756457564,0.25442834138486314,0.0,0.8399044421394263,0.0113314447592068,1.0
W2_apt,0,theft_position,0.10-0.20,330,1.0,0.19393939393939394,0.32487309644670054,0.0,0.8495465604954656,0.012090483619344774,2.0
W2_apt,0,theft_position,0.25-0.50,322,1.0,0.14906832298136646,0.2594594594594595,0.0,0.8433153487720282,0.010921177587844255,2.0
W2_apt,0,theft_position,0.50-0.70,217,1.0,0.1152073732718894,0.20661157024793386,0.0,0.8377784320841407,0.009174311926605505,3.0
W2_apt,0,theft_position,0.70-0.85,59,1.0,0.1016949152542373,0.18461538461538463,0.0,0.8535149206635413,0.008064516129032258,4.0
W2_apt,0,theft_delay_s,0.0,318,1.0,0.15723270440251572,0.2717391304347826,0.0,0.8620254603318936,0.008704557091653867,3.0
W2_apt,0,theft_delay_s,1.0,318,1.0,0.15723270440251572,0.2717391304347826,0.0,0.8620254603318936,0.008704557091653867,3.0
W2_apt,0,theft_delay_s,60.0,318,1.0,0.15723270440251572,0.2717391304347826,0.0,0.8620254603318936,0.008704557091653867,3.0
W2_apt,0,theft_delay_s,600.0,318,1.0,0.15723270440251572,0.2717391304347826,0.0,0.8620254603318936,0.008704557091653867,3.0
W2_apt,1,flapping_rate,0.0,283,0.8319327731092437,0.3498233215547703,0.49253731343283585,0.015625,0.8488584916077738,0.02840300107181136,1.0
W2_apt,1,flapping_rate,0.01,285,0.9666666666666667,0.30526315789473685,0.464,0.002347417840375587,0.8698679405869917,0.010224948875255624,3.0
W2_apt,1,flapping_rate,0.02,283,0.9,0.3498233215547703,0.5038167938931298,0.00859375,0.87304273409894,0.020134228187919462,3.0
W2_apt,1,flapping_rate,0.05,293,0.8780487804878049,0.24573378839590443,0.384,0.007874015748031496,0.8578148934454866,0.009184224743381956,3.0
W2_apt,1,flapping_rate,0.1,280,1.0,0.16428571428571428,0.2822085889570552,0.0,0.8156204765616301,0.011714589989350373,2.0
W2_apt,1,flapping_rate,0.2,277,1.0,0.23465703971119134,0.38011695906432746,0.0,0.8024490345907889,0.02379746835443038,1.0
W2_apt,1,monotone_rate,0.0,305,0.8823529411764706,0.29508196721311475,0.4422604422604423,0.009538950715421303,0.8699536083817665,0.012282497441146366,3.0
W2_apt,1,monotone_rate,0.05,300,0.8777777777777778,0.2633333333333333,0.40512820512820513,0.00870942201108472,0.8695130641330167,0.01054746358613762,3.0
W2_apt,1,monotone_rate,0.15,293,0.8780487804878049,0.24573378839590443,0.384,0.007874015748031496,0.8578148934454866,0.009184224743381956,3.0
W2_apt,1,monotone_rate,0.3,285,0.891566265060241,0.2596491228070175,0.40217391304347827,0.007042253521126761,0.8471570161711007,0.01576086956521739,2.0
W2_apt,1,monotone_rate,0.5,320,1.0,0.175,0.2978723404255319,0.0,0.8203753519710378,0.01643426294820717,1.0
W2_apt,1,attack_fraction,0.05,293,0.8913043478260869,0.27986348122866894,0.425974025974026,0.007874015748031496,0.8657117519013195,0.01715686274509804,2.0
W2_apt,1,attack_fraction,0.1,296,0.8979591836734694,0.2972972972972973,0.4467005076142132,0.007892659826361484,0.8769171697348493,0.012180267965895249,2.0
W2_apt,1,attack_fraction,0.2,294,0.8947368421052632,0.2891156462585034,0.4370179948586117,0.007880220646178092,0.8528033750931421,0.014243323442136498,2.0
W2_apt,1,attack_fraction,0.4,293,0.8780487804878049,0.24573378839590443,0.384,0.007874015748031496,0.8578148934454866,0.009184224743381956,3.0
W2_apt,1,attack_fraction,0.6,294,0.855072463768116,0.20068027210884354,0.32506887052341604,0.007880220646178092,0.8290890036077473,0.0067862336403296175,4.0
W2_apt,1,attack_rate,0.02,26,0.21428571428571427,0.11538461538461539,0.15,0.0071567989590110605,0.8320279265302037,0.006711409395973154,3.0
W2_apt,1,attack_rate,0.05,61,0.5925925925925926,0.26229508196721313,0.36363636363636365,0.007323568575233023,0.8307393420794132,0.017456359102244388,2.5
W2_apt,1,attack_rate,0.1,152,0.8035714285714286,0.29605263157894735,0.43269230769230765,0.007795889440113395,0.8763265134842777,0.010978043912175649,3.0
W2_apt,1,attack_rate,0.2,293,0.8780487804878049,0.24573378839590443,0.384,0.007874015748031496,0.8578148934454866,0.009184224743381956,3.0
W2_apt,1,attack_rate,0.35,503,0.9383561643835616,0.27236580516898606,0.4221879815100154,0.008490566037735849,0.8574458906935744,0.011487115802545793,3.0
W2_apt,1,theft_position,0.10-0.20,300,0.8924731182795699,0.27666666666666667,0.42239185750636127,0.00791765637371338,0.86715360253365,0.011934156378600824,2.0
W2_apt,1,theft_position,0.25-0.50,293,0.8780487804878049,0.24573378839590443,0.384,0.007874015748031496,0.8578148934454866,0.009184224743381956,3.0
W2_apt,1,theft_position,0.50-0.70,193,0.8333333333333334,0.25906735751295334,0.3952569169960474,0.0072992700729927005,0.8674350440603608,0.016765285996055226,3.0
W2_apt,1,theft_position,0.70-0.85,58,0.5416666666666666,0.22413793103448276,0.3170731707317073,0.007308970099667774,0.7950853476916027,0.015810276679841896,3.0
W2_apt,1,theft_delay_s,0.0,293,0.8863636363636364,0.26621160409556316,0.4094488188976378,0.007874015748031496,0.8654067345677353,0.01131687242798354,3.0
W2_apt,1,theft_delay_s,1.0,293,0.8863636363636364,0.26621160409556316,0.4094488188976378,0.007874015748031496,0.8654067345677353,0.01131687242798354,3.0
W2_apt,1,theft_delay_s,60.0,293,0.8863636363636364,0.26621160409556316,0.4094488188976378,0.007874015748031496,0.8654067345677353,0.01131687242798354,3.0
W2_apt,1,theft_delay_s,600.0,293,0.8863636363636364,0.26621160409556316,0.4094488188976378,0.007874015748031496,0.8654067345677353,0.01131687242798354,3.0
W2_apt,2,flapping_rate,0.0,301,0.8972602739726028,0.43521594684385384,0.5861297539149888,0.011885895404120444,0.8725379216662893,0.026018654884634267,3.0
W2_apt,2,flapping_rate,0.01,291,0.8759124087591241,0.41237113402061853,0.5607476635514018,0.013364779874213837,0.8623524930298905,0.0247805885389778,3.0
W2_apt,2,flapping_rate,0.02,301,0.9069767441860465,0.38870431893687707,0.5441860465116279,0.009508716323296355,0.8823888675361052,0.025297619047619048,2.0
W2_apt,2,flapping_rate,0.05,293,0.8421052631578947,0.21843003412969283,0.3468834688346884,0.009448818897637795,0.8602926553975975,0.015301085883514315,3.0
W2_apt,2,flapping_rate,0.1,303,1.0,0.16831683168316833,0.288135593220339,0.0,0.831909738592907,0.01509985387238188,1.0
W2_apt,2,flapping_rate,0.2,315,1.0,0.19682539682539682,0.32891246684350134,0.0,0.7809549247049247,0.018602540834845735,1.0
W2_apt,2,monotone_rate,0.0,309,1.0,0.15210355987055016,0.2640449438202247,0.0,0.8727128205922279,0.013459621136590228,1.0
W2_apt,2,monotone_rate,0.05,295,0.8266666666666667,0.21016949152542372,0.3351351351351351,0.01025236593059937,0.8789712880286585,0.005991013479780329,3.0
W2_apt,2,monotone_rate,0.15,293,0.8421052631578947,0.21843003412969283,0.3468834688346884,0.009448818897637795,0.8602926553975975,0.015301085883514315,3.0
W2_apt,2,monotone_rate,0.3,316,0.9038461538461539,0.2974683544303797,0.4476190476190476,0.00801924619085806,0.8312862261833464,0.017361111111111112,3.0
W2_apt,2,monotone_rate,0.5,320,1.0,0.16875,0.2887700534759359,0.0,0.8124044650040225,0.01619047619047619,2.5
W2_apt,2,attack_fraction,0.05,296,0.8681318681318682,0.2668918918918919,0.4082687338501292,0.009471191791633781,0.8807141790567204,0.012925969447708578,1.0
W2_apt,2,attack_fraction,0.1,299,0.8695652173913043,0.26755852842809363,0.4092071611253197,0.00949367088607595,0.8622227043732272,0.009512485136741973,2.0
W2_apt,2,attack_fraction,0.2,294,0.8681318681318682,0.2687074829931973,0.4103896103896104,0.009456264775413711,0.8495253105182183,0.011917659804983749,1.0
W2_apt,2,attack_fraction,0.4,293,0.8421052631578947,0.21843003412969283,0.3468834688346884,0.009448818897637795,0.8602926553975975,0.015301085883514315,3.0
W2_apt,2,attack_fraction,0.6,298,0.8709677419354839,0.27181208053691275,0.4143222506393862,0.009486166007905139,0.8512666790460779,0.010507080858839652,4.0
W2_apt,2,attack_rate,0.02,34,0.4642857142857143,0.38235294117647056,0.41935483870967744,0.009810333551340745,0.920690185819259,0.009259259259259259,3.0
W2_apt,2,attack_rate,0.05,74,0.5333333333333333,0.21621621621621623,0.3076923076923077,0.009402283411685695,0.8505527017951464,0.008064516129032258,3.0
W2_apt,2,attack_rate,0.1,155,0.74,0.23870967741935484,0.3609756097560975,0.009232954545454546,0.8726218841642229,0.013861386138613862,1.0
W2_apt,2,attack_rate,0.2,293,0.8421052631578947,0.21843003412969283,0.3468834688346884,0.009448818897637795,0.8602926553975975,0.015301085883514315,3.0
W2_apt,2,attack_rate,0.35,538,0.9316770186335404,0.2788104089219331,0.42918454935622324,0.010731707317073172,0.8688031553177985,0.01413627367825841,3.0
W2_apt,2,theft_position,0.10-0.20,306,0.8421052631578947,0.20915032679738563,0.33507853403141363,0.00954653937947494,0.8435844239578622,0.01358695652173913,1.0
W2_apt,2,theft_position,0.25-0.50,293,0.8421052631578947,0.21843003412969283,0.3468834688346884,0.009448818897637795,0.8602926553975975,0.015301085883514315,3.0
W2_apt,2,theft_position,0.50-0.70,205,0.7818181818181819,0.2097560975609756,0.33076923076923076,0.008836524300441826,0.8451866087143934,0.014431239388794566,4.0
W2_apt,2,theft_position,0.70-0.85,82,0.4444444444444444,0.14634146341463414,0.2201834862385321,0.01012829169480081,0.867414074208264,0.014005602240896359,3.0
W2_apt,2,theft_delay_s,0.0,297,0.8604651162790697,0.24915824915824916,0.38642297650130547,0.009478672985781991,0.8409370162924665,0.008637236084452975,3.0
W2_apt,2,theft_delay_s,1.0,297,0.8604651162790697,0.24915824915824916,0.38642297650130547,0.009478672985781991,0.8409370162924665,0.008637236084452975,3.0
W2_apt,2,theft_delay_s,60.0,297,0.8604651162790697,0.24915824915824916,0.38642297650130547,0.009478672985781991,0.8409370162924665,0.008637236084452975,3.0
W2_apt,2,theft_delay_s,600.0,297,0.8604651162790697,0.24915824915824916,0.38642297650130547,0.009478672985781991,0.8409370162924665,0.008637236084452975,3.0
W2_apt,3,flapping_rate,0.0,308,1.0,0.39935064935064934,0.5707656612529002,0.0,0.8816616650281989,0.024031387935262383,2.0
W2_apt,3,flapping_rate,0.01,304,0.9285714285714286,0.34210526315789475,0.5,0.006354249404289118,0.872320607416078,0.025080042689434364,3.0
W2_apt,3,flapping_rate,0.02,299,0.9390243902439024,0.25752508361204013,0.40419947506561676,0.003955696202531646,0.8611722619702806,0.012532637075718016,3.0
W2_apt,3,flapping_rate,0.05,296,1.0,0.1554054054054054,0.26900584795321636,0.0,0.8362219757247381,0.013333333333333334,1.0
W2_apt,3,flapping_rate,0.1,308,1.0,0.17857142857142858,0.30303030303030304,0.0,0.8405870026387955,0.013678553981436248,1.0
W2_apt,3,flapping_rate,0.2,303,1.0,0.20462046204620463,0.33972602739726027,0.0,0.7933718371837184,0.024352331606217616,1.0
W2_apt,3,monotone_rate,0.0,308,1.0,0.17207792207792208,0.29362880886426596,0.0,0.8734710508614891,0.00819277108433735,3.0
W2_apt,3,monotone_rate,0.05,300,1.0,0.17666666666666667,0.30028328611898014,0.0,0.8458907363420427,0.010505252626313157,2.0
W2_apt,3,monotone_rate,0.15,296,1.0,0.1554054054054054,0.26900584795321636,0.0,0.8362219757247381,0.013333333333333334,1.0
W2_apt,3,monotone_rate,0.3,304,1.0,0.18421052631578946,0.3111111111111111,0.0,0.8270426612599807,0.016232169208066895,1.5
W2_apt,3,monotone_rate,0.5,315,1.0,0.13968253968253969,0.24512534818941506,0.0,0.7979573667073667,0.011536686663590217,1.0
W2_apt,3,attack_fraction,0.05,294,1.0,0.18027210884353742,0.30547550432276654,0.0,0.8676096127970495,0.014388489208633094,1.0
W2_apt,3,attack_fraction,0.1,294,1.0,0.17346938775510204,0.29565217391304344,0.0,0.8695220404946848,0.013477088948787063,1.0
W2_apt,3,attack_fraction,0.2,297,1.0,0.1414141414141414,0.24778761061946902,0.0,0.8680804889335695,0.011757425742574257,1.0
W2_apt,3,attack_fraction,0.4,296,1.0,0.1554054054054054,0.26900584795321636,0.0,0.8362219757247381,0.013333333333333334,1.0
W2_apt,3,attack_fraction,0.6,296,1.0,0.13851351351351351,0.2433234421364985,0.0,0.8504327630708847,0.009601536245799328,2.0
W2_apt,3,attack_rate,0.02,46,1.0,0.15217391304347827,0.2641509433962264,0.0,0.8277922673468803,0.006872852233676976,4.0
W2_apt,3,attack_rate,0.05,86,1.0,0.1744186046511628,0.297029702970297,0.0,0.8627954212656075,0.01444043321299639,1.0
W2_apt,3,attack_rate,0.1,156,1.0,0.16025641025641027,0.27624309392265195,0.0,0.8195332859511963,0.005741626794258373,3.0
W2_apt,3,attack_rate,0.2,296,1.0,0.1554054054054054,0.26900584795321636,0.0,0.8362219757247381,0.013333333333333334,1.0
W2_apt,3,attack_rate,0.35,538,1.0,0.1579925650557621,0.27287319422150885,0.0,0.8484758364312268,0.010683159966263706,3.0
W2_apt,3,theft_position,0.10-0.20,304,1.0,0.17763157894736842,0.3016759776536313,0.0,0.8486358743363571,0.010225820195994887,1.5
W2_apt,3,theft_position,0.25-0.50,296,1.0,0.1554054054054054,0.26900584795321636,0.0,0.8362219757247381,0.013333333333333334,1.0
W2_apt,3,theft_position,0.50-0.70,201,1.0,0.21393034825870647,0.3524590163934426,0.0,0.8723855027359532,0.013738959764474975,3.0
W2_apt,3,theft_position,0.70-0.85,62,1.0,0.04838709677419355,0.09230769230769231,0.0,0.8408319185059423,0.011111111111111112,1.0
W2_apt,3,theft_delay_s,0.0,295,1.0,0.13898305084745763,0.24404761904761904,0.0,0.8552371277335187,0.012118018967334035,1.0
W2_apt,3,theft_delay_s,1.0,295,1.0,0.1423728813559322,0.24925816023738873,0.0,0.8553066352991499,0.012644889357218124,1.0
W2_apt,3,theft_delay_s,60.0,295,1.0,0.1423728813559322,0.24925816023738873,0.0,0.8553066352991499,0.012644889357218124,1.0
W2_apt,3,theft_delay_s,600.0,295,1.0,0.1423728813559322,0.24925816023738873,0.0,0.8553066352991499,0.012644889357218124,1.0
W2_apt,4,flapping_rate,0.0,318,1.0,0.4056603773584906,0.5771812080536913,0.0,0.8679548382208078,0.02281947261663286,3.0
W2_apt,4,flapping_rate,0.01,321,0.9761904761904762,0.38317757009345793,0.5503355704697986,0.0024154589371980675,0.8832916961387772,0.025582457743261764,2.0
W2_apt,4,flapping_rate,0.02,316,0.94,0.2974683544303797,0.45192307692307687,0.0048115477145148355,0.8637920883538214,0.014705882352941176,3.0
W2_apt,4,flapping_rate,0.05,305,0.8529411764705882,0.28524590163934427,0.4275184275184275,0.01192368839427663,0.8434087414318852,0.014471057884231538,3.0
W2_apt,4,flapping_rate,0.1,300,1.0,0.14,0.24561403508771928,0.0,0.8311216679862761,0.006265060240963855,3.0
W2_apt,4,flapping_rate,0.2,289,1.0,0.14186851211072665,0.2484848484848485,0.0,0.7800880533208758,0.01251303441084463,1.0
W2_apt,4,monotone_rate,0.0,332,0.9361702127659575,0.26506024096385544,0.4131455399061033,0.00487408610885459,0.8819979348751628,0.008415147265077139,3.0
W2_apt,4,monotone_rate,0.05,330,1.0,0.15151515151515152,0.2631578947368421,0.0,0.8676226990095603,0.008563273073263558,3.0
W2_apt,4,monotone_rate,0.15,305,0.8529411764705882,0.28524590163934427,0.4275184275184275,0.01192368839427663,0.8434087414318852,0.014471057884231538,3.0
W2_apt,4,monotone_rate,0.3,300,1.0,0.16666666666666666,0.2857142857142857,0.0,0.8418118237001847,0.01642608262817322,1.0
W2_apt,4,monotone_rate,0.5,291,0.8875,0.24398625429553264,0.3827493261455525,0.007075471698113208,0.8163092459314012,0.01424361493123772,3.0
W2_apt,4,attack_fraction,0.05,305,0.8514851485148515,0.2819672131147541,0.4236453201970443,0.01192368839427663,0.8435155985300633,0.017133066818960593,2.0
W2_apt,4,attack_fraction,0.1,305,0.8484848484848485,0.2754098360655738,0.4158415841584159,0.01192368839427663,0.8400622898694259,0.0166189111747851,2.0
W2_apt,4,attack_fraction,0.2,301,0.8571428571428571,0.29900332225913623,0.4433497536945813,0.011885895404120444,0.8453293564505004,0.017028772753963594,2.0
W2_apt,4,attack_fraction,0.4,305,0.8529411764705882,0.28524590163934427,0.4275184275184275,0.01192368839427663,0.8434087414318852,0.014471057884231538,3.0
W2_apt,4,attack_fraction,0.6,308,0.8404255319148937,0.2564935064935065,0.39303482587064675,0.01195219123505976,0.8570018626791536,0.008727606798346348,4.0
W2_apt,4,attack_rate,0.02,42,0.45161290322580644,0.3333333333333333,0.3835616438356164,0.011176857330703484,0.8320888513196205,0.025547445255474453,1.0
W2_apt,4,attack_rate,0.05,87,0.5384615384615384,0.2413793103448276,0.3333333333333333,0.012195121951219513,0.8256821792355855,0.022968197879858657,2.0
W2_apt,4,attack_rate,0.1,152,0.660377358490566,0.23026315789473684,0.3414634146341463,0.012756909992912827,0.8427650229400574,0.0067243035542747355,3.0
W2_apt,4,attack_rate,0.2,305,0.8529411764705882,0.28524590163934427,0.4275184275184275,0.01192368839427663,0.8434087414318852,0.014471057884231538,3.0
W2_apt,4,attack_rate,0.35,511,0.9084507042253521,0.25244618395303325,0.3950995405819295,0.012357414448669201,0.8321629474749429,0.012824336415150612,3.0
W2_apt,4,theft_position,0.10-0.20,313,0.8514851485148515,0.2747603833865815,0.4154589371980676,0.012,0.8390837060702876,0.013173652694610778,2.0
W2_apt,4,theft_position,0.25-0.50,305,0.8529411764705882,0.28524590163934427,0.4275184275184275,0.01192368839427663,0.8434087414318852,0.014471057884231538,3.0
W2_apt,4,theft_position,0.50-0.70,206,0.7538461538461538,0.23786407766990292,0.3616236162361624,0.011790714812085483,0.8563400133074816,0.015426497277676952,3.0
W2_apt,4,theft_position,0.70-0.85,66,0.5,0.2727272727272727,0.3529411764705882,0.012024048096192385,0.8492439424303152,0.010067114093959731,3.5
W2_apt,4,theft_delay_s,0.0,307,0.8571428571428571,0.2931596091205212,0.4368932038834952,0.01194267515923567,0.843517241021598,0.0190623390005152,3.0
W2_apt,4,theft_delay_s,1.0,307,0.8571428571428571,0.2931596091205212,0.4368932038834952,0.01194267515923567,0.843517241021598,0.0190623390005152,3.0
W2_apt,4,theft_delay_s,60.0,307,0.8571428571428571,0.2931596091205212,0.4368932038834952,0.01194267515923567,0.843517241021598,0.015971148892323546,3.0
W2_apt,4,theft_delay_s,600.0,307,0.8571428571428571,0.2931596091205212,0.4368932038834952,0.01194267515923567,0.843517241021598,0.015971148892323546,3.0
W2_apt,5,flapping_rate,0.0,294,0.8923076923076924,0.3945578231292517,0.5471698113207548,0.01103230890464933,0.8777292634942078,0.025839793281653745,1.0
W2_apt,5,flapping_rate,0.01,292,0.9649122807017544,0.3767123287671233,0.541871921182266,0.003147128245476003,0.8803148206029122,0.020780537252914344,2.5
W2_apt,5,flapping_rate,0.02,301,0.9316239316239316,0.36212624584717606,0.5215311004784688,0.006339144215530904,0.8597569643712717,0.030668677727501256,1.0
W2_apt,5,flapping_rate,0.05,301,0.9166666666666666,0.2558139534883721,0.4,0.005546751188589541,0.8595858495980119,0.009704027171276079,3.0
W2_apt,5,flapping_rate,0.1,294,1.0,0.2108843537414966,0.34831460674157305,0.0,0.8386645438317171,0.014697876973326075,3.0
W2_apt,5,flapping_rate,0.2,295,1.0,0.17627118644067796,0.2997118155619597,0.0,0.7755814575201839,0.02157894736842105,1.0
W2_apt,5,monotone_rate,0.0,312,0.8701298701298701,0.21474358974358973,0.3444730077120823,0.007993605115907274,0.8712965525015884,0.007360157016683023,3.0
W2_apt,5,monotone_rate,0.05,302,1.0,0.16556291390728478,0.2840909090909091,0.0,0.8803601157496153,0.009566968781470292,2.0
W2_apt,5,monotone_rate,0.15,301,0.9166666666666666,0.2558139534883721,0.4,0.005546751188589541,0.8595858495980119,0.009704027171276079,3.0
W2_apt,5,monotone_rate,0.3,287,1.0,0.17770034843205576,0.30177514792899407,0.0,0.8340100815920832,0.014780835881753314,3.0
W2_apt,5,monotone_rate,0.5,308,0.8902439024390244,0.237012987012987,0.3743589743589743,0.007171314741035857,0.7935388316862421,0.012554321583775953,3.0
W2_apt,5,attack_fraction,0.05,303,0.9247311827956989,0.2838283828382838,0.4343434343434343,0.005555555555555556,0.8641180784745142,0.017423771001866834,1.0
W2_apt,5,attack_fraction,0.1,303,0.9263157894736842,0.29042904290429045,0.44221105527638194,0.005555555555555556,0.8676567656765677,0.018102372034956304,1.0
W2_apt,5,attack_fraction,0.2,305,0.925531914893617,0.28524590163934427,0.4360902255639098,0.005564387917329093,0.8651776173473377,0.0199203187250996,1.0
W2_apt,5,attack_fraction,0.4,301,0.9166666666666666,0.2558139534883721,0.4,0.005546751188589541,0.8595858495980119,0.009704027171276079,3.0
W2_apt,5,attack_fraction,0.6,307,0.9213483146067416,0.2671009771986971,0.4141414141414141,0.005573248407643312,0.8430439428203904,0.01390134529147982,3.5
W2_apt,5,attack_rate,0.02,40,0.4666666666666667,0.175,0.2545454545454546,0.005252790544977019,0.8045551543007222,0.011627906976744186,1.0
W2_apt,5,attack_rate,0.05,77,0.7037037037037037,0.24675324675324675,0.3653846153846154,0.005383580080753701,0.8335809547115065,0.007312614259597806,2.0
W2_apt,5,attack_rate,0.1,155,0.851063829787234,0.25806451612903225,0.396039603960396,0.004971590909090909,0.849035465542522,0.0038797284190106693,4.0
W2_apt,5,attack_rate,0.2,301,0.9166666666666666,0.2558139534883721,0.4,0.005546751188589541,0.8595858495980119,0.009704027171276079,3.0
W2_apt,5,attack_rate,0.35,534,0.9640287769784173,0.250936329588015,0.3982169390787519,0.004859086491739553,0.8491044357818034,0.010743801652892562,3.0
W2_apt,5,theft_position,0.10-0.20,313,0.9320388349514563,0.30670926517571884,0.4615384615384615,0.0056,0.856544408945687,0.011507936507936509,2.0
W2_apt,5,theft_position,0.25-0.50,301,0.9166666666666666,0.2558139534883721,0.4,0.005546751188589541,0.8595858495980119,0.009704027171276079,3.0
W2_apt,5,theft_position,0.50-0.70,211,0.8888888888888888,0.26540284360189575,0.40875912408759124,0.005177514792899409,0.8561425586808379,0.013651877133105802,3.0
W2_apt,5,theft_position,0.70-0.85,72,0.7037037037037037,0.2638888888888889,0.38383838383838387,0.0053655264922870555,0.8793734630002236,0.012345679012345678,4.0
W2_apt,5,theft_delay_s,0.0,308,0.9146341463414634,0.2435064935064935,0.3846153846153846,0.005577689243027889,0.8495808971904589,0.015709376534118802,3.0
W2_apt,5,theft_delay_s,1.0,308,0.9146341463414634,0.2435064935064935,0.3846153846153846,0.005577689243027889,0.8495808971904589,0.015709376534118802,3.0
W2_apt,5,theft_delay_s,60.0,308,0.9146341463414634,0.2435064935064935,0.3846153846153846,0.005577689243027889,0.8495808971904589,0.016200294550810016,3.0
W2_apt,5,theft_delay_s,600.0,308,0.9146341463414634,0.2435064935064935,0.3846153846153846,0.005577689243027889,0.8495808971904589,0.016200294550810016,3.0
W2_apt,6,flapping_rate,0.0,323,1.0,0.3498452012383901,0.518348623853211,0.0,0.8633389094177569,0.021791767554479417,2.0
W2_apt,6,flapping_rate,0.01,317,0.9453125,0.38170347003154576,0.5438202247191011,0.0056179775280898875,0.8830123904380452,0.020638820638820637,2.0
W2_apt,6,flapping_rate,0.02,317,0.8775510204081632,0.27129337539432175,0.4144578313253012,0.009630818619582664,0.8450055951916796,0.009474182851729039,3.0
W2_apt,6,flapping_rate,0.05,320,1.0,0.153125,0.2655826558265583,0.0,0.8468083769106999,0.011822660098522168,2.0
W2_apt,6,flapping_rate,0.1,336,1.0,0.17261904761904762,0.29441624365482233,0.0,0.8353962917685411,0.011049723756906077,1.5
W2_apt,6,flapping_rate,0.2,310,1.0,0.2064516129032258,0.3422459893048128,0.0,0.7866011894034961,0.027791563275434243,1.0
W2_apt,6,monotone_rate,0.0,302,1.0,0.18543046357615894,0.3128491620111732,0.0,0.8903608510012552,0.013415892672858616,3.0
W2_apt,6,monotone_rate,0.05,309,1.0,0.1650485436893204,0.2833333333333334,0.0,0.8747877342665283,0.008875739644970414,2.0
W2_apt,6,monotone_rate,0.15,320,1.0,0.153125,0.2655826558265583,0.0,0.8468083769106999,0.011822660098522168,2.0
W2_apt,6,monotone_rate,0.3,315,0.925,0.23492063492063492,0.3746835443037974,0.004807692307692308,0.8153591778591779,0.015996122152205527,2.0
W2_apt,6,monotone_rate,0.5,297,0.9204545454545454,0.2727272727272727,0.42077922077922075,0.005529225908372828,0.8137669480481486,0.016701461377870562,3.0
W2_apt,6,attack_fraction,0.05,321,1.0,0.14330218068535824,0.2506811989100817,0.0,0.8373791643465218,0.012877939529675251,1.0
W2_apt,6,attack_fraction,0.1,322,1.0,0.14285714285714285,0.25,0.0,0.8390110660106807,0.01249290176036343,1.0
W2_apt,6,attack_fraction,0.2,323,1.0,0.1238390092879257,0.22038567493112945,0.0,0.8486280335563767,0.011806375442739079,1.0
W2_apt,6,attack_fraction,0.4,320,1.0,0.153125,0.2655826558265583,0.0,0.8468083769106999,0.011822660098522168,2.0
W2_apt,6,attack_fraction,0.6,313,1.0,0.13099041533546327,0.23163841807909605,0.0,0.8314760383386581,0.0108499095840868,1.0
W2_apt,6,attack_rate,0.02,35,1.0,0.17142857142857143,0.2926829268292683,0.0,0.7853964098728496,0.012345679012345678,2.0
W2_apt,6,attack_rate,0.05,74,1.0,0.20270270270270271,0.3370786516853933,0.0,0.8679233296426043,0.017543859649122806,1.0
W2_apt,6,attack_rate,0.1,142,1.0,0.1056338028169014,0.19108280254777069,0.0,0.8515254086092913,0.00866738894907909,1.0
W2_apt,6,attack_rate,0.2,320,1.0,0.153125,0.2655826558265583,0.0,0.8468083769106999,0.011822660098522168,2.0
W2_apt,6,attack_rate,0.35,531,1.0,0.15254237288135594,0.2647058823529412,0.0,0.8309291011547614,0.010005885815185403,3.0
W2_apt,6,theft_position,0.10-0.20,326,1.0,0.11349693251533742,0.20385674931129477,0.0,0.8415781799425683,0.007969639468690701,1.0
W2_apt,6,theft_position,0.25-0.50,320,1.0,0.153125,0.2655826558265583,0.0,0.8468083769106999,0.011822660098522168,2.0
W2_apt,6,theft_position,0.50-0.70,223,1.0,0.14349775784753363,0.25098039215686274,0.0,0.8630530085001004,0.015957446808510637,1.0
W2_apt,6,theft_position,0.70-0.85,62,1.0,0.08064516129032258,0.1492537313432836,0.0,0.8476445810320001,0.012295081967213115,1.0
W2_apt,6,theft_delay_s,0.0,317,1.0,0.14195583596214512,0.24861878453038674,0.0,0.8441941658100875,0.01053159478435306,1.0
W2_apt,6,theft_delay_s,1.0,317,1.0,0.14195583596214512,0.24861878453038674,0.0,0.8440371966317453,0.01053159478435306,1.0
W2_apt,6,theft_delay_s,60.0,317,1.0,0.14195583596214512,0.24861878453038674,0.0,0.8440371966317453,0.01053159478435306,1.0
W2_apt,6,theft_delay_s,600.0,317,1.0,0.14195583596214512,0.24861878453038674,0.0,0.8440371966317453,0.01053159478435306,1.0
W2_apt,7,flapping_rate,0.0,304,1.0,0.40789473684210525,0.5794392523364486,0.0,0.8801628276409849,0.02126631222812953,3.0
W2_apt,7,flapping_rate,0.01,307,0.9823008849557522,0.36156351791530944,0.5285714285714286,0.0015923566878980893,0.8695992136766323,0.028514257128564282,1.0
W2_apt,7,flapping_rate,0.02,306,0.8695652173913043,0.32679738562091504,0.4750593824228029,0.011933174224343675,0.8734836549310788,0.016338298894762134,3.0
W2_apt,7,flapping_rate,0.05,311,0.8829787234042553,0.26688102893890675,0.4098765432098765,0.00878594249201278,0.8473477805286461,0.010638297872340425,3.0
W2_apt,7,flapping_rate,0.1,286,1.0,0.17482517482517482,0.2976190476190476,0.0,0.8265000465470317,0.02168431669188099,2.0
W2_apt,7,flapping_rate,0.2,269,1.0,0.1895910780669145,0.31875,0.0,0.7924061869767816,0.022765130483064965,1.0
W2_apt,7,monotone_rate,0.0,312,1.0,0.14102564102564102,0.24719101123595508,0.0,0.8743697349812458,0.007816091954022988,2.0
W2_apt,7,monotone_rate,0.05,319,1.0,0.14106583072100312,0.24725274725274723,0.0,0.8612915662893488,0.014063284781516826,1.0
W2_apt,7,monotone_rate,0.15,311,0.8829787234042553,0.26688102893890675,0.4098765432098765,0.00878594249201278,0.8473477805286461,0.010638297872340425,3.0
W2_apt,7,monotone_rate,0.3,280,0.9156626506024096,0.2714285714285714,0.41873278236914596,0.005455962587685113,0.8345855138625988,0.011776753712237584,3.0
W2_apt,7,monotone_rate,0.5,308,1.0,0.16233766233766234,0.27932960893854747,0.0,0.7849588658353599,0.018035121025154248,1.0
W2_apt,7,attack_fraction,0.05,314,0.8764044943820225,0.2484076433121019,0.3870967741935484,0.008807045636509208,0.8691220492317421,0.014549524342473419,2.0
W2_apt,7,attack_fraction,0.1,312,0.8942307692307693,0.2980769230769231,0.4471153846153846,0.008792965627498001,0.8548686691672304,0.012899607403252944,1.0
W2_apt,7,attack_fraction,0.2,312,0.8552631578947368,0.20833333333333334,0.3350515463917526,0.008792965627498001,0.8491488860193896,0.01136978884677856,2.0
W2_apt,7,attack_fraction,0.4,311,0.8829787234042553,0.26688102893890675,0.4098765432098765,0.00878594249201278,0.8473477805286461,0.010638297872340425,3.0
W2_apt,7,attack_fraction,0.6,310,0.8777777777777778,0.25483870967741934,0.39499999999999996,0.008778930566640064,0.8608526632855341,0.009502262443438913,4.0
W2_apt,7,attack_rate,0.02,39,0.4166666666666667,0.2564102564102564,0.31746031746031744,0.009186351706036745,0.8427047580590887,0.012,3.5
W2_apt,7,attack_rate,0.05,73,0.4166666666666667,0.136986301369863,0.2061855670103093,0.009395973154362415,0.8638319389537557,0.006134969325153374,2.5
W2_apt,7,attack_rate,0.1,155,0.7454545454545455,0.2645161290322581,0.3904761904761905,0.009943181818181818,0.8462907807917889,0.016933207902163686,3.0
W2_apt,7,attack_rate,0.2,311,0.8829787234042553,0.26688102893890675,0.4098765432098765,0.00878594249201278,0.8473477805286461,0.010638297872340425,3.0
W2_apt,7,attack_rate,0.35,546,0.9433962264150944,0.27472527472527475,0.42553191489361697,0.008849557522123894,0.855527461722152,0.011549295774647887,3.0
W2_apt,7,theft_position,0.10-0.20,321,0.8865979381443299,0.26791277258566976,0.4114832535885167,0.008856682769726247,0.8309090954695723,0.011098354381936472,2.0
W2_apt,7,theft_position,0.25-0.50,311,0.8829787234042553,0.26688102893890675,0.4098765432098765,0.00878594249201278,0.8473477805286461,0.010638297872340425,3.0
W2_apt,7,theft_position,0.50-0.70,231,0.835820895522388,0.24242424242424243,0.37583892617449666,0.008258258258258258,0.8813960063960063,0.013621794871794872,3.0
W2_apt,7,theft_position,0.70-0.85,70,0.43478260869565216,0.14285714285714285,0.2150537634408602,0.008707300736771601,0.8008898669983734,0.0058997050147492625,4.0
W2_apt,7,theft_delay_s,0.0,313,0.875,0.24600638977635783,0.38403990024937656,0.0088,0.8398875399361022,0.01385570950788342,3.0
W2_apt,7,theft_delay_s,1.0,313,0.875,0.24600638977635783,0.38403990024937656,0.0088,0.8398875399361022,0.01433349259436216,3.0
W2_apt,7,theft_delay_s,60.0,313,0.875,0.24600638977635783,0.38403990024937656,0.0088,0.8398875399361022,0.014811275680840898,3.0
W2_apt,7,theft_delay_s,600.0,313,0.875,0.24600638977635783,0.38403990024937656,0.0088,0.8398875399361022,0.014811275680840898,3.0
W2_apt,8,flapping_rate,0.0,284,0.9285714285714286,0.45774647887323944,0.6132075471698113,0.007818608287724784,0.8822487308526687,0.03724928366762178,1.0
W2_apt,8,flapping_rate,0.01,281,0.8780487804878049,0.38434163701067614,0.5346534653465347,0.01170046801872075,0.8931634845464993,0.028481012658227847,2.0
W2_apt,8,flapping_rate,0.02,284,0.9137931034482759,0.3732394366197183,0.53,0.007818608287724784,0.8597385721679569,0.02075765438505449,2.0
W2_apt,8,flapping_rate,0.05,289,0.8571428571428571,0.22837370242214533,0.36065573770491804,0.008634222919937205,0.8356618665565774,0.010666666666666666,3.0
W2_apt,8,flapping_rate,0.1,295,1.0,0.17288135593220338,0.2947976878612717,0.0,0.8400523980110143,0.010542168674698794,2.0
W2_apt,8,flapping_rate,0.2,285,1.0,0.15789473684210525,0.2727272727272727,0.0,0.8301444142437471,0.011488250652741514,2.0
W2_apt,8,monotone_rate,0.0,270,0.8974358974358975,0.25925925925925924,0.40229885057471265,0.006187161639597835,0.8807968835037667,0.011123470522803115,3.0
W2_apt,8,monotone_rate,0.05,282,0.8859649122807017,0.35815602836879434,0.51010101010101,0.01014832162373146,0.85538503274813,0.026696329254727477,1.0
W2_apt,8,monotone_rate,0.15,289,0.8571428571428571,0.22837370242214533,0.36065573770491804,0.008634222919937205,0.8356618665565774,0.010666666666666666,3.0
W2_apt,8,monotone_rate,0.3,284,0.8625,0.24295774647887325,0.3791208791208791,0.008600469116497263,0.8344602407250382,0.011029411764705883,3.0
W2_apt,8,monotone_rate,0.5,292,0.8780487804878049,0.2465753424657534,0.3850267379679144,0.007867820613690008,0.8014156688186413,0.02190580503833516,3.0
W2_apt,8,attack_fraction,0.05,286,0.8604651162790697,0.25874125874125875,0.39784946236559143,0.009397024275646046,0.8470368707252027,0.007372654155495978,2.0
W2_apt,8,attack_fraction,0.1,285,0.8666666666666667,0.2736842105263158,0.41600000000000004,0.009389671361502348,0.859141201987755,0.010013351134846462,2.0
W2_apt,8,attack_fraction,0.2,287,0.8625,0.24041811846689895,0.37602179836512256,0.008620689655172414,0.8537527443120378,0.008397932816537468,2.0
W2_apt,8,attack_fraction,0.4,289,0.8571428571428571,0.22837370242214533,0.36065573770491804,0.008634222919937205,0.8356618665565774,0.010666666666666666,3.0
W2_apt,8,attack_fraction,0.6,286,0.8533333333333334,0.22377622377622378,0.3545706371191135,0.008613938919342208,0.8366609897541769,0.009615384615384616,4.0
W2_apt,8,attack_rate,0.02,30,0.36363636363636365,0.26666666666666666,0.30769230769230765,0.0091324200913242,0.8413568166992824,0.00904977375565611,3.0
W2_apt,8,attack_rate,0.05,60,0.46153846153846156,0.2,0.27906976744186046,0.009314703925482368,0.8334830339321357,0.020618556701030927,1.0
W2_apt,8,attack_rate,0.1,140,0.6578947368421053,0.17857142857142858,0.2808988764044944,0.009135628952916374,0.846561590201787,0.0125,1.0
W2_apt,8,attack_rate,0.2,289,0.8571428571428571,0.22837370242214533,0.36065573770491804,0.008634222919937205,0.8356618665565774,0.010666666666666666,3.0
W2_apt,8,attack_rate,0.35,512,0.9312977099236641,0.23828125,0.37947122861586313,0.008563273073263558,0.8640784818030447,0.01097948569777521,3.0
W2_apt,8,theft_position,0.10-0.20,293,0.8690476190476191,0.24914675767918087,0.38726790450928383,0.008661417322834646,0.8464150385638656,0.011149228130360206,1.0
W2_apt,8,theft_position,0.25-0.50,289,0.8571428571428571,0.22837370242214533,0.36065573770491804,0.008634222919937205,0.8356618665565774,0.010666666666666666,3.0
W2_apt,8,theft_position,0.50-0.70,206,0.7966101694915254,0.22815533980582525,0.3547169811320755,0.008843036109064112,0.8621548819139879,0.015444015444015444,3.0
W2_apt,8,theft_position,0.70-0.85,67,0.4090909090909091,0.13432835820895522,0.20224719101123595,0.008689839572192513,0.8673976374810439,0.007326007326007326,3.0
W2_apt,8,theft_delay_s,0.0,288,0.8607594936708861,0.2361111111111111,0.3705722070844687,0.008627450980392156,0.8398148148148148,0.008849557522123894,3.0
W2_apt,8,theft_delay_s,1.0,288,0.8607594936708861,0.2361111111111111,0.3705722070844687,0.008627450980392156,0.8398148148148148,0.008849557522123894,3.0
W2_apt,8,theft_delay_s,60.0,288,0.8607594936708861,0.2361111111111111,0.3705722070844687,0.008627450980392156,0.839922385620915,0.008849557522123894,3.0
W2_apt,8,theft_delay_s,600.0,288,0.8607594936708861,0.2361111111111111,0.3705722070844687,0.008627450980392156,0.839922385620915,0.008849557522123894,3.0
W2_apt,9,flapping_rate,0.0,325,0.9333333333333333,0.38769230769230767,0.5478260869565217,0.007269789983844911,0.8837703491984591,0.03531073446327684,1.0
W2_apt,9,flapping_rate,0.01,327,0.8968253968253969,0.345565749235474,0.4988962472406181,0.010517799352750809,0.8482527240877646,0.03003284842796809,1.0
W2_apt,9,flapping_rate,0.02,328,0.9312977099236641,0.3719512195121951,0.531590413943355,0.0072874493927125505,0.8743507455317469,0.028409090909090908,2.0
W2_apt,9,flapping_rate,0.05,335,0.9387755102040817,0.2746268656716418,0.4249422632794457,0.004885993485342019,0.8618454956487919,0.012465373961218837,3.0
W2_apt,9,flapping_rate,0.1,334,1.0,0.1467065868263473,0.2558746736292428,0.0,0.8442504738285836,0.012340036563071298,1.0
W2_apt,9,flapping_rate,0.2,336,1.0,0.21428571428571427,0.35294117647058826,0.0,0.8135005530329491,0.027268453220498354,1.0
W2_apt,9,monotone_rate,0.0,305,0.8823529411764706,0.2459016393442623,0.3846153846153846,0.00794912559618442,0.872678464385311,0.009718670076726343,3.0
W2_apt,9,monotone_rate,0.05,321,0.9387755102040817,0.2866043613707165,0.43914081145584727,0.004830917874396135,0.8889478331100977,0.014038371548900327,3.0
W2_apt,9,monotone_rate,0.15,335,0.9387755102040817,0.2746268656716418,0.4249422632794457,0.004885993485342019,0.8618454956487919,0.012465373961218837,3.0
W2_apt,9,monotone_rate,0.3,331,0.896551724137931,0.23564954682779457,0.37320574162679426,0.007305194805194805,0.8246569329462079,0.013837638376383764,3.0
W2_apt,9,monotone_rate,0.5,305,0.8888888888888888,0.2098360655737705,0.3395225464190981,0.006359300476947536,0.7830240558784435,0.015857284440039643,3.0
W2_apt,9,attack_fraction,0.05,336,0.9528301886792453,0.3005952380952381,0.4570135746606335,0.004074979625101874,0.8646670159506346,0.014606741573033709,2.0
W2_apt,9,attack_fraction,0.1,336,0.9545454545454546,0.3125,0.47085201793721976,0.004074979625101874,0.8687650386152831,0.016264722378014584,1.0
W2_apt,9,attack_fraction,0.2,330,0.9411764705882353,0.24242424242424243,0.3855421686746988,0.0040551500405515,0.837991840546585,0.012834224598930482,1.0
W2_apt,9,attack_fraction,0.4,335,0.9387755102040817,0.2746268656716418,0.4249422632794457,0.004885993485342019,0.8618454956487919,0.012465373961218837,3.0
W2_apt,9,attack_fraction,0.6,335,0.9479166666666666,0.2716417910447761,0.42227378190255216,0.004071661237785016,0.8753354562691429,0.011045029736618521,4.0
W2_apt,9,attack_rate,0.02,28,0.45454545454545453,0.17857142857142858,0.25641025641025644,0.003908794788273616,0.7674732433690088,0.005813953488372093,3.0
W2_apt,9,attack_rate,0.05,84,0.7857142857142857,0.2619047619047619,0.39285714285714285,0.004056795131845842,0.8453387101967224,0.00984251968503937,4.0
W2_apt,9,attack_rate,0.1,162,0.8888888888888888,0.24691358024691357,0.38647342995169076,0.0035688793718772305,0.8777350393457936,0.01606425702811245,3.0
W2_apt,9,attack_rate,0.2,335,0.9387755102040817,0.2746268656716418,0.4249422632794457,0.004885993485342019,0.8618454956487919,0.012465373961218837,3.0
W2_apt,9,attack_rate,0.35,563,0.9802631578947368,0.26465364120781526,0.4167832167832168,0.003,0.8495719360568383,0.012369433754810335,3.0
W2_apt,9,theft_position,0.10-0.20,343,0.9523809523809523,0.2915451895043732,0.4464285714285714,0.004098360655737705,0.8403933470343641,0.016679596586501165,2.0
W2_apt,9,theft_position,0.25-0.50,335,0.9387755102040817,0.2746268656716418,0.4249422632794457,0.004885993485342019,0.8618454956487919,0.012465373961218837,3.0
W2_apt,9,theft_position,0.50-0.70,237,0.9076923076923077,0.2489451476793249,0.39072847682119205,0.004524886877828055,0.8425422100031185,0.015422077922077922,4.0
W2_apt,9,theft_position,0.70-0.85,76,0.7391304347826086,0.2236842105263158,0.3434343434343434,0.004034969737726967,0.8734913106572754,0.008875739644970414,3.0
W2_apt,9,theft_delay_s,0.0,337,0.9397590361445783,0.2314540059347181,0.3714285714285715,0.004078303425774877,0.8489672331918231,0.009053870529651425,3.0
W2_apt,9,theft_delay_s,1.0,337,0.9397590361445783,0.2314540059347181,0.3714285714285715,0.004078303425774877,0.8489672331918231,0.009053870529651425,3.0
W2_apt,9,theft_delay_s,60.0,337,0.9397590361445783,0.2314540059347181,0.3714285714285715,0.004078303425774877,0.8489672331918231,0.009053870529651425,3.0
W2_apt,9,theft_delay_s,600.0,337,0.9397590361445783,0.2314540059347181,0.3714285714285715,0.004078303425774877,0.8489672331918231,0.009053870529651425,3.0
W2_apt,10,flapping_rate,0.0,272,1.0,0.39338235294117646,0.5646437994722955,0.0,0.865025686882034,0.022517321016166283,3.0
W2_apt,10,flapping_rate,0.01,272,0.9807692307692307,0.375,0.5425531914893617,0.001549186676994578,0.8939106142069532,0.02379603399433428,2.0
W2_apt,10,flapping_rate,0.02,274,0.8888888888888888,0.35036496350364965,0.5026178010471204,0.009309542280837859,0.8685763308851426,0.02696629213483146,1.0
W2_apt,10,flapping_rate,0.05,287,0.9176470588235294,0.27177700348432055,0.41935483870967744,0.0054858934169279,0.8570814173211145,0.008942661756970016,3.0
W2_apt,10,flapping_rate,0.1,284,1.0,0.1443661971830986,0.25230769230769234,0.0,0.857872017090817,0.010758472296933835,2.0
W2_apt,10,flapping_rate,0.2,302,1.0,0.20198675496688742,0.33608815426997246,0.0,0.8436592423757031,0.02190923317683881,1.0
W2_apt,10,monotone_rate,0.0,280,0.8734177215189873,0.24642857142857144,0.38440111420612816,0.00779423226812159,0.8721926845562855,0.008638211382113821,3.0
W2_apt,10,monotone_rate,0.05,281,1.0,0.17437722419928825,0.29696969696969694,0.0,0.872024916583852,0.0085515766969535,3.0
W2_apt,10,monotone_rate,0.15,287,0.9176470588235294,0.27177700348432055,0.41935483870967744,0.0054858934169279,0.8570814173211145,0.008942661756970016,3.0
W2_apt,10,monotone_rate,0.3,310,0.8932038834951457,0.2967741935483871,0.4455205811138014,0.008778930566640064,0.8448407692505728,0.016105417276720352,2.0
W2_apt,10,monotone_rate,0.5,312,0.8780487804878049,0.23076923076923078,0.3654822335025381,0.007993605115907274,0.7857406382586238,0.015748031496062992,3.0
W2_apt,10,attack_fraction,0.05,283,0.9080459770114943,0.2791519434628975,0.42702702702702705,0.00625,0.8403751656360424,0.016896120150187734,1.0
W2_apt,10,attack_fraction,0.1,283,0.9080459770114943,0.2791519434628975,0.42702702702702705,0.00625,0.8405780697879859,0.017241379310344827,1.0
W2_apt,10,attack_fraction,0.2,284,0.9102564102564102,0.25,0.3922651933701658,0.00547302580140735,0.8355297933024259,0.015995260663507108,2.0
W2_apt,10,attack_fraction,0.4,287,0.9176470588235294,0.27177700348432055,0.41935483870967744,0.0054858934169279,0.8570814173211145,0.008942661756970016,3.0
W2_apt,10,attack_fraction,0.6,286,0.8985507246376812,0.21678321678321677,0.34929577464788736,0.00548159749412686,0.8504183756728784,0.00855106888361045,4.0
W2_apt,10,attack_rate,0.02,23,0.26666666666666666,0.17391304347826086,0.2105263157894737,0.007142857142857143,0.8352907961603614,0.05263157894736842,1.5
W2_apt,10,attack_rate,0.05,53,0.5769230769230769,0.2830188679245283,0.379746835443038,0.00728476821192053,0.8523928526802449,0.011299435028248588,2.0
W2_apt,10,attack_rate,0.1,131,0.7916666666666666,0.2900763358778626,0.4245810055865922,0.006983240223463687,0.8649542624418952,0.012008733624454149,3.0
W2_apt,10,attack_rate,0.2,287,0.9176470588235294,0.27177700348432055,0.41935483870967744,0.0054858934169279,0.8570814173211145,0.008942661756970016,3.0
W2_apt,10,attack_rate,0.35,530,0.9675324675324676,0.2811320754716981,0.4356725146198831,0.00484027105517909,0.845276626057097,0.013904034896401308,3.0
W2_apt,10,theft_position,0.10-0.20,293,0.9292929292929293,0.31399317406143346,0.46938775510204084,0.005511811023622047,0.8655222917954368,0.014907332796132152,1.0
W2_apt,10,theft_position,0.25-0.50,287,0.9176470588235294,0.27177700348432055,0.41935483870967744,0.0054858934169279,0.8570814173211145,0.008942661756970016,3.0
W2_apt,10,theft_position,0.50-0.70,206,0.8545454545454545,0.22815533980582525,0.3601532567049808,0.0058953574060427415,0.8466384300033627,0.013979496738117428,3.0
W2_apt,10,theft_position,0.70-0.85,79,0.47619047619047616,0.12658227848101267,0.2,0.007412398921832884,0.827518850864922,0.011799410029498525,3.0
W2_apt,10,theft_delay_s,0.0,286,0.9041095890410958,0.23076923076923078,0.3676880222841226,0.00548159749412686,0.8543598140309182,0.012090680100755667,2.0
W2_apt,10,theft_delay_s,1.0,286,0.9041095890410958,0.23076923076923078,0.3676880222841226,0.00548159749412686,0.8543598140309182,0.012090680100755667,2.5
W2_apt,10,theft_delay_s,60.0,286,0.9041095890410958,0.23076923076923078,0.3676880222841226,0.00548159749412686,0.8543598140309182,0.012090680100755667,2.5
W2_apt,10,theft_delay_s,600.0,286,0.9041095890410958,0.23076923076923078,0.3676880222841226,0.00548159749412686,0.8543598140309182,0.012090680100755667,2.5
W2_apt,11,flapping_rate,0.0,300,0.8992248062015504,0.38666666666666666,0.5407925407925408,0.010292953285827395,0.878490366851412,0.026470588235294117,2.0
W2_apt,11,flapping_rate,0.01,299,0.9659090909090909,0.2842809364548495,0.4392764857881137,0.0023734177215189874,0.8756416430295076,0.008880118401578688,3.0
W2_apt,11,flapping_rate,0.02,292,0.8916666666666667,0.3664383561643836,0.5194174757281553,0.010228166797797011,0.8684080057769203,0.02472250252270434,2.0
W2_apt,11,flapping_rate,0.05,305,0.8775510204081632,0.2819672131147541,0.42679900744416877,0.009538950715421303,0.838386457817509,0.015577889447236181,2.0
W2_apt,11,flapping_rate,0.1,311,1.0,0.12861736334405144,0.2279202279202279,0.0,0.8262278746288896,0.01195814648729447,1.0
W2_apt,11,flapping_rate,0.2,308,1.0,0.19805194805194806,0.33062330623306235,0.0,0.7924057018678533,0.021972884525479196,1.0
W2_apt,11,monotone_rate,0.0,265,1.0,0.16981132075471697,0.2903225806451613,0.0,0.8766593016832863,0.013180515759312322,1.0
W2_apt,11,monotone_rate,0.05,273,1.0,0.16483516483516483,0.2830188679245283,0.0,0.8670045716557344,0.011815252416756176,1.0
W2_apt,11,monotone_rate,0.15,305,0.8775510204081632,0.2819672131147541,0.42679900744416877,0.009538950715421303,0.838386457817509,0.015577889447236181,2.0
W2_apt,11,monotone_rate,0.3,312,0.9347826086956522,0.27564102564102566,0.42574257425742573,0.004796163069544364,0.8340507081514276,0.014853857211308098,2.0
W2_apt,11,monotone_rate,0.5,336,0.9263157894736842,0.2619047619047619,0.4083526682134571,0.0057049714751426246,0.8007759440369465,0.01894273127753304,2.0
W2_apt,11,attack_fraction,0.05,304,0.8333333333333334,0.19736842105263158,0.3191489361702128,0.009531374106433678,0.8184179173111492,0.008269018743109152,2.0
W2_apt,11,attack_fraction,0.1,304,0.8333333333333334,0.19736842105263158,0.3191489361702128,0.009531374106433678,0.8195766794866436,0.007218212104386452,2.0
W2_apt,11,attack_fraction,0.2,305,0.8666666666666667,0.25573770491803277,0.3949367088607595,0.009538950715421303,0.8401235372305768,0.015499425947187142,1.0
W2_apt,11,attack_fraction,0.4,305,0.8775510204081632,0.2819672131147541,0.42679900744416877,0.009538950715421303,0.838386457817509,0.015577889447236181,2.0
W2_apt,11,attack_fraction,0.6,305,0.8709677419354839,0.26557377049180325,0.40703517587939697,0.009538950715421303,0.8536266256613412,0.013207547169811321,4.0
W2_apt,11,attack_rate,0.02,23,0.38095238095238093,0.34782608695652173,0.3636363636363636,0.008441558441558441,0.7937888198757764,0.0472972972972973,3.0
W2_apt,11,attack_rate,0.05,82,0.6486486486486487,0.2926829268292683,0.4033613445378151,0.008777852802160702,0.8673976054412806,0.008620689655172414,3.0
W2_apt,11,attack_rate,0.1,160,0.7592592592592593,0.25625,0.38317757009345793,0.009265858873841768,0.8654779935851746,0.012750455373406194,3.0
W2_apt,11,attack_rate,0.2,305,0.8775510204081632,0.2819672131147541,0.42679900744416877,0.009538950715421303,0.838386457817509,0.015577889447236181,2.0
W2_apt,11,attack_rate,0.35,543,0.9328859060402684,0.2559852670349908,0.40173410404624277,0.00980392156862745,0.8503574910627234,0.013647995450668183,3.0
W2_apt,11,theft_position,0.10-0.20,311,0.8888888888888888,0.3086816720257235,0.45823389021479716,0.009584664536741214,0.8717755770830979,0.008874546187979023,2.0
W2_apt,11,theft_position,0.25-0.50,305,0.8775510204081632,0.2819672131147541,0.42679900744416877,0.009538950715421303,0.838386457817509,0.015577889447236181,2.0
W2_apt,11,theft_position,0.50-0.70,215,0.8095238095238095,0.2372093023255814,0.3669064748201439,0.008902077151335312,0.8603909323028086,0.015084294587400177,3.0
W2_apt,11,theft_position,0.70-0.85,62,0.52,0.20967741935483872,0.29885057471264365,0.007994670219853431,0.8826266360061035,0.014184397163120567,3.0
W2_apt,11,theft_delay_s,0.0,304,0.8736842105263158,0.2730263157894737,0.41604010025062654,0.009531374106433678,0.8534172379917228,0.008064516129032258,3.0
W2_apt,11,theft_delay_s,1.0,304,0.8736842105263158,0.2730263157894737,0.41604010025062654,0.009531374106433678,0.8534172379917228,0.008064516129032258,3.0
W2_apt,11,theft_delay_s,60.0,304,0.8736842105263158,0.2730263157894737,0.41604010025062654,0.009531374106433678,0.8534172379917228,0.008568548387096774,3.0
W2_apt,11,theft_delay_s,600.0,304,0.8736842105263158,0.2730263157894737,0.41604010025062654,0.009531374106433678,0.8534172379917228,0.008568548387096774,3.0
W2_apt,12,flapping_rate,0.0,308,0.8920863309352518,0.4025974025974026,0.5548098434004475,0.01195219123505976,0.8632819371863196,0.025341130604288498,1.5
W2_apt,12,flapping_rate,0.01,312,0.9401709401709402,0.3525641025641026,0.5128205128205129,0.005595523581135092,0.8682656438951403,0.023073146784486992,2.0
W2_apt,12,flapping_rate,0.02,305,0.8771929824561403,0.32786885245901637,0.477326968973747,0.011128775834658187,0.8535223748338503,0.017664376840039256,2.0
W2_apt,12,flapping_rate,0.05,305,0.8586956521739131,0.25901639344262295,0.3979848866498741,0.010333863275039745,0.8414397039276499,0.009877704609595485,3.0
W2_apt,12,flapping_rate,0.1,321,1.0,0.1588785046728972,0.27419354838709675,0.0,0.815818120707732,0.011111111111111112,2.0
W2_apt,12,flapping_rate,0.2,297,1.0,0.15151515151515152,0.2631578947368421,0.0,0.8270700687762299,0.01842374616171955,1.0
W2_apt,12,monotone_rate,0.0,299,1.0,0.1705685618729097,0.29142857142857137,0.0,0.8850665191990178,0.012532637075718016,1.0
W2_apt,12,monotone_rate,0.05,301,1.0,0.11627906976744186,0.20833333333333334,0.0,0.8584972963865825,0.007890583903208837,3.0
W2_apt,12,monotone_rate,0.15,305,0.8586956521739131,0.25901639344262295,0.3979848866498741,0.010333863275039745,0.8414397039276499,0.009877704609595485,3.0
W2_apt,12,monotone_rate,0.3,298,0.9036144578313253,0.2516778523489933,0.3937007874015749,0.006324110671936759,0.8194736981722683,0.013251783893985729,3.0
W2_apt,12,monotone_rate,0.5,281,0.8556701030927835,0.29537366548042704,0.4391534391534392,0.0109204368174727,0.8206455660361646,0.0195971692977681,3.0
W2_apt,12,attack_fraction,0.05,312,0.8645833333333334,0.266025641025641,0.4068627450980392,0.010391686650679457,0.8592946155895796,0.014534883720930232,2.0
W2_apt,12,attack_fraction,0.1,311,0.8673469387755102,0.2733118971061093,0.4156479217603912,0.010383386581469648,0.8647193429419681,0.013181545835829839,2.0
W2_apt,12,attack_fraction,0.2,311,0.8645833333333334,0.26688102893890675,0.4078624078624079,0.010383386581469648,0.8551577925480004,0.014132278123233465,2.0
W2_apt,12,attack_fraction,0.4,305,0.8586956521739131,0.25901639344262295,0.3979848866498741,0.010333863275039745,0.8414397039276499,0.009877704609595485,3.0
W2_apt,12,attack_fraction,0.6,311,0.8686868686868687,0.2765273311897106,0.4195121951219512,0.010383386581469648,0.8652650935352311,0.009450945094509451,4.0
W2_apt,12,attack_rate,0.02,26,0.36363636363636365,0.3076923076923077,0.33333333333333337,0.009108653220559532,0.8119963965767479,0.018633540372670808,2.5
W2_apt,12,attack_rate,0.05,77,0.5757575757575758,0.24675324675324675,0.3454545454545455,0.009421265141318977,0.8289140200311129,0.021359223300970873,3.0
W2_apt,12,attack_rate,0.1,151,0.7543859649122807,0.2847682119205298,0.41346153846153844,0.009915014164305949,0.8615063880081797,0.015594541910331383,3.0
W2_apt,12,attack_rate,0.2,305,0.8586956521739131,0.25901639344262295,0.3979848866498741,0.010333863275039745,0.8414397039276499,0.009877704609595485,3.0
W2_apt,12,attack_rate,0.35,530,0.9440559440559441,0.25471698113207547,0.4011887072808321,0.007744433688286544,0.8669089846389888,0.01224373576309795,3.0
W2_apt,12,theft_position,0.10-0.20,319,0.8673469387755102,0.2664576802507837,0.407673860911271,0.01045016077170418,0.8585234202542108,0.01368791552600704,2.0
W2_apt,12,theft_position,0.25-0.50,305,0.8586956521739131,0.25901639344262295,0.3979848866498741,0.010333863275039745,0.8414397039276499,0.009877704609595485,3.0
W2_apt,12,theft_position,0.50-0.70,211,0.78125,0.23696682464454977,0.36363636363636365,0.010355029585798817,0.8504988221767296,0.010221465076660987,3.0
W2_apt,12,theft_position,0.70-0.85,60,0.5333333333333333,0.26666666666666666,0.3555555555555555,0.009314703925482368,0.8738356620093147,0.017123287671232876,4.0
W2_apt,12,theft_delay_s,0.0,313,0.8686868686868687,0.2747603833865815,0.41747572815533984,0.0104,0.8651322683706071,0.012369172216936251,3.0
W2_apt,12,theft_delay_s,1.0,313,0.8686868686868687,0.2747603833865815,0.41747572815533984,0.0104,0.8651322683706071,0.012369172216936251,3.0
W2_apt,12,theft_delay_s,60.0,313,0.8686868686868687,0.2747603833865815,0.41747572815533984,0.0104,0.8651322683706071,0.012369172216936251,3.0
W2_apt,12,theft_delay_s,600.0,313,0.8686868686868687,0.2747603833865815,0.41747572815533984,0.0104,0.8651322683706071,0.012369172216936251,3.0
W2_apt,13,flapping_rate,0.0,285,1.0,0.3473684210526316,0.515625,0.0,0.8630823929934383,0.023784901758014478,2.0
W2_apt,13,flapping_rate,0.01,279,0.9278350515463918,0.3225806451612903,0.4787234042553192,0.005451713395638629,0.8369398943713083,0.022459292532285232,3.0
W2_apt,13,flapping_rate,0.02,284,0.9655172413793104,0.29577464788732394,0.4528301886792453,0.0023455824863174357,0.8743640498188505,0.017758046614872364,2.0
W2_apt,13,flapping_rate,0.05,296,0.8673469387755102,0.28716216216216217,0.4314720812182741,0.010260457774269928,0.8720055888564175,0.013111447302067574,3.0
W2_apt,13,flapping_rate,0.1,306,1.0,0.15359477124183007,0.2662889518413598,0.0,0.8664485417609101,0.011869436201780416,1.0
W2_apt,13,flapping_rate,0.2,316,1.0,0.189873417721519,0.3191489361702127,0.0,0.8065851715002081,0.022900763358778626,1.0
W2_apt,13,monotone_rate,0.0,292,0.8378378378378378,0.21232876712328766,0.33879781420765026,0.00944138473642801,0.8686208680469483,0.011253196930946292,2.0
W2_apt,13,monotone_rate,0.05,301,0.945054945054945,0.2857142857142857,0.4387755102040816,0.003961965134706815,0.8821703671333274,0.015533980582524271,2.0
W2_apt,13,monotone_rate,0.15,296,0.8673469387755102,0.28716216216216217,0.4314720812182741,0.010260457774269928,0.8720055888564175,0.013111447302067574,3.0
W2_apt,13,monotone_rate,0.3,311,0.8888888888888888,0.2829581993569132,0.4292682926829269,0.00878594249201278,0.8476135931705413,0.014077425842131725,3.0
W2_apt,13,monotone_rate,0.5,299,0.9125,0.24414715719063546,0.3852242744063325,0.005537974683544304,0.8115011536344778,0.013374485596707819,3.0
W2_apt,13,attack_fraction,0.05,294,0.8785046728971962,0.3197278911564626,0.46882793017456365,0.01024428684003152,0.8876318060715224,0.01969796454366382,1.0
W2_apt,13,attack_fraction,0.1,295,0.8555555555555555,0.26101694915254237,0.39999999999999997,0.01025236593059937,0.8484374164572529,0.01486988847583643,2.0
W2_apt,13,attack_fraction,0.2,289,0.8505747126436781,0.2560553633217993,0.3936170212765957,0.01020408163265306,0.8543086918025129,0.013317191283292978,2.0
W2_apt,13,attack_fraction,0.4,296,0.8673469387755102,0.28716216216216217,0.4314720812182741,0.010260457774269928,0.8720055888564175,0.013111447302067574,3.0
W2_apt,13,attack_fraction,0.6,291,0.8354430379746836,0.2268041237113402,0.3567567567567567,0.010220125786163521,0.868603978905963,0.007075471698113208,4.0
W2_apt,13,attack_rate,0.02,26,0.36363636363636365,0.3076923076923077,0.33333333333333337,0.009108653220559532,0.8731920324308092,0.0196078431372549,1.5
W2_apt,13,attack_rate,0.05,68,0.5625,0.2647058823529412,0.36000000000000004,0.009364548494983277,0.8244638992720834,0.014675052410901468,2.5
W2_apt,13,attack_rate,0.1,124,0.6976744186046512,0.24193548387096775,0.35928143712574856,0.009034051424600417,0.8279214956623103,0.0140485312899106,2.0
W2_apt,13,attack_rate,0.2,296,0.8673469387755102,0.28716216216216217,0.4314720812182741,0.010260457774269928,0.8720055888564175,0.013111447302067574,3.0
W2_apt,13,attack_rate,0.35,531,0.9337748344370861,0.2655367231638418,0.4134897360703812,0.009689922480620155,0.8526201112424999,0.011315417256011316,3.0
W2_apt,13,theft_position,0.10-0.20,303,0.8879310344827587,0.33993399339933994,0.4916467780429594,0.010317460317460317,0.8583961967625334,0.016079965232507605,1.0
W2_apt,13,theft_position,0.25-0.50,296,0.8673469387755102,0.28716216216216217,0.4314720812182741,0.010260457774269928,0.8720055888564175,0.013111447302067574,3.0
W2_apt,13,theft_position,0.50-0.70,194,0.7777777777777778,0.25257731958762886,0.3813229571984436,0.010226442658875092,0.8573569389952783,0.012115563839701771,3.0
W2_apt,13,theft_position,0.70-0.85,61,0.46153846153846156,0.19672131147540983,0.27586206896551724,0.009320905459387484,0.8827901595686626,0.013559322033898305,3.0
W2_apt,13,theft_delay_s,0.0,290,0.8452380952380952,0.24482758620689654,0.3796791443850267,0.01021209740769835,0.8536446623506786,0.007869884575026232,3.0
W2_apt,13,theft_delay_s,1.0,290,0.8470588235294118,0.2482758620689655,0.384,0.01021209740769835,0.8538464663975947,0.008394543546694649,3.0
W2_apt,13,theft_delay_s,60.0,290,0.8470588235294118,0.2482758620689655,0.384,0.01021209740769835,0.8538464663975947,0.008394543546694649,3.0
W2_apt,13,theft_delay_s,600.0,290,0.8470588235294118,0.2482758620689655,0.384,0.01021209740769835,0.8538464663975947,0.008394543546694649,3.0
W2_apt,14,flapping_rate,0.0,302,0.9071428571428571,0.4205298013245033,0.574660633484163,0.010309278350515464,0.8688442369400927,0.027105517909002903,2.0
W2_apt,14,flapping_rate,0.01,293,0.9482758620689655,0.37542662116040953,0.5378973105134474,0.004724409448818898,0.861968235199269,0.02928416485900217,2.0
W2_apt,14,flapping_rate,0.02,301,0.9493670886075949,0.24916943521594684,0.39473684210526316,0.003169572107765452,0.8403722930959138,0.009,3.0
W2_apt,14,flapping_rate,0.05,283,1.0,0.15901060070671377,0.274390243902439,0.0,0.8396132398409893,0.016711590296495958,1.0
W2_apt,14,flapping_rate,0.1,293,1.0,0.12627986348122866,0.22424242424242424,0.0,0.835699121227594,0.010319410319410319,1.0
W2_apt,14,flapping_rate,0.2,308,1.0,0.21428571428571427,0.35294117647058826,0.0,0.8163294872458219,0.023338406900050734,1.0
W2_apt,14,monotone_rate,0.0,312,1.0,0.1762820512820513,0.2997275204359673,0.0,0.8784062493594867,0.010843941537010843,2.0
W2_apt,14,monotone_rate,0.05,301,1.0,0.15282392026578073,0.2651296829971182,0.0,0.8885463668384834,0.013119533527696793,1.0
W2_apt,14,monotone_rate,0.15,283,1.0,0.15901060070671377,0.274390243902439,0.0,0.8396132398409893,0.016711590296495958,1.0
W2_apt,14,monotone_rate,0.3,307,1.0,0.22149837133550487,0.36266666666666664,0.0,0.8577888026722547,0.01818181818181818,2.0
W2_apt,14,monotone_rate,0.5,317,1.0,0.167192429022082,0.28648648648648645,0.0,0.8109673352203391,0.015384615384615385,1.0
W2_apt,14,attack_fraction,0.05,283,1.0,0.1413427561837456,0.24767801857585137,0.0,0.8553445229681979,0.010276172125883108,1.0
W2_apt,14,attack_fraction,0.1,283,1.0,0.14840989399293286,0.25846153846153846,0.0,0.8679563272968198,0.010828025477707006,1.0
W2_apt,14,attack_fraction,0.2,284,1.0,0.176056338028169,0.2994011976047904,0.0,0.8497877413031748,0.017341040462427744,1.0
W2_apt,14,attack_fraction,0.4,283,1.0,0.15901060070671377,0.274390243902439,0.0,0.8396132398409893,0.016711590296495958,1.0
W2_apt,14,attack_fraction,0.6,288,1.0,0.14930555555555555,0.2598187311178248,0.0,0.8531549564270152,0.009930486593843098,3.0
W2_apt,14,attack_rate,0.02,31,1.0,0.0967741935483871,0.17647058823529413,0.0,0.8225385328055251,0.009900990099009901,1.0
W2_apt,14,attack_rate,0.05,75,1.0,0.17333333333333334,0.29545454545454547,0.0,0.8424507168458781,0.01762114537444934,1.0
W2_apt,14,attack_rate,0.1,147,1.0,0.09523809523809523,0.17391304347826084,0.0,0.8567753372535455,0.007478632478632479,1.0
W2_apt,14,attack_rate,0.2,283,1.0,0.15901060070671377,0.274390243902439,0.0,0.8396132398409893,0.016711590296495958,1.0
W2_apt,14,attack_rate,0.35,522,1.0,0.17049808429118773,0.29132569558101473,0.0,0.847301813390455,0.011904761904761904,1.0
W2_apt,14,theft_position,0.10-0.20,296,1.0,0.16891891891891891,0.28901734104046245,0.0,0.8450758868576548,0.014971378247468076,1.0
W2_apt,14,theft_position,0.25-0.50,283,1.0,0.15901060070671377,0.274390243902439,0.0,0.8396132398409893,0.016711590296495958,1.0
W2_apt,14,theft_position,0.50-0.70,199,1.0,0.10050251256281408,0.18264840182648404,0.0,0.8408925124154497,0.005758157389635317,3.0
W2_apt,14,theft_position,0.70-0.85,62,1.0,0.0967741935483871,0.17647058823529413,0.0,0.8260514495712535,0.0036231884057971015,3.0
W2_apt,14,theft_delay_s,0.0,293,1.0,0.12286689419795221,0.21884498480243159,0.0,0.8561917175028889,0.007419183889772125,3.0
W2_apt,14,theft_delay_s,1.0,293,1.0,0.12286689419795221,0.21884498480243159,0.0,0.8561917175028889,0.00794912559618442,3.0
W2_apt,14,theft_delay_s,60.0,293,1.0,0.12286689419795221,0.21884498480243159,0.0,0.8561917175028889,0.00794912559618442,3.0
W2_apt,14,theft_delay_s,600.0,293,1.0,0.12286689419795221,0.21884498480243159,0.0,0.8561917175028889,0.00794912559618442,3.0
W2_apt,15,flapping_rate,0.0,300,0.9148936170212766,0.43,0.5850340136054422,0.009501187648456057,0.8698957508577461,0.03260869565217391,1.0
W2_apt,15,flapping_rate,0.01,291,1.0,0.32989690721649484,0.49612403100775193,0.0,0.8707409388575504,0.02232606438213915,3.0
W2_apt,15,flapping_rate,0.02,299,0.9444444444444444,0.22742474916387959,0.36657681940700804,0.0031645569620253164,0.847602504127683,0.010869565217391304,2.0
W2_apt,15,flapping_rate,0.05,292,0.8902439024390244,0.25,0.3903743315508022,0.007081038552321007,0.8513911492407015,0.01282051282051282,3.0
W2_apt,15,flapping_rate,0.1,305,1.0,0.15081967213114755,0.26210826210826216,0.0,0.8291094373061586,0.01116504854368932,1.0
W2_apt,15,flapping_rate,0.2,318,1.0,0.1949685534591195,0.3263157894736842,0.0,0.7857341314945316,0.022767857142857142,1.0
W2_apt,15,monotone_rate,0.0,325,0.8913043478260869,0.2523076923076923,0.39328537170263783,0.008077544426494346,0.8807555610786628,0.011241217798594848,2.5
W2_apt,15,monotone_rate,0.05,324,0.8666666666666667,0.24074074074074073,0.37681159420289856,0.009685230024213076,0.8642984186769498,0.012309207287050714,3.0
W2_apt,15,monotone_rate,0.15,292,0.8902439024390244,0.25,0.3903743315508022,0.007081038552321007,0.8513911492407015,0.01282051282051282,3.0
W2_apt,15,monotone_rate,0.3,313,1.0,0.2012779552715655,0.3351063829787234,0.0,0.8430313099041533,0.01593625498007968,1.0
W2_apt,15,monotone_rate,0.5,294,1.0,0.20408163265306123,0.3389830508474576,0.0,0.8210720852564825,0.025940996948118005,1.0
W2_apt,15,attack_fraction,0.05,289,0.8953488372093024,0.2664359861591695,0.4106666666666666,0.00706436420722135,0.8545762196281227,0.013166144200626959,2.0
W2_apt,15,attack_fraction,0.1,288,0.9,0.28125,0.4285714285714286,0.007058823529411765,0.8528485838779957,0.013215859030837005,1.5
W2_apt,15,attack_fraction,0.2,290,0.896551724137931,0.2689655172413793,0.41379310344827586,0.007069913589945012,0.8569236395156703,0.008955223880597015,2.0
W2_apt,15,attack_fraction,0.4,292,0.8902439024390244,0.25,0.3903743315508022,0.007081038552321007,0.8513911492407015,0.01282051282051282,3.0
W2_apt,15,attack_fraction,0.6,289,0.8888888888888888,0.2491349480968858,0.38918918918918916,0.00706436420722135,0.8384539336096429,0.011041766682669226,3.0
W2_apt,15,attack_rate,0.02,35,0.4,0.22857142857142856,0.2909090909090909,0.007853403141361256,0.8773279730740464,0.0,2.5
W2_apt,15,attack_rate,0.05,80,0.5416666666666666,0.1625,0.25,0.007417397167902899,0.8335721510451787,0.003838771593090211,3.0
W2_apt,15,attack_rate,0.1,158,0.7708333333333334,0.23417721518987342,0.3592233009708738,0.007829181494661922,0.827309788729222,0.00554016620498615,3.0
W2_apt,15,attack_rate,0.2,292,0.8902439024390244,0.25,0.3903743315508022,0.007081038552321007,0.8513911492407015,0.01282051282051282,3.0
W2_apt,15,attack_rate,0.35,535,0.9530201342281879,0.26542056074766357,0.41520467836257313,0.006809338521400778,0.8438625040910579,0.014072614691809739,3.0
W2_apt,15,theft_position,0.10-0.20,296,0.8846153846153846,0.23310810810810811,0.36898395721925137,0.007103393843725336,0.8366792700356236,0.007852375343541421,2.0
W2_apt,15,theft_position,0.25-0.50,292,0.8902439024390244,0.25,0.3903743315508022,0.007081038552321007,0.8513911492407015,0.01282051282051282,3.0
W2_apt,15,theft_position,0.50-0.70,194,0.8571428571428571,0.27835051546391754,0.42023346303501946,0.006574141709276844,0.8528254501366789,0.01691542288557214,3.0
W2_apt,15,theft_position,0.70-0.85,58,0.5,0.1896551724137931,0.27499999999999997,0.007308970099667774,0.8250830564784053,0.009900990099009901,3.0
W2_apt,15,theft_delay_s,0.0,284,0.9117647058823529,0.3274647887323944,0.4818652849740933,0.007036747458952306,0.8560963120395555,0.013326226012793176,3.0
W2_apt,15,theft_delay_s,1.0,284,0.9117647058823529,0.3274647887323944,0.4818652849740933,0.007036747458952306,0.8560963120395555,0.013326226012793176,3.0
W2_apt,15,theft_delay_s,60.0,284,0.9117647058823529,0.3274647887323944,0.4818652849740933,0.007036747458952306,0.8560963120395555,0.013326226012793176,3.0
W2_apt,15,theft_delay_s,600.0,284,0.9117647058823529,0.3274647887323944,0.4818652849740933,0.007036747458952306,0.8560963120395555,0.013326226012793176,3.0
W2_apt,16,flapping_rate,0.0,291,1.0,0.40893470790378006,0.5804878048780489,0.0,0.9017363137305755,0.022520107238605896,2.0
W2_apt,16,flapping_rate,0.01,292,0.9183673469387755,0.3082191780821918,0.46153846153846156,0.006294256490952006,0.8541691365875215,0.012171372930866602,3.0
W2_apt,16,flapping_rate,0.02,299,0.8761904761904762,0.3076923076923077,0.4554455445544555,0.010284810126582278,0.8691061449557597,0.022655426765015807,2.0
W2_apt,16,flapping_rate,0.05,301,0.8586956521739131,0.26245847176079734,0.4020356234096692,0.010301109350237718,0.8585038777240156,0.012339585389930898,3.0
W2_apt,16,flapping_rate,0.1,286,1.0,0.19230769230769232,0.32258064516129037,0.0,0.83877477260406,0.012665198237885462,3.0
W2_apt,16,flapping_rate,0.2,301,1.0,0.2059800664451827,0.34159779614325064,0.0,0.8257801517393158,0.029322548028311426,1.0
W2_apt,16,monotone_rate,0.0,295,1.0,0.15593220338983052,0.26979472140762467,0.0,0.8696465807624445,0.011386138613861386,1.0
W2_apt,16,monotone_rate,0.05,314,0.9010989010989011,0.2611464968152866,0.4049382716049382,0.007205764611689352,0.8764591290867089,0.0160481444332999,3.0
W2_apt,16,monotone_rate,0.15,301,0.8586956521739131,0.26245847176079734,0.4020356234096692,0.010301109350237718,0.8585038777240156,0.012339585389930898,3.0
W2_apt,16,monotone_rate,0.3,300,0.92,0.30666666666666664,0.4600000000000001,0.006334125098970704,0.8606980733702824,0.01424361493123772,2.0
W2_apt,16,monotone_rate,0.5,291,1.0,0.1958762886597938,0.3275862068965517,0.0,0.8223540599537488,0.01224889759921607,1.0
W2_apt,16,attack_fraction,0.05,297,0.8602150537634409,0.26936026936026936,0.41025641025641024,0.010268562401263823,0.8712254190137286,0.013466042154566744,1.0
W2_apt,16,attack_fraction,0.1,297,0.8645833333333334,0.27946127946127947,0.4223918575063613,0.010268562401263823,0.8605672310253669,0.011432009626955475,2.0
W2_apt,16,attack_fraction,0.2,300,0.8488372093023255,0.24333333333333335,0.37823834196891193,0.010292953285827395,0.860387965162312,0.014730878186968839,2.0
W2_apt,16,attack_fraction,0.4,301,0.8586956521739131,0.26245847176079734,0.4020356234096692,0.010301109350237718,0.8585038777240156,0.012339585389930898,3.0
W2_apt,16,attack_fraction,0.6,301,0.8571428571428571,0.2591362126245847,0.39795918367346933,0.010301109350237718,0.8428613549131,0.01094391244870041,4.0
W2_apt,16,attack_rate,0.02,35,0.4444444444444444,0.34285714285714286,0.3870967741935484,0.00981675392670157,0.8879581151832461,0.013392857142857142,2.5
W2_apt,16,attack_rate,0.05,81,0.6111111111111112,0.2716049382716049,0.37606837606837606,0.009446693657219974,0.8605029906199497,0.01603206412825651,3.0
W2_apt,16,attack_rate,0.1,148,0.7636363636363637,0.28378378378378377,0.41379310344827586,0.009187279151943463,0.8844570719129023,0.012725344644750796,3.0
W2_apt,16,attack_rate,0.2,301,0.8586956521739131,0.26245847176079734,0.4020356234096692,0.010301109350237718,0.8585038777240156,0.012339585389930898,3.0
W2_apt,16,attack_rate,0.35,539,0.9111111111111111,0.22820037105751392,0.3649851632047478,0.01171875,0.8424165120593692,0.0105643591882124,3.0
W2_apt,16,theft_position,0.10-0.20,310,0.8522727272727273,0.24193548387096775,0.3768844221105528,0.010375099760574621,0.8595499832659681,0.008562918838421444,2.0
W2_apt,16,theft_position,0.25-0.50,301,0.8586956521739131,0.26245847176079734,0.4020356234096692,0.010301109350237718,0.8585038777240156,0.012339585389930898,3.0
W2_apt,16,theft_position,0.50-0.70,213,0.7758620689655172,0.2112676056338028,0.33210332103321033,0.00962962962962963,0.8490888541123283,0.008496176720475786,3.0
W2_apt,16,theft_position,0.70-0.85,65,0.4166666666666667,0.15384615384615385,0.22471910112359555,0.009345794392523364,0.8449984594844407,0.012307692307692308,3.0
W2_apt,16,theft_delay_s,0.0,301,0.8488372093023255,0.2425249169435216,0.37726098191214474,0.010301109350237718,0.8575785416809262,0.014646464646464647,2.0
W2_apt,16,theft_delay_s,1.0,301,0.8488372093023255,0.2425249169435216,0.37726098191214474,0.010301109350237718,0.8575785416809262,0.015656565656565657,2.0
W2_apt,16,theft_delay_s,60.0,301,0.8488372093023255,0.2425249169435216,0.37726098191214474,0.010301109350237718,0.8575785416809262,0.01616161616161616,2.0
W2_apt,16,theft_delay_s,600.0,301,0.8488372093023255,0.2425249169435216,0.37726098191214474,0.010301109350237718,0.8575785416809262,0.01616161616161616,2.0
W2_apt,17,flapping_rate,0.0,302,1.0,0.4105960264900662,0.5821596244131456,0.0,0.8936340337480503,0.020692974013474495,3.0
W2_apt,17,flapping_rate,0.01,304,0.9532710280373832,0.3355263157894737,0.4963503649635036,0.003971405877680699,0.8708626834162452,0.024986709197235512,1.5
W2_apt,17,flapping_rate,0.02,306,0.9469026548672567,0.34967320261437906,0.5107398568019093,0.00477326968973747,0.8615517806167813,0.026392961876832845,1.0
W2_apt,17,flapping_rate,0.05,311,0.9,0.2604501607717042,0.4039900249376559,0.00718849840255591,0.8500405781617579,0.018311291963377416,2.0
W2_apt,17,flapping_rate,0.1,324,1.0,0.15432098765432098,0.267379679144385,0.0,0.8558076505345809,0.007146260123868509,2.5
W2_apt,17,flapping_rate,0.2,324,1.0,0.2345679012345679,0.38,0.0,0.8189126037525284,0.024662633783154957,1.0
W2_apt,17,monotone_rate,0.0,284,0.8301886792452831,0.30985915492957744,0.45128205128205123,0.014073494917904612,0.8808598266691627,0.011088709677419355,2.0
W2_apt,17,monotone_rate,0.05,290,0.9270833333333334,0.30689655172413793,0.4611398963730571,0.0054988216810683424,0.8870032776227754,0.013262599469496022,3.0
W2_apt,17,monotone_rate,0.15,311,0.9,0.2604501607717042,0.4039900249376559,0.00718849840255591,0.8500405781617579,0.018311291963377416,2.0
W2_apt,17,monotone_rate,0.3,324,1.0,0.18209876543209877,0.3080939947780679,0.0,0.8461261570960252,0.015356820234869015,2.0
W2_apt,17,monotone_rate,0.5,314,0.8953488372093024,0.24522292993630573,0.385,0.007205764611689352,0.8117844594146655,0.023625843780135006,2.0
W2_apt,17,attack_fraction,0.05,313,0.9117647058823529,0.2971246006389776,0.44819277108433725,0.0072,0.8816511182108626,0.013390139987827145,2.0
W2_apt,17,attack_fraction,0.1,312,0.9117647058823529,0.2980769230769231,0.4492753623188406,0.007194244604316547,0.8805570927873086,0.014093137254901961,2.0
W2_apt,17,attack_fraction,0.2,310,0.8977272727272727,0.25483870967741934,0.3969849246231155,0.007182761372705506,0.8432780681203821,0.010869565217391304,1.0
W2_apt,17,attack_fraction,0.4,311,0.9,0.2604501607717042,0.4039900249376559,0.00718849840255591,0.8500405781617579,0.018311291963377416,2.0
W2_apt,17,attack_fraction,0.6,313,0.9021739130434783,0.26517571884984026,0.40987654320987654,0.0072,0.849482428115016,0.012269938650306749,4.5
W2_apt,17,attack_rate,0.02,32,0.35294117647058826,0.1875,0.24489795918367344,0.007184846505551927,0.8874408066623122,0.010526315789473684,2.5
W2_apt,17,attack_rate,0.05,79,0.6857142857142857,0.3037974683544304,0.42105263157894735,0.007412398921832884,0.8828815380941007,0.0125,3.0
W2_apt,17,attack_rate,0.1,153,0.7959183673469388,0.2549019607843137,0.3861386138613861,0.0070921985815602835,0.857363370880267,0.013171225937183385,3.0
W2_apt,17,attack_rate,0.2,311,0.9,0.2604501607717042,0.4039900249376559,0.00718849840255591,0.8500405781617579,0.018311291963377416,2.0
W2_apt,17,attack_rate,0.35,543,0.9444444444444444,0.2504604051565378,0.3959243085880641,0.00784313725490196,0.8609296573141227,0.010702524698133918,3.0
W2_apt,17,theft_position,0.10-0.20,322,0.9072164948453608,0.2732919254658385,0.42004773269689744,0.007252215954875101,0.842579616718635,0.014637904468412942,1.0
W2_apt,17,theft_position,0.25-0.50,311,0.9,0.2604501607717042,0.4039900249376559,0.00718849840255591,0.8500405781617579,0.018311291963377416,2.0
W2_apt,17,theft_position,0.50-0.70,218,0.859375,0.25229357798165136,0.3900709219858156,0.006691449814126394,0.864600457010334,0.011545293072824156,4.0
W2_apt,17,theft_position,0.70-0.85,59,0.5,0.1864406779661017,0.271604938271605,0.007313829787234043,0.8555377749729535,0.011764705882352941,4.0
W2_apt,17,theft_delay_s,0.0,309,0.9142857142857143,0.3106796116504854,0.46376811594202894,0.007177033492822967,0.8578000237427933,0.01903292181069959,3.0
W2_apt,17,theft_delay_s,1.0,309,0.9142857142857143,0.3106796116504854,0.46376811594202894,0.007177033492822967,0.8578000237427933,0.01903292181069959,3.0
W2_apt,17,theft_delay_s,60.0,309,0.9142857142857143,0.3106796116504854,0.46376811594202894,0.007177033492822967,0.8578000237427933,0.01903292181069959,3.0
W2_apt,17,theft_delay_s,600.0,309,0.9142857142857143,0.3106796116504854,0.46376811594202894,0.007177033492822967,0.8578000237427933,0.01903292181069959,3.0
W2_apt,18,flapping_rate,0.0,319,1.0,0.36990595611285265,0.540045766590389,0.0,0.8666766623995806,0.023698884758364312,2.0
W2_apt,18,flapping_rate,0.01,322,0.9767441860465116,0.391304347826087,0.5587583148558759,0.0024174053182917004,0.8794700727223588,0.029693486590038315,2.0
W2_apt,18,flapping_rate,0.02,318,0.9615384615384616,0.2358490566037736,0.3787878787878788,0.0024096385542168677,0.868087444116087,0.009004952723998198,2.0
W2_apt,18,flapping_rate,0.05,319,1.0,0.14420062695924765,0.2520547945205479,0.0,0.8473991774939773,0.009017560512577124,2.0
W2_apt,18,flapping_rate,0.1,293,1.0,0.18088737201365188,0.3063583815028902,0.0,0.8362916879417377,0.011788826242952332,1.0
W2_apt,18,flapping_rate,0.2,275,1.0,0.14545454545454545,0.25396825396825395,0.0,0.7720200451722191,0.02165674066053059,1.0
W2_apt,18,monotone_rate,0.0,299,1.0,0.14715719063545152,0.25655976676384845,0.0,0.8972524448583887,0.009264024704065878,1.5
W2_apt,18,monotone_rate,0.05,299,1.0,0.17391304347826086,0.29629629629629634,0.0,0.8694024914271199,0.013609145345672292,1.0
W2_apt,18,monotone_rate,0.15,319,1.0,0.14420062695924765,0.2520547945205479,0.0,0.8473991774939773,0.009017560512577124,2.0
W2_apt,18,monotone_rate,0.3,276,0.8414634146341463,0.25,0.38547486033519557,0.010101010101010102,0.830862977602108,0.012114537444933921,3.0
W2_apt,18,monotone_rate,0.5,314,0.8571428571428571,0.267515923566879,0.40776699029126207,0.01120896717373899,0.8031444263691208,0.020522388059701493,3.0
W2_apt,18,attack_fraction,0.05,319,1.0,0.14106583072100312,0.24725274725274723,0.0,0.8552538076182604,0.012242626599888704,1.0
W2_apt,18,attack_fraction,0.1,319,1.0,0.14106583072100312,0.24725274725274723,0.0,0.8562542208872179,0.012127894156560088,1.0
W2_apt,18,attack_fraction,0.2,320,1.0,0.175,0.2978723404255319,0.0,0.8587904766693484,0.014331210191082803,1.0
W2_apt,18,attack_fraction,0.4,319,1.0,0.14420062695924765,0.2520547945205479,0.0,0.8473991774939773,0.009017560512577124,2.0
W2_apt,18,attack_fraction,0.6,322,1.0,0.17391304347826086,0.29629629629629634,0.0,0.8554061290984529,0.011904761904761904,3.0
W2_apt,18,attack_rate,0.02,39,1.0,0.10256410256410256,0.18604651162790695,0.0,0.8745625546806649,0.009900990099009901,1.0
W2_apt,18,attack_rate,0.05,79,1.0,0.21518987341772153,0.3541666666666667,0.0,0.8745052714183357,0.015414258188824663,1.0
W2_apt,18,attack_rate,0.1,155,1.0,0.14838709677419354,0.2584269662921348,0.0,0.8696984970674487,0.01065891472868217,2.0
W2_apt,18,attack_rate,0.2,319,1.0,0.14420062695924765,0.2520547945205479,0.0,0.8473991774939773,0.009017560512577124,2.0
W2_apt,18,attack_rate,0.35,548,1.0,0.16423357664233576,0.28213166144200624,0.0,0.8607933911042394,0.00912506709608159,3.0
W2_apt,18,theft_position,0.10-0.20,327,1.0,0.20795107033639143,0.34430379746835443,0.0,0.8568270439317914,0.01554001554001554,1.0
W2_apt,18,theft_position,0.25-0.50,319,1.0,0.14420062695924765,0.2520547945205479,0.0,0.8473991774939773,0.009017560512577124,2.0
W2_apt,18,theft_position,0.50-0.70,223,1.0,0.11210762331838565,0.20161290322580644,0.0,0.8650274412689913,0.009983361064891847,1.0
W2_apt,18,theft_position,0.70-0.85,73,1.0,0.136986301369863,0.24096385542168672,0.0,0.8765008734025926,0.01749271137026239,1.0
W2_apt,18,theft_delay_s,0.0,319,1.0,0.11912225705329153,0.21288515406162464,0.0,0.8526822163311796,0.007194244604316547,3.0
W2_apt,18,theft_delay_s,1.0,319,1.0,0.11912225705329153,0.21288515406162464,0.0,0.8526822163311796,0.007194244604316547,3.0
W2_apt,18,theft_delay_s,60.0,319,1.0,0.11912225705329153,0.21288515406162464,0.0,0.8526822163311796,0.007194244604316547,3.0
W2_apt,18,theft_delay_s,600.0,319,1.0,0.11912225705329153,0.21288515406162464,0.0,0.8526822163311796,0.007194244604316547,3.0
W2_apt,19,flapping_rate,0.0,286,1.0,0.4125874125874126,0.5841584158415842,0.0,0.8773526786447695,0.02754131196795193,2.0
W2_apt,19,flapping_rate,0.01,284,0.9391304347826087,0.38028169014084506,0.5413533834586466,0.00547302580140735,0.8673217962977238,0.03021978021978022,1.0
W2_apt,19,flapping_rate,0.02,284,0.8962264150943396,0.3345070422535211,0.4871794871794872,0.008600469116497263,0.8543123478950324,0.02271526677231907,3.0
W2_apt,19,flapping_rate,0.05,290,0.9101123595505618,0.2793103448275862,0.4274406332453826,0.006284367635506678,0.8521521250372457,0.01080802882141019,3.0
W2_apt,19,flapping_rate,0.1,293,1.0,0.14675767918088736,0.25595238095238093,0.0,0.8467267743409207,0.010341261633919338,1.0
W2_apt,19,flapping_rate,0.2,308,1.0,0.17207792207792208,0.29362880886426596,0.0,0.7909142650178507,0.019664268585131893,1.0
W2_apt,19,monotone_rate,0.0,319,0.8415841584158416,0.2664576802507837,0.4047619047619047,0.012861736334405145,0.888097350038807,0.013207547169811321,3.0
W2_apt,19,monotone_rate,0.05,300,0.9111111111111111,0.2733333333333333,0.4205128205128205,0.006334125098970704,0.8806386909474796,0.009027081243731194,3.0
W2_apt,19,monotone_rate,0.15,290,0.9101123595505618,0.2793103448275862,0.4274406332453826,0.006284367635506678,0.8521521250372457,0.01080802882141019,3.0
W2_apt,19,monotone_rate,0.3,317,1.0,0.17665615141955837,0.30026809651474534,0.0,0.8442853092039637,0.013390722142515544,2.0
W2_apt,19,monotone_rate,0.5,307,0.8617021276595744,0.26384364820846906,0.4039900249376559,0.010350318471337579,0.8176336645988506,0.01931434089811685,3.0
W2_apt,19,attack_fraction,0.05,289,0.9080459770114943,0.27335640138408307,0.42021276595744683,0.006279434850863423,0.8351919953501763,0.02038369304556355,1.0
W2_apt,19,attack_fraction,0.1,289,0.9024390243902439,0.2560553633217993,0.398921832884097,0.006279434850863423,0.8336710249710744,0.018213866039952998,1.0
W2_apt,19,attack_fraction,0.2,288,0.8823529411764706,0.20833333333333334,0.3370786516853933,0.006274509803921568,0.8329248366013072,0.012215435868961688,1.0
W2_apt,19,attack_fraction,0.4,290,0.9101123595505618,0.2793103448275862,0.4274406332453826,0.006284367635506678,0.8521521250372457,0.01080802882141019,3.0
W2_apt,19,attack_fraction,0.6,288,0.8769230769230769,0.19791666666666666,0.32294617563739375,0.006274509803921568,0.8316162854030501,0.0060324825986078886,4.0
W2_apt,19,attack_rate,0.02,37,0.35294117647058826,0.16216216216216217,0.22222222222222227,0.007208387942332897,0.7885391945024972,0.00823045267489712,2.0
W2_apt,19,attack_rate,0.05,83,0.5416666666666666,0.1566265060240964,0.24299065420560748,0.007432432432432433,0.8004111038749593,0.009478672985781991,2.0
W2_apt,19,attack_rate,0.1,155,0.8275862068965517,0.3096774193548387,0.4507042253521127,0.007102272727272727,0.8691875916422287,0.015209125475285171,2.0
W2_apt,19,attack_rate,0.2,290,0.9101123595505618,0.2793103448275862,0.4274406332453826,0.006284367635506678,0.8521521250372457,0.01080802882141019,3.0
W2_apt,19,attack_rate,0.35,523,0.9455782312925171,0.26577437858508607,0.4149253731343284,0.007692307692307693,0.8213744668333578,0.015727766657134688,3.0
W2_apt,19,theft_position,0.10-0.20,295,0.9111111111111111,0.27796610169491526,0.425974025974026,0.006309148264984227,0.8523405336042346,0.011461318051575931,2.0
W2_apt,19,theft_position,0.25-0.50,290,0.9101123595505618,0.2793103448275862,0.4274406332453826,0.006284367635506678,0.8521521250372457,0.01080802882141019,3.0
W2_apt,19,theft_position,0.50-0.70,209,0.8615384615384616,0.2679425837320574,0.40875912408759124,0.0066469719350073855,0.8755821842776674,0.013043478260869565,3.0
W2_apt,19,theft_position,0.70-0.85,78,0.5925925925925926,0.20512820512820512,0.3047619047619048,0.007407407407407408,0.8535094535094535,0.020289855072463767,3.0
W2_apt,19,theft_delay_s,0.0,289,0.9047619047619048,0.2629757785467128,0.4075067024128686,0.006279434850863423,0.845954218791589,0.009018036072144289,3.0
W2_apt,19,theft_delay_s,1.0,289,0.9047619047619048,0.2629757785467128,0.4075067024128686,0.006279434850863423,0.845954218791589,0.009018036072144289,3.0
W2_apt,19,theft_delay_s,60.0,289,0.9047619047619048,0.2629757785467128,0.4075067024128686,0.006279434850863423,0.845954218791589,0.009018036072144289,3.0
W2_apt,19,theft_delay_s,600.0,289,0.9047619047619048,0.2629757785467128,0.4075067024128686,0.006279434850863423,0.845954218791589,0.009018036072144289,3.0
W2_apt,0,min_requests,7,322,1.0,0.14906832298136646,0.2594594594594595,0.0,0.8433153487720282,0.010921177587844255,2.0
W2_apt,1,min_requests,7,293,0.8780487804878049,0.24573378839590443,0.384,0.007874015748031496,0.8578148934454866,0.009184224743381956,3.0
W2_apt,2,min_requests,7,293,0.8421052631578947,0.21843003412969283,0.3468834688346884,0.009448818897637795,0.8602926553975975,0.015301085883514315,3.0
W2_apt,3,min_requests,7,296,1.0,0.1554054054054054,0.26900584795321636,0.0,0.8362219757247381,0.013333333333333334,1.0
W2_apt,4,min_requests,7,305,0.8529411764705882,0.28524590163934427,0.4275184275184275,0.01192368839427663,0.8434087414318852,0.014471057884231538,3.0
W2_apt,5,min_requests,7,301,0.9166666666666666,0.2558139534883721,0.4,0.005546751188589541,0.8595858495980119,0.009704027171276079,3.0
W2_apt,6,min_requests,7,320,1.0,0.153125,0.2655826558265583,0.0,0.8468083769106999,0.011822660098522168,2.0
W2_apt,7,min_requests,7,311,0.8829787234042553,0.26688102893890675,0.4098765432098765,0.00878594249201278,0.8473477805286461,0.010638297872340425,3.0
W2_apt,8,min_requests,7,289,0.8571428571428571,0.22837370242214533,0.36065573770491804,0.008634222919937205,0.8356618665565774,0.010666666666666666,3.0
W2_apt,9,min_requests,7,335,0.9387755102040817,0.2746268656716418,0.4249422632794457,0.004885993485342019,0.8618454956487919,0.012465373961218837,3.0
W2_apt,10,min_requests,7,287,0.9176470588235294,0.27177700348432055,0.41935483870967744,0.0054858934169279,0.8570814173211145,0.008942661756970016,3.0
W2_apt,11,min_requests,7,305,0.8775510204081632,0.2819672131147541,0.42679900744416877,0.009538950715421303,0.838386457817509,0.015577889447236181,2.0
W2_apt,12,min_requests,7,305,0.8586956521739131,0.25901639344262295,0.3979848866498741,0.010333863275039745,0.8414397039276499,0.009877704609595485,3.0
W2_apt,13,min_requests,7,296,0.8673469387755102,0.28716216216216217,0.4314720812182741,0.010260457774269928,0.8720055888564175,0.013111447302067574,3.0
W2_apt,14,min_requests,7,283,1.0,0.15901060070671377,0.274390243902439,0.0,0.8396132398409893,0.016711590296495958,1.0
W2_apt,15,min_requests,7,292,0.8902439024390244,0.25,0.3903743315508022,0.007081038552321007,0.8513911492407015,0.01282051282051282,3.0
W2_apt,16,min_requests,7,301,0.8586956521739131,0.26245847176079734,0.4020356234096692,0.010301109350237718,0.8585038777240156,0.012339585389930898,3.0
W2_apt,17,min_requests,7,311,0.9,0.2604501607717042,0.4039900249376559,0.00718849840255591,0.8500405781617579,0.018311291963377416,2.0
W2_apt,18,min_requests,7,319,1.0,0.14420062695924765,0.2520547945205479,0.0,0.8473991774939773,0.009017560512577124,2.0
W2_apt,19,min_requests,7,290,0.9101123595505618,0.2793103448275862,0.4274406332453826,0.006284367635506678,0.8521521250372457,0.01080802882141019,3.0
W2_apt,0,min_requests,10,243,1.0,0.16872427983539096,0.2887323943661972,0.0,0.8487389392253484,0.008858780614903595,1.0
W2_apt,1,min_requests,10,233,0.8656716417910447,0.24892703862660945,0.38666666666666666,0.009554140127388535,0.8572050153540545,0.008620689655172414,3.5
W2_apt,2,min_requests,10,236,0.8904109589041096,0.2754237288135593,0.4207119741100324,0.008519701810436636,0.8813062941102147,0.011716461628588167,3.0
W2_apt,3,min_requests,10,240,1.0,0.17083333333333334,0.2918149466192171,0.0,0.8569607843137255,0.015037593984962405,1.0
W2_apt,4,min_requests,10,263,0.9113924050632911,0.2737642585551331,0.42105263157894735,0.007675438596491228,0.8648418217597225,0.010536879076768691,3.0
W2_apt,5,min_requests,10,235,0.9230769230769231,0.2553191489361702,0.4,0.005319148936170213,0.8367157084653689,0.015288788221970554,1.5
W2_apt,6,min_requests,10,228,1.0,0.13596491228070176,0.23938223938223938,0.0,0.8650053724596602,0.007738095238095238,4.0
W2_apt,7,min_requests,10,249,0.8235294117647058,0.2248995983935743,0.35331230283911674,0.012958963282937365,0.8434840875380571,0.00923913043478261,4.0
W2_apt,8,min_requests,10,205,0.8333333333333334,0.24390243902439024,0.37735849056603776,0.010309278350515464,0.8587754588886095,0.012072434607645875,2.0
W2_apt,9,min_requests,10,236,0.9156626506024096,0.3220338983050847,0.47648902821316613,0.007454739084132056,0.8759408674933665,0.012027491408934709,3.0
W2_apt,10,min_requests,10,218,0.8958333333333334,0.19724770642201836,0.32330827067669177,0.00522466039707419,0.8403554686376579,0.009200690051753882,1.5
W2_apt,11,min_requests,10,206,0.8620689655172413,0.24271844660194175,0.37878787878787873,0.008255933952528379,0.8642454938030398,0.008588957055214725,3.5
W2_apt,12,min_requests,10,232,1.0,0.11637931034482758,0.2084942084942085,0.0,0.8679722638680659,0.005889281507656066,3.0
W2_apt,13,min_requests,10,235,0.8548387096774194,0.225531914893617,0.35690235690235683,0.009574468085106383,0.8432254413761883,0.007386363636363636,3.0
W2_apt,14,min_requests,10,241,1.0,0.12863070539419086,0.2279411764705882,0.0,0.8162678703119586,0.007808142777467931,3.0
W2_apt,15,min_requests,10,262,0.925,0.2824427480916031,0.4327485380116959,0.0065717415115005475,0.8756950076503097,0.009994739610731194,3.0
W2_apt,16,min_requests,10,232,1.0,0.15517241379310345,0.26865671641791045,0.0,0.8412622956814276,0.009588268471517203,1.0
W2_apt,17,min_requests,10,228,0.9137931034482759,0.2324561403508772,0.3706293706293706,0.005279831045406547,0.8350307527001242,0.005737234652897304,4.0
W2_apt,18,min_requests,10,233,1.0,0.15021459227467812,0.2611940298507463,0.0,0.8593144893068351,0.014197530864197531,1.0
W2_apt,19,min_requests,10,248,0.8846153846153846,0.2782258064516129,0.4233128834355827,0.009708737864077669,0.8392251278839127,0.013490725126475547,3.0
W2_apt,0,min_requests,15,132,0.7575757575757576,0.1893939393939394,0.303030303030303,0.019230769230769232,0.8012365238927739,0.011691348402182385,4.0
W2_apt,1,min_requests,15,119,0.8333333333333334,0.21008403361344538,0.33557046979865773,0.011655011655011656,0.8388474270827212,0.007830853563038372,3.0
W2_apt,2,min_requests,15,116,0.84375,0.23275862068965517,0.36486486486486486,0.011574074074074073,0.8315573116219668,0.005449591280653951,6.0
W2_apt,3,min_requests,15,122,0.8974358974358975,0.28688524590163933,0.43478260869565216,0.009389671361502348,0.8549411221426922,0.015337423312883436,2.0
W2_apt,4,min_requests,15,108,0.8333333333333334,0.23148148148148148,0.3623188405797101,0.011363636363636364,0.8117739898989899,0.02197802197802198,3.0
W2_apt,5,min_requests,15,110,1.0,0.18181818181818182,0.3076923076923077,0.0,0.84104400166044,0.0068669527896995704,4.5
W2_apt,6,min_requests,15,122,0.8421052631578947,0.26229508196721313,0.4,0.014084507042253521,0.8701993381051335,0.005042016806722689,2.5
W2_apt,7,min_requests,15,96,0.8387096774193549,0.2708333333333333,0.40944881889763773,0.011061946902654867,0.8210269174041298,0.008016032064128256,2.0
W2_apt,8,min_requests,15,90,0.875,0.23333333333333334,0.3684210526315789,0.006550218340611353,0.8472586123241145,0.006578947368421052,2.0
W2_apt,9,min_requests,15,101,0.90625,0.2871287128712871,0.43609022556390975,0.006711409395973154,0.8513743991848849,0.007677543186180422,4.0
W2_apt,10,min_requests,15,118,1.0,0.17796610169491525,0.302158273381295,0.0,0.8903823413480488,0.01053484602917342,1.0
W2_apt,11,min_requests,15,116,0.8727272727272727,0.41379310344827586,0.5614035087719298,0.016203703703703703,0.8629569763729247,0.014119601328903655,3.0
W2_apt,12,min_requests,15,107,1.0,0.12149532710280374,0.21666666666666667,0.0,0.8546421683938373,0.005045408678102927,2.0
W2_apt,13,min_requests,15,111,0.875,0.25225225225225223,0.3916083916083915,0.009153318077803204,0.8386727688787186,0.0043782837127845885,4.0
W2_apt,14,min_requests,15,104,1.0,0.17307692307692307,0.29508196721311475,0.0,0.8627533783783784,0.007744433688286544,1.5
W2_apt,15,min_requests,15,119,1.0,0.17647058823529413,0.3,0.0,0.8752130222718458,0.011182108626198083,1.0
W2_apt,16,min_requests,15,97,1.0,0.21649484536082475,0.3559322033898305,0.0,0.8337371705488377,0.008040201005025126,3.0
W2_apt,17,min_requests,15,111,0.8928571428571429,0.22522522522522523,0.3597122302158274,0.006864988558352402,0.8359618199435133,0.009369676320272573,3.5
W2_apt,18,min_requests,15,116,1.0,0.09482758620689655,0.1732283464566929,0.0,0.8339719029374202,0.0044286979627989375,1.0
W2_apt,19,min_requests,15,107,0.7857142857142857,0.205607476635514,0.3259259259259259,0.013605442176870748,0.8308538368618476,0.0176522506619594,3.0
W2_apt,0,min_requests,20,41,1.0,0.24390243902439024,0.39215686274509803,0.0,0.8532068654019873,0.011945392491467578,2.0
W2_apt,1,min_requests,20,39,0.8823529411764706,0.38461538461538464,0.5357142857142858,0.012195121951219513,0.8655409631019387,0.008116883116883116,2.0
W2_apt,2,min_requests,20,45,0.8571428571428571,0.13333333333333333,0.23076923076923078,0.006329113924050633,0.790154711673699,0.0034129692832764505,1.5
W2_apt,3,min_requests,20,46,0.9375,0.32608695652173914,0.48387096774193544,0.006369426751592357,0.8461644973691498,0.01300578034682081,2.0
W2_apt,4,min_requests,20,40,0.7916666666666666,0.475,0.5937499999999999,0.03067484662576687,0.869861963190184,0.029357798165137616,1.0
W2_apt,5,min_requests,20,47,1.0,0.1702127659574468,0.2909090909090909,0.0,0.8267184942716858,0.004601226993865031,2.5
W2_apt,6,min_requests,20,47,0.8125,0.2765957446808511,0.4126984126984127,0.019230769230769232,0.8823649754500819,0.013353115727002967,1.0
W2_apt,7,min_requests,20,49,1.0,0.2653061224489796,0.41935483870967744,0.0,0.8460111317254174,0.003189792663476874,7.0
W2_apt,8,min_requests,20,39,1.0,0.1794871794871795,0.30434782608695654,0.0,0.8097248280175109,0.006299212598425197,3.0
W2_apt,9,min_requests,20,45,0.9090909090909091,0.4444444444444444,0.5970149253731343,0.012658227848101266,0.8177918424753868,0.012544802867383513,2.5
W2_apt,10,min_requests,20,34,0.5555555555555556,0.14705882352941177,0.23255813953488372,0.023668639053254437,0.7763661677688827,0.00425531914893617,9.0
W2_apt,11,min_requests,20,38,1.0,0.2631578947368421,0.4166666666666667,0.0,0.8526315789473684,0.008051529790660225,1.0
W2_apt,12,min_requests,20,43,1.0,0.13953488372093023,0.24489795918367346,0.0,0.8038517441860465,0.006611570247933884,1.0
W2_apt,13,min_requests,20,40,0.85,0.425,0.5666666666666667,0.018404907975460124,0.8747699386503067,0.003766478342749529,4.0
W2_apt,14,min_requests,20,38,1.0,0.15789473684210525,0.2727272727272727,0.0,0.8736842105263158,0.0019342359767891683,1.5
W2_apt,15,min_requests,20,50,1.0,0.06,0.11320754716981131,0.0,0.8050980392156862,0.0016025641025641025,4.0
W2_apt,16,min_requests,20,42,1.0,0.16666666666666666,0.2857142857142857,0.0,0.9372966577935522,0.007518796992481203,1.0
W2_apt,17,min_requests,20,42,0.9,0.21428571428571427,0.3461538461538461,0.006211180124223602,0.8391748003549245,0.016975308641975308,3.0
W2_apt,18,min_requests,20,38,1.0,0.15789473684210525,0.2727272727272727,0.0,0.8300637958532695,0.011342155009451797,1.0
W2_apt,19,min_requests,20,39,0.8333333333333334,0.5128205128205128,0.6349206349206349,0.024390243902439025,0.908458411507192,0.019736842105263157,1.0
