workload,seed,baseline,family,threshold,TP,TN,FP,FN,precision,recall,f1,fpr,specificity,balanced_accuracy,roc_auc,pr_auc,fnr
W1_web,0,SICA (proposed),proposed,0.6274784790770388,9,108,2,8,0.8181818181818182,0.5294117647058824,0.6428571428571428,0.01818181818181818,0.9818181818181818,0.7556149732620321,0.9441176470588235,0.7902153259039918,
W1_web,0,pin_ip,pinning,,17,89,21,0,0.4473684210526316,1.0,0.6181818181818182,0.19090909090909092,0.8090909090909091,0.9045454545454545,0.9045454545454545,0.4775606245041983,0.0
W1_web,0,pin_prefix24,pinning,,12,100,10,5,0.5454545454545454,0.7058823529411765,0.6153846153846153,0.09090909090909091,0.9090909090909091,0.8074866310160428,0.8074866310160428,0.4722328758262684,0.29411764705882354
W1_web,0,pin_scope16,pinning,,9,107,3,8,0.75,0.5294117647058824,0.6206896551724139,0.02727272727272727,0.9727272727272728,0.7510695187165776,0.7510695187165776,0.5292375864306461,0.47058823529411764
W1_web,0,pin_useragent,pinning,,7,96,14,10,0.3333333333333333,0.4117647058823529,0.36842105263157887,0.12727272727272726,0.8727272727272727,0.6422459893048128,0.6422459893048128,0.2540316101737541,0.5882352941176471
W1_web,0,pin_useragent_core,pinning,,6,110,0,11,1.0,0.35294117647058826,0.5217391304347826,0.0,1.0,0.6764705882352942,0.6764705882352942,0.5297558422751492,0.6470588235294118
W1_web,0,pin_ip_or_useragent,pinning,,17,82,28,0,0.37777777777777777,1.0,0.5483870967741935,0.2545454545454545,0.7454545454545455,0.8727272727272728,0.8727272727272727,0.4142486999420153,0.0
W1_web,0,pin_ip_and_useragent,pinning,,7,103,7,10,0.5,0.4117647058823529,0.45161290322580644,0.06363636363636363,0.9363636363636364,0.6740641711229947,0.6740641711229947,0.310341847668295,0.5882352941176471
W1_web,0,score_distinct_bindings,scored,1.0,12,100,10,5,0.5454545454545454,0.7058823529411765,0.6153846153846153,0.09090909090909091,0.9090909090909091,0.8074866310160428,0.8101604278074866,0.5205522035573609,0.29411764705882354
W1_web,0,score_max_request_rate,scored,1000.0,11,50,60,6,0.15492957746478872,0.6470588235294118,0.24999999999999997,0.5454545454545454,0.45454545454545453,0.5508021390374331,0.5705882352941176,0.16783722005954196,0.35294117647058826
W1_web,0,score_burstiness,scored,7500.0,0,110,0,17,0.0,0.0,0.0,0.0,1.0,0.5,0.5350267379679144,0.1675069847016087,1.0
W1_web,1,SICA (proposed),proposed,0.4496005320469829,12,105,2,8,0.8571428571428571,0.6,0.7058823529411764,0.018691588785046728,0.9813084112149533,0.7906542056074766,0.9686915887850467,0.8618968036794121,
W1_web,1,pin_ip,pinning,,20,91,16,0,0.5555555555555556,1.0,0.7142857142857143,0.14953271028037382,0.8504672897196262,0.9252336448598131,0.9252336448598131,0.5653690848276848,0.0
W1_web,1,pin_prefix24,pinning,,18,103,4,2,0.8181818181818182,0.9,0.8571428571428572,0.037383177570093455,0.9626168224299065,0.9313084112149532,0.9313084112149532,0.8118113146751283,0.1
W1_web,1,pin_scope16,pinning,,14,106,1,6,0.9333333333333333,0.7,0.8,0.009345794392523364,0.9906542056074766,0.8453271028037384,0.8453271028037384,0.777880215195728,0.3
W1_web,1,pin_useragent,pinning,,11,92,15,9,0.4230769230769231,0.55,0.47826086956521735,0.14018691588785046,0.8598130841121495,0.7049065420560747,0.7049065420560747,0.4187186923015918,0.45
W1_web,1,pin_useragent_core,pinning,,8,107,0,12,1.0,0.4,0.5714285714285715,0.0,1.0,0.7,0.7,0.5435227481801868,0.6
W1_web,1,pin_ip_or_useragent,pinning,,20,82,25,0,0.4444444444444444,1.0,0.6153846153846153,0.2336448598130841,0.7663551401869159,0.8831775700934579,0.883177570093458,0.4729314127988805,0.0
W1_web,1,pin_ip_and_useragent,pinning,,11,101,6,9,0.6470588235294118,0.55,0.5945945945945946,0.056074766355140186,0.9439252336448598,0.7469626168224299,0.7469626168224299,0.5447893633198984,0.45
W1_web,1,score_distinct_bindings,scored,1.0,18,103,4,2,0.8181818181818182,0.9,0.8571428571428572,0.037383177570093455,0.9626168224299065,0.9313084112149532,0.9322429906542056,0.8243113146751284,0.1
W1_web,1,score_max_request_rate,scored,1000.0,9,46,61,11,0.12857142857142856,0.45,0.19999999999999998,0.5700934579439252,0.42990654205607476,0.4399532710280374,0.4525700934579439,0.15255791796117837,0.55
W1_web,1,score_burstiness,scored,7500.0,0,106,1,20,0.0,0.0,0.0,0.009345794392523364,0.9906542056074766,0.4953271028037383,0.4030373831775701,0.15848120412536792,1.0
W1_web,2,SICA (proposed),proposed,0.46629746550064255,15,96,2,14,0.8823529411764706,0.5172413793103449,0.6521739130434783,0.02040816326530612,0.9795918367346939,0.7484166080225194,0.967100633356791,0.8898868796448034,
W1_web,2,pin_ip,pinning,,29,83,15,0,0.6590909090909091,1.0,0.7945205479452054,0.15306122448979592,0.8469387755102041,0.9234693877551021,0.923469387755102,0.6042384009210553,0.0
W1_web,2,pin_prefix24,pinning,,22,93,5,7,0.8148148148148148,0.7586206896551724,0.7857142857142857,0.05102040816326531,0.9489795918367347,0.8538001407459536,0.8538001407459536,0.6458585615358171,0.2413793103448276
W1_web,2,pin_scope16,pinning,,15,96,2,14,0.8823529411764706,0.5172413793103449,0.6521739130434783,0.02040816326530612,0.9795918367346939,0.7484166080225194,0.7484166080225193,0.5710207653676586,0.4827586206896552
W1_web,2,pin_useragent,pinning,,12,90,8,17,0.6,0.41379310344827586,0.4897959183673469,0.08163265306122448,0.9183673469387755,0.6660802251935257,0.6660802251935257,0.43296098992173243,0.5862068965517241
W1_web,2,pin_useragent_core,pinning,,10,98,0,19,1.0,0.3448275862068966,0.5128205128205129,0.0,1.0,0.6724137931034483,0.6724137931034483,0.5409482987967684,0.6551724137931034
W1_web,2,pin_ip_or_useragent,pinning,,29,81,17,0,0.6304347826086957,1.0,0.7733333333333333,0.17346938775510204,0.826530612244898,0.9132653061224489,0.9132653061224489,0.5914460160084786,0.0
W1_web,2,pin_ip_and_useragent,pinning,,12,92,6,17,0.6666666666666666,0.41379310344827586,0.5106382978723404,0.061224489795918366,0.9387755102040817,0.6762843068261788,0.6762843068261788,0.44401943842372044,0.5862068965517241
W1_web,2,score_distinct_bindings,scored,1.0,22,93,5,7,0.8148148148148148,0.7586206896551724,0.7857142857142857,0.05102040816326531,0.9489795918367347,0.8538001407459536,0.8555594651653765,0.6959145400400715,0.2413793103448276
W1_web,2,score_max_request_rate,scored,1000.0,14,45,53,15,0.208955223880597,0.4827586206896552,0.29166666666666663,0.5408163265306123,0.45918367346938777,0.4709711470795215,0.5031667839549613,0.21846294290968393,0.5172413793103449
W1_web,2,score_burstiness,scored,7500.0,0,97,1,29,0.0,0.0,0.0,0.01020408163265306,0.9897959183673469,0.49489795918367346,0.4637579169598874,0.20756516926450902,1.0
W1_web,3,SICA (proposed),proposed,0.4475851195275143,12,103,1,11,0.9230769230769231,0.5217391304347826,0.6666666666666667,0.009615384615384616,0.9903846153846154,0.7560618729096991,0.9707357859531772,0.8828496499064361,
W1_web,3,pin_ip,pinning,,23,87,17,0,0.575,1.0,0.7301587301587301,0.16346153846153846,0.8365384615384616,0.9182692307692308,0.9182692307692307,0.659757172168631,0.0
W1_web,3,pin_prefix24,pinning,,17,94,10,6,0.6296296296296297,0.7391304347826086,0.68,0.09615384615384616,0.9038461538461539,0.8214882943143813,0.8214882943143813,0.5984342026905857,0.2608695652173913
W1_web,3,pin_scope16,pinning,,10,100,4,13,0.7142857142857143,0.43478260869565216,0.5405405405405405,0.038461538461538464,0.9615384615384616,0.6981605351170569,0.6981605351170569,0.4654080051043644,0.5652173913043478
W1_web,3,pin_useragent,pinning,,12,94,10,11,0.5454545454545454,0.5217391304347826,0.5333333333333332,0.09615384615384616,0.9038461538461539,0.7127926421404682,0.7127926421404682,0.518739490447679,0.4782608695652174
W1_web,3,pin_useragent_core,pinning,,12,104,0,11,1.0,0.5217391304347826,0.6857142857142856,0.0,1.0,0.7608695652173914,0.7608695652173914,0.6614152064959121,0.4782608695652174
W1_web,3,pin_ip_or_useragent,pinning,,23,82,22,0,0.5111111111111111,1.0,0.676470588235294,0.21153846153846154,0.7884615384615384,0.8942307692307692,0.8942307692307693,0.6102383376109447,0.0
W1_web,3,pin_ip_and_useragent,pinning,,12,99,5,11,0.7058823529411765,0.5217391304347826,0.6,0.04807692307692308,0.9519230769230769,0.7368311036789297,0.7368311036789298,0.5982876988745272,0.4782608695652174
W1_web,3,score_distinct_bindings,scored,1.0,17,94,10,6,0.6296296296296297,0.7391304347826086,0.68,0.09615384615384616,0.9038461538461539,0.8214882943143813,0.8214882943143813,0.5984342026905857,0.2608695652173913
W1_web,3,score_max_request_rate,scored,1000.0,8,44,60,15,0.11764705882352941,0.34782608695652173,0.1758241758241758,0.5769230769230769,0.4230769230769231,0.38545150501672243,0.42683946488294316,0.19326897959878087,0.6521739130434783
W1_web,3,score_burstiness,scored,7500.0,0,103,1,23,0.0,0.0,0.0,0.009615384615384616,0.9903846153846154,0.4951923076923077,0.3754180602006689,0.14554855334828068,1.0
W1_web,4,SICA (proposed),proposed,0.47882692038665925,15,104,0,8,1.0,0.6521739130434783,0.7894736842105263,0.0,1.0,0.8260869565217391,0.9703177257525084,0.9008527179037481,
W1_web,4,pin_ip,pinning,,23,87,17,0,0.575,1.0,0.7301587301587301,0.16346153846153846,0.8365384615384616,0.9182692307692308,0.9182692307692307,0.6264308110401704,0.0
W1_web,4,pin_prefix24,pinning,,20,96,8,3,0.7142857142857143,0.8695652173913043,0.7843137254901961,0.07692307692307693,0.9230769230769231,0.8963210702341138,0.8963210702341137,0.7525665253318455,0.13043478260869565
W1_web,4,pin_scope16,pinning,,11,97,7,12,0.6111111111111112,0.4782608695652174,0.5365853658536586,0.0673076923076923,0.9326923076923077,0.7054765886287626,0.7054765886287625,0.4863175441406697,0.5217391304347826
W1_web,4,pin_useragent,pinning,,15,96,8,8,0.6521739130434783,0.6521739130434783,0.6521739130434783,0.07692307692307693,0.9230769230769231,0.7876254180602007,0.7876254180602007,0.550068501262805,0.34782608695652173
W1_web,4,pin_useragent_core,pinning,,14,104,0,9,1.0,0.6086956521739131,0.7567567567567568,0.0,1.0,0.8043478260869565,0.8043478260869565,0.7834184699606217,0.391304347826087
W1_web,4,pin_ip_or_useragent,pinning,,23,86,18,0,0.5609756097560976,1.0,0.71875,0.17307692307692307,0.8269230769230769,0.9134615384615384,0.9134615384615384,0.6108294935689198,0.0
W1_web,4,pin_ip_and_useragent,pinning,,15,97,7,8,0.6818181818181818,0.6521739130434783,0.6666666666666666,0.0673076923076923,0.9326923076923077,0.792433110367893,0.792433110367893,0.5739496924988057,0.34782608695652173
W1_web,4,score_distinct_bindings,scored,1.0,20,96,8,3,0.7142857142857143,0.8695652173913043,0.7843137254901961,0.07692307692307693,0.9230769230769231,0.8963210702341138,0.8963210702341137,0.7525665253318455,0.13043478260869565
W1_web,4,score_max_request_rate,scored,1000.0,13,49,55,10,0.19117647058823528,0.5652173913043478,0.2857142857142857,0.5288461538461539,0.47115384615384615,0.518185618729097,0.5257107023411371,0.25533776139061687,0.43478260869565216
W1_web,4,score_burstiness,scored,7500.0,2,104,0,21,1.0,0.08695652173913043,0.16,0.0,1.0,0.5434782608695652,0.5035535117056856,0.26032402702213703,0.9130434782608695
W1_web,5,SICA (proposed),proposed,0.6161002791835023,17,100,1,9,0.9444444444444444,0.6538461538461539,0.7727272727272727,0.009900990099009901,0.9900990099009901,0.8219725818735719,0.9794364051789795,0.9388057883890487,
W1_web,5,pin_ip,pinning,,26,86,15,0,0.6341463414634146,1.0,0.7761194029850745,0.1485148514851485,0.8514851485148515,0.9257425742574257,0.9257425742574258,0.6404242369352744,0.0
W1_web,5,pin_prefix24,pinning,,24,95,6,2,0.8,0.9230769230769231,0.8571428571428571,0.0594059405940594,0.9405940594059405,0.9318354912414318,0.9318354912414318,0.776534134271999,0.07692307692307693
W1_web,5,pin_scope16,pinning,,20,99,2,6,0.9090909090909091,0.7692307692307693,0.8333333333333333,0.019801980198019802,0.9801980198019802,0.8747143945163747,0.8747143945163747,0.7961610208105944,0.23076923076923078
W1_web,5,pin_useragent,pinning,,15,87,14,11,0.5172413793103449,0.5769230769230769,0.5454545454545454,0.13861386138613863,0.8613861386138614,0.7191546077684692,0.7191546077684692,0.42199776632409836,0.4230769230769231
W1_web,5,pin_useragent_core,pinning,,13,101,0,13,1.0,0.5,0.6666666666666666,0.0,1.0,0.75,0.75,0.7093735191033093,0.5
W1_web,5,pin_ip_or_useragent,pinning,,26,75,26,0,0.5,1.0,0.6666666666666666,0.25742574257425743,0.7425742574257426,0.8712871287128713,0.8712871287128713,0.5318158627938712,0.0
W1_web,5,pin_ip_and_useragent,pinning,,15,98,3,11,0.8333333333333334,0.5769230769230769,0.6818181818181818,0.0297029702970297,0.9702970297029703,0.7736100533130236,0.7736100533130236,0.6135524644243748,0.4230769230769231
W1_web,5,score_distinct_bindings,scored,1.0,24,95,6,2,0.8,0.9230769230769231,0.8571428571428571,0.0594059405940594,0.9405940594059405,0.9318354912414318,0.9329779131759329,0.7957649035027682,0.07692307692307693
W1_web,5,score_max_request_rate,scored,1000.0,16,51,50,10,0.24242424242424243,0.6153846153846154,0.34782608695652173,0.49504950495049505,0.504950495049505,0.5601675552170602,0.5415079969535415,0.25790562475720186,0.38461538461538464
W1_web,5,score_burstiness,scored,7500.0,0,100,1,26,0.0,0.0,0.0,0.009900990099009901,0.9900990099009901,0.49504950495049505,0.5131378522467631,0.22484680036485674,1.0
W1_web,6,SICA (proposed),proposed,0.4607248098592661,10,109,1,7,0.9090909090909091,0.5882352941176471,0.7142857142857143,0.00909090909090909,0.990909090909091,0.789572192513369,0.9679144385026738,0.8478597745570662,
W1_web,6,pin_ip,pinning,,17,99,11,0,0.6071428571428571,1.0,0.7555555555555554,0.1,0.9,0.95,0.95,0.8166119484230939,0.0
W1_web,6,pin_prefix24,pinning,,12,107,3,5,0.8,0.7058823529411765,0.7500000000000001,0.02727272727272727,0.9727272727272728,0.8393048128342246,0.8393048128342246,0.7126204629664837,0.29411764705882354
W1_web,6,pin_scope16,pinning,,9,109,1,8,0.9,0.5294117647058824,0.6666666666666667,0.00909090909090909,0.990909090909091,0.7601604278074867,0.7601604278074866,0.6328025750716968,0.47058823529411764
W1_web,6,pin_useragent,pinning,,9,100,10,8,0.47368421052631576,0.5294117647058824,0.5,0.09090909090909091,0.9090909090909091,0.7192513368983957,0.7192513368983957,0.47574720827977446,0.47058823529411764
W1_web,6,pin_useragent_core,pinning,,7,110,0,10,1.0,0.4117647058823529,0.5833333333333334,0.0,1.0,0.7058823529411764,0.7058823529411765,0.574417361208764,0.5882352941176471
W1_web,6,pin_ip_or_useragent,pinning,,17,92,18,0,0.4857142857142857,1.0,0.6538461538461539,0.16363636363636364,0.8363636363636363,0.9181818181818182,0.9181818181818182,0.6624262449106688,0.0
W1_web,6,pin_ip_and_useragent,pinning,,9,107,3,8,0.75,0.5294117647058824,0.6206896551724139,0.02727272727272727,0.9727272727272728,0.7510695187165776,0.7510695187165776,0.5938221437331788,0.47058823529411764
W1_web,6,score_distinct_bindings,scored,1.0,12,107,3,5,0.8,0.7058823529411765,0.7500000000000001,0.02727272727272727,0.9727272727272728,0.8393048128342246,0.8401069518716577,0.7199734041429543,0.29411764705882354
W1_web,6,score_max_request_rate,scored,1000.0,6,51,59,11,0.09230769230769231,0.35294117647058826,0.14634146341463414,0.5363636363636364,0.4636363636363636,0.40828877005347597,0.4502673796791444,0.1959855755836897,0.6470588235294118
W1_web,6,score_burstiness,scored,7500.0,0,109,1,17,0.0,0.0,0.0,0.00909090909090909,0.990909090909091,0.4954545454545455,0.3633689839572192,0.10803426043097693,1.0
W1_web,7,SICA (proposed),proposed,0.5816115456710351,6,110,1,10,0.8571428571428571,0.375,0.5217391304347825,0.009009009009009009,0.990990990990991,0.6829954954954955,0.9507319819819819,0.7730237029409821,
W1_web,7,pin_ip,pinning,,16,97,14,0,0.5333333333333333,1.0,0.6956521739130436,0.12612612612612611,0.8738738738738738,0.9369369369369369,0.9369369369369369,0.5869564989608093,0.0
W1_web,7,pin_prefix24,pinning,,11,103,8,5,0.5789473684210527,0.6875,0.6285714285714286,0.07207207207207207,0.9279279279279279,0.8077139639639639,0.807713963963964,0.595141591345858,0.3125
W1_web,7,pin_scope16,pinning,,6,107,4,10,0.6,0.375,0.4615384615384615,0.036036036036036036,0.963963963963964,0.6694819819819819,0.6694819819819819,0.40273204522845574,0.625
W1_web,7,pin_useragent,pinning,,8,97,14,8,0.36363636363636365,0.5,0.4210526315789474,0.12612612612612611,0.8738738738738738,0.6869369369369369,0.6869369369369369,0.39357898408855846,0.5
W1_web,7,pin_useragent_core,pinning,,7,111,0,9,1.0,0.4375,0.6086956521739131,0.0,1.0,0.71875,0.71875,0.5667226999724866,0.5625
W1_web,7,pin_ip_or_useragent,pinning,,16,87,24,0,0.4,1.0,0.5714285714285715,0.21621621621621623,0.7837837837837838,0.8918918918918919,0.8918918918918919,0.4580881228907546,0.0
W1_web,7,pin_ip_and_useragent,pinning,,8,107,4,8,0.6666666666666666,0.5,0.5714285714285715,0.036036036036036036,0.963963963963964,0.7319819819819819,0.7319819819819819,0.5533888441366468,0.5
W1_web,7,score_distinct_bindings,scored,1.0,11,103,8,5,0.5789473684210527,0.6875,0.6285714285714286,0.07207207207207207,0.9279279279279279,0.8077139639639639,0.807713963963964,0.595141591345858,0.3125
W1_web,7,score_max_request_rate,scored,1000.0,11,51,60,5,0.15492957746478872,0.6875,0.2528735632183908,0.5405405405405406,0.4594594594594595,0.5734797297297297,0.6165540540540541,0.27666811168025474,0.3125
W1_web,7,score_burstiness,scored,7500.0,0,111,0,16,0.0,0.0,0.0,0.0,1.0,0.5,0.5726351351351351,0.16760978890632192,1.0
W1_web,8,SICA (proposed),proposed,0.46821131068070243,12,104,0,11,1.0,0.5217391304347826,0.6857142857142856,0.0,1.0,0.7608695652173914,0.9544314381270903,0.8387628814501589,
W1_web,8,pin_ip,pinning,,23,87,17,0,0.575,1.0,0.7301587301587301,0.16346153846153846,0.8365384615384616,0.9182692307692308,0.9182692307692307,0.49726559288607014,0.0
W1_web,8,pin_prefix24,pinning,,16,97,7,7,0.6956521739130435,0.6956521739130435,0.6956521739130435,0.0673076923076923,0.9326923076923077,0.8141722408026756,0.8141722408026756,0.5346336076212936,0.30434782608695654
W1_web,8,pin_scope16,pinning,,12,101,3,11,0.8,0.5217391304347826,0.6315789473684211,0.028846153846153848,0.9711538461538461,0.7464464882943144,0.7464464882943144,0.5260264505539048,0.4782608695652174
W1_web,8,pin_useragent,pinning,,11,93,11,12,0.5,0.4782608695652174,0.4888888888888889,0.10576923076923077,0.8942307692307693,0.6862458193979933,0.6862458193979933,0.4041437833599206,0.5217391304347826
W1_web,8,pin_useragent_core,pinning,,8,104,0,15,1.0,0.34782608695652173,0.5161290322580645,0.0,1.0,0.6739130434782609,0.6739130434782609,0.5239037809527209,0.6521739130434783
W1_web,8,pin_ip_or_useragent,pinning,,23,83,21,0,0.5227272727272727,1.0,0.6865671641791045,0.20192307692307693,0.7980769230769231,0.8990384615384616,0.8990384615384616,0.4718125407097478,0.0
W1_web,8,pin_ip_and_useragent,pinning,,11,97,7,12,0.6111111111111112,0.4782608695652174,0.5365853658536586,0.0673076923076923,0.9326923076923077,0.7054765886287626,0.7054765886287625,0.43670331479521673,0.5217391304347826
W1_web,8,score_distinct_bindings,scored,1.0,16,97,7,7,0.6956521739130435,0.6956521739130435,0.6956521739130435,0.0673076923076923,0.9326923076923077,0.8141722408026756,0.8156354515050167,0.5722387560960074,0.30434782608695654
W1_web,8,score_max_request_rate,scored,1000.0,10,48,56,13,0.15151515151515152,0.43478260869565216,0.2247191011235955,0.5384615384615384,0.46153846153846156,0.4481605351170569,0.4870401337792642,0.18693633287453015,0.5652173913043478
W1_web,8,score_burstiness,scored,7500.0,0,103,1,23,0.0,0.0,0.0,0.009615384615384616,0.9903846153846154,0.4951923076923077,0.4320652173913043,0.16517669913387928,1.0
W1_web,9,SICA (proposed),proposed,0.4531263590845073,14,102,2,9,0.875,0.6086956521739131,0.717948717948718,0.019230769230769232,0.9807692307692307,0.794732441471572,0.9715719063545151,0.8955734925246303,
W1_web,9,pin_ip,pinning,,23,87,17,0,0.575,1.0,0.7301587301587301,0.16346153846153846,0.8365384615384616,0.9182692307692308,0.9182692307692307,0.7313231270876288,0.0
W1_web,9,pin_prefix24,pinning,,18,96,8,5,0.6923076923076923,0.782608695652174,0.7346938775510203,0.07692307692307693,0.9230769230769231,0.8528428093645486,0.8528428093645485,0.6871439818548545,0.21739130434782608
W1_web,9,pin_scope16,pinning,,12,101,3,11,0.8,0.5217391304347826,0.6315789473684211,0.028846153846153848,0.9711538461538461,0.7464464882943144,0.7464464882943144,0.6416146056979123,0.4782608695652174
W1_web,9,pin_useragent,pinning,,16,94,10,7,0.6153846153846154,0.6956521739130435,0.6530612244897959,0.09615384615384616,0.9038461538461539,0.7997491638795986,0.7997491638795987,0.6149709906103094,0.30434782608695654
W1_web,9,pin_useragent_core,pinning,,13,104,0,10,1.0,0.5652173913043478,0.7222222222222222,0.0,1.0,0.7826086956521738,0.782608695652174,0.7074590950666398,0.43478260869565216
W1_web,9,pin_ip_or_useragent,pinning,,23,82,22,0,0.5111111111111111,1.0,0.676470588235294,0.21153846153846154,0.7884615384615384,0.8942307692307692,0.8942307692307693,0.6942783003650826,0.0
W1_web,9,pin_ip_and_useragent,pinning,,16,99,5,7,0.7619047619047619,0.6956521739130435,0.7272727272727272,0.04807692307692308,0.9519230769230769,0.8237876254180602,0.8237876254180602,0.6557219196438505,0.30434782608695654
W1_web,9,score_distinct_bindings,scored,1.0,18,96,8,5,0.6923076923076923,0.782608695652174,0.7346938775510203,0.07692307692307693,0.9230769230769231,0.8528428093645486,0.8545150501672241,0.6871439818548545,0.21739130434782608
W1_web,9,score_max_request_rate,scored,1000.0,12,48,56,11,0.17647058823529413,0.5217391304347826,0.26373626373626374,0.5384615384615384,0.46153846153846156,0.4916387959866221,0.47679765886287623,0.19767994183969773,0.4782608695652174
W1_web,9,score_burstiness,scored,7500.0,1,103,1,22,0.5,0.043478260869565216,0.08,0.009615384615384616,0.9903846153846154,0.5169314381270903,0.49728260869565216,0.2708353386638444,0.9565217391304348
W1_web,10,SICA (proposed),proposed,0.46001609372392993,13,103,5,6,0.7222222222222222,0.6842105263157895,0.7027027027027027,0.046296296296296294,0.9537037037037037,0.8189571150097466,0.959307992202729,0.8096670305592644,
W1_web,10,pin_ip,pinning,,19,82,26,0,0.4222222222222222,1.0,0.59375,0.24074074074074073,0.7592592592592593,0.8796296296296297,0.8796296296296297,0.46523842282304756,0.0
W1_web,10,pin_prefix24,pinning,,15,94,14,4,0.5172413793103449,0.7894736842105263,0.625,0.12962962962962962,0.8703703703703703,0.8299220272904484,0.8299220272904484,0.5229779272498369,0.21052631578947367
W1_web,10,pin_scope16,pinning,,12,102,6,7,0.6666666666666666,0.631578947368421,0.6486486486486486,0.05555555555555555,0.9444444444444444,0.7880116959064327,0.7880116959064327,0.573358293697446,0.3684210526315789
W1_web,10,pin_useragent,pinning,,10,96,12,9,0.45454545454545453,0.5263157894736842,0.4878048780487805,0.1111111111111111,0.8888888888888888,0.7076023391812865,0.7076023391812866,0.37531332128911093,0.47368421052631576
W1_web,10,pin_useragent_core,pinning,,9,108,0,10,1.0,0.47368421052631576,0.6428571428571429,0.0,1.0,0.7368421052631579,0.7368421052631579,0.6103475441969448,0.5263157894736842
W1_web,10,pin_ip_or_useragent,pinning,,19,79,29,0,0.3958333333333333,1.0,0.5671641791044776,0.26851851851851855,0.7314814814814815,0.8657407407407407,0.8657407407407407,0.4380649057405082,0.0
W1_web,10,pin_ip_and_useragent,pinning,,10,99,9,9,0.5263157894736842,0.5263157894736842,0.5263157894736842,0.08333333333333333,0.9166666666666666,0.7214912280701754,0.7214912280701754,0.4036631887021582,0.47368421052631576
W1_web,10,score_distinct_bindings,scored,1.0,15,94,14,4,0.5172413793103449,0.7894736842105263,0.625,0.12962962962962962,0.8703703703703703,0.8299220272904484,0.8299220272904484,0.5229779272498369,0.21052631578947367
W1_web,10,score_max_request_rate,scored,1000.0,14,51,57,5,0.19718309859154928,0.7368421052631579,0.31111111111111106,0.5277777777777778,0.4722222222222222,0.60453216374269,0.5967348927875243,0.27747985421418697,0.2631578947368421
W1_web,10,score_burstiness,scored,7500.0,0,107,1,19,0.0,0.0,0.0,0.009259259259259259,0.9907407407407407,0.49537037037037035,0.5791910331384016,0.1982660703976659,1.0
W1_web,11,SICA (proposed),proposed,0.3536970977836939,10,107,3,7,0.7692307692307693,0.5882352941176471,0.6666666666666667,0.02727272727272727,0.9727272727272728,0.7804812834224599,0.9601604278074867,0.8184255565481168,
W1_web,11,pin_ip,pinning,,17,94,16,0,0.5151515151515151,1.0,0.6799999999999999,0.14545454545454545,0.8545454545454545,0.9272727272727272,0.9272727272727272,0.4590969368775074,0.0
W1_web,11,pin_prefix24,pinning,,12,105,5,5,0.7058823529411765,0.7058823529411765,0.7058823529411765,0.045454545454545456,0.9545454545454546,0.8302139037433156,0.8302139037433155,0.5175275925422131,0.29411764705882354
W1_web,11,pin_scope16,pinning,,6,107,3,11,0.6666666666666666,0.35294117647058826,0.46153846153846156,0.02727272727272727,0.9727272727272728,0.6628342245989305,0.6628342245989305,0.31774844922985396,0.6470588235294118
W1_web,11,pin_useragent,pinning,,9,100,10,8,0.47368421052631576,0.5294117647058824,0.5,0.09090909090909091,0.9090909090909091,0.7192513368983957,0.7192513368983957,0.31148386779965703,0.47058823529411764
W1_web,11,pin_useragent_core,pinning,,7,110,0,10,1.0,0.4117647058823529,0.5833333333333334,0.0,1.0,0.7058823529411764,0.7058823529411765,0.5294192066576746,0.5882352941176471
W1_web,11,pin_ip_or_useragent,pinning,,17,90,20,0,0.4594594594594595,1.0,0.6296296296296297,0.18181818181818182,0.8181818181818182,0.9090909090909092,0.9090909090909091,0.4093303349927826,0.0
W1_web,11,pin_ip_and_useragent,pinning,,9,104,6,8,0.6,0.5294117647058824,0.5625,0.05454545454545454,0.9454545454545454,0.7374331550802139,0.7374331550802139,0.36873056044208513,0.47058823529411764
W1_web,11,score_distinct_bindings,scored,1.0,12,105,5,5,0.7058823529411765,0.7058823529411765,0.7058823529411765,0.045454545454545456,0.9545454545454546,0.8302139037433156,0.8315508021390374,0.5623455197130813,0.29411764705882354
W1_web,11,score_max_request_rate,scored,1000.0,12,53,57,5,0.17391304347826086,0.7058823529411765,0.27906976744186046,0.5181818181818182,0.4818181818181818,0.5938502673796792,0.6272727272727273,0.1823499800488264,0.29411764705882354
W1_web,11,score_burstiness,scored,7500.0,0,109,1,17,0.0,0.0,0.0,0.00909090909090909,0.990909090909091,0.4954545454545455,0.5553475935828877,0.15889945229435676,1.0
W1_web,12,SICA (proposed),proposed,0.645702245714881,16,98,2,11,0.8888888888888888,0.5925925925925926,0.711111111111111,0.02,0.98,0.7862962962962963,0.9590740740740741,0.8780345052416971,
W1_web,12,pin_ip,pinning,,27,81,19,0,0.5869565217391305,1.0,0.7397260273972603,0.19,0.81,0.905,0.905,0.6418032555236127,0.0
W1_web,12,pin_prefix24,pinning,,22,86,14,5,0.6111111111111112,0.8148148148148148,0.6984126984126984,0.14,0.86,0.8374074074074074,0.8374074074074074,0.5921588615985681,0.18518518518518517
W1_web,12,pin_scope16,pinning,,18,96,4,9,0.8181818181818182,0.6666666666666666,0.7346938775510203,0.04,0.96,0.8133333333333332,0.8133333333333334,0.6300089140602533,0.3333333333333333
W1_web,12,pin_useragent,pinning,,13,87,13,14,0.5,0.48148148148148145,0.49056603773584906,0.13,0.87,0.6757407407407408,0.6757407407407408,0.4404600161275266,0.5185185185185185
W1_web,12,pin_useragent_core,pinning,,12,100,0,15,1.0,0.4444444444444444,0.6153846153846153,0.0,1.0,0.7222222222222222,0.7222222222222222,0.6445981898176254,0.5555555555555556
W1_web,12,pin_ip_or_useragent,pinning,,27,77,23,0,0.54,1.0,0.7012987012987013,0.23,0.77,0.885,0.885,0.6255290919623445,0.0
W1_web,12,pin_ip_and_useragent,pinning,,13,91,9,14,0.5909090909090909,0.48148148148148145,0.5306122448979591,0.09,0.91,0.6957407407407408,0.6957407407407408,0.4712529328821709,0.5185185185185185
W1_web,12,score_distinct_bindings,scored,1.0,22,86,14,5,0.6111111111111112,0.8148148148148148,0.6984126984126984,0.14,0.86,0.8374074074074074,0.8374074074074074,0.5921588615985681,0.18518518518518517
W1_web,12,score_max_request_rate,scored,1000.0,15,46,54,12,0.21739130434782608,0.5555555555555556,0.3125,0.54,0.46,0.5077777777777778,0.5468518518518518,0.22372585089124775,0.4444444444444444
W1_web,12,score_burstiness,scored,7500.0,0,100,0,27,0.0,0.0,0.0,0.0,1.0,0.5,0.4981481481481482,0.23664331346299544,1.0
W1_web,13,SICA (proposed),proposed,0.36910661192265676,15,102,4,6,0.7894736842105263,0.7142857142857143,0.7500000000000001,0.03773584905660377,0.9622641509433962,0.8382749326145553,0.9786612758310872,0.8893447379645293,
W1_web,13,pin_ip,pinning,,21,88,18,0,0.5384615384615384,1.0,0.7000000000000001,0.16981132075471697,0.8301886792452831,0.9150943396226415,0.9150943396226415,0.7139393767477259,0.0
W1_web,13,pin_prefix24,pinning,,16,99,7,5,0.6956521739130435,0.7619047619047619,0.7272727272727272,0.0660377358490566,0.9339622641509434,0.8479335130278527,0.8479335130278527,0.6372399108516069,0.23809523809523808
W1_web,13,pin_scope16,pinning,,12,102,4,9,0.75,0.5714285714285714,0.6486486486486486,0.03773584905660377,0.9622641509433962,0.7668463611859838,0.7668463611859838,0.5585440437178717,0.42857142857142855
W1_web,13,pin_useragent,pinning,,9,96,10,12,0.47368421052631576,0.42857142857142855,0.45,0.09433962264150944,0.9056603773584906,0.6671159029649596,0.6671159029649596,0.35024653755212765,0.5714285714285714
W1_web,13,pin_useragent_core,pinning,,6,106,0,15,1.0,0.2857142857142857,0.4444444444444445,0.0,1.0,0.6428571428571428,0.6428571428571429,0.5086218150186291,0.7142857142857143
W1_web,13,pin_ip_or_useragent,pinning,,21,84,22,0,0.4883720930232558,1.0,0.65625,0.20754716981132076,0.7924528301886793,0.8962264150943396,0.8962264150943396,0.6367499834940241,0.0
W1_web,13,pin_ip_and_useragent,pinning,,9,100,6,12,0.6,0.42857142857142855,0.5,0.05660377358490566,0.9433962264150944,0.6859838274932615,0.6859838274932615,0.421954839442407,0.5714285714285714
W1_web,13,score_distinct_bindings,scored,1.0,16,99,7,5,0.6956521739130435,0.7619047619047619,0.7272727272727272,0.0660377358490566,0.9339622641509434,0.8479335130278527,0.8495058400718778,0.6687787252077588,0.23809523809523808
W1_web,13,score_max_request_rate,scored,1000.0,11,50,56,10,0.16417910447761194,0.5238095238095238,0.25,0.5283018867924528,0.4716981132075472,0.4977538185085355,0.5154986522911051,0.2632732247651611,0.47619047619047616
W1_web,13,score_burstiness,scored,7500.0,0,105,1,21,0.0,0.0,0.0,0.009433962264150943,0.9905660377358491,0.49528301886792453,0.4604672057502246,0.16169153848295179,1.0
W1_web,14,SICA (proposed),proposed,0.6077683069917662,8,100,3,16,0.7272727272727273,0.3333333333333333,0.4571428571428572,0.02912621359223301,0.970873786407767,0.6521035598705501,0.9514563106796117,0.8102888978180378,
W1_web,14,pin_ip,pinning,,24,91,12,0,0.6666666666666666,1.0,0.8,0.11650485436893204,0.883495145631068,0.941747572815534,0.941747572815534,0.6203254473651082,0.0
W1_web,14,pin_prefix24,pinning,,16,95,8,8,0.6666666666666666,0.6666666666666666,0.6666666666666666,0.07766990291262135,0.9223300970873787,0.7944983818770226,0.7944983818770227,0.4916913884072048,0.3333333333333333
W1_web,14,pin_scope16,pinning,,7,99,4,17,0.6363636363636364,0.2916666666666667,0.4,0.038834951456310676,0.9611650485436893,0.626415857605178,0.626415857605178,0.3484973096800675,0.7083333333333334
W1_web,14,pin_useragent,pinning,,14,96,7,10,0.6666666666666666,0.5833333333333334,0.6222222222222222,0.06796116504854369,0.9320388349514563,0.7576860841423949,0.7576860841423948,0.4600512711688148,0.4166666666666667
W1_web,14,pin_useragent_core,pinning,,13,103,0,11,1.0,0.5416666666666666,0.7027027027027027,0.0,1.0,0.7708333333333333,0.7708333333333334,0.6937961177451228,0.4583333333333333
W1_web,14,pin_ip_or_useragent,pinning,,24,86,17,0,0.5853658536585366,1.0,0.7384615384615384,0.1650485436893204,0.8349514563106796,0.9174757281553398,0.9174757281553398,0.510275433128653,0.0
W1_web,14,pin_ip_and_useragent,pinning,,14,101,2,10,0.875,0.5833333333333334,0.7000000000000001,0.019417475728155338,0.9805825242718447,0.7819579288025891,0.781957928802589,0.6206269025226224,0.4166666666666667
W1_web,14,score_distinct_bindings,scored,1.0,16,95,8,8,0.6666666666666666,0.6666666666666666,0.6666666666666666,0.07766990291262135,0.9223300970873787,0.7944983818770226,0.7944983818770227,0.4916913884072048,0.3333333333333333
W1_web,14,score_max_request_rate,scored,1000.0,11,47,56,13,0.16417910447761194,0.4583333333333333,0.2417582417582418,0.5436893203883495,0.4563106796116505,0.4573220064724919,0.47067152103559873,0.18514353227212613,0.5416666666666666
W1_web,14,score_burstiness,scored,7500.0,0,102,1,24,0.0,0.0,0.0,0.009708737864077669,0.9902912621359223,0.49514563106796117,0.3737864077669903,0.14964433662804907,1.0
W1_web,15,SICA (proposed),proposed,0.6268727576909245,11,102,1,13,0.9166666666666666,0.4583333333333333,0.611111111111111,0.009708737864077669,0.9902912621359223,0.7243122977346278,0.9781553398058253,0.9172536398332968,
W1_web,15,pin_ip,pinning,,24,92,11,0,0.6857142857142857,1.0,0.8135593220338984,0.10679611650485436,0.8932038834951457,0.9466019417475728,0.9466019417475728,0.8059667381439503,0.0
W1_web,15,pin_prefix24,pinning,,19,96,7,5,0.7307692307692307,0.7916666666666666,0.76,0.06796116504854369,0.9320388349514563,0.8618527508090614,0.8618527508090615,0.7004575165344196,0.20833333333333334
W1_web,15,pin_scope16,pinning,,10,100,3,14,0.7692307692307693,0.4166666666666667,0.5405405405405406,0.02912621359223301,0.970873786407767,0.6937702265372169,0.6937702265372169,0.5577442661542931,0.5833333333333334
W1_web,15,pin_useragent,pinning,,15,94,9,9,0.625,0.625,0.625,0.08737864077669903,0.912621359223301,0.7688106796116505,0.7688106796116505,0.5579316370456086,0.375
W1_web,15,pin_useragent_core,pinning,,14,103,0,10,1.0,0.5833333333333334,0.7368421052631579,0.0,1.0,0.7916666666666667,0.7916666666666666,0.7034009204669818,0.4166666666666667
W1_web,15,pin_ip_or_useragent,pinning,,24,87,16,0,0.6,1.0,0.7499999999999999,0.1553398058252427,0.8446601941747572,0.9223300970873787,0.9223300970873787,0.7000004361576727,0.0
W1_web,15,pin_ip_and_useragent,pinning,,15,99,4,9,0.7894736842105263,0.625,0.6976744186046512,0.038834951456310676,0.9611650485436893,0.7930825242718447,0.7930825242718447,0.6746431923909184,0.375
W1_web,15,score_distinct_bindings,scored,1.0,19,96,7,5,0.7307692307692307,0.7916666666666666,0.76,0.06796116504854369,0.9320388349514563,0.8618527508090614,0.8632686084142395,0.7004575165344196,0.20833333333333334
W1_web,15,score_max_request_rate,scored,1000.0,14,46,57,10,0.19718309859154928,0.5833333333333334,0.29473684210526313,0.5533980582524272,0.44660194174757284,0.514967637540453,0.5570388349514563,0.3080900765370939,0.4166666666666667
W1_web,15,score_burstiness,scored,7500.0,1,102,1,23,0.5,0.041666666666666664,0.07692307692307693,0.009708737864077669,0.9902912621359223,0.5159789644012945,0.5056634304207119,0.23558572196696922,0.9583333333333334
W1_web,16,SICA (proposed),proposed,0.6239974887545672,9,105,2,11,0.8181818181818182,0.45,0.5806451612903226,0.018691588785046728,0.9813084112149533,0.7156542056074766,0.9593457943925233,0.8323916160700219,
W1_web,16,pin_ip,pinning,,20,92,15,0,0.5714285714285714,1.0,0.7272727272727273,0.14018691588785046,0.8598130841121495,0.9299065420560748,0.9299065420560748,0.6238492212898084,0.0
W1_web,16,pin_prefix24,pinning,,16,97,10,4,0.6153846153846154,0.8,0.6956521739130435,0.09345794392523364,0.9065420560747663,0.8532710280373832,0.8532710280373832,0.582717153057336,0.2
W1_web,16,pin_scope16,pinning,,12,102,5,8,0.7058823529411765,0.6,0.6486486486486486,0.04672897196261682,0.9532710280373832,0.7766355140186916,0.7766355140186916,0.5362183520755305,0.4
W1_web,16,pin_useragent,pinning,,7,100,7,13,0.5,0.35,0.4117647058823529,0.06542056074766354,0.9345794392523364,0.6422897196261682,0.6422897196261682,0.4515919222306893,0.65
W1_web,16,pin_useragent_core,pinning,,7,107,0,13,1.0,0.35,0.5185185185185185,0.0,1.0,0.675,0.675,0.5232168740723524,0.65
W1_web,16,pin_ip_or_useragent,pinning,,20,90,17,0,0.5405405405405406,1.0,0.7017543859649124,0.1588785046728972,0.8411214953271028,0.9205607476635513,0.9205607476635514,0.6132520744469275,0.0
W1_web,16,pin_ip_and_useragent,pinning,,7,102,5,13,0.5833333333333334,0.35,0.4375,0.04672897196261682,0.9532710280373832,0.6516355140186916,0.6516355140186916,0.4674511968921361,0.65
W1_web,16,score_distinct_bindings,scored,1.0,16,97,10,4,0.6153846153846154,0.8,0.6956521739130435,0.09345794392523364,0.9065420560747663,0.8532710280373832,0.8532710280373832,0.582717153057336,0.2
W1_web,16,score_max_request_rate,scored,1000.0,14,51,56,6,0.2,0.7,0.3111111111111111,0.5233644859813084,0.4766355140186916,0.5883177570093457,0.6018691588785047,0.21980632390777197,0.3
W1_web,16,score_burstiness,scored,7500.0,0,107,0,20,0.0,0.0,0.0,0.0,1.0,0.5,0.563785046728972,0.21300461747909727,1.0
W1_web,17,SICA (proposed),proposed,0.6138860513242508,10,104,1,12,0.9090909090909091,0.45454545454545453,0.6060606060606061,0.009523809523809525,0.9904761904761905,0.7225108225108225,0.9331168831168831,0.7981241555637859,
W1_web,17,pin_ip,pinning,,22,84,21,0,0.5116279069767442,1.0,0.676923076923077,0.2,0.8,0.9,0.9,0.5988844449146804,0.0
W1_web,17,pin_prefix24,pinning,,13,95,10,9,0.5652173913043478,0.5909090909090909,0.5777777777777778,0.09523809523809523,0.9047619047619048,0.7478354978354979,0.7478354978354979,0.5439267041980669,0.4090909090909091
W1_web,17,pin_scope16,pinning,,10,102,3,12,0.7692307692307693,0.45454545454545453,0.5714285714285714,0.02857142857142857,0.9714285714285714,0.712987012987013,0.712987012987013,0.6104836217092275,0.5454545454545454
W1_web,17,pin_useragent,pinning,,7,94,11,15,0.3888888888888889,0.3181818181818182,0.35000000000000003,0.10476190476190476,0.8952380952380953,0.6067099567099568,0.6067099567099568,0.29052338166196584,0.6818181818181818
W1_web,17,pin_useragent_core,pinning,,7,105,0,15,1.0,0.3181818181818182,0.4827586206896552,0.0,1.0,0.6590909090909091,0.6590909090909091,0.49721498011380755,0.6818181818181818
W1_web,17,pin_ip_or_useragent,pinning,,22,79,26,0,0.4583333333333333,1.0,0.6285714285714286,0.24761904761904763,0.7523809523809524,0.8761904761904762,0.8761904761904762,0.46219089037739985,0.0
W1_web,17,pin_ip_and_useragent,pinning,,7,99,6,15,0.5384615384615384,0.3181818181818182,0.39999999999999997,0.05714285714285714,0.9428571428571428,0.6305194805194805,0.6305194805194805,0.3973071804355143,0.6818181818181818
W1_web,17,score_distinct_bindings,scored,1.0,13,95,10,9,0.5652173913043478,0.5909090909090909,0.5777777777777778,0.09523809523809523,0.9047619047619048,0.7478354978354979,0.7478354978354979,0.5439267041980669,0.4090909090909091
W1_web,17,score_max_request_rate,scored,1000.0,13,50,55,9,0.19117647058823528,0.5909090909090909,0.28888888888888886,0.5238095238095238,0.47619047619047616,0.5335497835497836,0.5426406926406926,0.226404563426483,0.4090909090909091
W1_web,17,score_burstiness,scored,7500.0,0,104,1,22,0.0,0.0,0.0,0.009523809523809525,0.9904761904761905,0.49523809523809526,0.49372294372294373,0.17873423649961445,1.0
W1_web,18,SICA (proposed),proposed,0.6095775554521488,14,99,1,13,0.9333333333333333,0.5185185185185185,0.6666666666666667,0.01,0.99,0.7542592592592592,0.9787037037037037,0.9336659053237103,
W1_web,18,pin_ip,pinning,,27,89,11,0,0.7105263157894737,1.0,0.8307692307692308,0.11,0.89,0.9450000000000001,0.945,0.8305570367363979,0.0
W1_web,18,pin_prefix24,pinning,,21,93,7,6,0.75,0.7777777777777778,0.7636363636363638,0.07,0.93,0.8538888888888889,0.8538888888888889,0.7149867355165495,0.2222222222222222
W1_web,18,pin_scope16,pinning,,14,97,3,13,0.8235294117647058,0.5185185185185185,0.6363636363636364,0.03,0.97,0.7442592592592592,0.7442592592592593,0.6300234049205773,0.48148148148148145
W1_web,18,pin_useragent,pinning,,20,92,8,7,0.7142857142857143,0.7407407407407407,0.7272727272727273,0.08,0.92,0.8303703703703704,0.8303703703703704,0.6720984261291155,0.25925925925925924
W1_web,18,pin_useragent_core,pinning,,16,100,0,11,1.0,0.5925925925925926,0.7441860465116279,0.0,1.0,0.7962962962962963,0.7962962962962963,0.734500580204132,0.4074074074074074
W1_web,18,pin_ip_or_useragent,pinning,,27,86,14,0,0.6585365853658537,1.0,0.7941176470588235,0.14,0.86,0.9299999999999999,0.93,0.7565459108499315,0.0
W1_web,18,pin_ip_and_useragent,pinning,,20,95,5,7,0.8,0.7407407407407407,0.7692307692307692,0.05,0.95,0.8453703703703703,0.8453703703703703,0.7463330522978697,0.25925925925925924
W1_web,18,score_distinct_bindings,scored,1.0,21,93,7,6,0.75,0.7777777777777778,0.7636363636363638,0.07,0.93,0.8538888888888889,0.8551851851851852,0.7149867355165495,0.2222222222222222
W1_web,18,score_max_request_rate,scored,1000.0,15,46,54,12,0.21739130434782608,0.5555555555555556,0.3125,0.54,0.46,0.5077777777777778,0.5233333333333333,0.2573789700905199,0.4444444444444444
W1_web,18,score_burstiness,scored,7500.0,0,99,1,27,0.0,0.0,0.0,0.01,0.99,0.495,0.4842592592592593,0.2132940679516164,1.0
W1_web,19,SICA (proposed),proposed,0.4095772158303955,16,105,4,2,0.8,0.8888888888888888,0.8421052631578948,0.03669724770642202,0.963302752293578,0.9260958205912334,0.9872579001019368,0.9497533104150752,
W1_web,19,pin_ip,pinning,,18,93,16,0,0.5294117647058824,1.0,0.6923076923076924,0.14678899082568808,0.8532110091743119,0.926605504587156,0.926605504587156,0.529872631557866,0.0
W1_web,19,pin_prefix24,pinning,,17,102,7,1,0.7083333333333334,0.9444444444444444,0.8095238095238096,0.06422018348623854,0.9357798165137615,0.9401121304791029,0.9401121304791029,0.7183978964492828,0.05555555555555555
W1_web,19,pin_scope16,pinning,,11,107,2,7,0.8461538461538461,0.6111111111111112,0.7096774193548387,0.01834862385321101,0.981651376146789,0.7963812436289501,0.79638124362895,0.5870650201529116,0.3888888888888889
W1_web,19,pin_useragent,pinning,,12,100,9,6,0.5714285714285714,0.6666666666666666,0.6153846153846153,0.08256880733944955,0.9174311926605505,0.7920489296636086,0.7920489296636085,0.4199135231506121,0.3333333333333333
W1_web,19,pin_useragent_core,pinning,,10,109,0,8,1.0,0.5555555555555556,0.7142857142857143,0.0,1.0,0.7777777777777778,0.7777777777777778,0.705157429994207,0.4444444444444444
W1_web,19,pin_ip_or_useragent,pinning,,18,88,21,0,0.46153846153846156,1.0,0.631578947368421,0.1926605504587156,0.8073394495412844,0.9036697247706422,0.9036697247706422,0.4692461437955371,0.0
W1_web,19,pin_ip_and_useragent,pinning,,12,105,4,6,0.75,0.6666666666666666,0.7058823529411765,0.03669724770642202,0.963302752293578,0.8149847094801224,0.8149847094801224,0.5577286433841097,0.3333333333333333
W1_web,19,score_distinct_bindings,scored,1.0,17,102,7,1,0.7083333333333334,0.9444444444444444,0.8095238095238096,0.06422018348623854,0.9357798165137615,0.9401121304791029,0.9401121304791029,0.7183978964492828,0.05555555555555555
W1_web,19,score_max_request_rate,scored,1000.0,13,52,57,5,0.18571428571428572,0.7222222222222222,0.29545454545454547,0.5229357798165137,0.47706422018348627,0.5996432212028542,0.6470438328236493,0.2121398800932473,0.2777777777777778
W1_web,19,score_burstiness,scored,7500.0,2,108,1,16,0.6666666666666666,0.1111111111111111,0.1904761904761905,0.009174311926605505,0.9908256880733946,0.5509683995922529,0.6465341488277269,0.29498040902732126,0.8888888888888888
W1_web,20,SICA (proposed),proposed,0.4673617206178772,10,106,1,10,0.9090909090909091,0.5,0.6451612903225806,0.009345794392523364,0.9906542056074766,0.7453271028037383,0.947196261682243,0.791728868841872,
W1_web,20,pin_ip,pinning,,20,93,14,0,0.5882352941176471,1.0,0.7407407407407407,0.1308411214953271,0.8691588785046729,0.9345794392523364,0.9345794392523364,0.6790465103629241,0.0
W1_web,20,pin_prefix24,pinning,,15,100,7,5,0.6818181818181818,0.75,0.7142857142857143,0.06542056074766354,0.9345794392523364,0.8422897196261683,0.8422897196261683,0.6377830163346849,0.25
W1_web,20,pin_scope16,pinning,,14,105,2,6,0.875,0.7,0.7777777777777777,0.018691588785046728,0.9813084112149533,0.8406542056074766,0.8406542056074766,0.6666546461668413,0.3
W1_web,20,pin_useragent,pinning,,7,97,10,13,0.4117647058823529,0.35,0.37837837837837834,0.09345794392523364,0.9065420560747663,0.6282710280373831,0.6282710280373832,0.3432917920926361,0.65
W1_web,20,pin_useragent_core,pinning,,6,107,0,14,1.0,0.3,0.4615384615384615,0.0,1.0,0.65,0.65,0.5394069855512306,0.7
W1_web,20,pin_ip_or_useragent,pinning,,20,88,19,0,0.5128205128205128,1.0,0.6779661016949152,0.17757009345794392,0.822429906542056,0.9112149532710281,0.9112149532710281,0.6545081589782401,0.0
W1_web,20,pin_ip_and_useragent,pinning,,7,102,5,13,0.5833333333333334,0.35,0.4375,0.04672897196261682,0.9532710280373832,0.6516355140186916,0.6516355140186916,0.3911847083532277,0.65
W1_web,20,score_distinct_bindings,scored,1.0,15,100,7,5,0.6818181818181818,0.75,0.7142857142857143,0.06542056074766354,0.9345794392523364,0.8422897196261683,0.8439252336448598,0.6781521209143158,0.25
W1_web,20,score_max_request_rate,scored,1000.0,10,45,62,10,0.1388888888888889,0.5,0.2173913043478261,0.5794392523364486,0.4205607476635514,0.46028037383177567,0.4177570093457944,0.1647933608285886,0.5
W1_web,20,score_burstiness,scored,7500.0,0,106,1,20,0.0,0.0,0.0,0.009345794392523364,0.9906542056074766,0.4953271028037383,0.3542056074766355,0.12528731453623823,1.0
W1_web,21,SICA (proposed),proposed,0.5902950668656822,7,109,0,11,1.0,0.3888888888888889,0.56,0.0,1.0,0.6944444444444444,0.9801223241590215,0.9059469845285784,
W1_web,21,pin_ip,pinning,,18,97,12,0,0.6,1.0,0.7499999999999999,0.11009174311926606,0.8899082568807339,0.944954128440367,0.944954128440367,0.7038871962494098,0.0
W1_web,21,pin_prefix24,pinning,,16,103,6,2,0.7272727272727273,0.8888888888888888,0.7999999999999999,0.05504587155963303,0.944954128440367,0.9169215086646278,0.916921508664628,0.8053335089081335,0.1111111111111111
W1_web,21,pin_scope16,pinning,,11,108,1,7,0.9166666666666666,0.6111111111111112,0.7333333333333334,0.009174311926605505,0.9908256880733946,0.8009683995922529,0.8009683995922529,0.6914462675539269,0.3888888888888889
W1_web,21,pin_useragent,pinning,,12,105,4,6,0.75,0.6666666666666666,0.7058823529411765,0.03669724770642202,0.963302752293578,0.8149847094801224,0.8149847094801224,0.6496178756608169,0.3333333333333333
W1_web,21,pin_useragent_core,pinning,,7,109,0,11,1.0,0.3888888888888889,0.56,0.0,1.0,0.6944444444444444,0.6944444444444444,0.5427982589073428,0.6111111111111112
W1_web,21,pin_ip_or_useragent,pinning,,18,96,13,0,0.5806451612903226,1.0,0.7346938775510204,0.11926605504587157,0.8807339449541285,0.9403669724770642,0.9403669724770642,0.668136899348867,0.0
W1_web,21,pin_ip_and_useragent,pinning,,12,106,3,6,0.8,0.6666666666666666,0.7272727272727272,0.027522935779816515,0.9724770642201835,0.8195718654434251,0.8195718654434251,0.7223961012383199,0.3333333333333333
W1_web,21,score_distinct_bindings,scored,1.0,16,103,6,2,0.7272727272727273,0.8888888888888888,0.7999999999999999,0.05504587155963303,0.944954128440367,0.9169215086646278,0.9184505606523955,0.8053335089081335,0.1111111111111111
W1_web,21,score_max_request_rate,scored,1000.0,10,48,61,8,0.14084507042253522,0.5555555555555556,0.2247191011235955,0.5596330275229358,0.44036697247706424,0.4979612640163099,0.44520897043832824,0.1306215750481111,0.4444444444444444
W1_web,21,score_burstiness,scored,7500.0,0,108,1,18,0.0,0.0,0.0,0.009174311926605505,0.9908256880733946,0.4954128440366973,0.4319571865443425,0.12463327121898907,1.0
W1_web,22,SICA (proposed),proposed,0.4698744066188015,15,104,3,5,0.8333333333333334,0.75,0.7894736842105262,0.028037383177570093,0.9719626168224299,0.860981308411215,0.9619158878504673,0.8608059587471352,
W1_web,22,pin_ip,pinning,,20,85,22,0,0.47619047619047616,1.0,0.6451612903225806,0.205607476635514,0.794392523364486,0.897196261682243,0.897196261682243,0.5409135204568725,0.0
W1_web,22,pin_prefix24,pinning,,17,93,14,3,0.5483870967741935,0.85,0.6666666666666665,0.1308411214953271,0.8691588785046729,0.8595794392523364,0.8595794392523365,0.5607472941385397,0.15
W1_web,22,pin_scope16,pinning,,12,102,5,8,0.7058823529411765,0.6,0.6486486486486486,0.04672897196261682,0.9532710280373832,0.7766355140186916,0.7766355140186916,0.5902466541408187,0.4
W1_web,22,pin_useragent,pinning,,12,97,10,8,0.5454545454545454,0.6,0.5714285714285713,0.09345794392523364,0.9065420560747663,0.7532710280373831,0.7532710280373832,0.4568224920428348,0.4
W1_web,22,pin_useragent_core,pinning,,11,107,0,9,1.0,0.55,0.7096774193548387,0.0,1.0,0.775,0.775,0.6826656899003822,0.45
W1_web,22,pin_ip_or_useragent,pinning,,20,81,26,0,0.43478260869565216,1.0,0.6060606060606061,0.24299065420560748,0.7570093457943925,0.8785046728971962,0.8785046728971962,0.4882290893246795,0.0
W1_web,22,pin_ip_and_useragent,pinning,,12,101,6,8,0.6666666666666666,0.6,0.631578947368421,0.056074766355140186,0.9439252336448598,0.7719626168224298,0.77196261682243,0.5627796518594657,0.4
W1_web,22,score_distinct_bindings,scored,1.0,17,93,14,3,0.5483870967741935,0.85,0.6666666666666665,0.1308411214953271,0.8691588785046729,0.8595794392523364,0.8595794392523365,0.5607472941385397,0.15
W1_web,22,score_max_request_rate,scored,1000.0,12,52,55,8,0.1791044776119403,0.6,0.27586206896551724,0.514018691588785,0.48598130841121495,0.5429906542056074,0.5764018691588785,0.26970368425799635,0.4
W1_web,22,score_burstiness,scored,7500.0,0,106,1,20,0.0,0.0,0.0,0.009345794392523364,0.9906542056074766,0.4953271028037383,0.4869158878504673,0.15411944626401192,1.0
W1_web,23,SICA (proposed),proposed,0.46892585001512316,8,109,1,9,0.8888888888888888,0.47058823529411764,0.6153846153846153,0.00909090909090909,0.990909090909091,0.7307486631016042,0.9663101604278075,0.8306289323769339,
W1_web,23,pin_ip,pinning,,17,97,13,0,0.5666666666666667,1.0,0.7234042553191489,0.11818181818181818,0.8818181818181818,0.9409090909090909,0.9409090909090909,0.611328512190801,0.0
W1_web,23,pin_prefix24,pinning,,13,106,4,4,0.7647058823529411,0.7647058823529411,0.7647058823529412,0.03636363636363636,0.9636363636363636,0.8641711229946524,0.8641711229946524,0.6727080366872753,0.23529411764705882
W1_web,23,pin_scope16,pinning,,12,107,3,5,0.8,0.7058823529411765,0.7500000000000001,0.02727272727272727,0.9727272727272728,0.8393048128342246,0.8393048128342246,0.654330322511225,0.29411764705882354
W1_web,23,pin_useragent,pinning,,7,101,9,10,0.4375,0.4117647058823529,0.42424242424242425,0.08181818181818182,0.9181818181818182,0.6649732620320856,0.6649732620320855,0.34653529868363403,0.5882352941176471
W1_web,23,pin_useragent_core,pinning,,7,110,0,10,1.0,0.4117647058823529,0.5833333333333334,0.0,1.0,0.7058823529411764,0.7058823529411765,0.5234136572586928,0.5882352941176471
W1_web,23,pin_ip_or_useragent,pinning,,17,93,17,0,0.5,1.0,0.6666666666666666,0.15454545454545454,0.8454545454545455,0.9227272727272727,0.9227272727272727,0.546671323593401,0.0
W1_web,23,pin_ip_and_useragent,pinning,,7,105,5,10,0.5833333333333334,0.4117647058823529,0.4827586206896552,0.045454545454545456,0.9545454545454546,0.6831550802139037,0.6831550802139037,0.3995285849743097,0.5882352941176471
W1_web,23,score_distinct_bindings,scored,1.0,13,106,4,4,0.7647058823529411,0.7647058823529411,0.7647058823529412,0.03636363636363636,0.9636363636363636,0.8641711229946524,0.8641711229946524,0.6727080366872753,0.23529411764705882
W1_web,23,score_max_request_rate,scored,1000.0,7,49,61,10,0.10294117647058823,0.4117647058823529,0.16470588235294117,0.5545454545454546,0.44545454545454544,0.4286096256684492,0.4537433155080214,0.12591010770390787,0.5882352941176471
W1_web,23,score_burstiness,scored,7500.0,0,109,1,17,0.0,0.0,0.0,0.00909090909090909,0.990909090909091,0.4954545454545455,0.3799465240641711,0.11123463738041624,1.0
W1_web,24,SICA (proposed),proposed,0.44708996071594104,11,103,5,8,0.6875,0.5789473684210527,0.6285714285714286,0.046296296296296294,0.9537037037037037,0.7663255360623782,0.9398148148148148,0.7698304333044786,
W1_web,24,pin_ip,pinning,,19,90,18,0,0.5135135135135135,1.0,0.6785714285714285,0.16666666666666666,0.8333333333333334,0.9166666666666667,0.9166666666666666,0.3970021651656665,0.0
W1_web,24,pin_prefix24,pinning,,14,99,9,5,0.6086956521739131,0.7368421052631579,0.6666666666666666,0.08333333333333333,0.9166666666666666,0.8267543859649122,0.8267543859649122,0.44024206925966397,0.2631578947368421
W1_web,24,pin_scope16,pinning,,8,102,6,11,0.5714285714285714,0.42105263157894735,0.48484848484848486,0.05555555555555555,0.9444444444444444,0.6827485380116959,0.6827485380116959,0.325645987803111,0.5789473684210527
W1_web,24,pin_useragent,pinning,,10,88,20,9,0.3333333333333333,0.5263157894736842,0.4081632653061224,0.18518518518518517,0.8148148148148148,0.6705653021442495,0.6705653021442495,0.244906758801328,0.47368421052631576
W1_web,24,pin_useragent_core,pinning,,8,108,0,11,1.0,0.42105263157894735,0.5925925925925926,0.0,1.0,0.7105263157894737,0.7105263157894737,0.557053793000948,0.5789473684210527
W1_web,24,pin_ip_or_useragent,pinning,,19,78,30,0,0.3877551020408163,1.0,0.5588235294117647,0.2777777777777778,0.7222222222222222,0.8611111111111112,0.8611111111111112,0.3279964537147774,0.0
W1_web,24,pin_ip_and_useragent,pinning,,10,100,8,9,0.5555555555555556,0.5263157894736842,0.5405405405405405,0.07407407407407407,0.9259259259259259,0.7261208576998051,0.7261208576998051,0.3386373703734094,0.47368421052631576
W1_web,24,score_distinct_bindings,scored,1.0,14,99,9,5,0.6086956521739131,0.7368421052631579,0.6666666666666666,0.08333333333333333,0.9166666666666666,0.8267543859649122,0.8267543859649122,0.44024206925966397,0.2631578947368421
W1_web,24,score_max_request_rate,scored,1000.0,10,51,57,9,0.14925373134328357,0.5263157894736842,0.2325581395348837,0.5277777777777778,0.4722222222222222,0.4992690058479532,0.5246101364522417,0.16215439226704192,0.47368421052631576
W1_web,24,score_burstiness,scored,7500.0,0,108,0,19,0.0,0.0,0.0,0.0,1.0,0.5,0.5192495126705653,0.1759925568102241,1.0
W1_web,25,SICA (proposed),proposed,0.3563931025098929,16,99,3,9,0.8421052631578947,0.64,0.7272727272727272,0.029411764705882353,0.9705882352941176,0.8052941176470588,0.9713725490196078,0.8965299507869842,
W1_web,25,pin_ip,pinning,,25,92,10,0,0.7142857142857143,1.0,0.8333333333333333,0.09803921568627451,0.9019607843137255,0.9509803921568627,0.9509803921568627,0.851098340036908,0.0
W1_web,25,pin_prefix24,pinning,,20,96,6,5,0.7692307692307693,0.8,0.7843137254901961,0.058823529411764705,0.9411764705882353,0.8705882352941177,0.8705882352941177,0.7970358129417368,0.2
W1_web,25,pin_scope16,pinning,,16,100,2,9,0.8888888888888888,0.64,0.7441860465116279,0.0196078431372549,0.9803921568627451,0.8101960784313725,0.8101960784313725,0.7365568791996018,0.36
W1_web,25,pin_useragent,pinning,,12,96,6,13,0.6666666666666666,0.48,0.5581395348837209,0.058823529411764705,0.9411764705882353,0.7105882352941176,0.7105882352941176,0.45738156930101437,0.52
W1_web,25,pin_useragent_core,pinning,,12,102,0,13,1.0,0.48,0.6486486486486487,0.0,1.0,0.74,0.74,0.6337166182012189,0.52
W1_web,25,pin_ip_or_useragent,pinning,,25,88,14,0,0.6410256410256411,1.0,0.7812500000000001,0.13725490196078433,0.8627450980392157,0.9313725490196079,0.9313725490196079,0.6783637777593792,0.0
W1_web,25,pin_ip_and_useragent,pinning,,12,100,2,13,0.8571428571428571,0.48,0.6153846153846153,0.0196078431372549,0.9803921568627451,0.7301960784313726,0.7301960784313726,0.6031240342762851,0.52
W1_web,25,score_distinct_bindings,scored,1.0,20,96,6,5,0.7692307692307693,0.8,0.7843137254901961,0.058823529411764705,0.9411764705882353,0.8705882352941177,0.8705882352941177,0.7970358129417368,0.2
W1_web,25,score_max_request_rate,scored,1000.0,14,47,55,11,0.2028985507246377,0.56,0.29787234042553196,0.5392156862745098,0.46078431372549017,0.5103921568627451,0.5431372549019607,0.23559537040947373,0.44
W1_web,25,score_burstiness,scored,7500.0,0,101,1,25,0.0,0.0,0.0,0.00980392156862745,0.9901960784313726,0.4950980392156863,0.47352941176470587,0.18585630576940365,1.0
W1_web,26,SICA (proposed),proposed,0.44662209063510616,16,103,1,7,0.9411764705882353,0.6956521739130435,0.7999999999999999,0.009615384615384616,0.9903846153846154,0.8430183946488294,0.9623745819397993,0.8921953457936301,
W1_web,26,pin_ip,pinning,,23,88,16,0,0.5897435897435898,1.0,0.7419354838709677,0.15384615384615385,0.8461538461538461,0.9230769230769231,0.9230769230769231,0.6085408802394748,0.0
W1_web,26,pin_prefix24,pinning,,18,99,5,5,0.782608695652174,0.782608695652174,0.782608695652174,0.04807692307692308,0.9519230769230769,0.8672658862876255,0.8672658862876255,0.7110794036295423,0.21739130434782608
W1_web,26,pin_scope16,pinning,,13,102,2,10,0.8666666666666667,0.5652173913043478,0.6842105263157895,0.019230769230769232,0.9807692307692307,0.7729933110367893,0.7729933110367893,0.6574514251759891,0.43478260869565216
W1_web,26,pin_useragent,pinning,,15,92,12,8,0.5555555555555556,0.6521739130434783,0.6,0.11538461538461539,0.8846153846153846,0.7683946488294314,0.7683946488294314,0.44993778109063154,0.34782608695652173
W1_web,26,pin_useragent_core,pinning,,13,104,0,10,1.0,0.5652173913043478,0.7222222222222222,0.0,1.0,0.7826086956521738,0.782608695652174,0.6888384780049965,0.43478260869565216
W1_web,26,pin_ip_or_useragent,pinning,,23,83,21,0,0.5227272727272727,1.0,0.6865671641791045,0.20192307692307693,0.7980769230769231,0.8990384615384616,0.8990384615384616,0.5245413722762821,0.0
W1_web,26,pin_ip_and_useragent,pinning,,15,97,7,8,0.6818181818181818,0.6521739130434783,0.6666666666666666,0.0673076923076923,0.9326923076923077,0.792433110367893,0.792433110367893,0.5417000650682107,0.34782608695652173
W1_web,26,score_distinct_bindings,scored,1.0,18,99,5,5,0.782608695652174,0.782608695652174,0.782608695652174,0.04807692307692308,0.9519230769230769,0.8672658862876255,0.8693561872909699,0.7375884018776709,0.21739130434782608
W1_web,26,score_max_request_rate,scored,1000.0,11,51,53,12,0.171875,0.4782608695652174,0.25287356321839083,0.5096153846153846,0.49038461538461536,0.48432274247491636,0.5319816053511706,0.17605896875179952,0.5217391304347826
W1_web,26,score_burstiness,scored,7500.0,0,103,1,23,0.0,0.0,0.0,0.009615384615384616,0.9903846153846154,0.4951923076923077,0.4487876254180602,0.16371428970209295,1.0
W1_web,27,SICA (proposed),proposed,0.634801182555623,7,109,1,10,0.875,0.4117647058823529,0.56,0.00909090909090909,0.990909090909091,0.701336898395722,0.9794117647058823,0.8839914005286889,
W1_web,27,pin_ip,pinning,,17,95,15,0,0.53125,1.0,0.6938775510204082,0.13636363636363635,0.8636363636363636,0.9318181818181819,0.9318181818181818,0.4644326296492615,0.0
W1_web,27,pin_prefix24,pinning,,13,104,6,4,0.6842105263157895,0.7647058823529411,0.7222222222222222,0.05454545454545454,0.9454545454545454,0.8550802139037432,0.8550802139037433,0.5364192376566141,0.23529411764705882
W1_web,27,pin_scope16,pinning,,7,108,2,10,0.7777777777777778,0.4117647058823529,0.5384615384615384,0.01818181818181818,0.9818181818181818,0.6967914438502674,0.6967914438502674,0.4925208279390545,0.5882352941176471
W1_web,27,pin_useragent,pinning,,11,101,9,6,0.55,0.6470588235294118,0.5945945945945946,0.08181818181818182,0.9181818181818182,0.7826203208556151,0.782620320855615,0.4264605033085573,0.35294117647058826
W1_web,27,pin_useragent_core,pinning,,11,110,0,6,1.0,0.6470588235294118,0.7857142857142858,0.0,1.0,0.8235294117647058,0.8235294117647058,0.7198098453348023,0.35294117647058826
W1_web,27,pin_ip_or_useragent,pinning,,17,93,17,0,0.5,1.0,0.6666666666666666,0.15454545454545454,0.8454545454545455,0.9227272727272727,0.9227272727272727,0.4328401816542852,0.0
W1_web,27,pin_ip_and_useragent,pinning,,11,103,7,6,0.6111111111111112,0.6470588235294118,0.6285714285714287,0.06363636363636363,0.9363636363636364,0.7917112299465241,0.7917112299465241,0.47472086657147694,0.35294117647058826
W1_web,27,score_distinct_bindings,scored,1.0,13,104,6,4,0.6842105263157895,0.7647058823529411,0.7222222222222222,0.05454545454545454,0.9454545454545454,0.8550802139037432,0.8582887700534759,0.6158310023624964,0.23529411764705882
W1_web,27,score_max_request_rate,scored,1000.0,9,47,63,8,0.125,0.5294117647058824,0.20224719101123595,0.5727272727272728,0.42727272727272725,0.4783422459893048,0.4852941176470588,0.11986291208440994,0.47058823529411764
W1_web,27,score_burstiness,scored,7500.0,0,110,0,17,0.0,0.0,0.0,0.0,1.0,0.5,0.46390374331550804,0.13243254528673434,1.0
W1_web,28,SICA (proposed),proposed,0.37337245927243895,23,96,6,2,0.7931034482758621,0.92,0.851851851851852,0.058823529411764705,0.9411764705882353,0.9305882352941177,0.9894117647058823,0.9524444123725991,
W1_web,28,pin_ip,pinning,,25,90,12,0,0.6756756756756757,1.0,0.8064516129032258,0.11764705882352941,0.8823529411764706,0.9411764705882353,0.9411764705882353,0.7370793836746956,0.0
W1_web,28,pin_prefix24,pinning,,25,94,8,0,0.7575757575757576,1.0,0.8620689655172413,0.0784313725490196,0.9215686274509803,0.9607843137254901,0.9607843137254902,0.7992757371800454,0.0
W1_web,28,pin_scope16,pinning,,13,98,4,12,0.7647058823529411,0.52,0.6190476190476191,0.0392156862745098,0.9607843137254902,0.7403921568627452,0.7403921568627451,0.5703276105610073,0.48
W1_web,28,pin_useragent,pinning,,19,90,12,6,0.6129032258064516,0.76,0.6785714285714285,0.11764705882352941,0.8823529411764706,0.8211764705882353,0.8211764705882353,0.5847770155479896,0.24
W1_web,28,pin_useragent_core,pinning,,17,102,0,8,1.0,0.68,0.8095238095238095,0.0,1.0,0.8400000000000001,0.84,0.8318346942524774,0.32
W1_web,28,pin_ip_or_useragent,pinning,,25,82,20,0,0.5555555555555556,1.0,0.7142857142857143,0.19607843137254902,0.803921568627451,0.9019607843137255,0.9019607843137255,0.5894295650280732,0.0
W1_web,28,pin_ip_and_useragent,pinning,,19,98,4,6,0.8260869565217391,0.76,0.7916666666666667,0.0392156862745098,0.9607843137254902,0.8603921568627451,0.8603921568627451,0.8042964261943368,0.24
W1_web,28,score_distinct_bindings,scored,1.0,25,94,8,0,0.7575757575757576,1.0,0.8620689655172413,0.0784313725490196,0.9215686274509803,0.9607843137254901,0.9623529411764706,0.8246195570427975,0.0
W1_web,28,score_max_request_rate,scored,1000.0,16,46,56,9,0.2222222222222222,0.64,0.32989690721649484,0.5490196078431373,0.45098039215686275,0.5454901960784314,0.5519607843137255,0.2562908670317185,0.36
W1_web,28,score_burstiness,scored,7500.0,0,101,1,25,0.0,0.0,0.0,0.00980392156862745,0.9901960784313726,0.4950980392156863,0.4223529411764706,0.16758129857492146,1.0
W1_web,29,SICA (proposed),proposed,0.6317804981284525,9,105,0,13,1.0,0.4090909090909091,0.5806451612903226,0.0,1.0,0.7045454545454546,0.9655844155844155,0.8840637403137405,
W1_web,29,pin_ip,pinning,,22,95,10,0,0.6875,1.0,0.8148148148148148,0.09523809523809523,0.9047619047619048,0.9523809523809523,0.9523809523809523,0.69139381807997,0.0
W1_web,29,pin_prefix24,pinning,,17,100,5,5,0.7727272727272727,0.7727272727272727,0.7727272727272727,0.047619047619047616,0.9523809523809523,0.8625541125541125,0.8625541125541125,0.75217089896375,0.22727272727272727
W1_web,29,pin_scope16,pinning,,10,104,1,12,0.9090909090909091,0.45454545454545453,0.6060606060606061,0.009523809523809525,0.9904761904761905,0.7225108225108225,0.7225108225108225,0.5895554857212908,0.5454545454545454
W1_web,29,pin_useragent,pinning,,12,93,12,10,0.5,0.5454545454545454,0.5217391304347826,0.11428571428571428,0.8857142857142857,0.7155844155844155,0.7155844155844155,0.41773336070611233,0.45454545454545453
W1_web,29,pin_useragent_core,pinning,,9,105,0,13,1.0,0.4090909090909091,0.5806451612903226,0.0,1.0,0.7045454545454546,0.7045454545454546,0.5676227688086739,0.5909090909090909
W1_web,29,pin_ip_or_useragent,pinning,,22,90,15,0,0.5945945945945946,1.0,0.7457627118644068,0.14285714285714285,0.8571428571428571,0.9285714285714286,0.9285714285714286,0.6285951351281172,0.0
W1_web,29,pin_ip_and_useragent,pinning,,12,98,7,10,0.631578947368421,0.5454545454545454,0.5853658536585366,0.06666666666666667,0.9333333333333333,0.7393939393939394,0.7393939393939394,0.4731883073558325,0.45454545454545453
W1_web,29,score_distinct_bindings,scored,1.0,17,100,5,5,0.7727272727272727,0.7727272727272727,0.7727272727272727,0.047619047619047616,0.9523809523809523,0.8625541125541125,0.8636363636363636,0.75217089896375,0.22727272727272727
W1_web,29,score_max_request_rate,scored,1000.0,13,49,56,9,0.18840579710144928,0.5909090909090909,0.2857142857142857,0.5333333333333333,0.4666666666666667,0.5287878787878788,0.5337662337662338,0.18800369793778426,0.4090909090909091
W1_web,29,score_burstiness,scored,7500.0,0,105,0,22,0.0,0.0,0.0,0.0,1.0,0.5,0.5121212121212121,0.17834454836756308,1.0
W2_apt,0,SICA (proposed),proposed,0.6059527010846677,105,1240,5,213,0.9545454545454546,0.330188679245283,0.4906542056074766,0.004016064257028112,0.9959839357429718,0.6630863074941274,0.9618587557778283,0.8473984613424754,
W2_apt,0,pin_ip,pinning,,318,1061,184,0,0.6334661354581673,1.0,0.775609756097561,0.14779116465863454,0.8522088353413655,0.9261044176706827,0.9261044176706827,0.62045352101244,0.0
W2_apt,0,pin_prefix24,pinning,,246,1160,85,72,0.743202416918429,0.7735849056603774,0.7580893682588599,0.06827309236947791,0.9317269076305221,0.8526559066454498,0.8526559066454498,0.6625321495250124,0.22641509433962265
W2_apt,0,pin_scope16,pinning,,158,1215,30,160,0.8404255319148937,0.4968553459119497,0.6245059288537549,0.024096385542168676,0.9759036144578314,0.7363794801848905,0.7363794801848905,0.5621655325045526,0.5031446540880503
W2_apt,0,pin_useragent,pinning,,144,1111,134,174,0.5179856115107914,0.4528301886792453,0.48322147651006714,0.10763052208835341,0.8923694779116466,0.6725998332954459,0.6725998332954459,0.37686550030129645,0.5471698113207547
W2_apt,0,pin_useragent_core,pinning,,59,1245,0,259,1.0,0.18553459119496854,0.31299734748010605,0.0,1.0,0.5927672955974843,0.5927672955974843,0.4062414911072928,0.8144654088050315
W2_apt,0,pin_ip_or_useragent,pinning,,318,985,260,0,0.5501730103806228,1.0,0.7098214285714286,0.20883534136546184,0.7911646586345381,0.8955823293172691,0.8955823293172691,0.5346655072077241,0.0
W2_apt,0,pin_ip_and_useragent,pinning,,144,1187,58,174,0.7128712871287128,0.4528301886792453,0.5538461538461538,0.046586345381526104,0.9534136546184739,0.7031219216488596,0.7031219216488596,0.4874447321734076,0.5471698113207547
W2_apt,0,score_distinct_bindings,scored,1.0,246,1160,85,72,0.743202416918429,0.7735849056603774,0.7580893682588599,0.06827309236947791,0.9317269076305221,0.8526559066454498,0.854266121088126,0.691795131686331,0.22641509433962265
W2_apt,0,score_max_request_rate,scored,1000.0,202,421,824,116,0.1968810916179337,0.6352201257861635,0.3005952380952381,0.661847389558233,0.3381526104417671,0.48668636811396526,0.5076633578338511,0.19490007440754625,0.36477987421383645
W2_apt,0,score_burstiness,scored,7000.0,3,1216,29,315,0.09375,0.009433962264150943,0.017142857142857144,0.023293172690763052,0.976706827309237,0.49307039478669396,0.4722954711929479,0.1834950912235701,0.9905660377358491
W2_apt,1,SICA (proposed),proposed,0.4410006067156409,132,1243,24,164,0.8461538461538461,0.44594594594594594,0.584070796460177,0.018942383583267563,0.9810576164167324,0.7135017811813391,0.9531000021331513,0.807881603471755,
W2_apt,1,pin_ip,pinning,,296,1059,208,0,0.5873015873015873,1.0,0.74,0.16416732438831885,0.8358326756116812,0.9179163378058406,0.9179163378058406,0.6127447879891567,0.0
W2_apt,1,pin_prefix24,pinning,,221,1158,109,75,0.6696969696969697,0.7466216216216216,0.706070287539936,0.08602999210734018,0.9139700078926598,0.8302958147571406,0.8302958147571408,0.603942899934302,0.2533783783783784
W2_apt,1,pin_scope16,pinning,,156,1226,41,140,0.7918781725888325,0.527027027027027,0.6328600405679514,0.03235990528808208,0.9676400947119179,0.7473335608694724,0.7473335608694724,0.5750374112008148,0.47297297297297297
W2_apt,1,pin_useragent,pinning,,131,1142,125,165,0.51171875,0.44256756756756754,0.4746376811594203,0.09865824782951854,0.9013417521704814,0.6719546598690245,0.6719546598690245,0.38393197984845073,0.5574324324324325
W2_apt,1,pin_useragent_core,pinning,,55,1267,0,241,1.0,0.1858108108108108,0.31339031339031337,0.0,1.0,0.5929054054054054,0.5929054054054054,0.4143297975192453,0.8141891891891891
W2_apt,1,pin_ip_or_useragent,pinning,,296,1009,258,0,0.5342960288808665,1.0,0.6964705882352942,0.20363062352012629,0.7963693764798737,0.8981846882399369,0.8981846882399369,0.5660536214297875,0.0
W2_apt,1,pin_ip_and_useragent,pinning,,131,1192,75,165,0.6359223300970874,0.44256756756756754,0.5219123505976097,0.05919494869771113,0.9408050513022889,0.6916863094349281,0.6916863094349283,0.4384260266654968,0.5574324324324325
W2_apt,1,score_distinct_bindings,scored,1.0,221,1158,109,75,0.6696969696969697,0.7466216216216216,0.706070287539936,0.08602999210734018,0.9139700078926598,0.8302958147571406,0.8326209496789607,0.639598127607728,0.2533783783783784
W2_apt,1,score_max_request_rate,scored,1000.0,207,428,839,89,0.19789674952198852,0.6993243243243243,0.30849478390462,0.6621941594317285,0.3378058405682715,0.518565082446298,0.5306520510249793,0.21165874136791046,0.30067567567567566
W2_apt,1,score_burstiness,scored,7000.0,1,1241,26,295,0.037037037037037035,0.0033783783783783786,0.006191950464396285,0.020520915548539857,0.9794790844514601,0.4914287314149193,0.5142854476418013,0.18894497955105774,0.9966216216216216
W2_apt,2,SICA (proposed),proposed,0.4411468475655872,148,1240,25,150,0.8554913294797688,0.4966442953020134,0.6284501061571126,0.019762845849802372,0.9802371541501976,0.7384407247261056,0.9657174310953126,0.8505321052354015,
W2_apt,2,pin_ip,pinning,,298,1094,171,0,0.6353944562899787,1.0,0.7770534550195567,0.13517786561264822,0.8648221343873518,0.9324110671936758,0.9324110671936758,0.6715381914074822,0.0
W2_apt,2,pin_prefix24,pinning,,236,1179,86,62,0.7329192546583851,0.7919463087248322,0.7612903225806452,0.06798418972332015,0.9320158102766798,0.861981059500756,0.861981059500756,0.6715528018170044,0.2080536912751678
W2_apt,2,pin_scope16,pinning,,148,1235,30,150,0.8314606741573034,0.4966442953020134,0.6218487394957984,0.023715415019762844,0.9762845849802372,0.7364644401411253,0.7364644401411253,0.599986152527859,0.5033557046979866
W2_apt,2,pin_useragent,pinning,,159,1142,123,139,0.5638297872340425,0.5335570469798657,0.5482758620689654,0.09723320158102766,0.9027667984189723,0.718161922699419,0.718161922699419,0.4609788837824429,0.4664429530201342
W2_apt,2,pin_useragent_core,pinning,,64,1265,0,234,1.0,0.21476510067114093,0.3535911602209945,0.0,1.0,0.6073825503355704,0.6073825503355704,0.43242776735216276,0.785234899328859
W2_apt,2,pin_ip_or_useragent,pinning,,298,1026,239,0,0.5549348230912476,1.0,0.7137724550898203,0.18893280632411066,0.8110671936758893,0.9055335968379447,0.9055335968379447,0.594002853745941,0.0
W2_apt,2,pin_ip_and_useragent,pinning,,159,1210,55,139,0.7429906542056075,0.5335570469798657,0.6210937500000001,0.043478260869565216,0.9565217391304348,0.7450393930551502,0.7450393930551503,0.5616805599740238,0.4664429530201342
W2_apt,2,score_distinct_bindings,scored,1.0,236,1179,86,62,0.7329192546583851,0.7919463087248322,0.7612903225806452,0.06798418972332015,0.9320158102766798,0.861981059500756,0.8638061384195029,0.7050744935031338,0.2080536912751678
W2_apt,2,score_max_request_rate,scored,1000.0,195,436,829,103,0.1904296875,0.6543624161073825,0.2950075642965204,0.6553359683794466,0.34466403162055337,0.49951322386396796,0.5139692813751757,0.20079061207625842,0.34563758389261745
W2_apt,2,score_burstiness,scored,7000.0,1,1237,28,297,0.034482758620689655,0.003355704697986577,0.006116207951070336,0.022134387351778657,0.9778656126482214,0.490610658673104,0.47382815608669127,0.17002879487876824,0.9966442953020134
W2_apt,3,SICA (proposed),proposed,0.616552271122714,115,1254,16,178,0.8778625954198473,0.3924914675767918,0.5424528301886792,0.012598425196850394,0.9874015748031496,0.6899465211899707,0.9587930988148665,0.8240183694403866,
W2_apt,3,pin_ip,pinning,,293,1072,198,0,0.5967413441955194,1.0,0.7474489795918368,0.15590551181102363,0.8440944881889764,0.9220472440944882,0.9220472440944882,0.5877481618368027,0.0
W2_apt,3,pin_prefix24,pinning,,230,1171,99,63,0.6990881458966566,0.7849829351535836,0.7395498392282959,0.07795275590551182,0.9220472440944882,0.853515089624036,0.8535150896240359,0.6124056568269723,0.2150170648464164
W2_apt,3,pin_scope16,pinning,,167,1222,48,126,0.7767441860465116,0.5699658703071673,0.6574803149606299,0.03779527559055118,0.9622047244094488,0.7660852973583081,0.766085297358308,0.5910189015846938,0.4300341296928328
W2_apt,3,pin_useragent,pinning,,140,1153,117,153,0.5447470817120622,0.4778156996587031,0.5090909090909091,0.09212598425196851,0.9078740157480315,0.6928448577033672,0.6928448577033672,0.3879424991208176,0.5221843003412969
W2_apt,3,pin_useragent_core,pinning,,61,1270,0,232,1.0,0.20819112627986347,0.3446327683615819,0.0,1.0,0.6040955631399317,0.6040955631399317,0.40847451595293927,0.7918088737201365
W2_apt,3,pin_ip_or_useragent,pinning,,293,1017,253,0,0.5366300366300366,1.0,0.698450536352801,0.19921259842519684,0.8007874015748031,0.9003937007874016,0.9003937007874016,0.5262648319131911,0.0
W2_apt,3,pin_ip_and_useragent,pinning,,140,1208,62,153,0.693069306930693,0.4778156996587031,0.5656565656565656,0.048818897637795275,0.9511811023622048,0.7144984010104539,0.7144984010104539,0.4709439043666272,0.5221843003412969
W2_apt,3,score_distinct_bindings,scored,1.0,230,1171,99,63,0.6990881458966566,0.7849829351535836,0.7395498392282959,0.07795275590551182,0.9220472440944882,0.853515089624036,0.8544462658891188,0.6324611002262183,0.2150170648464164
W2_apt,3,score_max_request_rate,scored,1000.0,190,437,833,103,0.18572825024437928,0.6484641638225256,0.2887537993920973,0.6559055118110236,0.34409448818897637,0.496279326005751,0.5089624035903362,0.1791946150000479,0.3515358361774744
W2_apt,3,score_burstiness,scored,7000.0,1,1245,25,292,0.038461538461538464,0.0034129692832764505,0.006269592476489028,0.01968503937007874,0.9803149606299213,0.4918639649565989,0.49841713471822846,0.18245940070949196,0.9965870307167235
W2_apt,4,SICA (proposed),proposed,0.4320017454203883,133,1224,37,169,0.7823529411764706,0.44039735099337746,0.5635593220338982,0.029341792228390166,0.9706582077716098,0.7055277793824937,0.9533824201332907,0.803712031545999,
W2_apt,4,pin_ip,pinning,,302,1064,197,0,0.6052104208416834,1.0,0.7540574282147317,0.15622521808088818,0.8437747819191118,0.921887390959556,0.921887390959556,0.637040376410997,0.0
W2_apt,4,pin_prefix24,pinning,,233,1154,107,69,0.6852941176470588,0.7715231788079471,0.7258566978193147,0.08485329103885805,0.9151467089611419,0.8433349438845446,0.8433349438845444,0.6273782547469822,0.22847682119205298
W2_apt,4,pin_scope16,pinning,,150,1221,40,152,0.7894736842105263,0.4966887417218543,0.6097560975609756,0.0317208564631245,0.9682791435368755,0.7324839426293649,0.7324839426293649,0.5704246925420586,0.5033112582781457
W2_apt,4,pin_useragent,pinning,,143,1136,125,159,0.5335820895522388,0.4735099337748344,0.5017543859649123,0.09912767644726407,0.9008723235527359,0.6871911286637852,0.6871911286637852,0.4086864015724986,0.5264900662251656
W2_apt,4,pin_useragent_core,pinning,,63,1261,0,239,1.0,0.20860927152317882,0.3452054794520548,0.0,1.0,0.6043046357615894,0.6043046357615894,0.4257564651464209,0.7913907284768212
W2_apt,4,pin_ip_or_useragent,pinning,,302,997,264,0,0.5335689045936396,1.0,0.695852534562212,0.20935765265662173,0.7906423473433782,0.8953211736716891,0.8953211736716892,0.5588259957331112,0.0
W2_apt,4,pin_ip_and_useragent,pinning,,143,1203,58,159,0.7114427860696517,0.4735099337748344,0.5685884691848906,0.045995241871530534,0.9540047581284695,0.713757345951652,0.713757345951652,0.5076315582346406,0.5264900662251656
W2_apt,4,score_distinct_bindings,scored,1.0,233,1154,107,69,0.6852941176470588,0.7715231788079471,0.7258566978193147,0.08485329103885805,0.9151467089611419,0.8433349438845446,0.8451612564400166,0.6552161684068115,0.22847682119205298
W2_apt,4,score_max_request_rate,scored,1000.0,194,436,825,108,0.1903827281648675,0.6423841059602649,0.2937168811506434,0.6542426645519429,0.3457573354480571,0.49407072070416097,0.5057822289678643,0.19705729744855355,0.3576158940397351
W2_apt,4,score_burstiness,scored,7000.0,1,1241,20,301,0.047619047619047616,0.0033112582781456954,0.006191950464396285,0.01586042823156225,0.9841395717684377,0.4937254150232917,0.46636092452641914,0.17648499653585306,0.9966887417218543
W2_apt,5,SICA (proposed),proposed,0.42956887330054633,135,1231,26,171,0.8385093167701864,0.4411764705882353,0.5781584582441113,0.020684168655529037,0.979315831344471,0.7102461509663531,0.9633828339078936,0.8466902286178047,
W2_apt,5,pin_ip,pinning,,306,1058,199,0,0.6059405940594059,1.0,0.75462392108508,0.1583134447096261,0.841686555290374,0.9208432776451869,0.9208432776451869,0.5781803620317142,0.0
W2_apt,5,pin_prefix24,pinning,,228,1168,89,78,0.7192429022082019,0.7450980392156863,0.7319422150882824,0.07080350039777247,0.9291964996022275,0.8371472694089569,0.8371472694089569,0.5994841507733947,0.2549019607843137
W2_apt,5,pin_scope16,pinning,,160,1223,34,146,0.8247422680412371,0.5228758169934641,0.64,0.027048528241845664,0.9729514717581543,0.7479136443758092,0.7479136443758092,0.5867969036136138,0.477124183006536
W2_apt,5,pin_useragent,pinning,,135,1117,140,171,0.4909090909090909,0.4411764705882353,0.46471600688468157,0.11137629276054097,0.888623707239459,0.6649000889138472,0.6649000889138471,0.34747674205624585,0.5588235294117647
W2_apt,5,pin_useragent_core,pinning,,62,1257,0,244,1.0,0.20261437908496732,0.33695652173913043,0.0,1.0,0.6013071895424836,0.6013071895424836,0.4253985705071855,0.7973856209150327
W2_apt,5,pin_ip_or_useragent,pinning,,306,993,264,0,0.5368421052631579,1.0,0.6986301369863014,0.2100238663484487,0.7899761336515513,0.8949880668257757,0.8949880668257757,0.513488923727741,0.0
W2_apt,5,pin_ip_and_useragent,pinning,,135,1182,75,171,0.6428571428571429,0.4411764705882353,0.5232558139534883,0.059665871121718374,0.9403341288782816,0.6907552997332584,0.6907552997332584,0.41973508731626274,0.5588235294117647
W2_apt,5,score_distinct_bindings,scored,1.0,228,1168,89,78,0.7192429022082019,0.7450980392156863,0.7319422150882824,0.07080350039777247,0.9291964996022275,0.8371472694089569,0.838304189350097,0.626094229482478,0.2549019607843137
W2_apt,5,score_max_request_rate,scored,1000.0,204,447,810,102,0.20118343195266272,0.6666666666666666,0.3090909090909091,0.6443914081145584,0.3556085918854415,0.5111376292760541,0.5245111038316148,0.20908560144525307,0.3333333333333333
W2_apt,5,score_burstiness,scored,7000.0,3,1232,25,303,0.10714285714285714,0.00980392156862745,0.017964071856287425,0.01988862370723946,0.9801113762927606,0.494957648930694,0.4908317344439765,0.1869581373086201,0.9901960784313726
W2_apt,6,SICA (proposed),proposed,0.616329406313759,105,1227,17,214,0.860655737704918,0.329153605015674,0.47619047619047616,0.013665594855305467,0.9863344051446945,0.6577440050801843,0.951821407331996,0.80372679618584,
W2_apt,6,pin_ip,pinning,,319,1057,187,0,0.6304347826086957,1.0,0.7733333333333333,0.15032154340836013,0.8496784565916399,0.92483922829582,0.9248392282958199,0.639654595394734,0.0
W2_apt,6,pin_prefix24,pinning,,227,1140,104,92,0.6858006042296072,0.7115987460815048,0.6984615384615385,0.08360128617363344,0.9163987138263665,0.8139987299539356,0.8139987299539356,0.5927394159678878,0.2884012539184953
W2_apt,6,pin_scope16,pinning,,139,1205,39,180,0.7808988764044944,0.43573667711598746,0.5593561368209256,0.03135048231511254,0.9686495176848875,0.7021930974004374,0.7021930974004374,0.5214779993207933,0.5642633228840125
W2_apt,6,pin_useragent,pinning,,144,1118,126,175,0.5333333333333333,0.45141065830721006,0.48896434634974534,0.10128617363344052,0.8987138263665595,0.6750622423368848,0.6750622423368847,0.4022332556274896,0.54858934169279
W2_apt,6,pin_useragent_core,pinning,,65,1244,0,254,1.0,0.20376175548589343,0.3385416666666667,0.0,1.0,0.6018808777429467,0.6018808777429467,0.43806630822998227,0.7962382445141066
W2_apt,6,pin_ip_or_useragent,pinning,,319,981,263,0,0.5481099656357389,1.0,0.7081021087680356,0.21141479099678456,0.7885852090032154,0.8942926045016077,0.8942926045016077,0.5499875780801029,0.0
W2_apt,6,pin_ip_and_useragent,pinning,,144,1194,50,175,0.7422680412371134,0.45141065830721006,0.5614035087719298,0.04019292604501608,0.9598070739549839,0.705608866131097,0.705608866131097,0.5188152847082153,0.54858934169279
W2_apt,6,score_distinct_bindings,scored,1.0,227,1140,104,92,0.6858006042296072,0.7115987460815048,0.6984615384615385,0.08360128617363344,0.9163987138263665,0.8139987299539356,0.8157022044370974,0.6262598629585351,0.2884012539184953
W2_apt,6,score_max_request_rate,scored,1000.0,212,426,818,107,0.2058252427184466,0.664576802507837,0.3143068939955523,0.657556270096463,0.342443729903537,0.503510266205687,0.5209582799947585,0.22286308221283213,0.335423197492163
W2_apt,6,score_burstiness,scored,7000.0,2,1218,26,317,0.07142857142857142,0.006269592476489028,0.01152737752161383,0.02090032154340836,0.9790996784565916,0.49268463546654034,0.49552081968369804,0.19324233546824707,0.9937304075235109
W2_apt,7,SICA (proposed),proposed,0.4358290491622372,156,1228,25,154,0.861878453038674,0.5032258064516129,0.6354378818737271,0.019952114924181964,0.9800478850758181,0.7416368457637155,0.9651249903457508,0.8532779848823562,
W2_apt,7,pin_ip,pinning,,310,1074,179,0,0.6339468302658486,1.0,0.7759699624530663,0.14285714285714285,0.8571428571428571,0.9285714285714286,0.9285714285714286,0.6499042813253362,0.0
W2_apt,7,pin_prefix24,pinning,,243,1164,89,67,0.7319277108433735,0.7838709677419354,0.7570093457943924,0.0710295291300878,0.9289704708699122,0.8564207193059239,0.8564207193059239,0.6450335600062593,0.2161290322580645
W2_apt,7,pin_scope16,pinning,,163,1216,37,147,0.815,0.5258064516129032,0.6392156862745096,0.029529130087789304,0.9704708699122107,0.7481386607625569,0.748138660762557,0.5619941173450527,0.47419354838709676
W2_apt,7,pin_useragent,pinning,,147,1132,121,163,0.5485074626865671,0.47419354838709676,0.5086505190311419,0.0965682362330407,0.9034317637669593,0.688812656077028,0.688812656077028,0.41762630190431266,0.5258064516129032
W2_apt,7,pin_useragent_core,pinning,,73,1253,0,237,1.0,0.23548387096774193,0.381201044386423,0.0,1.0,0.6177419354838709,0.617741935483871,0.4435780868245677,0.7645161290322581
W2_apt,7,pin_ip_or_useragent,pinning,,310,1007,246,0,0.5575539568345323,1.0,0.7159353348729791,0.19632881085395051,0.8036711891460495,0.9018355945730248,0.9018355945730248,0.5756525584250919,0.0
W2_apt,7,pin_ip_and_useragent,pinning,,147,1199,54,163,0.7313432835820896,0.47419354838709676,0.5753424657534246,0.04309656823623304,0.9569034317637669,0.7155484900754319,0.7155484900754319,0.5171072824126101,0.5258064516129032
W2_apt,7,score_distinct_bindings,scored,1.0,243,1164,89,67,0.7319277108433735,0.7838709677419354,0.7570093457943924,0.0710295291300878,0.9289704708699122,0.8564207193059239,0.8577954843858611,0.6708921291568838,0.2161290322580645
W2_apt,7,score_max_request_rate,scored,1000.0,204,436,817,106,0.19980411361410383,0.6580645161290323,0.3065364387678437,0.6520351157222666,0.3479648842777334,0.5030147002033829,0.5156463198002214,0.19946849201290368,0.3419354838709677
W2_apt,7,score_burstiness,scored,7000.0,5,1227,26,305,0.16129032258064516,0.016129032258064516,0.029325513196480937,0.020750199521149242,0.9792498004788508,0.49768941636845765,0.48225162835002444,0.18318051205052538,0.9838709677419355
W2_apt,8,SICA (proposed),proposed,0.44630866310521944,135,1249,30,149,0.8181818181818182,0.4753521126760563,0.6013363028953229,0.023455824863174355,0.9765441751368257,0.725948143906441,0.9626468742085036,0.8247331928623389,
W2_apt,8,pin_ip,pinning,,284,1106,173,0,0.6214442013129103,1.0,0.7665317139001351,0.1352619233776388,0.8647380766223612,0.9323690383111807,0.9323690383111806,0.6223873033965035,0.0
W2_apt,8,pin_prefix24,pinning,,227,1192,87,57,0.7229299363057324,0.7992957746478874,0.7591973244147158,0.06802189210320563,0.9319781078967944,0.8656369412723408,0.8656369412723408,0.648205479973235,0.2007042253521127
W2_apt,8,pin_scope16,pinning,,157,1249,30,127,0.839572192513369,0.5528169014084507,0.6666666666666667,0.023455824863174355,0.9765441751368257,0.7646805382726383,0.7646805382726382,0.6181448307180629,0.4471830985915493
W2_apt,8,pin_useragent,pinning,,134,1170,109,150,0.551440329218107,0.47183098591549294,0.50853889943074,0.08522283033620015,0.9147771696637998,0.6933040777896464,0.6933040777896464,0.3997811335933669,0.528169014084507
W2_apt,8,pin_useragent_core,pinning,,55,1279,0,229,1.0,0.1936619718309859,0.3244837758112094,0.0,1.0,0.596830985915493,0.596830985915493,0.39522274050080436,0.8063380281690141
W2_apt,8,pin_ip_or_useragent,pinning,,284,1046,233,0,0.5493230174081238,1.0,0.7091136079900126,0.1821735731039875,0.8178264268960125,0.9089132134480062,0.9089132134480062,0.5498772193252413,0.0
W2_apt,8,pin_ip_and_useragent,pinning,,134,1230,49,150,0.73224043715847,0.47183098591549294,0.5738758029978587,0.03831118060985145,0.9616888193901486,0.7167599026528207,0.7167599026528207,0.4947098546909944,0.528169014084507
W2_apt,8,score_distinct_bindings,scored,1.0,227,1192,87,57,0.7229299363057324,0.7992957746478874,0.7591973244147158,0.06802189210320563,0.9319781078967944,0.8656369412723408,0.8665949960906959,0.6705996809429731,0.2007042253521127
W2_apt,8,score_max_request_rate,scored,1000.0,187,450,829,97,0.18405511811023623,0.6584507042253521,0.2876923076923077,0.6481626270523847,0.3518373729476153,0.5051440385864837,0.5235081324538317,0.1925661317694312,0.3415492957746479
W2_apt,8,score_burstiness,scored,7000.0,1,1256,23,283,0.041666666666666664,0.0035211267605633804,0.006493506493506494,0.017982799061767005,0.982017200938233,0.4927691638493982,0.48526027155898643,0.16812929272958674,0.9964788732394366
W2_apt,9,SICA (proposed),proposed,0.450445931199968,153,1205,22,183,0.8742857142857143,0.45535714285714285,0.5988258317025441,0.017929910350448247,0.9820700896495518,0.7187136162533473,0.962256714014049,0.8606904639501696,
W2_apt,9,pin_ip,pinning,,336,1035,192,0,0.6363636363636364,1.0,0.7777777777777778,0.15647921760391198,0.843520782396088,0.921760391198044,0.921760391198044,0.6632840248837557,0.0
W2_apt,9,pin_prefix24,pinning,,248,1152,75,88,0.7678018575851393,0.7380952380952381,0.7526555386949925,0.061124694376528114,0.9388753056234719,0.838485271859355,0.838485271859355,0.679684880060933,0.2619047619047619
W2_apt,9,pin_scope16,pinning,,150,1203,24,186,0.8620689655172413,0.44642857142857145,0.5882352941176471,0.019559902200488997,0.980440097799511,0.7134343346140413,0.7134343346140413,0.5853022255765897,0.5535714285714286
W2_apt,9,pin_useragent,pinning,,162,1097,130,174,0.5547945205479452,0.48214285714285715,0.5159235668789809,0.10594947025264874,0.8940505297473512,0.6880966934451042,0.6880966934451042,0.4197138277553568,0.5178571428571429
W2_apt,9,pin_useragent_core,pinning,,78,1227,0,258,1.0,0.23214285714285715,0.37681159420289856,0.0,1.0,0.6160714285714286,0.6160714285714286,0.4744448831324115,0.7678571428571429
W2_apt,9,pin_ip_or_useragent,pinning,,336,975,252,0,0.5714285714285714,1.0,0.7272727272727273,0.20537897310513448,0.7946210268948656,0.8973105134474328,0.8973105134474327,0.5893109233520817,0.0
W2_apt,9,pin_ip_and_useragent,pinning,,162,1157,70,174,0.6982758620689655,0.48214285714285715,0.5704225352112676,0.05704971475142624,0.9429502852485737,0.7125465711957154,0.7125465711957154,0.5041053592678815,0.5178571428571429
W2_apt,9,score_distinct_bindings,scored,1.0,248,1152,75,88,0.7678018575851393,0.7380952380952381,0.7526555386949925,0.061124694376528114,0.9388753056234719,0.838485271859355,0.8392129467924089,0.6916470122259821,0.2619047619047619
W2_apt,9,score_max_request_rate,scored,1000.0,211,404,823,125,0.20406189555125726,0.6279761904761905,0.30802919708029197,0.6707416462917686,0.3292583537082315,0.47861727209221094,0.4963482846276245,0.2152025963601518,0.37202380952380953
W2_apt,9,score_burstiness,scored,7000.0,2,1201,26,334,0.07142857142857142,0.005952380952380952,0.010989010989010986,0.021189894050529748,0.9788101059494703,0.4923812434509256,0.47376004191407617,0.19993694728182831,0.9940476190476191
W2_apt,10,SICA (proposed),proposed,0.43648387745397577,140,1260,18,145,0.8860759493670886,0.49122807017543857,0.6320541760722347,0.014084507042253521,0.9859154929577465,0.7385717815665925,0.9709167284408203,0.865559724912991,
W2_apt,10,pin_ip,pinning,,285,1108,170,0,0.6263736263736264,1.0,0.7702702702702703,0.13302034428794993,0.86697965571205,0.9334898278560251,0.9334898278560251,0.6155290429293421,0.0
W2_apt,10,pin_prefix24,pinning,,214,1200,78,71,0.7328767123287672,0.7508771929824561,0.7417677642980935,0.06103286384976526,0.9389671361502347,0.8449221645663454,0.8449221645663454,0.6303526708349964,0.24912280701754386
W2_apt,10,pin_scope16,pinning,,142,1252,26,143,0.8452380952380952,0.4982456140350877,0.6269315673289183,0.02034428794992175,0.9796557120500783,0.7389506630425831,0.738950663042583,0.5763572732944832,0.5017543859649123
W2_apt,10,pin_useragent,pinning,,126,1151,127,159,0.4980237154150198,0.4421052631578947,0.4684014869888476,0.09937402190923318,0.9006259780907668,0.6713656206243308,0.6713656206243308,0.3720491097761817,0.5578947368421052
W2_apt,10,pin_useragent_core,pinning,,64,1278,0,221,1.0,0.22456140350877193,0.3667621776504298,0.0,1.0,0.612280701754386,0.612280701754386,0.4391076136461136,0.775438596491228
W2_apt,10,pin_ip_or_useragent,pinning,,285,1045,233,0,0.5501930501930502,1.0,0.709838107098381,0.18231611893583724,0.8176838810641628,0.9088419405320813,0.9088419405320813,0.5406150147156625,0.0
W2_apt,10,pin_ip_and_useragent,pinning,,126,1214,64,159,0.6631578947368421,0.4421052631578947,0.5305263157894736,0.050078247261345854,0.9499217527386542,0.6960135079482744,0.6960135079482744,0.4585630592668727,0.5578947368421052
W2_apt,10,score_distinct_bindings,scored,1.0,214,1200,78,71,0.7328767123287672,0.7508771929824561,0.7417677642980935,0.06103286384976526,0.9389671361502347,0.8449221645663454,0.8457787661642369,0.6492258140190541,0.24912280701754386
W2_apt,10,score_max_request_rate,scored,1000.0,184,433,845,101,0.17881438289601556,0.6456140350877193,0.28006088280060887,0.661189358372457,0.33881064162754304,0.4922123383576312,0.5051753013205942,0.19539309616119896,0.3543859649122807
W2_apt,10,score_burstiness,scored,7000.0,1,1251,27,284,0.03571428571428571,0.0035087719298245615,0.006389776357827477,0.02112676056338028,0.9788732394366197,0.49119100568322216,0.4753411306042885,0.16562691588070375,0.9964912280701754
W2_apt,11,SICA (proposed),proposed,0.4360456293539816,139,1232,30,162,0.8224852071005917,0.46179401993355484,0.5914893617021277,0.02377179080824089,0.9762282091917591,0.719011114562657,0.9642093707714907,0.8339230532185756,
W2_apt,11,pin_ip,pinning,,301,1090,172,0,0.6363636363636364,1.0,0.7777777777777778,0.13629160063391443,0.8637083993660856,0.9318541996830427,0.9318541996830428,0.5931552951913449,0.0
W2_apt,11,pin_prefix24,pinning,,227,1177,85,74,0.7275641025641025,0.7541528239202658,0.7406199021207178,0.06735340729001585,0.9326465927099842,0.843399708315125,0.843399708315125,0.5854596780485981,0.24584717607973422
W2_apt,11,pin_scope16,pinning,,153,1229,33,148,0.8225806451612904,0.5083056478405316,0.6283367556468172,0.026148969889064975,0.973851030110935,0.7410783389757333,0.7410783389757333,0.5500204026230995,0.49169435215946844
W2_apt,11,pin_useragent,pinning,,134,1135,127,167,0.5134099616858238,0.44518272425249167,0.47686832740213525,0.10063391442155309,0.8993660855784469,0.6722744049154693,0.6722744049154693,0.3445430405669566,0.5548172757475083
W2_apt,11,pin_useragent_core,pinning,,60,1262,0,241,1.0,0.19933554817275748,0.33240997229916897,0.0,1.0,0.5996677740863787,0.5996677740863787,0.40757570844515745,0.8006644518272426
W2_apt,11,pin_ip_or_useragent,pinning,,301,1016,246,0,0.5502742230347349,1.0,0.7099056603773585,0.1949286846275753,0.8050713153724247,0.9025356576862124,0.9025356576862124,0.4980586352548614,0.0
W2_apt,11,pin_ip_and_useragent,pinning,,134,1209,53,167,0.7165775401069518,0.44518272425249167,0.5491803278688524,0.041996830427892234,0.9580031695721077,0.7015929469122997,0.7015929469122997,0.462860553602379,0.5548172757475083
W2_apt,11,score_distinct_bindings,scored,1.0,227,1177,85,74,0.7275641025641025,0.7541528239202658,0.7406199021207178,0.06735340729001585,0.9326465927099842,0.843399708315125,0.8444066529423844,0.6174583852667823,0.24584717607973422
W2_apt,11,score_max_request_rate,scored,1000.0,212,444,818,89,0.2058252427184466,0.7043189368770764,0.31855747558226893,0.6481774960380349,0.3518225039619651,0.5280707204195207,0.5402330319958301,0.2047209319225216,0.2956810631229236
W2_apt,11,score_burstiness,scored,7000.0,1,1236,26,300,0.037037037037037035,0.0033222591362126247,0.006097560975609756,0.020602218700475437,0.9793977812995246,0.4913600202178686,0.5165731239239514,0.1923713058803906,0.9966777408637874
W2_apt,12,SICA (proposed),proposed,0.43510771554137145,136,1233,20,174,0.8717948717948718,0.43870967741935485,0.5836909871244635,0.01596169193934557,0.9840383080606544,0.7113739927400047,0.9574569420487604,0.8231556815452213,
W2_apt,12,pin_ip,pinning,,310,1077,176,0,0.6378600823045267,1.0,0.7788944723618091,0.14046288906624102,0.859537110933759,0.9297685554668795,0.9297685554668795,0.6450113006896024,0.0
W2_apt,12,pin_prefix24,pinning,,228,1169,84,82,0.7307692307692307,0.7354838709677419,0.7331189710610931,0.0670391061452514,0.9329608938547486,0.8342223824112452,0.8342223824112452,0.6385484541706904,0.2645161290322581
W2_apt,12,pin_scope16,pinning,,148,1211,42,162,0.7789473684210526,0.4774193548387097,0.5920000000000001,0.0335195530726257,0.9664804469273743,0.721949900883042,0.721949900883042,0.5690771359133214,0.5225806451612903
W2_apt,12,pin_useragent,pinning,,138,1138,115,172,0.5454545454545454,0.44516129032258067,0.49023090586145646,0.09177972865123703,0.9082202713487629,0.6766907808356718,0.6766907808356718,0.4086292430915646,0.5548387096774193
W2_apt,12,pin_useragent_core,pinning,,62,1253,0,248,1.0,0.2,0.33333333333333337,0.0,1.0,0.6,0.6,0.42580208310587747,0.8
W2_apt,12,pin_ip_or_useragent,pinning,,310,1018,235,0,0.5688073394495413,1.0,0.7251461988304093,0.18754988028731046,0.8124501197126895,0.9062250598563448,0.9062250598563448,0.5699643537842559,0.0
W2_apt,12,pin_ip_and_useragent,pinning,,138,1197,56,172,0.711340206185567,0.44516129032258067,0.5476190476190477,0.0446927374301676,0.9553072625698324,0.7002342764462066,0.7002342764462065,0.4998886038658284,0.5548387096774193
W2_apt,12,score_distinct_bindings,scored,1.0,228,1169,84,82,0.7307692307692307,0.7354838709677419,0.7331189710610931,0.0670391061452514,0.9329608938547486,0.8342223824112452,0.8355199134979275,0.6640319072314503,0.2645161290322581
W2_apt,12,score_max_request_rate,scored,1000.0,204,438,815,106,0.20019627085377822,0.6580645161290323,0.3069977426636569,0.650438946528332,0.349561053471668,0.5038127848003502,0.5154223412197823,0.21326568615071434,0.3419354838709677
W2_apt,12,score_burstiness,scored,7000.0,2,1230,23,308,0.08,0.0064516129032258064,0.011940298507462687,0.018355945730247406,0.9816440542697525,0.4940478335864892,0.48495996704682953,0.1841255939374696,0.9935483870967742
W2_apt,13,SICA (proposed),proposed,0.4392718239151048,139,1243,29,152,0.8273809523809523,0.47766323024054985,0.6056644880174291,0.02279874213836478,0.9772012578616353,0.7274322440510925,0.9576727938792712,0.8137953696150317,
W2_apt,13,pin_ip,pinning,,291,1087,185,0,0.6113445378151261,1.0,0.758800521512386,0.14544025157232704,0.8545597484276729,0.9272798742138364,0.9272798742138365,0.5969101367513766,0.0
W2_apt,13,pin_prefix24,pinning,,221,1178,94,70,0.7015873015873015,0.7594501718213058,0.7293729372937293,0.07389937106918239,0.9261006289308176,0.8427754003760617,0.8427754003760617,0.6044822365339331,0.24054982817869416
W2_apt,13,pin_scope16,pinning,,150,1231,41,141,0.7853403141361257,0.5154639175257731,0.6224066390041494,0.03223270440251572,0.9677672955974843,0.7416156065616287,0.7416156065616287,0.5662040343631644,0.4845360824742268
W2_apt,13,pin_useragent,pinning,,127,1172,100,164,0.5594713656387665,0.436426116838488,0.49034749034749037,0.07861635220125786,0.9213836477987422,0.678904882318615,0.678904882318615,0.38935375154807694,0.563573883161512
W2_apt,13,pin_useragent_core,pinning,,54,1272,0,237,1.0,0.18556701030927836,0.3130434782608696,0.0,1.0,0.5927835051546392,0.5927835051546392,0.40219859499965627,0.8144329896907216
W2_apt,13,pin_ip_or_useragent,pinning,,291,1033,239,0,0.5490566037735849,1.0,0.7088915956151035,0.1878930817610063,0.8121069182389937,0.9060534591194969,0.9060534591194969,0.5379352348774141,0.0
W2_apt,13,pin_ip_and_useragent,pinning,,127,1226,46,164,0.7341040462427746,0.436426116838488,0.5474137931034483,0.036163522012578615,0.9638364779874213,0.7001312974129547,0.7001312974129547,0.47286942677835253,0.563573883161512
W2_apt,13,score_distinct_bindings,scored,1.0,221,1178,94,70,0.7015873015873015,0.7594501718213058,0.7293729372937293,0.07389937106918239,0.9261006289308176,0.8427754003760617,0.8440451490198622,0.630202378456507,0.24054982817869416
W2_apt,13,score_max_request_rate,scored,1000.0,187,437,835,104,0.18297455968688844,0.6426116838487973,0.2848438690022848,0.6564465408805031,0.34355345911949686,0.4930825714841471,0.5045548855605265,0.20214839385169928,0.35738831615120276
W2_apt,13,score_burstiness,scored,7000.0,2,1248,24,289,0.07692307692307693,0.006872852233676976,0.012618296529968456,0.018867924528301886,0.9811320754716981,0.49400246385268753,0.46540880503144655,0.16893188936442616,0.993127147766323
W2_apt,14,SICA (proposed),proposed,0.6121198026735094,104,1263,13,183,0.8888888888888888,0.3623693379790941,0.5148514851485149,0.01018808777429467,0.9898119122257053,0.6760906251023997,0.957228326761548,0.8154828187036832,
W2_apt,14,pin_ip,pinning,,287,1068,208,0,0.5797979797979798,1.0,0.7340153452685422,0.16300940438871472,0.8369905956112853,0.9184952978056427,0.9184952978056427,0.5765015559479371,0.0
W2_apt,14,pin_prefix24,pinning,,217,1164,112,70,0.6595744680851063,0.7560975609756098,0.7045454545454545,0.0877742946708464,0.9122257053291536,0.8341616331523817,0.8341616331523817,0.572312819265563,0.24390243902439024
W2_apt,14,pin_scope16,pinning,,150,1224,52,137,0.7425742574257426,0.5226480836236934,0.6134969325153375,0.04075235109717868,0.9592476489028213,0.7409478662632574,0.7409478662632574,0.5278579362147584,0.47735191637630664
W2_apt,14,pin_useragent,pinning,,134,1140,136,153,0.4962962962962963,0.46689895470383275,0.48114901256732495,0.10658307210031348,0.8934169278996865,0.6801579413017597,0.6801579413017597,0.3710982224114394,0.5331010452961672
W2_apt,14,pin_useragent_core,pinning,,59,1276,0,228,1.0,0.20557491289198607,0.34104046242774566,0.0,1.0,0.6027874564459931,0.6027874564459931,0.4142118819138036,0.794425087108014
W2_apt,14,pin_ip_or_useragent,pinning,,287,1010,266,0,0.5189873417721519,1.0,0.6833333333333332,0.2084639498432602,0.7915360501567398,0.89576802507837,0.89576802507837,0.5221138579014789,0.0
W2_apt,14,pin_ip_and_useragent,pinning,,134,1198,78,153,0.6320754716981132,0.46689895470383275,0.5370741482965933,0.061128526645768025,0.9388714733542319,0.7028852140290324,0.7028852140290324,0.44385968292705474,0.5331010452961672
W2_apt,14,score_distinct_bindings,scored,1.0,217,1164,112,70,0.6595744680851063,0.7560975609756098,0.7045454545454545,0.0877742946708464,0.9122257053291536,0.8341616331523817,0.8367612202767796,0.6129113389983153,0.24390243902439024
W2_apt,14,score_max_request_rate,scored,1000.0,184,438,838,103,0.18003913894324852,0.6411149825783972,0.2811306340718105,0.6567398119122257,0.3432601880877743,0.4921875853330857,0.5038529594879468,0.18242402761547444,0.3588850174216028
W2_apt,14,score_burstiness,scored,7000.0,3,1251,25,284,0.10714285714285714,0.010452961672473868,0.01904761904761905,0.019592476489028215,0.9804075235109718,0.49543024259172286,0.47498443524515854,0.17410083558291453,0.9895470383275261
W2_apt,15,SICA (proposed),proposed,0.44277426411751586,136,1243,29,155,0.8242424242424242,0.46735395189003437,0.5964912280701753,0.02279874213836478,0.9772012578616353,0.7222776048758348,0.9571986643324905,0.8283615907125044,
W2_apt,15,pin_ip,pinning,,291,1062,210,0,0.5808383233532934,1.0,0.7348484848484849,0.1650943396226415,0.8349056603773585,0.9174528301886793,0.9174528301886793,0.5867818247609637,0.0
W2_apt,15,pin_prefix24,pinning,,203,1164,108,88,0.6527331189710611,0.697594501718213,0.6744186046511628,0.08490566037735849,0.9150943396226415,0.8063444206704273,0.8063444206704273,0.5544120687065203,0.3024054982817869
W2_apt,15,pin_scope16,pinning,,133,1231,41,158,0.764367816091954,0.4570446735395189,0.5720430107526882,0.03223270440251572,0.9677672955974843,0.7124059845685016,0.7124059845685016,0.5188721765714607,0.5429553264604811
W2_apt,15,pin_useragent,pinning,,133,1125,147,158,0.475,0.4570446735395189,0.46584938704028017,0.11556603773584906,0.8844339622641509,0.6707393179018349,0.6707393179018349,0.365600469449445,0.5429553264604811
W2_apt,15,pin_useragent_core,pinning,,72,1272,0,219,1.0,0.24742268041237114,0.39669421487603307,0.0,1.0,0.6237113402061856,0.6237113402061856,0.4518373809549783,0.7525773195876289
W2_apt,15,pin_ip_or_useragent,pinning,,291,985,287,0,0.5034602076124568,1.0,0.6697353279631761,0.22562893081761007,0.77437106918239,0.887185534591195,0.887185534591195,0.520183003799133,0.0
W2_apt,15,pin_ip_and_useragent,pinning,,133,1202,70,158,0.6551724137931034,0.4570446735395189,0.5384615384615384,0.055031446540880505,0.9449685534591195,0.7010066134993191,0.7010066134993193,0.44005953994981295,0.5429553264604811
W2_apt,15,score_distinct_bindings,scored,1.0,203,1164,108,88,0.6527331189710611,0.697594501718213,0.6744186046511628,0.08490566037735849,0.9150943396226415,0.8063444206704273,0.8082409388575504,0.5852303204693949,0.3024054982817869
W2_apt,15,score_max_request_rate,scored,1000.0,191,434,838,100,0.18561710398445092,0.6563573883161512,0.2893939393939394,0.6588050314465409,0.3411949685534591,0.49877617843480515,0.5098175884501502,0.18364634781360759,0.3436426116838488
W2_apt,15,score_burstiness,scored,7000.0,2,1248,24,289,0.07692307692307693,0.006872852233676976,0.012618296529968456,0.018867924528301886,0.9811320754716981,0.49400246385268753,0.48936517970995697,0.17654280590600685,0.993127147766323
W2_apt,16,SICA (proposed),proposed,0.44557382410884544,147,1232,34,150,0.8121546961325967,0.494949494949495,0.6150627615062761,0.026856240126382307,0.9731437598736177,0.7340466274115564,0.9608379742660943,0.8321845516527132,
W2_apt,16,pin_ip,pinning,,297,1082,184,0,0.6174636174636174,1.0,0.7634961439588689,0.14533965244865718,0.8546603475513428,0.9273301737756714,0.9273301737756714,0.6239035822938422,0.0
W2_apt,16,pin_prefix24,pinning,,218,1158,108,79,0.6687116564417178,0.734006734006734,0.6998394863563402,0.08530805687203792,0.9146919431279621,0.824349338567348,0.824349338567348,0.5869840779373381,0.265993265993266
W2_apt,16,pin_scope16,pinning,,150,1220,46,147,0.7653061224489796,0.5050505050505051,0.6085192697768763,0.036334913112164295,0.9636650868878357,0.7343577959691704,0.7343577959691704,0.5294433601059002,0.494949494949495
W2_apt,16,pin_useragent,pinning,,133,1136,130,164,0.5057034220532319,0.4478114478114478,0.475,0.10268562401263823,0.8973143759873617,0.6725629118994048,0.6725629118994048,0.3657423027521666,0.5521885521885522
W2_apt,16,pin_useragent_core,pinning,,58,1266,0,239,1.0,0.19528619528619529,0.3267605633802817,0.0,1.0,0.5976430976430976,0.5976430976430976,0.40434682591788146,0.8047138047138047
W2_apt,16,pin_ip_or_useragent,pinning,,297,1010,256,0,0.5370705244122965,1.0,0.6988235294117646,0.20221169036334913,0.7977883096366508,0.8988941548183254,0.8988941548183255,0.530011509148462,0.0
W2_apt,16,pin_ip_and_useragent,pinning,,133,1208,58,164,0.6963350785340314,0.4478114478114478,0.5450819672131147,0.045813586097946286,0.9541864139020537,0.7009989308567508,0.7009989308567508,0.46707530548842074,0.5521885521885522
W2_apt,16,score_distinct_bindings,scored,1.0,218,1158,108,79,0.6687116564417178,0.734006734006734,0.6998394863563402,0.08530805687203792,0.9146919431279621,0.824349338567348,0.8262163499130324,0.6213354191091747,0.265993265993266
W2_apt,16,score_max_request_rate,scored,1000.0,195,430,836,102,0.18913676042677013,0.6565656565656566,0.2936746987951807,0.660347551342812,0.33965244865718797,0.49810905261142224,0.5127140281168717,0.18938015738937955,0.3434343434343434
W2_apt,16,score_burstiness,scored,7000.0,0,1240,26,297,0.0,0.0,0.0,0.020537124802527645,0.9794628751974723,0.48973143759873616,0.4738578518199371,0.17276364441049058,1.0
W2_apt,17,SICA (proposed),proposed,0.4330984356152747,127,1224,25,187,0.8355263157894737,0.40445859872611467,0.5450643776824035,0.020016012810248198,0.9799839871897518,0.6922212929579332,0.9649821768242619,0.8352037517536874,
W2_apt,17,pin_ip,pinning,,314,1088,161,0,0.6610526315789473,1.0,0.7959442332065906,0.1289031224979984,0.8710968775020016,0.9355484387510008,0.9355484387510008,0.6186890394353666,0.0
W2_apt,17,pin_prefix24,pinning,,229,1182,67,85,0.7736486486486487,0.7292993630573248,0.7508196721311476,0.053642914331465175,0.9463570856685348,0.8378282243629298,0.8378282243629298,0.6320615813450053,0.27070063694267515
W2_apt,17,pin_scope16,pinning,,150,1229,20,164,0.8823529411764706,0.47770700636942676,0.6198347107438016,0.016012810248198558,0.9839871897518014,0.7308470980606141,0.7308470980606141,0.5588105457139532,0.5222929936305732
W2_apt,17,pin_useragent,pinning,,129,1129,120,185,0.5180722891566265,0.410828025477707,0.458259325044405,0.09607686148919135,0.9039231385108086,0.6573755819942578,0.6573755819942578,0.37299556844439163,0.589171974522293
W2_apt,17,pin_useragent_core,pinning,,50,1249,0,264,1.0,0.1592356687898089,0.2747252747252747,0.0,1.0,0.5796178343949044,0.5796178343949044,0.35630169422447766,0.8407643312101911
W2_apt,17,pin_ip_or_useragent,pinning,,314,1016,233,0,0.5740402193784278,1.0,0.7293844367015099,0.18654923939151322,0.8134507606084868,0.9067253803042434,0.9067253803042434,0.5545950139611096,0.0
W2_apt,17,pin_ip_and_useragent,pinning,,129,1201,48,185,0.7288135593220338,0.410828025477707,0.5254582484725051,0.03843074459567654,0.9615692554043235,0.6861986404410152,0.6861986404410152,0.45731101405226365,0.589171974522293
W2_apt,17,score_distinct_bindings,scored,1.0,229,1182,67,85,0.7736486486486487,0.7292993630573248,0.7508196721311476,0.053642914331465175,0.9463570856685348,0.8378282243629298,0.8389386668570525,0.6652015154818723,0.27070063694267515
W2_apt,17,score_max_request_rate,scored,1000.0,194,407,842,120,0.18725868725868725,0.6178343949044586,0.2874074074074074,0.6741393114491593,0.32586068855084066,0.47184754172764964,0.4876295941211568,0.1805518829243868,0.3821656050955414
W2_apt,17,score_burstiness,scored,7000.0,0,1228,21,314,0.0,0.0,0.0,0.016813450760608487,0.9831865492393915,0.49159327461969576,0.46655413502776744,0.18004714238433406,1.0
W2_apt,18,SICA (proposed),proposed,0.613116011535732,96,1238,12,217,0.8888888888888888,0.30670926517571884,0.4560570071258907,0.0096,0.9904,0.6485546325878594,0.9608984025559105,0.8333964910398824,
W2_apt,18,pin_ip,pinning,,313,1078,172,0,0.6453608247422681,1.0,0.7844611528822056,0.1376,0.8624,0.9312,0.9312,0.6751375601035003,0.0
W2_apt,18,pin_prefix24,pinning,,232,1171,79,81,0.7459807073954984,0.7412140575079872,0.7435897435897435,0.0632,0.9368,0.8390070287539936,0.8390070287539936,0.6775650098413576,0.25878594249201275
W2_apt,18,pin_scope16,pinning,,156,1212,38,157,0.8041237113402062,0.4984025559105431,0.6153846153846153,0.0304,0.9696,0.7340012779552716,0.7340012779552716,0.5794080161700441,0.5015974440894568
W2_apt,18,pin_useragent,pinning,,148,1131,119,165,0.5543071161048689,0.4728434504792332,0.5103448275862069,0.0952,0.9048,0.6888217252396166,0.6888217252396166,0.4107622988380128,0.5271565495207667
W2_apt,18,pin_useragent_core,pinning,,63,1250,0,250,1.0,0.2012779552715655,0.3351063829787234,0.0,1.0,0.6006389776357828,0.6006389776357828,0.43330460156866757,0.7987220447284346
W2_apt,18,pin_ip_or_useragent,pinning,,313,1012,238,0,0.5680580762250453,1.0,0.724537037037037,0.1904,0.8096,0.9048,0.9048,0.584799877465495,0.0
W2_apt,18,pin_ip_and_useragent,pinning,,148,1197,53,165,0.736318407960199,0.4728434504792332,0.575875486381323,0.0424,0.9576,0.7152217252396166,0.7152217252396166,0.5223512132850637,0.5271565495207667
W2_apt,18,score_distinct_bindings,scored,1.0,232,1171,79,81,0.7459807073954984,0.7412140575079872,0.7435897435897435,0.0632,0.9368,0.8390070287539936,0.8403194888178914,0.6947674167280463,0.25878594249201275
W2_apt,18,score_max_request_rate,scored,1000.0,192,430,820,121,0.18972332015810275,0.6134185303514377,0.289811320754717,0.656,0.344,0.4787092651757188,0.4913188498402556,0.1902492386655265,0.3865814696485623
W2_apt,18,score_burstiness,scored,7000.0,1,1227,23,312,0.041666666666666664,0.003194888178913738,0.005934718100890207,0.0184,0.9816,0.4923974440894569,0.44673610223642174,0.17059186147357852,0.9968051118210862
W2_apt,19,SICA (proposed),proposed,0.43761773151609495,145,1241,34,143,0.8100558659217877,0.5034722222222222,0.6209850107066381,0.02666666666666667,0.9733333333333334,0.7384027777777777,0.9562023420479303,0.816680599706729,
W2_apt,19,pin_ip,pinning,,288,1059,216,0,0.5714285714285714,1.0,0.7272727272727273,0.16941176470588235,0.8305882352941176,0.9152941176470588,0.9152941176470588,0.5445173475474837,0.0
W2_apt,19,pin_prefix24,pinning,,223,1166,109,65,0.6716867469879518,0.7743055555555556,0.7193548387096774,0.08549019607843138,0.9145098039215687,0.8444076797385621,0.8444076797385621,0.5911657393093488,0.22569444444444445
W2_apt,19,pin_scope16,pinning,,145,1235,40,143,0.7837837837837838,0.5034722222222222,0.6131078224101479,0.03137254901960784,0.9686274509803922,0.7360498366013072,0.7360498366013072,0.548959836721607,0.4965277777777778
W2_apt,19,pin_useragent,pinning,,131,1151,124,157,0.5137254901960784,0.4548611111111111,0.48250460405156537,0.09725490196078432,0.9027450980392157,0.6788031045751634,0.6788031045751634,0.37590984732263566,0.5451388888888888
W2_apt,19,pin_useragent_core,pinning,,57,1275,0,231,1.0,0.19791666666666666,0.33043478260869563,0.0,1.0,0.5989583333333334,0.5989583333333334,0.3999344890429522,0.8020833333333334
W2_apt,19,pin_ip_or_useragent,pinning,,288,996,279,0,0.5079365079365079,1.0,0.6736842105263158,0.2188235294117647,0.7811764705882352,0.8905882352941177,0.8905882352941177,0.4888004942536991,0.0
W2_apt,19,pin_ip_and_useragent,pinning,,131,1214,61,157,0.6822916666666666,0.4548611111111111,0.5458333333333333,0.04784313725490196,0.952156862745098,0.7035089869281046,0.7035089869281046,0.45266973778495845,0.5451388888888888
W2_apt,19,score_distinct_bindings,scored,1.0,223,1166,109,65,0.6716867469879518,0.7743055555555556,0.7193548387096774,0.08549019607843138,0.9145098039215687,0.8444076797385621,0.8455950435729848,0.6194587518862498,0.22569444444444445
W2_apt,19,score_max_request_rate,scored,1000.0,194,446,829,94,0.18963831867057673,0.6736111111111112,0.2959572845156369,0.6501960784313725,0.34980392156862744,0.5117075163398693,0.5279983660130719,0.18374523767799456,0.3263888888888889
W2_apt,19,score_burstiness,scored,7000.0,1,1251,24,287,0.04,0.003472222222222222,0.006389776357827476,0.018823529411764704,0.9811764705882353,0.49232434640522876,0.47072848583877996,0.16304497233397958,0.9965277777777778
W2_apt,20,SICA (proposed),proposed,0.4343907831392899,139,1247,28,149,0.8323353293413174,0.4826388888888889,0.610989010989011,0.02196078431372549,0.9780392156862745,0.7303390522875817,0.9603567538126362,0.835441679497432,
W2_apt,20,pin_ip,pinning,,288,1070,205,0,0.5841784989858012,1.0,0.737516005121639,0.1607843137254902,0.8392156862745098,0.919607843137255,0.9196078431372549,0.6026958100248302,0.0
W2_apt,20,pin_prefix24,pinning,,220,1178,97,68,0.694006309148265,0.7638888888888888,0.7272727272727272,0.07607843137254902,0.923921568627451,0.8439052287581699,0.84390522875817,0.6140043132956361,0.2361111111111111
W2_apt,20,pin_scope16,pinning,,152,1240,35,136,0.8128342245989305,0.5277777777777778,0.64,0.027450980392156862,0.9725490196078431,0.7501633986928105,0.7501633986928105,0.5868241401853351,0.4722222222222222
W2_apt,20,pin_useragent,pinning,,133,1139,136,155,0.4944237918215613,0.4618055555555556,0.4775583482944345,0.10666666666666667,0.8933333333333333,0.6775694444444444,0.6775694444444444,0.40128229811054444,0.5381944444444444
W2_apt,20,pin_useragent_core,pinning,,54,1275,0,234,1.0,0.1875,0.3157894736842105,0.0,1.0,0.59375,0.59375,0.4096662508740867,0.8125
W2_apt,20,pin_ip_or_useragent,pinning,,288,1007,268,0,0.5179856115107914,1.0,0.6824644549763034,0.21019607843137256,0.7898039215686274,0.8949019607843137,0.8949019607843137,0.5513605479779378,0.0
W2_apt,20,pin_ip_and_useragent,pinning,,133,1202,73,155,0.6456310679611651,0.4618055555555556,0.5384615384615384,0.05725490196078432,0.9427450980392157,0.7022753267973856,0.7022753267973856,0.4690358716920372,0.5381944444444444
W2_apt,20,score_distinct_bindings,scored,1.0,220,1178,97,68,0.694006309148265,0.7638888888888888,0.7272727272727272,0.07607843137254902,0.923921568627451,0.8439052287581699,0.845093954248366,0.6412741119536005,0.2361111111111111
W2_apt,20,score_max_request_rate,scored,1000.0,186,437,838,102,0.181640625,0.6458333333333334,0.28353658536585363,0.6572549019607843,0.3427450980392157,0.49428921568627454,0.5031699346405228,0.19571909336055887,0.3541666666666667
W2_apt,20,score_burstiness,scored,7000.0,4,1249,26,284,0.13333333333333333,0.013888888888888888,0.025157232704402514,0.0203921568627451,0.9796078431372549,0.4967483660130719,0.47274373638344225,0.17507817502513176,0.9861111111111112
W2_apt,21,SICA (proposed),proposed,0.6115110560998775,97,1261,6,199,0.941747572815534,0.3277027027027027,0.4862155388471178,0.004735595895816891,0.9952644041041832,0.6614835534034429,0.9652936282770537,0.8494455117659542,
W2_apt,21,pin_ip,pinning,,296,1079,188,0,0.6115702479338843,1.0,0.7589743589743589,0.1483820047355959,0.8516179952644041,0.925808997632202,0.925808997632202,0.6068245299869545,0.0
W2_apt,21,pin_prefix24,pinning,,235,1180,87,61,0.7298136645962733,0.793918918918919,0.7605177993527509,0.06866614048934491,0.9313338595106551,0.862626389214787,0.862626389214787,0.6440713213492861,0.20608108108108109
W2_apt,21,pin_scope16,pinning,,156,1230,37,140,0.8082901554404145,0.527027027027027,0.6380368098159509,0.02920284135753749,0.9707971586424625,0.7489120928347448,0.7489120928347448,0.5466486868131626,0.47297297297297297
W2_apt,21,pin_useragent,pinning,,149,1146,121,147,0.5518518518518518,0.5033783783783784,0.5265017667844523,0.09550118389897395,0.904498816101026,0.7039385972397022,0.7039385972397022,0.4160154245504193,0.4966216216216216
W2_apt,21,pin_useragent_core,pinning,,64,1267,0,232,1.0,0.21621621621621623,0.35555555555555557,0.0,1.0,0.6081081081081081,0.6081081081081081,0.4282231798976395,0.7837837837837838
W2_apt,21,pin_ip_or_useragent,pinning,,296,1024,243,0,0.549165120593692,1.0,0.7089820359281437,0.19179163378058406,0.8082083662194159,0.904104183109708,0.904104183109708,0.5442230961929574,0.0
W2_apt,21,pin_ip_and_useragent,pinning,,149,1201,66,147,0.6930232558139535,0.5033783783783784,0.5831702544031312,0.05209155485398579,0.9479084451460142,0.7256434117621964,0.7256434117621963,0.4986435651324807,0.4966216216216216
W2_apt,21,score_distinct_bindings,scored,1.0,235,1180,87,61,0.7298136645962733,0.793918918918919,0.7605177993527509,0.06866614048934491,0.9313338595106551,0.862626389214787,0.8635543100322106,0.6665753145389078,0.20608108108108109
W2_apt,21,score_max_request_rate,scored,1000.0,188,439,828,108,0.18503937007874016,0.6351351351351351,0.2865853658536585,0.6535122336227308,0.34648776637726914,0.49081145075620214,0.5122376223895561,0.18779309363021413,0.36486486486486486
W2_apt,21,score_burstiness,scored,7000.0,0,1240,27,296,0.0,0.0,0.0,0.021310181531176007,0.978689818468824,0.489344909234412,0.4702598711576612,0.16798954573981148,1.0
W2_apt,22,SICA (proposed),proposed,0.4356060977922297,147,1223,27,166,0.8448275862068966,0.4696485623003195,0.6036960985626284,0.0216,0.9784,0.7240242811501598,0.9576715654952077,0.8325742795961215,
W2_apt,22,pin_ip,pinning,,313,1059,191,0,0.621031746031746,1.0,0.7662178702570379,0.1528,0.8472,0.9236,0.9236,0.6378268376667198,0.0
W2_apt,22,pin_prefix24,pinning,,239,1162,88,74,0.7308868501529052,0.7635782747603834,0.7468750000000001,0.0704,0.9296,0.8465891373801917,0.8465891373801917,0.6480707520183715,0.2364217252396166
W2_apt,22,pin_scope16,pinning,,166,1213,37,147,0.8177339901477833,0.5303514376996805,0.6434108527131782,0.0296,0.9704,0.7503757188498403,0.7503757188498402,0.5889913748700107,0.4696485623003195
W2_apt,22,pin_useragent,pinning,,156,1122,128,157,0.5492957746478874,0.4984025559105431,0.5226130653266332,0.1024,0.8976,0.6980012779552716,0.6980012779552716,0.41480547973514265,0.5015974440894568
W2_apt,22,pin_useragent_core,pinning,,79,1250,0,234,1.0,0.2523961661341853,0.4030612244897959,0.0,1.0,0.6261980830670927,0.6261980830670927,0.463211620201051,0.7476038338658147
W2_apt,22,pin_ip_or_useragent,pinning,,313,992,258,0,0.5481611208406305,1.0,0.7081447963800905,0.2064,0.7936,0.8968,0.8968,0.5497557351470723,0.0
W2_apt,22,pin_ip_and_useragent,pinning,,156,1189,61,157,0.7188940092165899,0.4984025559105431,0.5886792452830188,0.0488,0.9512,0.7248012779552716,0.7248012779552716,0.5270500230715871,0.5015974440894568
W2_apt,22,score_distinct_bindings,scored,1.0,239,1162,88,74,0.7308868501529052,0.7635782747603834,0.7468750000000001,0.0704,0.9296,0.8465891373801917,0.8476012779552715,0.6659092380484191,0.2364217252396166
W2_apt,22,score_max_request_rate,scored,1000.0,196,418,832,117,0.19066147859922178,0.6261980830670927,0.2923191648023863,0.6656,0.3344,0.4802990415335463,0.4934479233226837,0.19415885710779196,0.3738019169329074
W2_apt,22,score_burstiness,scored,7000.0,1,1224,26,312,0.037037037037037035,0.003194888178913738,0.0058823529411764705,0.0208,0.9792,0.49119744408945687,0.46152460063897766,0.1798903635330473,0.9968051118210862
W2_apt,23,SICA (proposed),proposed,0.44162489724616816,143,1235,26,159,0.8461538461538461,0.4735099337748344,0.6072186836518046,0.020618556701030927,0.979381443298969,0.7264456885369017,0.9622093786598463,0.844098024474875,
W2_apt,23,pin_ip,pinning,,302,1068,193,0,0.6101010101010101,1.0,0.7578419071518194,0.15305313243457574,0.8469468675654243,0.9234734337827122,0.9234734337827122,0.6493767213031303,0.0
W2_apt,23,pin_prefix24,pinning,,226,1171,90,76,0.7151898734177216,0.7483443708609272,0.7313915857605178,0.07137192704203013,0.9286280729579699,0.8384862219094485,0.8384862219094485,0.6320055069775095,0.25165562913907286
W2_apt,23,pin_scope16,pinning,,155,1228,33,147,0.824468085106383,0.5132450331125827,0.6326530612244898,0.026169706582077717,0.9738302934179223,0.7435376632652525,0.7435376632652525,0.58992721450629,0.4867549668874172
W2_apt,23,pin_useragent,pinning,,146,1126,135,156,0.5195729537366548,0.48344370860927155,0.5008576329331047,0.1070578905630452,0.8929421094369548,0.6881929090231131,0.6881929090231131,0.41182059901386503,0.5165562913907285
W2_apt,23,pin_useragent_core,pinning,,71,1261,0,231,1.0,0.23509933774834438,0.38069705093833783,0.0,1.0,0.6175496688741722,0.6175496688741722,0.4605421130200027,0.7649006622516556
W2_apt,23,pin_ip_or_useragent,pinning,,302,1007,254,0,0.5431654676258992,1.0,0.7039627039627039,0.2014274385408406,0.7985725614591594,0.8992862807295797,0.8992862807295797,0.5729906467067856,0.0
W2_apt,23,pin_ip_and_useragent,pinning,,146,1187,74,156,0.6636363636363637,0.48344370860927155,0.5593869731800767,0.05868358445678033,0.9413164155432197,0.7123800620762456,0.7123800620762456,0.5016965018308387,0.5165562913907285
W2_apt,23,score_distinct_bindings,scored,1.0,226,1171,90,76,0.7151898734177216,0.7483443708609272,0.7313915857605178,0.07137192704203013,0.9286280729579699,0.8384862219094485,0.8399042072149193,0.6572948786643174,0.25165562913907286
W2_apt,23,score_max_request_rate,scored,1000.0,187,447,814,115,0.18681318681318682,0.6192052980132451,0.2870299309286263,0.6455194290245837,0.35448057097541635,0.4868429344943307,0.504865790316736,0.19967139474681272,0.38079470198675497
W2_apt,23,score_burstiness,scored,7000.0,1,1237,24,301,0.04,0.0033112582781456954,0.006116207951070336,0.0190325138778747,0.9809674861221253,0.4921393722001355,0.4680979565256209,0.17400207569960158,0.9966887417218543
W2_apt,24,SICA (proposed),proposed,0.6136322556202305,93,1249,16,205,0.8532110091743119,0.31208053691275167,0.457002457002457,0.012648221343873518,0.9873517786561264,0.649716157784439,0.9560681221317346,0.8029577838242934,
W2_apt,24,pin_ip,pinning,,298,1075,190,0,0.610655737704918,1.0,0.7582697201017812,0.15019762845849802,0.849802371541502,0.924901185770751,0.924901185770751,0.5893002223562361,0.0
W2_apt,24,pin_prefix24,pinning,,221,1158,107,77,0.6737804878048781,0.7416107382550335,0.7060702875399361,0.08458498023715415,0.9154150197628459,0.8285128790089398,0.8285128790089397,0.5735791511128433,0.25838926174496646
W2_apt,24,pin_scope16,pinning,,149,1220,45,149,0.7680412371134021,0.5,0.6056910569105691,0.03557312252964427,0.9644268774703557,0.7322134387351779,0.7322134387351779,0.5395464567728725,0.5
W2_apt,24,pin_useragent,pinning,,131,1147,118,167,0.5261044176706827,0.4395973154362416,0.4789762340036563,0.0932806324110672,0.9067193675889328,0.6731583415125872,0.6731583415125872,0.36925334425632517,0.5604026845637584
W2_apt,24,pin_useragent_core,pinning,,58,1265,0,240,1.0,0.19463087248322147,0.32584269662921345,0.0,1.0,0.5973154362416108,0.5973154362416108,0.4054590849067462,0.8053691275167785
W2_apt,24,pin_ip_or_useragent,pinning,,298,1021,244,0,0.5498154981549815,1.0,0.7095238095238096,0.19288537549407114,0.8071146245059289,0.9035573122529644,0.9035573122529644,0.5254540068988229,0.0
W2_apt,24,pin_ip_and_useragent,pinning,,131,1201,64,167,0.6717948717948717,0.4395973154362416,0.5314401622718053,0.05059288537549407,0.9494071146245059,0.6945022150303737,0.6945022150303738,0.4448413345165411,0.5604026845637584
W2_apt,24,score_distinct_bindings,scored,1.0,221,1158,107,77,0.6737804878048781,0.7416107382550335,0.7060702875399361,0.08458498023715415,0.9154150197628459,0.8285128790089398,0.831067458948988,0.6212194269757433,0.25838926174496646
W2_apt,24,score_max_request_rate,scored,1000.0,174,431,834,124,0.17261904761904762,0.5838926174496645,0.26646248085758045,0.6592885375494071,0.34071146245059286,0.46230203995012864,0.47280154919489614,0.17331936184173702,0.4161073825503356
W2_apt,24,score_burstiness,scored,7000.0,0,1239,26,298,0.0,0.0,0.0,0.020553359683794466,0.9794466403162055,0.48972332015810277,0.4475276547205348,0.1657651186761222,1.0
W2_apt,25,SICA (proposed),proposed,0.42769876284178143,147,1229,23,164,0.8647058823529412,0.47266881028938906,0.6112266112266113,0.018370607028753993,0.981629392971246,0.7271491016303175,0.9588144499347667,0.8356444955633513,
W2_apt,25,pin_ip,pinning,,311,1073,179,0,0.6346938775510204,1.0,0.7765293383270911,0.14297124600638977,0.8570287539936102,0.9285143769968052,0.9285143769968051,0.6615350451880287,0.0
W2_apt,25,pin_prefix24,pinning,,247,1160,92,64,0.7286135693215339,0.7942122186495176,0.7599999999999999,0.07348242811501597,0.9265175718849841,0.8603648952672509,0.8603648952672509,0.6772649811278668,0.2057877813504823
W2_apt,25,pin_scope16,pinning,,155,1212,40,156,0.7948717948717948,0.4983922829581994,0.6126482213438735,0.03194888178913738,0.9680511182108626,0.733221700584531,0.733221700584531,0.5704743971311074,0.5016077170418006
W2_apt,25,pin_useragent,pinning,,162,1121,131,149,0.552901023890785,0.5209003215434084,0.5364238410596027,0.10463258785942492,0.895367412140575,0.7081338668419916,0.7081338668419918,0.4375510375535578,0.4790996784565916
W2_apt,25,pin_useragent_core,pinning,,73,1252,0,238,1.0,0.2347266881028939,0.3802083333333333,0.0,1.0,0.617363344051447,0.617363344051447,0.46391730373419454,0.7652733118971061
W2_apt,25,pin_ip_or_useragent,pinning,,311,1003,249,0,0.5553571428571429,1.0,0.7141216991963261,0.1988817891373802,0.8011182108626198,0.9005591054313099,0.9005591054313099,0.5743718719974515,0.0
W2_apt,25,pin_ip_and_useragent,pinning,,162,1191,61,149,0.726457399103139,0.5209003215434084,0.6067415730337079,0.048722044728434506,0.9512779552715654,0.7360891384074869,0.7360891384074869,0.5427239714349537,0.4790996784565916
W2_apt,25,score_distinct_bindings,scored,1.0,247,1160,92,64,0.7286135693215339,0.7942122186495176,0.7599999999999999,0.07348242811501597,0.9265175718849841,0.8603648952672509,0.8615462847867849,0.6970096464611321,0.2057877813504823
W2_apt,25,score_max_request_rate,scored,1000.0,201,427,825,110,0.195906432748538,0.6463022508038585,0.3006731488406881,0.6589456869009584,0.34105431309904155,0.49367828195145,0.508454639778926,0.2067162140948132,0.3536977491961415
W2_apt,25,score_burstiness,scored,7000.0,0,1226,26,311,0.0,0.0,0.0,0.020766773162939296,0.9792332268370607,0.48961661341853036,0.4716350944597968,0.18010554840922408,1.0
W2_apt,26,SICA (proposed),proposed,0.4422673830740351,149,1241,24,149,0.861271676300578,0.5,0.6326963906581741,0.018972332015810278,0.9810276679841897,0.7405138339920949,0.9575868106215348,0.8354193107295523,
W2_apt,26,pin_ip,pinning,,298,1056,209,0,0.5877712031558185,1.0,0.7403726708074535,0.16521739130434782,0.8347826086956521,0.9173913043478261,0.9173913043478261,0.6191745603717188,0.0
W2_apt,26,pin_prefix24,pinning,,235,1174,91,63,0.7208588957055214,0.7885906040268457,0.7532051282051281,0.07193675889328063,0.9280632411067193,0.8583269225667824,0.8583269225667826,0.6491332612773617,0.21140939597315436
W2_apt,26,pin_scope16,pinning,,149,1229,36,149,0.8054054054054054,0.5,0.6169772256728778,0.028458498023715414,0.9715415019762846,0.7357707509881424,0.7357707509881423,0.5705417526705538,0.5
W2_apt,26,pin_useragent,pinning,,153,1126,139,145,0.523972602739726,0.5134228187919463,0.5186440677966102,0.10988142292490119,0.8901185770750988,0.7017706979335225,0.7017706979335225,0.4056863903836081,0.4865771812080537
W2_apt,26,pin_useragent_core,pinning,,74,1265,0,224,1.0,0.2483221476510067,0.39784946236559143,0.0,1.0,0.6241610738255033,0.6241610738255033,0.461135972600891,0.7516778523489933
W2_apt,26,pin_ip_or_useragent,pinning,,298,992,273,0,0.521891418563923,1.0,0.6858457997698504,0.2158102766798419,0.7841897233201581,0.892094861660079,0.892094861660079,0.5377851223304528,0.0
W2_apt,26,pin_ip_and_useragent,pinning,,153,1190,75,145,0.6710526315789473,0.5134228187919463,0.5817490494296578,0.05928853754940711,0.9407114624505929,0.7270671406212696,0.7270671406212696,0.49967054363145474,0.4865771812080537
W2_apt,26,score_distinct_bindings,scored,1.0,235,1174,91,63,0.7208588957055214,0.7885906040268457,0.7532051282051281,0.07193675889328063,0.9280632411067193,0.8583269225667824,0.8592925166458869,0.6691997673099568,0.21140939597315436
W2_apt,26,score_max_request_rate,scored,1000.0,203,439,826,95,0.19727891156462585,0.6812080536912751,0.3059532780708365,0.6529644268774704,0.34703557312252964,0.5141218134069023,0.5252208398546303,0.20735515321630327,0.3187919463087248
W2_apt,26,score_burstiness,scored,7000.0,2,1242,23,296,0.08,0.006711409395973154,0.012383900928792567,0.01818181818181818,0.9818181818181818,0.4942647956070775,0.5017866143194418,0.18960561555688593,0.9932885906040269
W2_apt,27,SICA (proposed),proposed,0.6228028252793902,106,1226,12,219,0.8983050847457628,0.3261538461538461,0.47855530474040636,0.009693053311793215,0.9903069466882067,0.6582303964210264,0.9560780415061514,0.8262251024194058,
W2_apt,27,pin_ip,pinning,,325,1046,192,0,0.6286266924564797,1.0,0.7719714964370546,0.15508885298869143,0.8449111470113085,0.9224555735056543,0.9224555735056543,0.6377156183917474,0.0
W2_apt,27,pin_prefix24,pinning,,244,1130,108,81,0.6931818181818182,0.7507692307692307,0.7208271787296898,0.08723747980613894,0.9127625201938611,0.8317658754815459,0.8317658754815459,0.6169252158731919,0.24923076923076923
W2_apt,27,pin_scope16,pinning,,159,1197,41,166,0.795,0.48923076923076925,0.6057142857142858,0.033117932148626815,0.9668820678513732,0.7280564185410712,0.7280564185410712,0.538442743405563,0.5107692307692308
W2_apt,27,pin_useragent,pinning,,159,1115,123,166,0.5638297872340425,0.48923076923076925,0.5238879736408566,0.09935379644588045,0.9006462035541195,0.6949384863924444,0.6949384863924444,0.44548846858164204,0.5107692307692308
W2_apt,27,pin_useragent_core,pinning,,68,1238,0,257,1.0,0.20923076923076922,0.34605597964376594,0.0,1.0,0.6046153846153846,0.6046153846153847,0.4369412544483428,0.7907692307692308
W2_apt,27,pin_ip_or_useragent,pinning,,325,994,244,0,0.5711775043936731,1.0,0.727069351230425,0.19709208400646203,0.802907915993538,0.901453957996769,0.901453957996769,0.5846860202093512,0.0
W2_apt,27,pin_ip_and_useragent,pinning,,159,1167,71,166,0.691304347826087,0.48923076923076925,0.572972972972973,0.05735056542810985,0.9426494345718901,0.7159401019013296,0.7159401019013297,0.5130041143200997,0.5107692307692308
W2_apt,27,score_distinct_bindings,scored,1.0,244,1130,108,81,0.6931818181818182,0.7507692307692307,0.7208271787296898,0.08723747980613894,0.9127625201938611,0.8317658754815459,0.8336448365850627,0.6490825400532705,0.24923076923076923
W2_apt,27,score_max_request_rate,scored,1000.0,213,430,808,112,0.20861900097943192,0.6553846153846153,0.3164933135215453,0.6526655896607432,0.3473344103392569,0.5013595128619361,0.5112501553373928,0.2136309837409561,0.3446153846153846
W2_apt,27,score_burstiness,scored,7000.0,3,1212,26,322,0.10344827586206896,0.009230769230769232,0.01694915254237288,0.0210016155088853,0.9789983844911146,0.49411457686094196,0.5024953398782155,0.2060434502177744,0.9907692307692307
W2_apt,28,SICA (proposed),proposed,0.6123412935733505,91,1246,11,215,0.8921568627450981,0.2973856209150327,0.44607843137254904,0.008750994431185362,0.9912490055688147,0.6443173132419237,0.959736586228233,0.8171402014532343,
W2_apt,28,pin_ip,pinning,,306,1078,179,0,0.6309278350515464,1.0,0.7737041719342604,0.1424025457438345,0.8575974542561655,0.9287987271280828,0.9287987271280828,0.6276571208820712,0.0
W2_apt,28,pin_prefix24,pinning,,221,1176,81,85,0.7317880794701986,0.7222222222222222,0.7269736842105262,0.06443914081145585,0.9355608591885441,0.8288915407053832,0.8288915407053832,0.6308707724272997,0.2777777777777778
W2_apt,28,pin_scope16,pinning,,148,1225,32,158,0.8222222222222222,0.48366013071895425,0.6090534979423867,0.02545743834526651,0.9745425616547335,0.7291013461868439,0.7291013461868439,0.5647211951910679,0.5163398692810458
W2_apt,28,pin_useragent,pinning,,142,1146,111,164,0.5612648221343873,0.46405228758169936,0.5080500894454383,0.0883054892601432,0.9116945107398569,0.6878733991607782,0.687873399160778,0.4274036327941763,0.5359477124183006
W2_apt,28,pin_useragent_core,pinning,,59,1257,0,247,1.0,0.19281045751633988,0.3232876712328767,0.0,1.0,0.5964052287581699,0.5964052287581699,0.41445753401840796,0.8071895424836601
W2_apt,28,pin_ip_or_useragent,pinning,,306,1020,237,0,0.56353591160221,1.0,0.7208480565371024,0.18854415274463007,0.8114558472553699,0.905727923627685,0.905727923627685,0.571328013202042,0.0
W2_apt,28,pin_ip_and_useragent,pinning,,142,1204,53,164,0.7282051282051282,0.46405228758169936,0.5668662674650699,0.042163882259347654,0.9578361177406524,0.7109442026611759,0.7109442026611759,0.5036086030649507,0.5359477124183006
W2_apt,28,score_distinct_bindings,scored,1.0,221,1176,81,85,0.7317880794701986,0.7222222222222222,0.7269736842105262,0.06443914081145585,0.9355608591885441,0.8288915407053832,0.8295232969878484,0.6425267835873618,0.2777777777777778
W2_apt,28,score_max_request_rate,scored,1000.0,186,425,832,120,0.18271119842829076,0.6078431372549019,0.2809667673716012,0.6618933969769292,0.33810660302307083,0.47297487013898637,0.48339754888961683,0.19652113277371397,0.39215686274509803
W2_apt,28,score_burstiness,scored,7000.0,1,1234,23,305,0.041666666666666664,0.0032679738562091504,0.00606060606060606,0.018297533810660304,0.9817024661893397,0.4924852200227744,0.45323443617701653,0.17241935193152294,0.9967320261437909
W2_apt,29,SICA (proposed),proposed,0.44531039406261286,140,1224,28,171,0.8333333333333334,0.45016077170418006,0.5845511482254697,0.022364217252396165,0.9776357827476039,0.7138982772258919,0.9534031722876838,0.8113365337742199,
W2_apt,29,pin_ip,pinning,,311,1037,215,0,0.591254752851711,1.0,0.7431302270011948,0.17172523961661343,0.8282747603833865,0.9141373801916932,0.9141373801916933,0.6208952842314813,0.0
W2_apt,29,pin_prefix24,pinning,,243,1142,110,68,0.6883852691218131,0.7813504823151125,0.7319277108433735,0.0878594249201278,0.9121405750798722,0.8467455286974923,0.8467455286974924,0.6345250213630216,0.21864951768488747
W2_apt,29,pin_scope16,pinning,,161,1197,55,150,0.7453703703703703,0.5176848874598071,0.6110056925996206,0.0439297124600639,0.9560702875399361,0.7368775874998716,0.7368775874998715,0.5530910563604189,0.48231511254019294
W2_apt,29,pin_useragent,pinning,,142,1125,127,169,0.5278810408921933,0.4565916398713826,0.4896551724137931,0.10143769968051118,0.8985623003194888,0.6775769700954357,0.6775769700954357,0.42485840428469285,0.5434083601286174
W2_apt,29,pin_useragent_core,pinning,,56,1252,0,255,1.0,0.18006430868167203,0.30517711171662126,0.0,1.0,0.590032154340836,0.590032154340836,0.4204678149149634,0.819935691318328
W2_apt,29,pin_ip_or_useragent,pinning,,311,985,267,0,0.5380622837370242,1.0,0.6996625421822273,0.213258785942492,0.786741214057508,0.8933706070287539,0.893370607028754,0.5811593952826313,0.0
W2_apt,29,pin_ip_and_useragent,pinning,,142,1177,75,169,0.6543778801843319,0.4565916398713826,0.537878787878788,0.05990415335463259,0.9400958466453674,0.698343743258375,0.698343743258375,0.4795364581114242,0.5434083601286174
W2_apt,29,score_distinct_bindings,scored,1.0,243,1142,110,68,0.6883852691218131,0.7813504823151125,0.7319277108433735,0.0878594249201278,0.9121405750798722,0.8467455286974923,0.8482993127394882,0.6580614902531805,0.21864951768488747
W2_apt,29,score_max_request_rate,scored,1000.0,208,436,816,103,0.203125,0.6688102893890675,0.31161048689138576,0.6517571884984026,0.34824281150159747,0.5085265504453325,0.5181741368151793,0.2150621871685233,0.3311897106109325
W2_apt,29,score_burstiness,scored,7000.0,3,1226,26,308,0.10344827586206896,0.00964630225080386,0.01764705882352941,0.020766773162939296,0.9792332268370607,0.4944397645439323,0.4840820603433221,0.18740331916725866,0.9903536977491961
