workload,seed,family,variant,threshold,precision,recall,f1,fpr,balanced_accuracy,roc_auc,pr_auc,w_V1_agent_mutation,w_V2_scope_discontinuity,w_V3_binding_fork,w_V4_transition_velocity,w_V5_rate_discontinuity,w_V6_navigation_break
W1_web,0,reference,full,0.6274784790770388,0.8181818181818182,0.5294117647058824,0.6428571428571428,0.01818181818181818,0.7556149732620321,0.9441176470588235,0.7902153259039918,0.37252152092296115,0.3288178322298165,0.2986606468472223,0.0,0.0,0.0
W1_web,0,leave_one_out,minus_V1_agent_mutation,1.0,0.6666666666666666,0.23529411764705882,0.3478260869565218,0.01818181818181818,0.6085561497326203,0.9433155080213904,0.6588134211404109,0.0,0.5240304539423826,0.47596954605761743,0.0,0.0,0.0
W1_web,0,leave_one_out,minus_V2_scope_discontinuity,0.4449770288734569,0.7333333333333333,0.6470588235294118,0.6875,0.03636363636363636,0.8053475935828878,0.8240641711229947,0.7052538537256768,0.5550229711265431,0.0,0.4449770288734569,0.0,0.0,0.0
W1_web,0,leave_one_out,minus_V3_binding_fork,0.46884269469788015,0.8,0.7058823529411765,0.7500000000000001,0.02727272727272727,0.8393048128342246,0.9371657754010695,0.787724806523334,0.5311573053021198,0.46884269469788015,0.0,0.0,0.0,0.0
W1_web,0,restored,plus_V4_transition_velocity,0.7226990384737766,0.75,0.17647058823529413,0.2857142857142857,0.00909090909090909,0.5836898395721926,0.9406417112299466,0.7423790118912071,0.2773009615262234,0.24476841181788578,0.22231973158379179,0.255610895072099,0.0,0.0
W1_web,0,restored,plus_V5_rate_discontinuity,0.6714827438298074,0.6666666666666666,0.11764705882352941,0.2,0.00909090909090909,0.5542780748663102,0.8871657754010696,0.7201231501476025,0.32851725617019245,0.28997608448589307,0.2633812295868804,0.0,0.11812542975703395,0.0
W1_web,0,restored,plus_V6_navigation_break,0.5775184556355213,0.8181818181818182,0.5294117647058824,0.6428571428571428,0.01818181818181818,0.7556149732620321,0.954812834224599,0.8088980872069108,0.3428612464460481,0.3026372584667859,0.2748811971687353,0.0,0.0,0.07962029791843055
W1_web,0,restored,plus_all_rejected,0.7064727069711075,0.75,0.17647058823529413,0.2857142857142857,0.00909090909090909,0.5836898395721926,0.9064171122994652,0.736114396882898,0.2382095381354652,0.2102631379580561,0.1909790730169088,0.21957714435028924,0.0856533516458534,0.05531775489342736
W1_web,0,single,only_V1_agent_mutation,0.35,0.4117647058823529,0.4117647058823529,0.4117647058823529,0.09090909090909091,0.660427807486631,0.6764705882352942,0.5098939388567063,1.0,0.0,0.0,0.0,0.0,0.0
W1_web,0,single,only_V2_scope_discontinuity,1.0,0.75,0.5294117647058824,0.6206896551724139,0.02727272727272727,0.7510695187165776,0.9409090909090909,0.6498956087577218,0.0,1.0,0.0,0.0,0.0,0.0
W1_web,0,single,only_V3_binding_fork,1.0,0.6363636363636364,0.4117647058823529,0.5,0.03636363636363636,0.6877005347593583,0.6877005347593583,0.4458548446830055,0.0,0.0,1.0,0.0,0.0,0.0
W1_web,0,single,only_V4_transition_velocity,1.0,0.5,0.058823529411764705,0.10526315789473684,0.00909090909090909,0.5248663101604278,0.7494652406417113,0.518453272705156,0.0,0.0,0.0,1.0,0.0,0.0
W1_web,0,single,only_V5_rate_discontinuity,1.0,0.16417910447761194,0.6470588235294118,0.2619047619047619,0.509090909090909,0.5689839572192513,0.5625668449197861,0.16856371185912328,0.0,0.0,0.0,0.0,1.0,0.0
W1_web,0,single,only_V6_navigation_break,1.0,0.1927710843373494,0.9411764705882353,0.32,0.6090909090909091,0.6660427807486631,0.6660427807486631,0.26576845215721234,0.0,0.0,0.0,0.0,0.0,1.0
W1_web,0,weighting,equal_weights,0.6666666666666666,0.8181818181818182,0.5294117647058824,0.6428571428571428,0.01818181818181818,0.7556149732620321,0.9409090909090909,0.7413752770639429,0.3333333333333333,0.3333333333333333,0.3333333333333333,0.0,0.0,0.0
W1_web,0,design,no_migration,0.6406196288174955,0.5,0.11764705882352941,0.19047619047619047,0.01818181818181818,0.5497326203208556,0.9344919786096256,0.6568367763489716,0.35938037118250454,0.2780623730292479,0.3625572557882476,0.0,0.0,0.0
W1_web,0,design,accumulator,1.2401033129474572,0.3333333333333333,0.058823529411764705,0.1,0.01818181818181818,0.5203208556149732,0.9318181818181818,0.6270640980468815,0.37252152092296115,0.3288178322298165,0.2986606468472223,0.0,0.0,0.0
W1_web,1,reference,full,0.4496005320469829,0.8571428571428571,0.6,0.7058823529411764,0.018691588785046728,0.7906542056074766,0.9686915887850467,0.8618968036794121,0.3655026086881255,0.3361761077543484,0.29832128355752613,0.0,0.0,0.0
W1_web,1,leave_one_out,minus_V1_agent_mutation,0.708593192349298,0.75,0.3,0.4285714285714285,0.018691588785046728,0.6406542056074767,0.955607476635514,0.7533149442763454,0.0,0.5298305593649127,0.47016944063508725,0.0,0.0,0.0
W1_web,1,leave_one_out,minus_V2_scope_discontinuity,0.5506017679653948,1.0,0.45,0.6206896551724138,0.0,0.725,0.7773364485981309,0.6420460671668293,0.5506017679653948,0.0,0.44939823203460527,0.0,0.0,0.0
W1_web,1,leave_one_out,minus_V3_binding_fork,0.5208973852609233,1.0,0.55,0.7096774193548387,0.0,0.775,0.9792056074766355,0.932750657280456,0.5208973852609233,0.4791026147390767,0.0,0.0,0.0,0.0
W1_web,1,restored,plus_V4_transition_velocity,0.5123524606178813,0.9411764705882353,0.8,0.8648648648648648,0.009345794392523364,0.8953271028037384,0.9820093457943925,0.9156487314285303,0.26600141482728074,0.2446585008373711,0.2171089387958462,0.27223114553950206,0.0,0.0
W1_web,1,restored,plus_V5_rate_discontinuity,0.48889784143210213,0.8181818181818182,0.45,0.5806451612903226,0.018691588785046728,0.7156542056074766,0.9429906542056075,0.8567130189903637,0.32237072585622506,0.29650495864110826,0.26311727039097554,0.0,0.11800704511169118,0.0
W1_web,1,restored,plus_V6_navigation_break,0.41384064442731433,0.8571428571428571,0.6,0.7058823529411764,0.018691588785046728,0.7906542056074766,0.9820093457943925,0.9110987171583147,0.33643161948827904,0.30943766111822024,0.2745936969241152,0.0,0.0,0.07953702246938547
W1_web,1,restored,plus_all_rejected,0.4957849021588952,0.9375,0.75,0.8333333333333334,0.009345794392523364,0.8703271028037383,0.9714953271028037,0.9084538867994751,0.22926040508626108,0.2108654461337868,0.1871211222259979,0.23462966444749256,0.08392307612138777,0.05420028598507414
W1_web,1,single,only_V1_agent_mutation,1.0,1.0,0.4,0.5714285714285715,0.0,0.7,0.7357476635514019,0.6069056201080846,1.0,0.0,0.0,0.0,0.0,0.0
W1_web,1,single,only_V2_scope_discontinuity,1.0,0.9333333333333333,0.7,0.8,0.009345794392523364,0.8453271028037384,0.9827102803738318,0.9144509452965337,0.0,1.0,0.0,0.0,0.0,0.0
W1_web,1,single,only_V3_binding_fork,1.0,0.5384615384615384,0.35,0.4242424242424242,0.056074766355140186,0.6469626168224298,0.64696261682243,0.38696784955370056,0.0,0.0,1.0,0.0,0.0,0.0
W1_web,1,single,only_V4_transition_velocity,0.9833333333333333,0.9333333333333333,0.7,0.8,0.009345794392523364,0.8453271028037384,0.8462616822429907,0.7884357707512836,0.0,0.0,0.0,1.0,0.0,0.0
W1_web,1,single,only_V5_rate_discontinuity,1.0,0.12121212121212122,0.4,0.186046511627907,0.5420560747663551,0.42897196261682247,0.4425233644859813,0.1383271301507431,0.0,0.0,0.0,0.0,1.0,0.0
W1_web,1,single,only_V6_navigation_break,1.0,0.225,0.9,0.36000000000000004,0.5794392523364486,0.6602803738317757,0.6602803738317757,0.22778509966341703,0.0,0.0,0.0,0.0,0.0,1.0
W1_web,1,weighting,equal_weights,0.4833333333333333,0.8333333333333334,0.5,0.625,0.018691588785046728,0.7406542056074766,0.9668224299065421,0.8416401159227245,0.3333333333333333,0.3333333333333333,0.3333333333333333,0.0,0.0,0.0
W1_web,1,design,no_migration,0.495066615416245,0.8571428571428571,0.3,0.4444444444444444,0.009345794392523364,0.6453271028037383,0.9661214953271028,0.8395368171746889,0.3233171325443338,0.3302113673444022,0.3464715001112641,0.0,0.0,0.0
W1_web,1,design,accumulator,0.9249185942826672,0.8333333333333334,0.25,0.3846153846153846,0.009345794392523364,0.6203271028037383,0.9558411214953271,0.7632457634571645,0.3655026086881255,0.3361761077543484,0.29832128355752613,0.0,0.0,0.0
W1_web,2,reference,full,0.46629746550064255,0.8823529411764706,0.5172413793103449,0.6521739130434783,0.02040816326530612,0.7484166080225194,0.967100633356791,0.8898868796448034,0.3553073220718173,0.32435493168643686,0.32033774624174594,0.0,0.0,0.0
W1_web,2,leave_one_out,minus_V1_agent_mutation,0.7232864300540217,0.8666666666666667,0.4482758620689655,0.5909090909090909,0.02040816326530612,0.7139338494018297,0.9655172413793104,0.8155387901375621,0.0,0.5031155817199605,0.4968844182800395,0.0,0.0,0.0
W1_web,2,leave_one_out,minus_V2_scope_discontinuity,0.47412134161109415,0.8947368421052632,0.5862068965517241,0.7083333333333333,0.02040816326530612,0.7828993666432089,0.8054187192118226,0.7338976438910557,0.5258786583889059,0.0,0.47412134161109415,0.0,0.0,0.0
W1_web,2,leave_one_out,minus_V3_binding_fork,0.47722957968150626,0.9130434782608695,0.7241379310344828,0.8076923076923076,0.02040816326530612,0.8518648838845884,0.9648135116115412,0.8805600975683253,0.5227704203184939,0.47722957968150626,0.0,0.0,0.0,0.0
W1_web,2,restored,plus_V4_transition_velocity,0.49730024110584703,0.8666666666666667,0.4482758620689655,0.5909090909090909,0.02040816326530612,0.7139338494018297,0.967100633356791,0.8850119788632507,0.2643590747796837,0.24132958797714366,0.2383406841144694,0.2559706531287034,0.0,0.0
W1_web,2,restored,plus_V5_rate_discontinuity,0.4407217270597324,0.8888888888888888,0.5517241379310345,0.6808510638297872,0.02040816326530612,0.7656579873328642,0.9266361717100633,0.8559641289560564,0.3149173166164817,0.28748347802798346,0.28392295117698557,0.0,0.1136762541785494,0.0
W1_web,2,restored,plus_V6_navigation_break,0.4306277560071031,0.8823529411764706,0.5172413793103449,0.6521739130434783,0.02040816326530612,0.7484166080225194,0.9442294159042928,0.8838041285734128,0.32812787140587385,0.2995432030324322,0.2958333146425086,0.0,0.0,0.07649561091918541
W1_web,2,restored,plus_all_rejected,0.5122713580388183,0.9333333333333333,0.4827586206896552,0.6363636363636364,0.01020408163265306,0.736277269528501,0.9363124560168895,0.841338773888121,0.22847570585828736,0.20857217783622298,0.2059889795089623,0.22122590533851358,0.08247327486408178,0.05326395659393211
W1_web,2,single,only_V1_agent_mutation,0.35,0.631578947368421,0.41379310344827586,0.5,0.07142857142857142,0.6711822660098522,0.6834975369458128,0.571609702868513,1.0,0.0,0.0,0.0,0.0,0.0
W1_web,2,single,only_V2_scope_discontinuity,1.0,0.8823529411764706,0.5172413793103449,0.6521739130434783,0.02040816326530612,0.7484166080225194,0.9614707952146376,0.7777524474082371,0.0,1.0,0.0,0.0,0.0,0.0
W1_web,2,single,only_V3_binding_fork,1.0,0.8823529411764706,0.5172413793103449,0.6521739130434783,0.02040816326530612,0.7484166080225194,0.7484166080225193,0.5770574394188321,0.0,0.0,1.0,0.0,0.0,0.0
W1_web,2,single,only_V4_transition_velocity,1.0,0.0,0.0,0.0,0.0,0.5,0.7515833919774807,0.6751515005328765,0.0,0.0,0.0,1.0,0.0,0.0
W1_web,2,single,only_V5_rate_discontinuity,1.0,0.2222222222222222,0.4827586206896552,0.30434782608695654,0.5,0.4913793103448276,0.5156579873328642,0.22273879363307392,0.0,0.0,0.0,0.0,1.0,0.0
W1_web,2,single,only_V6_navigation_break,1.0,0.2839506172839506,0.7931034482758621,0.4181818181818182,0.5918367346938775,0.6006333567909923,0.6006333567909923,0.25260486970641793,0.0,0.0,0.0,0.0,0.0,1.0
W1_web,2,weighting,equal_weights,0.4833333333333333,0.8823529411764706,0.5172413793103449,0.6521739130434783,0.02040816326530612,0.7484166080225194,0.9667487684729064,0.8844271095298608,0.3333333333333333,0.3333333333333333,0.3333333333333333,0.0,0.0,0.0
W1_web,2,design,no_migration,0.4843540324152925,0.8666666666666667,0.4482758620689655,0.5909090909090909,0.02040816326530612,0.7139338494018297,0.9632301196340605,0.8685035182440376,0.3660328697700544,0.27202381420846033,0.36194331602148533,0.0,0.0,0.0
W1_web,2,design,accumulator,0.854531659593663,0.8461538461538461,0.3793103448275862,0.5238095238095238,0.02040816326530612,0.67945109078114,0.9646375791695989,0.8489987820239362,0.3553073220718173,0.32435493168643686,0.32033774624174594,0.0,0.0,0.0
W1_web,3,reference,full,0.4475851195275143,0.9230769230769231,0.5217391304347826,0.6666666666666667,0.009615384615384616,0.7560618729096991,0.9707357859531772,0.8828496499064361,0.3560009758009156,0.32298477799719383,0.32101424620189056,0.0,0.0,0.0
W1_web,3,leave_one_out,minus_V1_agent_mutation,0.5736995694379422,0.6666666666666666,0.43478260869565216,0.5263157894736841,0.04807692307692308,0.6933528428093645,0.9456521739130435,0.7330894103111071,0.0,0.5015299183083034,0.4984700816916967,0.0,0.0,0.0
W1_web,3,leave_one_out,minus_V2_scope_discontinuity,0.4741610465599841,0.7727272727272727,0.7391304347826086,0.7555555555555555,0.04807692307692308,0.8455267558528428,0.8505434782608695,0.7725948482324377,0.5258389534400159,0.0,0.4741610465599841,0.0,0.0,0.0
W1_web,3,leave_one_out,minus_V3_binding_fork,0.47568712037105654,0.8095238095238095,0.7391304347826086,0.7727272727272727,0.038461538461538464,0.850334448160535,0.9506688963210702,0.8422399201269407,0.5243128796289435,0.47568712037105654,0.0,0.0,0.0,0.0
W1_web,3,restored,plus_V4_transition_velocity,0.4942596898507444,0.8181818181818182,0.391304347826087,0.5294117647058824,0.019230769230769232,0.6860367892976589,0.9665551839464883,0.8596049865284451,0.2659379554013136,0.24127437092856419,0.23980235474794198,0.25298531892218024,0.0,0.0
W1_web,3,restored,plus_V5_rate_discontinuity,0.4136191229484645,0.7058823529411765,0.5217391304347826,0.6,0.04807692307692308,0.7368311036789297,0.9519230769230769,0.8325471119252383,0.31574241675509157,0.2864598731801522,0.28471218001739595,0.0,0.1130855300473603,0.0
W1_web,3,restored,plus_V6_navigation_break,0.41353216658431824,0.8235294117647058,0.6086956521739131,0.7,0.028846153846153848,0.7899247491638797,0.9512959866220736,0.8744123576367393,0.32891588304922226,0.2984116075170904,0.2965909967615423,0.0,0.0,0.07608151267214495
W1_web,3,restored,plus_all_rejected,0.5048272233616584,0.8181818181818182,0.391304347826087,0.5294117647058824,0.019230769230769232,0.6860367892976589,0.9460702341137124,0.8165940934391386,0.2298986363298866,0.20857740586191692,0.20730487403369446,0.2187013122813661,0.08233993206777883,0.05317783942535721
W1_web,3,single,only_V1_agent_mutation,0.35,0.6666666666666666,0.5217391304347826,0.5853658536585366,0.057692307692307696,0.7320234113712374,0.7470735785953178,0.6492209915214154,1.0,0.0,0.0,0.0,0.0,0.0
W1_web,3,single,only_V2_scope_discontinuity,1.0,0.7142857142857143,0.43478260869565216,0.5405405405405405,0.038461538461538464,0.6981605351170569,0.9372909698996655,0.6441161810165377,0.0,1.0,0.0,0.0,0.0,0.0
W1_web,3,single,only_V3_binding_fork,1.0,0.6666666666666666,0.43478260869565216,0.5263157894736841,0.04807692307692308,0.6933528428093645,0.6933528428093646,0.4678380382213914,0.0,0.0,1.0,0.0,0.0,0.0
W1_web,3,single,only_V4_transition_velocity,0.99,0.75,0.2608695652173913,0.3870967741935483,0.019230769230769232,0.620819397993311,0.6964882943143813,0.48913017665262293,0.0,0.0,0.0,1.0,0.0,0.0
W1_web,3,single,only_V5_rate_discontinuity,1.0,0.125,0.34782608695652173,0.1839080459770115,0.5384615384615384,0.40468227424749165,0.4306020066889632,0.19512876702304469,0.0,0.0,0.0,0.0,1.0,0.0
W1_web,3,single,only_V6_navigation_break,1.0,0.25,0.8695652173913043,0.38834951456310685,0.5769230769230769,0.6463210702341137,0.6463210702341137,0.2548432359767084,0.0,0.0,0.0,0.0,0.0,1.0
W1_web,3,weighting,equal_weights,0.44999999999999996,0.9230769230769231,0.5217391304347826,0.6666666666666667,0.009615384615384616,0.7560618729096991,0.970108695652174,0.8719294107253274,0.3333333333333333,0.3333333333333333,0.3333333333333333,0.0,0.0,0.0
W1_web,3,design,no_migration,0.4030735386246622,0.7777777777777778,0.6086956521739131,0.6829268292682927,0.038461538461538464,0.7851170568561874,0.9692725752508361,0.8788114213426994,0.3779039696723925,0.2576735196505239,0.36442251067708364,0.0,0.0,0.0
W1_web,3,design,accumulator,0.816065459289331,0.5555555555555556,0.21739130434782608,0.3125,0.038461538461538464,0.5894648829431438,0.955267558528428,0.7680053308118814,0.3560009758009156,0.32298477799719383,0.32101424620189056,0.0,0.0,0.0
W1_web,4,reference,full,0.47882692038665925,1.0,0.6521739130434783,0.7894736842105263,0.0,0.8260869565217391,0.9703177257525084,0.9008527179037481,0.34312037867976164,0.32373218351559846,0.33314743780463985,0.0,0.0,0.0
W1_web,4,leave_one_out,minus_V1_agent_mutation,0.7289416581751804,1.0,0.17391304347826086,0.29629629629629634,0.0,0.5869565217391304,0.9381270903010034,0.7285918312457466,0.0,0.4928333487723991,0.5071666512276009,0.0,0.0,0.0
W1_web,4,leave_one_out,minus_V2_scope_discontinuity,0.4926264856673452,0.85,0.7391304347826086,0.7906976744186046,0.028846153846153848,0.8551421404682273,0.8775083612040134,0.8539621715014629,0.5073735143326548,0.0,0.4926264856673452,0.0,0.0,0.0
W1_web,4,leave_one_out,minus_V3_binding_fork,0.6655508896785088,0.8235294117647058,0.6086956521739131,0.7,0.028846153846153848,0.7899247491638797,0.9671822742474916,0.8944016919568316,0.5145370928022942,0.4854629071977059,0.0,0.0,0.0,0.0
W1_web,4,restored,plus_V4_transition_velocity,0.5839356305188302,0.9,0.391304347826087,0.5454545454545454,0.009615384615384616,0.6908444816053512,0.9535953177257525,0.8056630491126673,0.25668177903525824,0.2421778418276553,0.249221213108252,0.2519191660288346,0.0,0.0
W1_web,4,restored,plus_V5_rate_discontinuity,0.5364600862627097,1.0,0.391304347826087,0.5625,0.0,0.6956521739130435,0.945443143812709,0.8778885050523707,0.3051769113875232,0.287932731545031,0.2963068136526387,0.0,0.11058354341480704,0.0
W1_web,4,restored,plus_V6_navigation_break,0.44323589888935294,0.9375,0.6521739130434783,0.7692307692307693,0.009615384615384616,0.8212792642140468,0.9642558528428093,0.9029627783410372,0.3176163724223568,0.29966929437484296,0.3083847164206736,0.0,0.0,0.07432961678212653
W1_web,4,restored,plus_all_rejected,0.5272754423005817,0.8181818181818182,0.391304347826087,0.5294117647058824,0.019230769230769232,0.6860367892976589,0.9324832775919732,0.7964141739172091,0.22260527266930222,0.21002684614829314,0.21613515500574806,0.21847493365225934,0.08066298240803664,0.052094810116360815
W1_web,4,single,only_V1_agent_mutation,0.35,0.7142857142857143,0.6521739130434783,0.6818181818181819,0.057692307692307696,0.7972408026755853,0.814799331103679,0.7882222264240518,1.0,0.0,0.0,0.0,0.0,0.0
W1_web,4,single,only_V2_scope_discontinuity,1.0,0.6111111111111112,0.4782608695652174,0.5365853658536586,0.0673076923076923,0.7054765886287626,0.9400083612040134,0.6796672241751676,0.0,1.0,0.0,0.0,0.0,0.0
W1_web,4,single,only_V3_binding_fork,1.0,0.7,0.30434782608695654,0.42424242424242425,0.028846153846153848,0.6377508361204014,0.6377508361204013,0.423720380691664,0.0,0.0,1.0,0.0,0.0,0.0
W1_web,4,single,only_V4_transition_velocity,0.99,0.6666666666666666,0.2608695652173913,0.37500000000000006,0.028846153846153848,0.6160117056856187,0.7107023411371237,0.4843305853762173,0.0,0.0,0.0,1.0,0.0,0.0
W1_web,4,single,only_V5_rate_discontinuity,1.0,0.1746031746031746,0.4782608695652174,0.2558139534883721,0.5,0.4891304347826087,0.48724916387959866,0.253162203794286,0.0,0.0,0.0,0.0,1.0,0.0
W1_web,4,single,only_V6_navigation_break,1.0,0.2682926829268293,0.9565217391304348,0.4190476190476191,0.5769230769230769,0.689799331103679,0.689799331103679,0.3489309922697417,0.0,0.0,0.0,0.0,0.0,1.0
W1_web,4,weighting,equal_weights,0.4833333333333333,1.0,0.6521739130434783,0.7894736842105263,0.0,0.8260869565217391,0.9703177257525084,0.9008527179037481,0.3333333333333333,0.3333333333333333,0.3333333333333333,0.0,0.0,0.0
W1_web,4,design,no_migration,0.519380836780955,1.0,0.391304347826087,0.5625,0.0,0.6956521739130435,0.970108695652174,0.9006571352885059,0.3003758069215831,0.3277151932681125,0.37190899981030434,0.0,0.0,0.0
W1_web,4,design,accumulator,0.6728882037661623,0.7777777777777778,0.30434782608695654,0.43750000000000006,0.019230769230769232,0.6425585284280937,0.9627926421404682,0.831944281923701,0.34312037867976164,0.32373218351559846,0.33314743780463985,0.0,0.0,0.0
W1_web,5,reference,full,0.6161002791835023,0.9444444444444444,0.6538461538461539,0.7727272727272727,0.009900990099009901,0.8219725818735719,0.9794364051789795,0.9388057883890487,0.38389972081649765,0.3300603748776299,0.2860399043058724,0.0,0.0,0.0
W1_web,5,leave_one_out,minus_V1_agent_mutation,1.0,0.9,0.34615384615384615,0.5,0.009900990099009901,0.6681264280274182,0.9655369383092155,0.8559525527723439,0.0,0.5357250857198899,0.46427491428011003,0.0,0.0,0.0
W1_web,5,leave_one_out,minus_V2_scope_discontinuity,0.42696370475716355,0.8333333333333334,0.7692307692307693,0.8,0.039603960396039604,0.8648134044173648,0.8817593297791317,0.8556703735914544,0.5730362952428365,0.0,0.42696370475716355,0.0,0.0,0.0
W1_web,5,leave_one_out,minus_V3_binding_fork,0.4622952695370713,0.92,0.8846153846153846,0.9019607843137256,0.019801980198019802,0.9324067022086824,0.9790555978674791,0.9425630712398396,0.5377047304629287,0.46229526953707123,0.0,0.0,0.0,0.0
W1_web,5,restored,plus_V4_transition_velocity,0.7126918576698014,0.9285714285714286,0.5,0.65,0.009900990099009901,0.745049504950495,0.9813404417364814,0.9326240911113138,0.2829243875912215,0.2432461509265298,0.21080417714362867,0.26302528433862,0.0,0.0
W1_web,5,restored,plus_V5_rate_discontinuity,0.5413699105019112,0.9444444444444444,0.6538461538461539,0.7727272727272727,0.009900990099009901,0.8219725818735719,0.9735338918507236,0.8982071430864981,0.3373343017723814,0.2900254417098055,0.25134446879210565,0.0,0.1212957877257075,0.0
W1_web,5,restored,plus_V6_navigation_break,0.5656705363513832,0.9473684210526315,0.6923076923076923,0.7999999999999999,0.009900990099009901,0.8412033511043412,0.9826732673267327,0.9387809680164955,0.3524763229570526,0.3030438965760608,0.26262663977532225,0.0,0.0,0.08185314069156427
W1_web,5,restored,plus_all_rejected,0.6104776805570085,0.8823529411764706,0.5769230769230769,0.6976744186046512,0.019801980198019802,0.7785605483625285,0.9712490479817213,0.8772372112096991,0.2423474072994444,0.20835981837587947,0.18057066841641312,0.22530223094716886,0.08714121130647409,0.05627866365462021
W1_web,5,single,only_V1_agent_mutation,0.35,0.5833333333333334,0.5384615384615384,0.5599999999999999,0.09900990099009901,0.7197258187357197,0.7444782939832445,0.6954455694676815,1.0,0.0,0.0,0.0,0.0,0.0
W1_web,5,single,only_V2_scope_discontinuity,1.0,0.9090909090909091,0.7692307692307693,0.8333333333333333,0.019801980198019802,0.8747143945163747,0.9782939832444782,0.9046246982225788,0.0,1.0,0.0,0.0,0.0,0.0
W1_web,5,single,only_V3_binding_fork,1.0,0.7333333333333333,0.4230769230769231,0.5365853658536585,0.039603960396039604,0.6917364813404417,0.6917364813404417,0.5541726302199219,0.0,0.0,1.0,0.0,0.0,0.0
W1_web,5,single,only_V4_transition_velocity,0.9966666666666667,0.7142857142857143,0.19230769230769232,0.30303030303030304,0.019801980198019802,0.5862528560548362,0.8670982482863671,0.6840130192395159,0.0,0.0,0.0,1.0,0.0,0.0
W1_web,5,single,only_V5_rate_discontinuity,1.0,0.25806451612903225,0.6153846153846154,0.36363636363636365,0.45544554455445546,0.57996953541508,0.5445544554455446,0.26745744475426814,0.0,0.0,0.0,0.0,1.0,0.0
W1_web,5,single,only_V6_navigation_break,1.0,0.2682926829268293,0.8461538461538461,0.4074074074074075,0.594059405940594,0.6260472201066261,0.6260472201066261,0.26109883388867833,0.0,0.0,0.0,0.0,0.0,1.0
W1_web,5,weighting,equal_weights,0.6666666666666666,0.9444444444444444,0.6538461538461539,0.7727272727272727,0.009900990099009901,0.8219725818735719,0.9781035795887281,0.9258695636032764,0.3333333333333333,0.3333333333333333,0.3333333333333333,0.0,0.0,0.0
W1_web,5,design,no_migration,0.6409978032029231,0.9285714285714286,0.5,0.65,0.009900990099009901,0.745049504950495,0.9761995430312262,0.9184926576663793,0.3590021967970769,0.3359259577320355,0.30507184547088767,0.0,0.0,0.0
W1_web,5,design,accumulator,0.9471579783819327,0.8333333333333334,0.19230769230769232,0.3125,0.009900990099009901,0.5912033511043412,0.9731530845392231,0.8756558153632125,0.38389972081649765,0.3300603748776299,0.2860399043058724,0.0,0.0,0.0
W1_web,6,reference,full,0.4607248098592661,0.9090909090909091,0.5882352941176471,0.7142857142857143,0.00909090909090909,0.789572192513369,0.9679144385026738,0.8478597745570662,0.35891338044251414,0.33510512670438614,0.30598149285309967,0.0,0.0,0.0
W1_web,6,leave_one_out,minus_V1_agent_mutation,0.5556928673767354,0.6363636363636364,0.4117647058823529,0.5,0.03636363636363636,0.6877005347593583,0.9663101604278075,0.7503477942247312,0.0,0.5227142736744289,0.47728572632557104,0.0,0.0,0.0
W1_web,6,leave_one_out,minus_V2_scope_discontinuity,0.4601952957412255,0.7142857142857143,0.5882352941176471,0.6451612903225806,0.03636363636363636,0.7759358288770053,0.8270053475935829,0.7008550695278205,0.5398047042587745,0.0,0.4601952957412255,0.0,0.0,0.0
W1_web,6,leave_one_out,minus_V3_binding_fork,0.6638508989526791,1.0,0.5294117647058824,0.6923076923076924,0.0,0.7647058823529411,0.9644385026737968,0.8655457030842867,0.5171524631497245,0.48284753685027554,0.0,0.0,0.0,0.0
W1_web,6,restored,plus_V4_transition_velocity,0.597871222338425,0.9,0.5294117647058824,0.6666666666666667,0.00909090909090909,0.7601604278074867,0.9697860962566844,0.8427451419770355,0.26532188951753144,0.24772195813541154,0.22619270349042428,0.26076344885663266,0.0,0.0
W1_web,6,restored,plus_V5_rate_discontinuity,0.4310735074869996,0.8,0.47058823529411764,0.5925925925925927,0.01818181818181818,0.7262032085561497,0.9147058823529411,0.8025473157177311,0.31719528097190364,0.29615436651893734,0.27041590223824646,0.0,0.11623445027091252,0.0
W1_web,6,restored,plus_V6_navigation_break,0.4246542061000659,0.9090909090909091,0.5882352941176471,0.7142857142857143,0.00909090909090909,0.789572192513369,0.929144385026738,0.8142520109648138,0.33081369478900746,0.30886941292391323,0.28202589734322453,0.0,0.0,0.07829099494385472
W1_web,6,restored,plus_all_rejected,0.5221569828451355,0.8888888888888888,0.47058823529411764,0.6153846153846153,0.00909090909090909,0.7307486631016042,0.9232620320855615,0.8108673907953963,0.2287223528955536,0.21355022471631124,0.19499079945575945,0.2247927213246664,0.08381403680415787,0.05412986480355155
W1_web,6,single,only_V1_agent_mutation,0.35,0.5625,0.5294117647058824,0.5454545454545455,0.06363636363636363,0.7328877005347594,0.7459893048128342,0.6028579576411593,1.0,0.0,0.0,0.0,0.0,0.0
W1_web,6,single,only_V2_scope_discontinuity,1.0,0.9,0.5294117647058824,0.6666666666666667,0.00909090909090909,0.7601604278074867,0.975668449197861,0.8833359673663571,0.0,1.0,0.0,0.0,0.0,0.0
W1_web,6,single,only_V3_binding_fork,1.0,0.6363636363636364,0.4117647058823529,0.5,0.03636363636363636,0.6877005347593583,0.6877005347593583,0.4941736984105705,0.0,0.0,1.0,0.0,0.0,0.0
W1_web,6,single,only_V4_transition_velocity,0.9966666666666667,0.6666666666666666,0.11764705882352941,0.2,0.00909090909090909,0.5542780748663102,0.7577540106951872,0.5252162071912113,0.0,0.0,0.0,1.0,0.0,0.0
W1_web,6,single,only_V5_rate_discontinuity,1.0,0.09836065573770492,0.35294117647058826,0.15384615384615383,0.5,0.42647058823529416,0.41497326203208557,0.18908985696829056,0.0,0.0,0.0,0.0,1.0,0.0
W1_web,6,single,only_V6_navigation_break,1.0,0.189873417721519,0.8823529411764706,0.3125,0.5818181818181818,0.6502673796791444,0.6502673796791444,0.31877020314598487,0.0,0.0,0.0,0.0,0.0,1.0
W1_web,6,weighting,equal_weights,0.44999999999999996,0.9090909090909091,0.5882352941176471,0.7142857142857143,0.00909090909090909,0.789572192513369,0.967379679144385,0.8478597745570662,0.3333333333333333,0.3333333333333333,0.3333333333333333,0.0,0.0,0.0
W1_web,6,design,no_migration,0.432304491893288,0.8888888888888888,0.47058823529411764,0.6153846153846153,0.00909090909090909,0.7307486631016042,0.9606951871657754,0.7661302295922269,0.3388862475684399,0.31369430524433406,0.34741944718722606,0.0,0.0,0.0
W1_web,6,design,accumulator,0.4607248098592661,0.7142857142857143,0.5882352941176471,0.6451612903225806,0.03636363636363636,0.7759358288770053,0.9558823529411765,0.720813618099145,0.35891338044251414,0.33510512670438614,0.30598149285309967,0.0,0.0,0.0
W1_web,7,reference,full,0.5816115456710351,0.8571428571428571,0.375,0.5217391304347825,0.009009009009009009,0.6829954954954955,0.9507319819819819,0.7730237029409821,0.4183884543289648,0.3290725931658952,0.25253895250513997,0.0,0.0,0.0
W1_web,7,leave_one_out,minus_V1_agent_mutation,1.0,0.75,0.1875,0.3,0.009009009009009009,0.5892454954954955,0.9563626126126126,0.6945369326343591,0.0,0.5657944647337206,0.4342055352662795,0.0,0.0,0.0
W1_web,7,leave_one_out,minus_V2_scope_discontinuity,0.3764027969833455,0.8333333333333334,0.625,0.7142857142857143,0.018018018018018018,0.803490990990991,0.8178490990990991,0.7261165623690825,0.6235972030166546,0.0,0.3764027969833455,0.0,0.0,0.0
W1_web,7,leave_one_out,minus_V3_binding_fork,0.44025383565978815,0.7142857142857143,0.625,0.6666666666666666,0.036036036036036036,0.7944819819819819,0.9355292792792793,0.747372827060327,0.5597461643402118,0.44025383565978815,0.0,0.0,0.0,0.0
W1_web,7,restored,plus_V4_transition_velocity,0.6891849501926524,1.0,0.25,0.4,0.0,0.625,0.9476351351351351,0.7398143775441568,0.3090732036101473,0.2430935164145631,0.18655635039523333,0.26127692958005627,0.0,0.0
W1_web,7,restored,plus_V5_rate_discontinuity,0.5438605804294677,1.0,0.3125,0.47619047619047616,0.0,0.65625,0.8688063063063063,0.7531311456386343,0.36386382944130957,0.2861876628636102,0.21962793043368106,0.0,0.13032057726139915,0.0
W1_web,7,restored,plus_V6_navigation_break,0.5302913258650259,0.875,0.4375,0.5833333333333334,0.009009009009009009,0.7142454954954955,0.9569256756756757,0.7969240726593667,0.38147070811110756,0.3000358968707373,0.23025542899428855,0.0,0.0,0.08823796602386656
W1_web,7,restored,plus_all_rejected,0.639764277364556,0.75,0.1875,0.3,0.009009009009009009,0.5892454954954955,0.8902027027027027,0.7216956588185093,0.2614415351107397,0.20563006227824462,0.15780591155196977,0.2210112062791194,0.09363725937819152,0.06047402540173502
W1_web,7,single,only_V1_agent_mutation,0.35,0.4,0.5,0.4444444444444445,0.10810810810810811,0.6959459459459459,0.7195945945945946,0.577251023656568,1.0,0.0,0.0,0.0,0.0,0.0
W1_web,7,single,only_V2_scope_discontinuity,1.0,0.6,0.375,0.4615384615384615,0.036036036036036036,0.6694819819819819,0.9453828828828829,0.6450152647378048,0.0,1.0,0.0,0.0,0.0,0.0
W1_web,7,single,only_V3_binding_fork,1.0,0.7777777777777778,0.4375,0.56,0.018018018018018018,0.709740990990991,0.709740990990991,0.5579891126793525,0.0,0.0,1.0,0.0,0.0,0.0
W1_web,7,single,only_V4_transition_velocity,1.0,0.0,0.0,0.0,0.0,0.5,0.6722972972972973,0.42931934681575734,0.0,0.0,0.0,1.0,0.0,0.0
W1_web,7,single,only_V5_rate_discontinuity,1.0,0.15151515151515152,0.625,0.24390243902439024,0.5045045045045045,0.5602477477477478,0.5394144144144144,0.2184823761322118,0.0,0.0,0.0,0.0,1.0,0.0
W1_web,7,single,only_V6_navigation_break,1.0,0.14102564102564102,0.6875,0.2340425531914894,0.6036036036036037,0.5419481981981982,0.5419481981981982,0.20535111115729882,0.0,0.0,0.0,0.0,0.0,1.0
W1_web,7,weighting,equal_weights,0.6666666666666666,0.8571428571428571,0.375,0.5217391304347825,0.009009009009009009,0.6829954954954955,0.9521396396396397,0.7859043119153413,0.3333333333333333,0.3333333333333333,0.3333333333333333,0.0,0.0,0.0
W1_web,7,design,no_migration,0.5848564122985045,0.8333333333333334,0.3125,0.45454545454545453,0.009009009009009009,0.6517454954954955,0.9552364864864865,0.7924418103646045,0.41514358770149556,0.3160329445274307,0.26882346777107374,0.0,0.0,0.0
W1_web,7,design,accumulator,1.0980290285203482,1.0,0.1875,0.3157894736842105,0.0,0.59375,0.9563626126126126,0.8063797772897036,0.4183884543289648,0.3290725931658952,0.25253895250513997,0.0,0.0,0.0
W1_web,8,reference,full,0.46821131068070243,1.0,0.5217391304347826,0.6857142857142856,0.0,0.7608695652173914,0.9544314381270903,0.8387628814501589,0.3481164666281782,0.3339494958020353,0.3179340375697865,0.0,0.0,0.0
W1_web,8,leave_one_out,minus_V1_agent_mutation,0.5122839874090775,0.6956521739130435,0.6956521739130435,0.6956521739130435,0.0673076923076923,0.8141722408026756,0.9443979933110368,0.7276829789231539,0.0,0.5122839874090775,0.4877160125909225,0.0,0.0,0.0
W1_web,8,leave_one_out,minus_V2_scope_discontinuity,0.47734223691134625,0.7894736842105263,0.6521739130434783,0.7142857142857143,0.038461538461538464,0.8068561872909699,0.8001672240802675,0.7044922315411334,0.5226577630886537,0.0,0.47734223691134625,0.0,0.0,0.0
W1_web,8,leave_one_out,minus_V3_binding_fork,0.6682495304382419,0.9090909090909091,0.43478260869565216,0.5882352941176471,0.009615384615384616,0.7125836120401338,0.9494147157190636,0.8173789042222455,0.5103853377873202,0.48961466221267974,0.0,0.0,0.0,0.0
W1_web,8,restored,plus_V4_transition_velocity,0.5085136181416794,0.9090909090909091,0.43478260869565216,0.5882352941176471,0.009615384615384616,0.7125836120401338,0.9565217391304348,0.8489732259442885,0.2559567229249645,0.24554029114408535,0.23376473727565414,0.26473824865529605,0.0,0.0
W1_web,8,restored,plus_V5_rate_discontinuity,0.5185000362478369,1.0,0.391304347826087,0.5625,0.0,0.6956521739130435,0.8864966555183946,0.7896963100790543,0.3080026935801278,0.29546819552381004,0.28129821292508,0.0,0.11523089797098224,0.0
W1_web,8,restored,plus_V6_navigation_break,0.45972522291641593,1.0,0.5217391304347826,0.6857142857142856,0.0,0.7608695652173914,0.9274665551839465,0.8470590384062924,0.3211074045699151,0.30803959632555716,0.29326671793871495,0.0,0.0,0.07758628116581272
W1_web,8,restored,plus_all_rejected,0.4618964105006449,0.8666666666666667,0.5652173913043478,0.6842105263157895,0.019230769230769232,0.7729933110367893,0.9086538461538461,0.8163463261809384,0.22110908766590684,0.21211081756194267,0.20193846520934258,0.2286950386046423,0.08272199968491102,0.05342459127325479
W1_web,8,single,only_V1_agent_mutation,0.35,0.55,0.4782608695652174,0.5116279069767442,0.08653846153846154,0.6958612040133779,0.7109113712374582,0.580088962213402,1.0,0.0,0.0,0.0,0.0,0.0
W1_web,8,single,only_V2_scope_discontinuity,1.0,0.8,0.5217391304347826,0.6315789473684211,0.028846153846153848,0.7464464882943144,0.9489966555183946,0.6834299648771318,0.0,1.0,0.0,0.0,0.0,0.0
W1_web,8,single,only_V3_binding_fork,0.0,0.18110236220472442,1.0,0.30666666666666664,1.0,0.5,0.6546822742474916,0.39291181309865586,0.0,0.0,1.0,0.0,0.0,0.0
W1_web,8,single,only_V4_transition_velocity,0.9933333333333333,0.8,0.17391304347826086,0.2857142857142857,0.009615384615384616,0.5821488294314381,0.7506270903010034,0.637445948929925,0.0,0.0,0.0,1.0,0.0,0.0
W1_web,8,single,only_V5_rate_discontinuity,1.0,0.16129032258064516,0.43478260869565216,0.23529411764705882,0.5,0.46739130434782605,0.4561036789297659,0.18552129734732956,0.0,0.0,0.0,0.0,1.0,0.0
W1_web,8,single,only_V6_navigation_break,1.0,0.23809523809523808,0.8695652173913043,0.37383177570093457,0.6153846153846154,0.6270903010033445,0.6270903010033445,0.2450035316127856,0.0,0.0,0.0,0.0,0.0,1.0
W1_web,8,weighting,equal_weights,0.4833333333333333,1.0,0.5217391304347826,0.6857142857142856,0.0,0.7608695652173914,0.9544314381270903,0.8387628814501589,0.3333333333333333,0.3333333333333333,0.3333333333333333,0.0,0.0,0.0
W1_web,8,design,no_migration,0.45317504766766714,1.0,0.4782608695652174,0.6470588235294118,0.0,0.7391304347826086,0.9525501672240803,0.8330579488287504,0.31153938153181143,0.31474592474634605,0.37371469372184246,0.0,0.0,0.0
W1_web,8,design,accumulator,0.49839373973909407,0.75,0.5217391304347826,0.6153846153846153,0.038461538461538464,0.7416387959866221,0.939799331103679,0.7230046460644501,0.3481164666281782,0.3339494958020353,0.3179340375697865,0.0,0.0,0.0
W1_web,9,reference,full,0.4531263590845073,0.875,0.6086956521739131,0.717948717948718,0.019230769230769232,0.794732441471572,0.9715719063545151,0.8955734925246303,0.34850725876006966,0.33114881851848293,0.3203439227214474,0.0,0.0,0.0
W1_web,9,leave_one_out,minus_V1_agent_mutation,0.5679514476170519,0.6666666666666666,0.2608695652173913,0.37500000000000006,0.028846153846153848,0.6160117056856187,0.9506688963210702,0.760777654006123,0.0,0.5082924145681743,0.49170758543182586,0.0,0.0,0.0
W1_web,9,leave_one_out,minus_V2_scope_discontinuity,0.47894648554238933,0.8421052631578947,0.6956521739130435,0.761904761904762,0.028846153846153848,0.8334030100334449,0.8530518394648829,0.8032111250819675,0.5210535144576106,0.0,0.4789464855423893,0.0,0.0,0.0
W1_web,9,leave_one_out,minus_V3_binding_fork,0.48722998232349174,0.8571428571428571,0.782608695652174,0.8181818181818182,0.028846153846153848,0.87688127090301,0.967391304347826,0.9096195317999947,0.5127700176765082,0.48722998232349174,0.0,0.0,0.0,0.0
W1_web,9,restored,plus_V4_transition_velocity,0.5917920471124963,0.9,0.391304347826087,0.5454545454545454,0.009615384615384616,0.6908444816053512,0.9686454849498328,0.8707699203230818,0.25849352901854883,0.2456184902251834,0.23760432244230734,0.2582836583139605,0.0,0.0
W1_web,9,restored,plus_V5_rate_discontinuity,0.4019792474450593,0.8235294117647058,0.6086956521739131,0.7,0.028846153846153848,0.7899247491638797,0.9360367892976589,0.8357460586649267,0.30916913747537317,0.2937700493286787,0.28418476744397464,0.0,0.11287604575197348,0.0
W1_web,9,restored,plus_V6_navigation_break,0.41871834163372573,0.875,0.6086956521739131,0.717948717948718,0.019230769230769232,0.794732441471572,0.9389632107023411,0.8710413494769164,0.32204346207128737,0.3060031299087751,0.2960187007115847,0.0,0.0,0.07593470730835276
W1_web,9,restored,plus_all_rejected,0.51222997832217,0.8181818181818182,0.391304347826087,0.5294117647058824,0.019230769230769232,0.6860367892976589,0.9241220735785953,0.8004183010584188,0.22374098369798212,0.21259689875429072,0.20566017662407177,0.22355932855917743,0.08168667066419806,0.052755941700280085
W1_web,9,single,only_V1_agent_mutation,0.35,0.6818181818181818,0.6521739130434783,0.6666666666666666,0.0673076923076923,0.792433110367893,0.8114548494983278,0.7399547775755342,1.0,0.0,0.0,0.0,0.0,0.0
W1_web,9,single,only_V2_scope_discontinuity,1.0,0.8,0.5217391304347826,0.6315789473684211,0.028846153846153848,0.7464464882943144,0.9525501672240803,0.8353717302742791,0.0,1.0,0.0,0.0,0.0,0.0
W1_web,9,single,only_V3_binding_fork,1.0,0.6666666666666666,0.2608695652173913,0.37500000000000006,0.028846153846153848,0.6160117056856187,0.6160117056856187,0.4303414246825693,0.0,0.0,1.0,0.0,0.0,0.0
W1_web,9,single,only_V4_transition_velocity,0.99,0.7142857142857143,0.21739130434782608,0.3333333333333333,0.019230769230769232,0.5990802675585284,0.743938127090301,0.5016236787504635,0.0,0.0,0.0,1.0,0.0,0.0
W1_web,9,single,only_V5_rate_discontinuity,1.0,0.171875,0.4782608695652174,0.25287356321839083,0.5096153846153846,0.48432274247491636,0.4805602006688963,0.17891939709858629,0.0,0.0,0.0,0.0,1.0,0.0
W1_web,9,single,only_V6_navigation_break,1.0,0.225,0.782608695652174,0.34951456310679613,0.5961538461538461,0.5932274247491639,0.5932274247491639,0.2585903418211841,0.0,0.0,0.0,0.0,0.0,1.0
W1_web,9,weighting,equal_weights,0.44999999999999996,0.875,0.6086956521739131,0.717948717948718,0.019230769230769232,0.794732441471572,0.9694816053511706,0.8886894345536157,0.3333333333333333,0.3333333333333333,0.3333333333333333,0.0,0.0,0.0
W1_web,9,design,no_migration,0.42334036439194217,0.9333333333333333,0.6086956521739131,0.7368421052631579,0.009615384615384616,0.7995401337792643,0.9694816053511706,0.8523689605211345,0.32032093616786295,0.31122803673319016,0.3684510270989469,0.0,0.0,0.0
W1_web,9,design,accumulator,0.8164393600555386,0.8333333333333334,0.21739130434782608,0.3448275862068966,0.009615384615384616,0.6038879598662208,0.9665551839464883,0.8318417958325753,0.34850725876006966,0.33114881851848293,0.3203439227214474,0.0,0.0,0.0
W1_web,10,reference,full,0.46001609372392993,0.7222222222222222,0.6842105263157895,0.7027027027027027,0.046296296296296294,0.8189571150097466,0.959307992202729,0.8096670305592644,0.36617864661504734,0.3318535674086634,0.3019677859762893,0.0,0.0,0.0
W1_web,10,leave_one_out,minus_V1_agent_mutation,0.5549605093124013,0.5714285714285714,0.631578947368421,0.6,0.08333333333333333,0.7741228070175439,0.9349415204678363,0.5596202135260012,0.0,0.523575871397175,0.476424128602825,0.0,0.0,0.0
W1_web,10,leave_one_out,minus_V2_scope_discontinuity,0.45194851195289415,0.64,0.8421052631578947,0.7272727272727272,0.08333333333333333,0.8793859649122806,0.8910818713450293,0.7802407619999181,0.5480514880471059,0.0,0.45194851195289415,0.0,0.0,0.0
W1_web,10,leave_one_out,minus_V3_binding_fork,0.47541296911748404,0.7142857142857143,0.7894736842105263,0.7500000000000001,0.05555555555555555,0.8669590643274854,0.9415204678362573,0.8240451925324312,0.524587030882516,0.47541296911748404,0.0,0.0,0.0,0.0
W1_web,10,restored,plus_V4_transition_velocity,0.5888556091550403,0.7058823529411765,0.631578947368421,0.6666666666666667,0.046296296296296294,0.7926413255360624,0.9519980506822612,0.7603878115001464,0.27244396860617376,0.24690544830152142,0.22466985107705423,0.25598073201525057,0.0,0.0
W1_web,10,restored,plus_V5_rate_discontinuity,0.4266417501974108,0.6842105263157895,0.6842105263157895,0.6842105263157895,0.05555555555555555,0.814327485380117,0.9400584795321637,0.74222457211554,0.32387226302269917,0.29351292562340003,0.2670799925341033,0.0,0.11553481881979756,0.0
W1_web,10,restored,plus_V6_navigation_break,0.5020266499963889,0.7058823529411765,0.631578947368421,0.6666666666666667,0.046296296296296294,0.7926413255360624,0.9546783625730995,0.7987146852431897,0.3376900778621677,0.3060354776363539,0.278474799393202,0.0,0.0,0.07779964510827635
W1_web,10,restored,plus_all_rejected,0.5617653026333052,0.7058823529411765,0.631578947368421,0.6666666666666667,0.046296296296296294,0.7926413255360624,0.9437134502923976,0.6990125668191304,0.23487428425444784,0.21285749413000324,0.19368815810180762,0.22068130750922108,0.08378660655749139,0.05411214944702895
W1_web,10,single,only_V1_agent_mutation,0.35,0.45,0.47368421052631576,0.46153846153846156,0.10185185185185185,0.6859161793372319,0.7100389863547758,0.5840109789805767,1.0,0.0,0.0,0.0,0.0,0.0
W1_web,10,single,only_V2_scope_discontinuity,1.0,0.6666666666666666,0.631578947368421,0.6486486486486486,0.05555555555555555,0.7880116959064327,0.928849902534113,0.6470638241024058,0.0,1.0,0.0,0.0,0.0,0.0
W1_web,10,single,only_V3_binding_fork,1.0,0.5714285714285714,0.631578947368421,0.6,0.08333333333333333,0.7741228070175439,0.7741228070175439,0.4714952033683433,0.0,0.0,1.0,0.0,0.0,0.0
W1_web,10,single,only_V4_transition_velocity,0.9966666666666667,0.42857142857142855,0.15789473684210525,0.23076923076923078,0.037037037037037035,0.560428849902534,0.783625730994152,0.48891126927364115,0.0,0.0,0.0,1.0,0.0,0.0
W1_web,10,single,only_V5_rate_discontinuity,1.0,0.19402985074626866,0.6842105263157895,0.3023255813953488,0.5,0.5921052631578947,0.5687134502923976,0.27464127328335664,0.0,0.0,0.0,0.0,1.0,0.0
W1_web,10,single,only_V6_navigation_break,1.0,0.15584415584415584,0.631578947368421,0.24999999999999997,0.6018518518518519,0.5148635477582846,0.5148635477582846,0.15896247858819137,0.0,0.0,0.0,0.0,0.0,1.0
W1_web,10,weighting,equal_weights,0.44999999999999996,0.6842105263157895,0.6842105263157895,0.6842105263157895,0.05555555555555555,0.814327485380117,0.9554093567251462,0.7708887766494317,0.3333333333333333,0.3333333333333333,0.3333333333333333,0.0,0.0,0.0
W1_web,10,design,no_migration,0.43491187938902065,0.6428571428571429,0.47368421052631576,0.5454545454545454,0.046296296296296294,0.7136939571150097,0.9471247563352827,0.7651663958424781,0.369392830903213,0.30562438857289614,0.32498278052389096,0.0,0.0,0.0
W1_web,10,design,accumulator,0.8317157309363306,0.5,0.2631578947368421,0.3448275862068966,0.046296296296296294,0.6084307992202729,0.9415204678362573,0.7105478629079927,0.36617864661504734,0.3318535674086634,0.3019677859762893,0.0,0.0,0.0
W1_web,11,reference,full,0.3536970977836939,0.7692307692307693,0.5882352941176471,0.6666666666666667,0.02727272727272727,0.7804812834224599,0.9601604278074867,0.8184255565481168,0.36071067523518063,0.33599085527191236,0.30329846949290706,0.0,0.0,0.0
W1_web,11,leave_one_out,minus_V1_agent_mutation,0.55326607856906,0.625,0.29411764705882354,0.4,0.02727272727272727,0.6334224598930481,0.948663101604278,0.6867178790580406,0.0,0.5255693193305176,0.47443068066948235,0.0,0.0,0.0
W1_web,11,leave_one_out,minus_V2_scope_discontinuity,0.45676851275460684,0.75,0.5294117647058824,0.6206896551724139,0.02727272727272727,0.7510695187165776,0.7989304812834225,0.666654206446594,0.5432314872453933,0.0,0.45676851275460684,0.0,0.0,0.0
W1_web,11,leave_one_out,minus_V3_binding_fork,0.4822593902260585,0.7857142857142857,0.6470588235294118,0.7096774193548386,0.02727272727272727,0.8098930481283423,0.9585561497326203,0.8059104294398413,0.5177406097739414,0.4822593902260585,0.0,0.0,0.0,0.0
W1_web,11,restored,plus_V4_transition_velocity,0.5118470446645971,1.0,0.23529411764705882,0.38095238095238093,0.0,0.6176470588235294,0.9577540106951872,0.800746471989138,0.2646980715858854,0.24655807983221406,0.22256762968653307,0.2661762188953675,0.0,0.0
W1_web,11,restored,plus_V5_rate_discontinuity,0.42865847250869654,0.875,0.4117647058823529,0.56,0.00909090909090909,0.701336898395722,0.8826203208556149,0.753467199720511,0.3188736851785222,0.29702099095621337,0.26812042813302417,0.0,0.11598489573224034,0.0
W1_web,11,restored,plus_V6_navigation_break,0.404183504073364,0.9,0.5294117647058824,0.6666666666666667,0.00909090909090909,0.7601604278074867,0.9208556149732621,0.8036770785858165,0.3325335068509828,0.3097446930301802,0.27960609598608155,0.0,0.0,0.07811570413275545
W1_web,11,restored,plus_all_rejected,0.44183407678785835,1.0,0.29411764705882354,0.45454545454545453,0.0,0.6470588235294118,0.8874331550802139,0.7471264071127327,0.22849136144434082,0.2128326473949617,0.19212372956036144,0.22976732046110032,0.08310985811827826,0.053675083020957415
W1_web,11,single,only_V1_agent_mutation,0.35,0.5625,0.5294117647058824,0.5454545454545455,0.06363636363636363,0.7328877005347594,0.7459893048128342,0.5936102356833638,1.0,0.0,0.0,0.0,0.0,0.0
W1_web,11,single,only_V2_scope_discontinuity,1.0,0.6666666666666666,0.35294117647058826,0.46153846153846156,0.02727272727272727,0.6628342245989305,0.9542780748663101,0.6159527727174785,0.0,1.0,0.0,0.0,0.0,0.0
W1_web,11,single,only_V3_binding_fork,1.0,0.625,0.29411764705882354,0.4,0.02727272727272727,0.6334224598930481,0.6334224598930481,0.34990512375790866,0.0,0.0,1.0,0.0,0.0,0.0
W1_web,11,single,only_V4_transition_velocity,0.9966666666666667,0.0,0.0,0.0,0.0,0.5,0.6676470588235294,0.48854676855758505,0.0,0.0,0.0,1.0,0.0,0.0
W1_web,11,single,only_V5_rate_discontinuity,1.0,0.16923076923076924,0.6470588235294118,0.2682926829268293,0.4909090909090909,0.5780748663101605,0.5633689839572192,0.17601895180303956,0.0,0.0,0.0,0.0,1.0,0.0
W1_web,11,single,only_V6_navigation_break,1.0,0.1875,0.8823529411764706,0.30927835051546393,0.5909090909090909,0.6457219251336899,0.6457219251336899,0.19552506546835335,0.0,0.0,0.0,0.0,0.0,1.0
W1_web,11,weighting,equal_weights,0.3833333333333333,0.7692307692307693,0.5882352941176471,0.6666666666666667,0.02727272727272727,0.7804812834224599,0.9601604278074867,0.8184255565481168,0.3333333333333333,0.3333333333333333,0.3333333333333333,0.0,0.0,0.0
W1_web,11,design,no_migration,0.38555606531369396,0.75,0.5294117647058824,0.6206896551724139,0.02727272727272727,0.7510695187165776,0.9572192513368984,0.8060670710438512,0.34843423776282334,0.31295258461586195,0.3386131776213146,0.0,0.0,0.0
W1_web,11,design,accumulator,0.815856167787688,1.0,0.17647058823529413,0.3,0.0,0.5882352941176471,0.9516042780748664,0.7098206703856857,0.36071067523518063,0.33599085527191236,0.30329846949290706,0.0,0.0,0.0
W1_web,12,reference,full,0.645702245714881,0.8888888888888888,0.5925925925925926,0.711111111111111,0.02,0.7862962962962963,0.9590740740740741,0.8780345052416971,0.3542977542851191,0.3194742269790283,0.3262280187358527,0.0,0.0,0.0
W1_web,12,leave_one_out,minus_V1_agent_mutation,1.0,0.8181818181818182,0.3333333333333333,0.4736842105263157,0.02,0.6566666666666666,0.9516666666666667,0.7872577552401836,0.0,0.49477019647860515,0.5052298035213948,0.0,0.0,0.0
W1_web,12,leave_one_out,minus_V2_scope_discontinuity,0.4793764346171197,0.8260869565217391,0.7037037037037037,0.76,0.04,0.8318518518518518,0.825925925925926,0.767628772976284,0.5206235653828803,0.0,0.4793764346171197,0.0,0.0,0.0
W1_web,12,leave_one_out,minus_V3_binding_fork,0.6582025571125041,0.8571428571428571,0.4444444444444444,0.5853658536585367,0.02,0.7122222222222222,0.950925925925926,0.8604449054296192,0.5258422198269169,0.4741577801730832,0.0,0.0,0.0,0.0
W1_web,12,restored,plus_V4_transition_velocity,0.7332155947951013,0.9090909090909091,0.37037037037037035,0.5263157894736842,0.01,0.6801851851851852,0.9594444444444444,0.8686808061867519,0.26595323501730633,0.23981299102830472,0.24488271767668535,0.2493510562777038,0.0,0.0
W1_web,12,restored,plus_V5_rate_discontinuity,0.6189631167643538,1.0,0.3333333333333333,0.5,0.0,0.6666666666666666,0.9081481481481481,0.8502660591887765,0.3130843498676997,0.2823116416727907,0.288279803976257,0.0,0.11632420448325266,0.0
W1_web,12,restored,plus_V6_navigation_break,0.5951088612599015,0.8888888888888888,0.5925925925925926,0.711111111111111,0.02,0.7862962962962963,0.9435185185185185,0.866643855718772,0.3265370912038914,0.29444212821172044,0.30066673304818103,0.0,0.0,0.07835404753620716
W1_web,12,restored,plus_all_rejected,0.6659949541785696,0.9,0.3333333333333333,0.48648648648648646,0.01,0.6616666666666666,0.9266666666666666,0.8474137160627265,0.2287514622785152,0.2062677386403644,0.21062830746026973,0.21447161092251937,0.08499093578191752,0.05488994491641407
W1_web,12,single,only_V1_agent_mutation,0.35,0.5454545454545454,0.4444444444444444,0.4897959183673469,0.1,0.6722222222222223,0.6944444444444444,0.6083663996522674,1.0,0.0,0.0,0.0,0.0,0.0
W1_web,12,single,only_V2_scope_discontinuity,1.0,0.8181818181818182,0.6666666666666666,0.7346938775510203,0.04,0.8133333333333332,0.9427777777777778,0.7364406633950091,0.0,1.0,0.0,0.0,0.0,0.0
W1_web,12,single,only_V3_binding_fork,1.0,0.7777777777777778,0.5185185185185185,0.6222222222222222,0.04,0.7392592592592593,0.7392592592592593,0.5711275139067054,0.0,0.0,1.0,0.0,0.0,0.0
W1_web,12,single,only_V4_transition_velocity,0.9966666666666667,0.8333333333333334,0.18518518518518517,0.303030303030303,0.01,0.5875925925925926,0.8203703703703704,0.7275598123077459,0.0,0.0,0.0,1.0,0.0,0.0
W1_web,12,single,only_V5_rate_discontinuity,1.0,0.2153846153846154,0.5185185185185185,0.30434782608695654,0.51,0.5042592592592592,0.5048148148148148,0.2182258445169216,0.0,0.0,0.0,0.0,1.0,0.0
W1_web,12,single,only_V6_navigation_break,1.0,0.2682926829268293,0.8148148148148148,0.4036697247706423,0.6,0.6074074074074074,0.6074074074074074,0.2656371004120258,0.0,0.0,0.0,0.0,0.0,1.0
W1_web,12,weighting,equal_weights,0.6666666666666666,0.8888888888888888,0.5925925925925926,0.711111111111111,0.02,0.7862962962962963,0.9572222222222222,0.8534236872098264,0.3333333333333333,0.3333333333333333,0.3333333333333333,0.0,0.0,0.0
W1_web,12,design,no_migration,0.6868473610924095,0.6666666666666666,0.14814814814814814,0.24242424242424243,0.02,0.5640740740740741,0.9472222222222222,0.7811178780505077,0.3131526389075905,0.31116083602427064,0.3756865250681388,0.0,0.0,0.0
W1_web,12,design,accumulator,1.14289829844122,0.6666666666666666,0.14814814814814814,0.24242424242424243,0.02,0.5640740740740741,0.9477777777777778,0.7734730725541894,0.3542977542851191,0.3194742269790283,0.3262280187358527,0.0,0.0,0.0
W1_web,13,reference,full,0.36910661192265676,0.7894736842105263,0.7142857142857143,0.7500000000000001,0.03773584905660377,0.8382749326145553,0.9786612758310872,0.8893447379645293,0.34867591916011664,0.33202055166732536,0.3193035291725579,0.0,0.0,0.0
W1_web,13,leave_one_out,minus_V1_agent_mutation,0.5667019273211782,0.7692307692307693,0.47619047619047616,0.588235294117647,0.02830188679245283,0.7239442946990117,0.9690026954177897,0.8102631431406373,0.0,0.5097624384456727,0.4902375615543272,0.0,0.0,0.0
W1_web,13,leave_one_out,minus_V2_scope_discontinuity,0.47801400173248265,0.8235294117647058,0.6666666666666666,0.7368421052631577,0.02830188679245283,0.8191823899371069,0.8351302785265049,0.7867368929103775,0.5219859982675173,0.0,0.47801400173248265,0.0,0.0,0.0
W1_web,13,leave_one_out,minus_V3_binding_fork,0.4877659366497484,0.8,0.7619047619047619,0.7804878048780488,0.03773584905660377,0.862084456424079,0.9570979335130279,0.8487313238075641,0.5122340633502516,0.4877659366497483,0.0,0.0,0.0,0.0
W1_web,13,restored,plus_V4_transition_velocity,0.4947239686038435,0.7777777777777778,0.6666666666666666,0.717948717948718,0.03773584905660377,0.8144654088050314,0.9752920035938903,0.8441664144476965,0.25736802219602645,0.2450742021900649,0.23568739126379123,0.2618703843501174,0.0,0.0
W1_web,13,restored,plus_V5_rate_discontinuity,0.37753813766949573,0.75,0.5714285714285714,0.6486486486486486,0.03773584905660377,0.7668463611859838,0.9728212039532794,0.8469226613654821,0.30943219551463563,0.29465140152458424,0.2833656889911704,0.0,0.11255071396960968,0.0
W1_web,13,restored,plus_V6_navigation_break,0.41686950730163386,0.8125,0.6190476190476191,0.7027027027027026,0.02830188679245283,0.7953728661275832,0.9793351302785265,0.890381458680884,0.3222787944434257,0.3068843508881652,0.29513009298473497,0.0,0.0,0.07570676168367407
W1_web,13,restored,plus_all_rejected,0.42867694979043725,0.7777777777777778,0.6666666666666666,0.717948717948718,0.03773584905660377,0.8144654088050314,0.97214734950584,0.8142976289888488,0.22300867904165872,0.21235611802606671,0.2042224723337216,0.22690996338919986,0.0811156253660458,0.05238714184330729
W1_web,13,single,only_V1_agent_mutation,0.35,0.5294117647058824,0.42857142857142855,0.4736842105263158,0.07547169811320754,0.6765498652291105,0.6873315363881402,0.554883133056161,1.0,0.0,0.0,0.0,0.0,0.0
W1_web,13,single,only_V2_scope_discontinuity,1.0,0.75,0.5714285714285714,0.6486486486486486,0.03773584905660377,0.7668463611859838,0.9512578616352201,0.7572119966529904,0.0,1.0,0.0,0.0,0.0,0.0
W1_web,13,single,only_V3_binding_fork,1.0,0.7692307692307693,0.47619047619047616,0.588235294117647,0.02830188679245283,0.7239442946990117,0.7239442946990117,0.588622894811981,0.0,0.0,1.0,0.0,0.0,0.0
W1_web,13,single,only_V4_transition_velocity,0.9533333333333334,0.75,0.5714285714285714,0.6486486486486486,0.03773584905660377,0.7668463611859838,0.7637017070979335,0.4731768976364399,0.0,0.0,0.0,1.0,0.0,0.0
W1_web,13,single,only_V5_rate_discontinuity,1.0,0.15873015873015872,0.47619047619047616,0.23809523809523808,0.5,0.4880952380952381,0.488544474393531,0.26719024737474834,0.0,0.0,0.0,0.0,1.0,0.0
W1_web,13,single,only_V6_navigation_break,1.0,0.23809523809523808,0.9523809523809523,0.38095238095238093,0.6037735849056604,0.6743036837376459,0.674303683737646,0.27351480314947446,0.0,0.0,0.0,0.0,0.0,1.0
W1_web,13,weighting,equal_weights,0.3833333333333333,0.7894736842105263,0.7142857142857143,0.7500000000000001,0.03773584905660377,0.8382749326145553,0.9782120395327942,0.8893447379645293,0.3333333333333333,0.3333333333333333,0.3333333333333333,0.0,0.0,0.0
W1_web,13,design,no_migration,0.4061699439887265,0.7333333333333333,0.5238095238095238,0.611111111111111,0.03773584905660377,0.74303683737646,0.9728212039532794,0.8263092751391504,0.3254881965281553,0.3156963052742567,0.358815498197588,0.0,0.0,0.0
W1_web,13,design,accumulator,0.7043245755923693,0.75,0.2857142857142857,0.4137931034482759,0.018867924528301886,0.633423180592992,0.9730458221024259,0.795370269524405,0.34867591916011664,0.33202055166732536,0.3193035291725579,0.0,0.0,0.0
W1_web,14,reference,full,0.6077683069917662,0.7272727272727273,0.3333333333333333,0.4571428571428572,0.02912621359223301,0.6521035598705501,0.9514563106796117,0.8102888978180378,0.39223169300823385,0.31803089520306027,0.2897374117887058,0.0,0.0,0.0
W1_web,14,leave_one_out,minus_V1_agent_mutation,1.0,0.0,0.0,0.0,0.02912621359223301,0.4854368932038835,0.9344660194174758,0.602524877212907,0.0,0.523276537365363,0.4767234626346371,0.0,0.0,0.0
W1_web,14,leave_one_out,minus_V2_scope_discontinuity,0.42485416091536415,0.75,0.625,0.6818181818181818,0.04854368932038835,0.7882281553398058,0.7951051779935275,0.7272483634549995,0.5751458390846358,0.0,0.4248541609153641,0.0,0.0,0.0
W1_web,14,leave_one_out,minus_V3_binding_fork,0.5522347643228956,1.0,0.5416666666666666,0.7027027027027027,0.0,0.7708333333333333,0.9587378640776699,0.8601285494515217,0.5522347643228956,0.4477652356771044,0.0,0.0,0.0,0.0
W1_web,14,restored,plus_V4_transition_velocity,0.7045585579950658,0.8,0.16666666666666666,0.27586206896551724,0.009708737864077669,0.5784789644012945,0.9455906148867314,0.7499335909753588,0.29461183148592684,0.238878362394126,0.21762665041774404,0.24888315570220312,0.0,0.0
W1_web,14,restored,plus_V5_rate_discontinuity,0.6085616314810843,1.0,0.3333333333333333,0.5,0.0,0.6666666666666666,0.8464805825242718,0.7372035539756405,0.343122088892454,0.2782116464314382,0.25346066555908553,0.0,0.12520559911702225,0.0
W1_web,14,restored,plus_V6_navigation_break,0.6409565980512055,1.0,0.3333333333333333,0.5,0.0,0.6666666666666666,0.9370954692556634,0.8245854183169247,0.35904340194879447,0.29112103018184776,0.2652215714712067,0.0,0.0,0.08461399639815097
W1_web,14,restored,plus_all_rejected,0.7137249426233535,1.0,0.041666666666666664,0.07999999999999999,0.0,0.5208333333333334,0.8741909385113269,0.6990207702695062,0.25032148039360086,0.2029666799425639,0.18490983553141044,0.2114674066760369,0.09134256271785599,0.058992034738531915
W1_web,14,single,only_V1_agent_mutation,0.35,0.7777777777777778,0.5833333333333334,0.6666666666666666,0.038834951456310676,0.7722491909385114,0.7827669902912622,0.70547776450537,1.0,0.0,0.0,0.0,0.0,0.0
W1_web,14,single,only_V2_scope_discontinuity,1.0,0.6363636363636364,0.2916666666666667,0.4,0.038834951456310676,0.626415857605178,0.9401294498381877,0.6274939538870528,0.0,1.0,0.0,0.0,0.0,0.0
W1_web,14,single,only_V3_binding_fork,1.0,0.5454545454545454,0.25,0.34285714285714286,0.04854368932038835,0.6007281553398058,0.6007281553398058,0.3095365022540525,0.0,0.0,1.0,0.0,0.0,0.0
W1_web,14,single,only_V4_transition_velocity,0.9966666666666667,0.0,0.0,0.0,0.019417475728155338,0.49029126213592233,0.6239886731391586,0.35247608553384335,0.0,0.0,0.0,1.0,0.0,0.0
W1_web,14,single,only_V5_rate_discontinuity,1.0,0.171875,0.4583333333333333,0.25,0.5145631067961165,0.4718851132686084,0.46743527508090615,0.1906836084390501,0.0,0.0,0.0,0.0,1.0,0.0
W1_web,14,single,only_V6_navigation_break,1.0,0.25,0.8333333333333334,0.3846153846153846,0.5825242718446602,0.6254045307443366,0.6254045307443366,0.24371518158647126,0.0,0.0,0.0,0.0,0.0,1.0
W1_web,14,weighting,equal_weights,0.6666666666666666,0.7272727272727273,0.3333333333333333,0.4571428571428572,0.02912621359223301,0.6521035598705501,0.9480177993527508,0.7643938036692672,0.3333333333333333,0.3333333333333333,0.3333333333333333,0.0,0.0,0.0
W1_web,14,design,no_migration,0.630416208952613,0.75,0.25,0.375,0.019417475728155338,0.6152912621359223,0.952467637540453,0.8058642373320385,0.3695837910473871,0.3050386119027893,0.32537759704982366,0.0,0.0,0.0
W1_web,14,design,accumulator,1.201546247054173,1.0,0.08333333333333333,0.15384615384615385,0.0,0.5416666666666666,0.9415453074433657,0.7076199366980318,0.39223169300823385,0.31803089520306027,0.2897374117887058,0.0,0.0,0.0
W1_web,15,reference,full,0.6268727576909245,0.9166666666666666,0.4583333333333333,0.611111111111111,0.009708737864077669,0.7243122977346278,0.9781553398058253,0.9172536398332968,0.37312724230907557,0.33372870200257115,0.2931440556883532,0.0,0.0,0.0
W1_web,15,leave_one_out,minus_V1_agent_mutation,1.0,0.8,0.16666666666666666,0.27586206896551724,0.009708737864077669,0.5784789644012945,0.9631877022653722,0.8167824250168426,0.0,0.5323707210245591,0.4676292789754409,0.0,0.0,0.0
W1_web,15,leave_one_out,minus_V2_scope_discontinuity,0.43997701322184896,0.8695652173913043,0.8333333333333334,0.851063829787234,0.02912621359223301,0.9021035598705502,0.9049352750809061,0.8616096072464411,0.560022986778151,0.0,0.43997701322184896,0.0,0.0,0.0
W1_web,15,leave_one_out,minus_V3_binding_fork,0.47213113886672364,0.8571428571428571,0.75,0.7999999999999999,0.02912621359223301,0.8604368932038835,0.9686488673139159,0.8984533154061466,0.5278688611332764,0.47213113886672364,0.0,0.0,0.0,0.0
W1_web,15,restored,plus_V4_transition_velocity,0.7195847354480984,1.0,0.25,0.4,0.0,0.625,0.9720873786407767,0.8727625816051945,0.27786211053438337,0.2485226243746696,0.21829986333912196,0.2553154017518251,0.0,0.0
W1_web,15,restored,plus_V5_rate_discontinuity,0.5540319899616439,0.9166666666666666,0.4583333333333333,0.611111111111111,0.009708737864077669,0.7243122977346278,0.959546925566343,0.8879795661017643,0.32977095595422534,0.2949504099665516,0.2590815799950922,0.0,0.11619705408413086,0.0
W1_web,15,restored,plus_V6_navigation_break,0.5778107335442308,0.9166666666666666,0.4583333333333333,0.611111111111111,0.009708737864077669,0.7243122977346278,0.9803802588996764,0.920547078420853,0.34392454120688015,0.30760951683267157,0.2702012167115592,0.0,0.0,0.07826472524888901
W1_web,15,restored,plus_all_rejected,0.6197237333162839,1.0,0.25,0.4,0.0,0.625,0.9591423948220065,0.8560197054099552,0.23930155269383174,0.21403367943196108,0.18800510853903885,0.2198837831770548,0.08431954045292381,0.054456335705189894
W1_web,15,single,only_V1_agent_mutation,0.35,0.6666666666666666,0.5833333333333334,0.6222222222222222,0.06796116504854369,0.7576860841423949,0.7775080906148867,0.6893648289821773,1.0,0.0,0.0,0.0,0.0,0.0
W1_web,15,single,only_V2_scope_discontinuity,1.0,0.7692307692307693,0.4166666666666667,0.5405405405405406,0.02912621359223301,0.6937702265372169,0.9575242718446602,0.7840554221941783,0.0,1.0,0.0,0.0,0.0,0.0
W1_web,15,single,only_V3_binding_fork,1.0,0.7857142857142857,0.4583333333333333,0.5789473684210527,0.02912621359223301,0.7146035598705501,0.7146035598705501,0.6242338880045847,0.0,0.0,1.0,0.0,0.0,0.0
W1_web,15,single,only_V4_transition_velocity,0.9966666666666667,0.8,0.16666666666666666,0.27586206896551724,0.009708737864077669,0.5784789644012945,0.6949838187702265,0.5402012767363036,0.0,0.0,0.0,1.0,0.0,0.0
W1_web,15,single,only_V5_rate_discontinuity,1.0,0.16666666666666666,0.4583333333333333,0.2444444444444444,0.5339805825242718,0.4621763754045307,0.42576860841423947,0.28115046781163083,0.0,0.0,0.0,0.0,1.0,0.0
W1_web,15,single,only_V6_navigation_break,1.0,0.24096385542168675,0.8333333333333334,0.37383177570093457,0.6116504854368932,0.61084142394822,0.61084142394822,0.4206821328033547,0.0,0.0,0.0,0.0,0.0,1.0
W1_web,15,weighting,equal_weights,0.6666666666666666,0.9166666666666666,0.4583333333333333,0.611111111111111,0.009708737864077669,0.7243122977346278,0.9767394822006472,0.9169390256835434,0.3333333333333333,0.3333333333333333,0.3333333333333333,0.0,0.0,0.0
W1_web,15,design,no_migration,0.6318327373276806,0.875,0.2916666666666667,0.43750000000000006,0.009708737864077669,0.6409789644012945,0.9730987055016181,0.8863563622562002,0.3681672626723193,0.33782368856023426,0.29400904876744643,0.0,0.0,0.0
W1_web,15,design,accumulator,1.1989459531658173,0.6666666666666666,0.08333333333333333,0.14814814814814814,0.009708737864077669,0.5368122977346278,0.9700647249190939,0.8290619607964079,0.37312724230907557,0.33372870200257115,0.2931440556883532,0.0,0.0,0.0
W1_web,16,reference,full,0.6239974887545672,0.8181818181818182,0.45,0.5806451612903226,0.018691588785046728,0.7156542056074766,0.9593457943925233,0.8323916160700219,0.3760025112454328,0.32896428510256964,0.2950332036519975,0.0,0.0,0.0
W1_web,16,leave_one_out,minus_V1_agent_mutation,1.0,0.6666666666666666,0.2,0.30769230769230765,0.018691588785046728,0.5906542056074766,0.9521028037383178,0.738282999464336,0.0,0.5271884759650997,0.47281152403490034,0.0,0.0,0.0
W1_web,16,leave_one_out,minus_V2_scope_discontinuity,0.4396684067659411,0.7857142857142857,0.55,0.6470588235294117,0.028037383177570093,0.7609813084112149,0.7553738317757009,0.6597352569675461,0.5603315932340589,0.0,0.4396684067659411,0.0,0.0,0.0
W1_web,16,leave_one_out,minus_V3_binding_fork,0.4666379846635762,0.75,0.75,0.75,0.04672897196261682,0.8516355140186915,0.9581775700934579,0.8299171295715415,0.5333620153364238,0.4666379846635762,0.0,0.0,0.0,0.0
W1_web,16,restored,plus_V4_transition_velocity,0.7202516426676209,0.8333333333333334,0.25,0.3846153846153846,0.009345794392523364,0.6203271028037383,0.9605140186915888,0.8167398808942926,0.27711848046116533,0.2424507286179062,0.2174431037995472,0.26298768712138126,0.0,0.0
W1_web,16,restored,plus_V5_rate_discontinuity,0.5489241335311128,0.8181818181818182,0.45,0.5806451612903226,0.018691588785046728,0.7156542056074766,0.930373831775701,0.8068385123944536,0.33076551814794636,0.28938647737673023,0.2595376561543826,0.0,0.12031034832094076,0.0
W1_web,16,restored,plus_V6_navigation_break,0.5733547590509983,0.8181818181818182,0.45,0.5806451612903226,0.018691588785046728,0.7156542056074766,0.9495327102803738,0.8214960789461,0.34548669365316825,0.30226602161143273,0.2710887374395656,0.0,0.0,0.08115854729583336
W1_web,16,restored,plus_all_rejected,0.6692355725250629,1.0,0.2,0.33333333333333337,0.0,0.6,0.9294392523364486,0.8105053930689523,0.23768728520947532,0.20795240861002462,0.18650311932869923,0.22556716279396546,0.0864547194493838,0.05583530460845155
W1_web,16,single,only_V1_agent_mutation,0.35,0.5833333333333334,0.35,0.4375,0.04672897196261682,0.6516355140186916,0.6598130841121496,0.5053664471567014,1.0,0.0,0.0,0.0,0.0,0.0
W1_web,16,single,only_V2_scope_discontinuity,1.0,0.7058823529411765,0.6,0.6486486486486486,0.04672897196261682,0.7766355140186916,0.9485981308411215,0.6808269440674911,0.0,1.0,0.0,0.0,0.0,0.0
W1_web,16,single,only_V3_binding_fork,1.0,0.7,0.35,0.4666666666666667,0.028037383177570093,0.6609813084112149,0.6609813084112149,0.504467594273739,0.0,0.0,1.0,0.0,0.0,0.0
W1_web,16,single,only_V4_transition_velocity,0.99,0.8,0.2,0.32000000000000006,0.009345794392523364,0.5953271028037384,0.7869158878504673,0.671991361745599,0.0,0.0,0.0,1.0,0.0,0.0
W1_web,16,single,only_V5_rate_discontinuity,1.0,0.21212121212121213,0.7,0.3255813953488372,0.48598130841121495,0.6070093457943925,0.6226635514018691,0.2254617289151803,0.0,0.0,0.0,0.0,1.0,0.0
W1_web,16,single,only_V6_navigation_break,1.0,0.2375,0.95,0.38,0.5700934579439252,0.6899532710280374,0.6899532710280374,0.2851878331564758,0.0,0.0,0.0,0.0,0.0,1.0
W1_web,16,weighting,equal_weights,0.6666666666666666,0.8181818181818182,0.45,0.5806451612903226,0.018691588785046728,0.7156542056074766,0.9579439252336449,0.8233007069791128,0.3333333333333333,0.3333333333333333,0.3333333333333333,0.0,0.0,0.0
W1_web,16,design,no_migration,0.47537699742625755,0.875,0.35,0.4999999999999999,0.009345794392523364,0.6703271028037383,0.9577102803738318,0.8070507069791127,0.3593252676184241,0.3005413362823971,0.34013339609917886,0.0,0.0,0.0
W1_web,16,design,accumulator,0.912251012194309,0.75,0.15,0.24999999999999997,0.009345794392523364,0.5703271028037383,0.9511682242990654,0.7156829081113137,0.3760025112454328,0.32896428510256964,0.2950332036519975,0.0,0.0,0.0
W1_web,17,reference,full,0.6138860513242508,0.9090909090909091,0.45454545454545453,0.6060606060606061,0.009523809523809525,0.7225108225108225,0.9331168831168831,0.7981241555637859,0.3861139486757492,0.3417798385143678,0.2721062128098829,0.0,0.0,0.0
W1_web,17,leave_one_out,minus_V1_agent_mutation,1.0,0.8571428571428571,0.2727272727272727,0.41379310344827586,0.009523809523809525,0.6316017316017316,0.9268398268398268,0.7260237413933418,0.0,0.5567480117476099,0.44325198825239015,0.0,0.0,0.0
W1_web,17,leave_one_out,minus_V2_scope_discontinuity,0.4133969585430612,0.6956521739130435,0.7272727272727273,0.711111111111111,0.06666666666666667,0.8303030303030303,0.8305194805194805,0.7199720755419724,0.5866030414569388,0.0,0.4133969585430612,0.0,0.0,0.0
W1_web,17,leave_one_out,minus_V3_binding_fork,0.46954630542147907,0.8,0.5454545454545454,0.6486486486486486,0.02857142857142857,0.7584415584415585,0.9155844155844156,0.73980799747645,0.5304536945785209,0.469546305421479,0.0,0.0,0.0,0.0
W1_web,17,restored,plus_V4_transition_velocity,0.7149814858458472,0.9,0.4090909090909091,0.5625000000000001,0.009523809523809525,0.6997835497835498,0.9303030303030303,0.7606738533407563,0.28324232653749937,0.2507200709957167,0.19960945996877902,0.2664281424980047,0.0,0.0
W1_web,17,restored,plus_V5_rate_discontinuity,0.5383232820804591,0.9090909090909091,0.45454545454545453,0.6060606060606061,0.009523809523809525,0.7225108225108225,0.8452380952380952,0.6616741422891851,0.33858747508564585,0.29971041697574335,0.23861286510471574,0.0,0.12308924283389497,0.0
W1_web,17,restored,plus_V6_navigation_break,0.5628607205428628,0.9166666666666666,0.5,0.6470588235294118,0.009523809523809525,0.7452380952380953,0.9168831168831169,0.7677266267504617,0.35402070937182883,0.31337158705306595,0.24948913348979687,0.0,0.0,0.0831185700853082
W1_web,17,restored,plus_all_rejected,0.6121315743989646,0.9,0.4090909090909091,0.5625000000000001,0.009523809523809525,0.6997835497835498,0.8796536796536797,0.70792322696427,0.24219714904435982,0.21438775463286086,0.17068367824016586,0.2278195399925798,0.08804774507638634,0.05686413301364732
W1_web,17,single,only_V1_agent_mutation,0.35,0.4666666666666667,0.3181818181818182,0.3783783783783784,0.0761904761904762,0.620995670995671,0.6331168831168831,0.4766968528563783,1.0,0.0,0.0,0.0,0.0,0.0
W1_web,17,single,only_V2_scope_discontinuity,1.0,0.7692307692307693,0.45454545454545453,0.5714285714285714,0.02857142857142857,0.712987012987013,0.9246753246753247,0.7501317040685178,0.0,1.0,0.0,0.0,0.0,0.0
W1_web,17,single,only_V3_binding_fork,1.0,0.5882352941176471,0.45454545454545453,0.5128205128205129,0.06666666666666667,0.693939393939394,0.693939393939394,0.46908097239575086,0.0,0.0,1.0,0.0,0.0,0.0
W1_web,17,single,only_V4_transition_velocity,0.9933333333333333,0.7142857142857143,0.22727272727272727,0.3448275862068965,0.01904761904761905,0.604112554112554,0.712987012987013,0.5240822705351491,0.0,0.0,0.0,1.0,0.0,0.0
W1_web,17,single,only_V5_rate_discontinuity,1.0,0.16923076923076924,0.5,0.2528735632183908,0.5142857142857142,0.4928571428571429,0.47748917748917746,0.19328082923610326,0.0,0.0,0.0,0.0,1.0,0.0
W1_web,17,single,only_V6_navigation_break,1.0,0.24050632911392406,0.8636363636363636,0.37623762376237624,0.5714285714285714,0.6461038961038961,0.6461038961038961,0.27637365280210074,0.0,0.0,0.0,0.0,0.0,1.0
W1_web,17,weighting,equal_weights,0.6666666666666666,0.9090909090909091,0.45454545454545453,0.6060606060606061,0.009523809523809525,0.7225108225108225,0.9331168831168831,0.8041915908906346,0.3333333333333333,0.3333333333333333,0.3333333333333333,0.0,0.0,0.0
W1_web,17,design,no_migration,0.642872333783836,0.9,0.4090909090909091,0.5625000000000001,0.009523809523809525,0.6997835497835498,0.9287878787878788,0.7792497513513025,0.35712766621616404,0.3432024883903217,0.2996698453935143,0.0,0.0,0.0
W1_web,17,design,accumulator,1.0719732026060143,0.8333333333333334,0.22727272727272727,0.35714285714285715,0.009523809523809525,0.6088744588744589,0.919047619047619,0.6336618380117034,0.3861139486757492,0.3417798385143678,0.2721062128098829,0.0,0.0,0.0
W1_web,18,reference,full,0.6095775554521488,0.9333333333333333,0.5185185185185185,0.6666666666666667,0.01,0.7542592592592592,0.9787037037037037,0.9336659053237103,0.39042244454785124,0.3359952935439275,0.27358226190822127,0.0,0.0,0.0
W1_web,18,leave_one_out,minus_V1_agent_mutation,1.0,0.8571428571428571,0.2222222222222222,0.35294117647058826,0.01,0.606111111111111,0.9614814814814815,0.8414579977568234,0.0,0.5511936759133231,0.44880632408667676,0.0,0.0,0.0
W1_web,18,leave_one_out,minus_V2_scope_discontinuity,0.5879814416250373,1.0,0.7037037037037037,0.8260869565217391,0.0,0.8518518518518519,0.935,0.9208674016968309,0.5879814416250373,0.0,0.41201855837496265,0.0,0.0,0.0
W1_web,18,leave_one_out,minus_V3_binding_fork,0.5374627078538157,0.95,0.7037037037037037,0.8085106382978724,0.01,0.8468518518518519,0.9738888888888889,0.9261198237290429,0.5374627078538157,0.46253729214618433,0.0,0.0,0.0,0.0
W1_web,18,restored,plus_V4_transition_velocity,0.6875664159746208,0.9285714285714286,0.48148148148148145,0.6341463414634146,0.01,0.7357407407407407,0.9738888888888889,0.914124026358326,0.28793265133998425,0.24779317136825652,0.20176418423395598,0.2625099930578032,0.0,0.0
W1_web,18,restored,plus_V5_rate_discontinuity,0.5331076855481118,0.9333333333333333,0.5185185185185185,0.6666666666666667,0.01,0.7542592592592592,0.9274074074074075,0.896694187278625,0.34144499569797493,0.2938455848549078,0.23926210069320406,0.0,0.12544731875391318,0.0
W1_web,18,restored,plus_V6_navigation_break,0.5578945554560435,0.9444444444444444,0.6296296296296297,0.7555555555555556,0.01,0.8098148148148148,0.9296296296296296,0.9080590174814837,0.35732049875019306,0.30750795079384596,0.25038660466219753,0.0,0.0,0.08478494579376337
W1_web,18,restored,plus_all_rejected,0.5856077568471888,0.9333333333333333,0.5185185185185185,0.6666666666666667,0.01,0.7542592592592592,0.904074074074074,0.8639232976205565,0.24523535495150736,0.21104812549828203,0.17184473906257688,0.22358260178639328,0.0900997763327689,0.05818940236847143
W1_web,18,single,only_V1_agent_mutation,1.0,1.0,0.5925925925925926,0.7441860465116279,0.0,0.7962962962962963,0.8581481481481481,0.8173380596312299,1.0,0.0,0.0,0.0,0.0,0.0
W1_web,18,single,only_V2_scope_discontinuity,1.0,0.8235294117647058,0.5185185185185185,0.6363636363636364,0.03,0.7442592592592592,0.9592592592592593,0.8375702587687914,0.0,1.0,0.0,0.0,0.0,0.0
W1_web,18,single,only_V3_binding_fork,1.0,0.7857142857142857,0.4074074074074074,0.5365853658536585,0.03,0.6887037037037037,0.6887037037037037,0.5953686760652844,0.0,0.0,1.0,0.0,0.0,0.0
W1_web,18,single,only_V4_transition_velocity,1.0,0.0,0.0,0.0,0.0,0.5,0.7457407407407407,0.6307416620930829,0.0,0.0,0.0,1.0,0.0,0.0
W1_web,18,single,only_V5_rate_discontinuity,1.0,0.21875,0.5185185185185185,0.30769230769230765,0.5,0.5092592592592593,0.5081481481481481,0.23031445050814991,0.0,0.0,0.0,0.0,1.0,0.0
W1_web,18,single,only_V6_navigation_break,1.0,0.24096385542168675,0.7407407407407407,0.36363636363636365,0.63,0.5553703703703703,0.5553703703703704,0.2565426607730246,0.0,0.0,0.0,0.0,0.0,1.0
W1_web,18,weighting,equal_weights,0.6666666666666666,0.9333333333333333,0.5185185185185185,0.6666666666666667,0.01,0.7542592592592592,0.9785185185185186,0.9258318517408644,0.3333333333333333,0.3333333333333333,0.3333333333333333,0.0,0.0,0.0
W1_web,18,design,no_migration,0.6440078445789229,0.9285714285714286,0.48148148148148145,0.6341463414634146,0.01,0.7357407407407407,0.9768518518518519,0.9253352049223785,0.35599215542107704,0.324821580880623,0.3191862636982999,0.0,0.0,0.0
W1_web,18,design,accumulator,0.8111747315785053,0.9,0.3333333333333333,0.48648648648648646,0.01,0.6616666666666666,0.9722222222222222,0.8769766374708422,0.39042244454785124,0.3359952935439275,0.27358226190822127,0.0,0.0,0.0
W1_web,19,reference,full,0.4095772158303955,0.8,0.8888888888888888,0.8421052631578948,0.03669724770642202,0.9260958205912334,0.9872579001019368,0.9497533104150752,0.40613997610286756,0.33505965103043067,0.25880037286670166,0.0,0.0,0.0
W1_web,19,leave_one_out,minus_V1_agent_mutation,0.6896864569913228,0.8235294117647058,0.7777777777777778,0.7999999999999999,0.027522935779816515,0.8751274209989807,0.9801223241590215,0.8174585536105147,0.0,0.5642064418339586,0.4357935581660414,0.0,0.0,0.0
W1_web,19,leave_one_out,minus_V2_scope_discontinuity,0.3892084053370411,0.7619047619047619,0.8888888888888888,0.8205128205128205,0.045871559633027525,0.9215086646279307,0.9332313965341489,0.9065635201108868,0.6107915946629588,0.0,0.3892084053370411,0.0,0.0,0.0
W1_web,19,leave_one_out,minus_V3_binding_fork,0.45205048513896934,0.8888888888888888,0.8888888888888888,0.8888888888888888,0.01834862385321101,0.935270132517839,0.9862385321100917,0.9395204124002519,0.5479495148610306,0.45205048513896934,0.0,0.0,0.0,0.0
W1_web,19,restored,plus_V4_transition_velocity,0.5244515972125033,0.8823529411764706,0.8333333333333334,0.8571428571428571,0.01834862385321101,0.9074923547400612,0.9821610601427115,0.9085764658649076,0.2892894281250612,0.23865962608375574,0.1843409077421082,0.2877100380490748,0.0,0.0
W1_web,19,restored,plus_V5_rate_discontinuity,0.4855362950170574,0.9375,0.8333333333333334,0.8823529411764706,0.009174311926605505,0.9120795107033639,0.9770642201834863,0.9507393614011261,0.35388925097366125,0.2919535527441477,0.22550518415922724,0.0,0.12865201212296373,0.0
W1_web,19,restored,plus_V6_navigation_break,0.3929455498822345,0.85,0.9444444444444444,0.8947368421052632,0.027522935779816515,0.958460754332314,0.9900611620795107,0.9550204101951414,0.3707837556346755,0.30589127660568083,0.23627069448308985,0.0,0.0,0.08705427327655364
W1_web,19,restored,plus_all_rejected,0.4989942471825386,0.875,0.7777777777777778,0.823529411764706,0.01834862385321101,0.8797145769622834,0.9806320081549439,0.9172745578963329,0.24660500570384455,0.2034455902281325,0.15714155508490327,0.2452586533631401,0.08965016624863756,0.05789902937134195
W1_web,19,single,only_V1_agent_mutation,0.35,0.631578947368421,0.6666666666666666,0.6486486486486486,0.06422018348623854,0.8012232415902141,0.8190621814475025,0.7458110891930955,1.0,0.0,0.0,0.0,0.0,0.0
W1_web,19,single,only_V2_scope_discontinuity,1.0,0.8461538461538461,0.6111111111111112,0.7096774193548387,0.01834862385321101,0.7963812436289501,0.9747706422018348,0.7787460048837759,0.0,1.0,0.0,0.0,0.0,0.0
W1_web,19,single,only_V3_binding_fork,1.0,0.7368421052631579,0.7777777777777778,0.7567567567567567,0.045871559633027525,0.8659531090723751,0.8659531090723751,0.6242954193586749,0.0,0.0,1.0,0.0,0.0,0.0
W1_web,19,single,only_V4_transition_velocity,0.9933333333333333,1.0,0.5,0.6666666666666666,0.0,0.75,0.8019877675840978,0.699143373897932,0.0,0.0,0.0,1.0,0.0,0.0
W1_web,19,single,only_V5_rate_discontinuity,1.0,0.16666666666666666,0.6111111111111112,0.2619047619047619,0.5045871559633027,0.5532619775739043,0.5904689092762487,0.20739223207215873,0.0,0.0,0.0,0.0,1.0,0.0
W1_web,19,single,only_V6_navigation_break,1.0,0.21428571428571427,1.0,0.35294117647058826,0.6055045871559633,0.6972477064220184,0.6972477064220184,0.19390268061222102,0.0,0.0,0.0,0.0,0.0,1.0
W1_web,19,weighting,equal_weights,0.4833333333333333,0.8421052631578947,0.8888888888888888,0.8648648648648649,0.027522935779816515,0.9306829765545361,0.9857288481141692,0.9369394334707635,0.3333333333333333,0.3333333333333333,0.3333333333333333,0.0,0.0,0.0
W1_web,19,design,no_migration,0.46527584133336425,0.8125,0.7222222222222222,0.7647058823529411,0.027522935779816515,0.8473496432212029,0.9768093781855249,0.8946416305111955,0.36160448802941453,0.3147630375222203,0.3236324744483651,0.0,0.0,0.0
W1_web,19,design,accumulator,0.6106744722600992,0.8888888888888888,0.8888888888888888,0.8888888888888888,0.01834862385321101,0.935270132517839,0.9821610601427115,0.9141919422183702,0.40613997610286756,0.33505965103043067,0.25880037286670166,0.0,0.0,0.0
W2_apt,0,reference,full,0.6059527010846677,0.9545454545454546,0.330188679245283,0.4906542056074766,0.004016064257028112,0.6630863074941274,0.9618587557778283,0.8473984613424754,0.39404729891533224,0.3252608452395202,0.28069185584514755,0.0,0.0,0.0
W2_apt,0,leave_one_out,minus_V1_agent_mutation,1.0,0.9390243902439024,0.24213836477987422,0.385,0.004016064257028112,0.619061150261423,0.9545679573640474,0.7934774143502095,0.0,0.5367759639610429,0.4632240360389571,0.0,0.0,0.0
W2_apt,0,leave_one_out,minus_V2_scope_discontinuity,0.41600054460273334,0.7807017543859649,0.559748427672956,0.652014652014652,0.040160642570281124,0.7597938925513374,0.7635194867520396,0.6369778678240274,0.5839994553972666,0.0,0.4160005446027333,0.0,0.0,0.0
W2_apt,0,leave_one_out,minus_V3_binding_fork,0.4521856840946572,0.8648648648648649,0.6037735849056604,0.7111111111111112,0.024096385542168676,0.7898385996817459,0.9626581798893687,0.8433876546288779,0.5478143159053429,0.4521856840946572,0.0,0.0,0.0,0.0
W2_apt,0,restored,plus_V4_transition_velocity,0.7065282900428347,0.95,0.1792452830188679,0.30158730158730157,0.0024096385542168677,0.5884178222323255,0.9651625369402137,0.8616678704111586,0.2917408440579188,0.24081340943174148,0.20781586162335886,0.2596298848869809,0.0,0.0
W2_apt,0,restored,plus_V5_rate_discontinuity,0.5178811322195694,0.9553571428571429,0.33647798742138363,0.49767441860465117,0.004016064257028112,0.6662309615821778,0.8674218888131141,0.7584412852580495,0.3367749016466904,0.2779861439643957,0.23989498825517375,0.0,0.1453439661337402,0.0
W2_apt,0,restored,plus_V6_navigation_break,0.6059527010846677,0.9545454545454546,0.330188679245283,0.4906542056074766,0.004016064257028112,0.6630863074941274,0.9618587557778283,0.8473984613424754,0.39404729891533224,0.3252608452395202,0.28069185584514755,0.0,0.0,0.0
W2_apt,0,restored,plus_all_rejected,0.6275184757159236,0.9508196721311475,0.18238993710691823,0.30606860158311344,0.0024096385542168677,0.5899901492763507,0.8703796317344851,0.7717321579863072,0.2591159792854197,0.2138836699793003,0.1845761798265363,0.23059593212424861,0.11182823878449516,0.0
W2_apt,0,single,only_V1_agent_mutation,0.0,0.2034548944337812,1.0,0.33811802232854865,1.0,0.5,0.5927672955974843,0.4062414911072928,1.0,0.0,0.0,0.0,0.0,0.0
W2_apt,0,single,only_V2_scope_discontinuity,1.0,0.8404255319148937,0.4968553459119497,0.6245059288537549,0.024096385542168676,0.7363794801848905,0.9567730039655478,0.7716950671012842,0.0,1.0,0.0,0.0,0.0,0.0
W2_apt,0,single,only_V3_binding_fork,1.0,0.7422680412371134,0.4528301886792453,0.5625,0.040160642570281124,0.706334773054482,0.7063347730544821,0.5013614509363544,0.0,0.0,1.0,0.0,0.0,0.0
W2_apt,0,single,only_V4_transition_velocity,0.9966666666666667,0.9259259259259259,0.15723270440251572,0.26881720430107525,0.00321285140562249,0.5770099264984466,0.7391301053269682,0.6268812277763063,0.0,0.0,0.0,1.0,0.0,0.0
W2_apt,0,single,only_V5_rate_discontinuity,1.0,0.19052744886975242,0.5566037735849056,0.2838813151563753,0.6040160642570281,0.47629385466393875,0.4828483746305979,0.1879550912618182,0.0,0.0,0.0,0.0,1.0,0.0
W2_apt,0,weighting,equal_weights,0.6666666666666666,0.9545454545454546,0.330188679245283,0.4906542056074766,0.004016064257028112,0.6630863074941274,0.9614672526584325,0.8420302683093925,0.3333333333333333,0.3333333333333333,0.3333333333333333,0.0,0.0,0.0
W2_apt,0,design,no_migration,0.5853811918936305,0.9411764705882353,0.20125786163522014,0.3316062176165803,0.00321285140562249,0.5990225051147988,0.9562387916445657,0.8068330493147493,0.4146188081063696,0.2900356254196772,0.29534556647395327,0.0,0.0,0.0
W2_apt,0,design,accumulator,1.062767129553973,0.8888888888888888,0.07547169811320754,0.1391304347826087,0.0024096385542168677,0.5365310297794954,0.9536308757040741,0.7651403957568081,0.39404729891533224,0.3252608452395202,0.28069185584514755,0.0,0.0,0.0
W2_apt,1,reference,full,0.4410006067156409,0.8461538461538461,0.44594594594594594,0.584070796460177,0.018942383583267563,0.7135017811813391,0.9531000021331513,0.807881603471755,0.3785599208532114,0.3280717680566322,0.29336831109015643,0.0,0.0,0.0
W2_apt,1,leave_one_out,minus_V1_agent_mutation,0.709643007449916,0.7948717948717948,0.3141891891891892,0.450363196125908,0.018942383583267563,0.6476234028029608,0.9434474924806416,0.7339166697017961,0.0,0.5279218046365163,0.4720781953634837,0.0,0.0,0.0
W2_apt,1,leave_one_out,minus_V2_scope_discontinuity,0.43660661532507605,0.7309417040358744,0.5506756756756757,0.6281310211946051,0.0473559589581689,0.7516598583587534,0.7560594829241238,0.6265327781565921,0.5633933846749241,0.0,0.43660661532507605,0.0,0.0,0.0
W2_apt,1,leave_one_out,minus_V3_binding_fork,0.4642754821295449,0.8136363636363636,0.6047297297297297,0.6937984496124031,0.03235990528808208,0.7861849122208238,0.9531253333048914,0.8133110747254728,0.5357245178704552,0.4642754821295449,0.0,0.0,0.0,0.0
W2_apt,1,restored,plus_V4_transition_velocity,0.5022861247495266,0.8560606060606061,0.38175675675675674,0.5280373831775701,0.01499605367008682,0.683380351543335,0.9558424347788989,0.8057806230438819,0.2799193640403158,0.24258680228751278,0.2169259516032612,0.2605678820689102,0.0,0.0
W2_apt,1,restored,plus_V5_rate_discontinuity,0.5195029540840636,0.8706896551724138,0.34121621621621623,0.49029126213592245,0.011838989739542225,0.664688613238337,0.8734161351564667,0.7109538132602096,0.32539735437531875,0.2819994391647594,0.2521695167072586,0.0,0.14043368975266324,0.0
W2_apt,1,restored,plus_V6_navigation_break,0.4410006067156409,0.8461538461538461,0.44594594594594594,0.584070796460177,0.018942383583267563,0.7135017811813391,0.9531000021331513,0.807881603471755,0.3785599208532114,0.3280717680566322,0.29336831109015643,0.0,0.0,0.0
W2_apt,1,restored,plus_all_rejected,0.47098638076968596,0.8818897637795275,0.3783783783783784,0.529550827423168,0.011838989739542225,0.6832696943194181,0.8766731905544061,0.7171283905413721,0.24974816699072258,0.21643950719579802,0.19354451940605932,0.23248249061466278,0.10778531579275723,0.0
W2_apt,1,single,only_V1_agent_mutation,0.0,0.18937939859245043,1.0,0.31845077998924154,1.0,0.5,0.5929054054054054,0.4143297975192453,1.0,0.0,0.0,0.0,0.0,0.0
W2_apt,1,single,only_V2_scope_discontinuity,1.0,0.7918781725888325,0.527027027027027,0.6328600405679514,0.03235990528808208,0.7473335608694724,0.9467765417351053,0.7451164084777621,0.0,1.0,0.0,0.0,0.0,0.0
W2_apt,1,single,only_V3_binding_fork,1.0,0.6739130434782609,0.4189189189189189,0.5166666666666667,0.0473559589581689,0.685781479980375,0.685781479980375,0.46922496490844545,0.0,0.0,1.0,0.0,0.0,0.0
W2_apt,1,single,only_V4_transition_velocity,0.9966666666666667,0.7424242424242424,0.16554054054054054,0.27071823204419887,0.013417521704814523,0.576061509417863,0.7470869152498987,0.540883725750728,0.0,0.0,0.0,1.0,0.0,0.0
W2_apt,1,single,only_V5_rate_discontinuity,1.0,0.19133192389006343,0.6114864864864865,0.2914653784219002,0.6037884767166535,0.5038490048849165,0.5124696025939119,0.20146210725400973,0.0,0.0,0.0,0.0,1.0,0.0
W2_apt,1,weighting,equal_weights,0.4833333333333333,0.8461538461538461,0.44594594594594594,0.584070796460177,0.018942383583267563,0.7135017811813391,0.9525000533287826,0.7971799631155694,0.3333333333333333,0.3333333333333333,0.3333333333333333,0.0,0.0,0.0
W2_apt,1,design,no_migration,0.440469146571014,0.7962962962962963,0.2905405405405405,0.4257425742574257,0.017363851617995266,0.6365883444612727,0.946729879050321,0.7588340677858545,0.4009158179597732,0.28839097358038696,0.31069320845983983,0.0,0.0,0.0
W2_apt,1,design,accumulator,0.9077829329210241,0.5952380952380952,0.08445945945945946,0.14792899408284024,0.013417521704814523,0.5355209688773225,0.9427302203545298,0.6774184593886137,0.3785599208532114,0.3280717680566322,0.29336831109015643,0.0,0.0,0.0
W2_apt,2,reference,full,0.4411468475655872,0.8554913294797688,0.4966442953020134,0.6284501061571126,0.019762845849802372,0.7384407247261056,0.9657174310953126,0.8505321052354015,0.3792700439804734,0.32651474264352603,0.2942152133760005,0.0,0.0,0.0
W2_apt,2,leave_one_out,minus_V1_agent_mutation,0.7106904432234455,0.8214285714285714,0.3859060402684564,0.5251141552511416,0.019762845849802372,0.683071597209327,0.958261930657612,0.7958329344789995,0.0,0.5260173759573716,0.47398262404262836,0.0,0.0,0.0
W2_apt,2,leave_one_out,minus_V2_scope_discontinuity,0.4368547197764021,0.7763157894736842,0.5939597315436241,0.6730038022813688,0.04031620553359684,0.7768217630050136,0.7811510199750643,0.6668704799378388,0.5631452802235979,0.0,0.4368547197764021,0.0,0.0,0.0
W2_apt,2,leave_one_out,minus_V3_binding_fork,0.46262649582651577,0.863013698630137,0.6342281879194631,0.7311411992263055,0.023715415019762844,0.8052563864498501,0.9666604769610314,0.870417976999942,0.5373735041734842,0.46262649582651577,0.0,0.0,0.0,0.0
W2_apt,2,restored,plus_V4_transition_velocity,0.5013166042502961,0.848,0.35570469798657717,0.5011820330969267,0.015019762845849802,0.6703424675703636,0.9674191580231849,0.8406405775629381,0.2808312006423223,0.24176844087565533,0.21785219510738152,0.25954816337464076,0.0,0.0
W2_apt,2,restored,plus_V5_rate_discontinuity,0.5197551701729097,0.8842975206611571,0.35906040268456374,0.5107398568019093,0.011067193675889328,0.6739966045043372,0.8820609067034512,0.761969281953983,0.32592189367902297,0.28058715663284955,0.2528308813590899,0.0,0.1406600683290376,0.0
W2_apt,2,restored,plus_V6_navigation_break,0.4411468475655872,0.8554913294797688,0.4966442953020134,0.6284501061571126,0.019762845849802372,0.7384407247261056,0.9657174310953126,0.8505321052354015,0.3792700439804734,0.32651474264352603,0.2942152133760005,0.0,0.0,0.0
W2_apt,2,restored,plus_all_rejected,0.5552235171845725,0.8256880733944955,0.30201342281879195,0.44226044226044225,0.015019762845849802,0.6434968299864711,0.8846910894766161,0.7588410631639018,0.2504737770519601,0.21563364191579354,0.19430270576346728,0.23149140358568918,0.10809847168308973,0.0
W2_apt,2,single,only_V1_agent_mutation,0.0,0.19065898912348048,1.0,0.3202579258463192,1.0,0.5,0.6073825503355704,0.43242776735216276,1.0,0.0,0.0,0.0,0.0,0.0
W2_apt,2,single,only_V2_scope_discontinuity,1.0,0.8314606741573034,0.4966442953020134,0.6218487394957984,0.023715415019762844,0.7364644401411253,0.959437090484654,0.8048555485991177,0.0,1.0,0.0,0.0,0.0,0.0
W2_apt,2,single,only_V3_binding_fork,1.0,0.7384615384615385,0.48322147651006714,0.5841784989858012,0.04031620553359684,0.7214526354882351,0.7214526354882351,0.5270092559842638,0.0,0.0,1.0,0.0,0.0,0.0
W2_apt,2,single,only_V4_transition_velocity,0.9933333333333333,0.7692307692307693,0.2684563758389262,0.39800995024875624,0.018972332015810278,0.6247420219115579,0.734940446189352,0.541359581109386,0.0,0.0,0.0,1.0,0.0,0.0
W2_apt,2,single,only_V5_rate_discontinuity,1.0,0.18851570964247022,0.5838926174496645,0.28501228501228504,0.5920948616600791,0.4958988778947927,0.5011817916545083,0.19579374366881283,0.0,0.0,0.0,0.0,1.0,0.0
W2_apt,2,weighting,equal_weights,0.4833333333333333,0.8554913294797688,0.4966442953020134,0.6284501061571126,0.019762845849802372,0.7384407247261056,0.9651630103191235,0.844545156836838,0.3333333333333333,0.3333333333333333,0.3333333333333333,0.0,0.0,0.0
W2_apt,2,design,no_migration,0.44061758389906236,0.8571428571428571,0.3624161073825503,0.5094339622641509,0.014229249011857707,0.6740934291853463,0.9620261559275274,0.8204333477957978,0.40194375885969413,0.28625210407498825,0.3118041370653176,0.0,0.0,0.0
W2_apt,2,design,accumulator,0.9577987289351683,0.803921568627451,0.13758389261744966,0.2349570200573066,0.007905138339920948,0.5648393771387644,0.9583309016632623,0.7612521253261353,0.3792700439804734,0.32651474264352603,0.2942152133760005,0.0,0.0,0.0
W2_apt,3,reference,full,0.616552271122714,0.8778625954198473,0.3924914675767918,0.5424528301886792,0.012598425196850394,0.6899465211899707,0.9587930988148665,0.8240183694403866,0.3834477288772859,0.3253164867953282,0.2912357843273859,0.0,0.0,0.0
W2_apt,3,leave_one_out,minus_V1_agent_mutation,1.0,0.8333333333333334,0.27303754266211605,0.41131105398457585,0.012598425196850394,0.6302195587326328,0.9502405202762624,0.7548664262263381,0.0,0.5276381290477472,0.4723618709522529,0.0,0.0,0.0
W2_apt,3,leave_one_out,minus_V2_scope_discontinuity,0.43166281467891254,0.7215686274509804,0.6279863481228669,0.6715328467153284,0.05590551181102362,0.7860404181559216,0.7918599338905162,0.6504105403588946,0.5683371853210875,0.0,0.43166281467891254,0.0,0.0,0.0
W2_apt,3,leave_one_out,minus_V3_binding_fork,0.4589911279403466,0.7983193277310925,0.6484641638225256,0.7156308851224106,0.03779527559055118,0.8053344441159872,0.958637230926339,0.8303992463383748,0.5410088720596535,0.4589911279403466,0.0,0.0,0.0,0.0
W2_apt,3,restored,plus_V4_transition_velocity,0.7061478219247863,0.8504672897196262,0.310580204778157,0.45500000000000007,0.012598425196850394,0.6489908897906533,0.9616981537717342,0.8184966680250557,0.2843788516624792,0.24126659769925077,0.21599110301823857,0.25836344762003144,0.0,0.0
W2_apt,3,restored,plus_V5_rate_discontinuity,0.5290083515473447,0.8787878787878788,0.39590443686006827,0.5458823529411765,0.012598425196850394,0.6916530058316089,0.9025086667920776,0.7517931326084791,0.3290021956914874,0.27912497686107385,0.24988337468627086,0.0,0.14198945276116792,0.0
W2_apt,3,restored,plus_V6_navigation_break,0.616552271122714,0.8778625954198473,0.3924914675767918,0.5424528301886792,0.012598425196850394,0.6899465211899707,0.9587930988148665,0.8240183694403866,0.3834477288772859,0.3253164867953282,0.2912357843273859,0.0,0.0,0.0
W2_apt,3,restored,plus_all_rejected,0.6289554366979287,0.8504672897196262,0.310580204778157,0.45500000000000007,0.012598425196850394,0.6489908897906533,0.905749643922496,0.7543498423295081,0.2532920435093846,0.21489259557996432,0.19238008573249296,0.2301205073205586,0.10931476785759944,0.0
W2_apt,3,single,only_V1_agent_mutation,0.0,0.18746001279590532,1.0,0.31573275862068967,1.0,0.5,0.6040955631399317,0.40847451595293927,1.0,0.0,0.0,0.0,0.0,0.0
W2_apt,3,single,only_V2_scope_discontinuity,1.0,0.7767441860465116,0.5699658703071673,0.6574803149606299,0.03779527559055118,0.7660852973583081,0.9516433312730107,0.7593289352830924,0.0,1.0,0.0,0.0,0.0,0.0
W2_apt,3,single,only_V3_binding_fork,1.0,0.6858407079646017,0.5290102389078498,0.5973025048169557,0.05590551181102362,0.736552363548413,0.7365523635484131,0.5032557193171144,0.0,0.0,1.0,0.0,0.0,0.0
W2_apt,3,single,only_V4_transition_velocity,0.9966666666666667,0.6,0.12286689419795221,0.20396600566572237,0.01889763779527559,0.5519846282013383,0.7659522721775819,0.5447352456148368,0.0,0.0,0.0,1.0,0.0,0.0
W2_apt,3,single,only_V5_rate_discontinuity,1.0,0.17984832069339113,0.5665529010238908,0.2730263157894737,0.5960629921259842,0.48524495444895327,0.491607320416006,0.17394661330852532,0.0,0.0,0.0,0.0,1.0,0.0
W2_apt,3,weighting,equal_weights,0.6666666666666666,0.8778625954198473,0.3924914675767918,0.5424528301886792,0.012598425196850394,0.6899465211899707,0.9581239418451533,0.8156813999861734,0.3333333333333333,0.3333333333333333,0.3333333333333333,0.0,0.0,0.0
W2_apt,3,design,no_migration,0.4367033745716598,0.7615384615384615,0.3378839590443686,0.46808510638297873,0.024409448818897637,0.6567372551127355,0.9508707102738437,0.7690174177319243,0.41211159389447216,0.2748818755161237,0.31300653058940414,0.0,0.0,0.0
W2_apt,3,design,accumulator,0.9558886301462248,0.723404255319149,0.11604095563139932,0.19999999999999998,0.010236220472440945,0.5529023675794792,0.9455550777995754,0.6851588959845348,0.3834477288772859,0.3253164867953282,0.2912357843273859,0.0,0.0,0.0
W2_apt,4,reference,full,0.4320017454203883,0.7823529411764706,0.44039735099337746,0.5635593220338982,0.029341792228390166,0.7055277793824937,0.9533824201332907,0.803712031545999,0.3879772314780227,0.32731095109379815,0.28471181742817914,0.0,0.0,0.0
W2_apt,4,leave_one_out,minus_V1_agent_mutation,0.7058589445351255,0.7357142857142858,0.34105960264900664,0.46606334841628966,0.029341792228390166,0.6558589052103082,0.9451515406147754,0.7296098443349571,0.0,0.5348019190270447,0.46519808097295545,0.0,0.0,0.0
W2_apt,4,leave_one_out,minus_V2_scope_discontinuity,0.42324431755076586,0.7180616740088106,0.5397350993377483,0.6162570888468809,0.05075337034099921,0.7444908644983745,0.7497846763054655,0.6199645356855057,0.5767556824492343,0.0,0.42324431755076586,0.0,0.0,0.0
W2_apt,4,leave_one_out,minus_V3_binding_fork,0.4575931199044148,0.8214285714285714,0.609271523178808,0.6996197718631179,0.0317208564631245,0.7887753333578418,0.9566477251839443,0.834762818937699,0.5424068800955852,0.4575931199044148,0.0,0.0,0.0,0.0
W2_apt,4,restored,plus_V4_transition_velocity,0.503145287620411,0.8421052631578947,0.31788079470198677,0.4615384615384615,0.014274385408406027,0.6518032046467904,0.9576744515810536,0.8045662687714586,0.2865637787166078,0.2417550705319643,0.21029093366298118,0.2613902170884467,0.0,0.0
W2_apt,4,restored,plus_V5_rate_discontinuity,0.5134675482508336,0.8220338983050848,0.3211920529801324,0.4619047619047619,0.016653449643140365,0.652269301668496,0.8779666090719549,0.7179180572279803,0.33233115090039206,0.28036600154322605,0.2438766976103051,0.0,0.14342614994607683,0.0
W2_apt,4,restored,plus_V6_navigation_break,0.4320017454203883,0.7823529411764706,0.44039735099337746,0.5635593220338982,0.029341792228390166,0.7055277793824937,0.9533824201332907,0.803712031545999,0.3879772314780227,0.32731095109379815,0.28471181742817914,0.0,0.0,0.0
W2_apt,4,restored,plus_all_rejected,0.5578302157846802,0.8282828282828283,0.271523178807947,0.40897755610972564,0.013481363996827915,0.6290209074055596,0.8825330469353136,0.7248597436486804,0.25502393565353737,0.21514697296140495,0.1871458485617824,0.23262103187559918,0.110062210947676,0.0
W2_apt,4,single,only_V1_agent_mutation,0.0,0.19321817018554063,1.0,0.32386058981233246,1.0,0.5,0.6043046357615894,0.4257564651464209,1.0,0.0,0.0,0.0,0.0,0.0
W2_apt,4,single,only_V2_scope_discontinuity,1.0,0.7894736842105263,0.4966887417218543,0.6097560975609756,0.0317208564631245,0.7324839426293649,0.9485625830440468,0.7569629432906573,0.0,1.0,0.0,0.0,0.0,0.0
W2_apt,4,single,only_V3_binding_fork,1.0,0.6767676767676768,0.44370860927152317,0.536,0.05075337034099921,0.696477619465262,0.696477619465262,0.4758790897285154,0.0,0.0,1.0,0.0,0.0,0.0
W2_apt,4,single,only_V4_transition_velocity,0.9966666666666667,0.6976744186046512,0.09933774834437085,0.1739130434782609,0.010309278350515464,0.5445142349969277,0.732767539690459,0.54337462008075,0.0,0.0,0.0,1.0,0.0,0.0
W2_apt,4,single,only_V5_rate_discontinuity,1.0,0.1941747572815534,0.5960264900662252,0.2929210740439382,0.5923869944488501,0.5018197478086875,0.5001063488979103,0.19592112063091047,0.0,0.0,0.0,0.0,1.0,0.0
W2_apt,4,weighting,equal_weights,0.4833333333333333,0.7823529411764706,0.44039735099337746,0.5635593220338982,0.029341792228390166,0.7055277793824937,0.9526248483543492,0.7947558828513134,0.3333333333333333,0.3333333333333333,0.3333333333333333,0.0,0.0,0.0
W2_apt,4,design,no_migration,0.4306807992851759,0.7520661157024794,0.30132450331125826,0.4302600472813239,0.023790642347343377,0.6387669304819574,0.9477695616324687,0.7559808027897312,0.4164520495335393,0.27794027487506323,0.3056076755913974,0.0,0.0,0.0
W2_apt,4,design,accumulator,0.9393711385491496,0.6938775510204082,0.11258278145695365,0.19373219373219375,0.011895321173671689,0.550343730141641,0.9434985373744164,0.6868545549042849,0.3879772314780227,0.32731095109379815,0.28471181742817914,0.0,0.0,0.0
W2_apt,5,reference,full,0.42956887330054633,0.8385093167701864,0.4411764705882353,0.5781584582441113,0.020684168655529037,0.7102461509663531,0.9633828339078936,0.8466902286178047,0.38828250816369936,0.3311793064286443,0.2805381854076564,0.0,0.0,0.0
W2_apt,5,leave_one_out,minus_V1_agent_mutation,0.7022340852327655,0.8015267175572519,0.3431372549019608,0.48054919908466814,0.020684168655529037,0.6612265431232158,0.9575540372606216,0.7984199535620589,0.0,0.5413925723040627,0.4586074276959373,0.0,0.0,0.0
W2_apt,5,leave_one_out,minus_V2_scope_discontinuity,0.4194520117337339,0.7747747747747747,0.5620915032679739,0.6515151515151516,0.03977724741447892,0.7611571279267475,0.7651868490700443,0.6437492583312822,0.5805479882662661,0.0,0.4194520117337339,0.0,0.0,0.0
W2_apt,5,leave_one_out,minus_V3_binding_fork,0.46031533531254165,0.8475336322869955,0.6176470588235294,0.7145557655954631,0.027048528241845664,0.7952992652908419,0.958950140650267,0.8377699668210661,0.5396846646874585,0.46031533531254165,0.0,0.0,0.0,0.0
W2_apt,5,restored,plus_V4_transition_velocity,0.5075556211362973,0.8981481481481481,0.31699346405228757,0.4685990338164251,0.008750994431185362,0.6541212348105512,0.9647802372075852,0.8449673164313052,0.2858875934823536,0.2438432145032995,0.20655678538134917,0.2637124066329978,0.0,0.0
W2_apt,5,restored,plus_V5_rate_discontinuity,0.5114387495491911,0.8909090909090909,0.3202614379084967,0.4711538461538461,0.00954653937947494,0.6553574492645109,0.8904890781557916,0.7610219616989584,0.3325551128569139,0.28364752289799094,0.24027455769288533,0.0,0.14352280655220986,0.0
W2_apt,5,restored,plus_V6_navigation_break,0.42956887330054633,0.8385093167701864,0.4411764705882353,0.5781584582441113,0.020684168655529037,0.7102461509663531,0.9633828339078936,0.8466902286178047,0.38828250816369936,0.3311793064286443,0.2805381854076564,0.0,0.0,0.0
W2_apt,5,restored,plus_all_rejected,0.4734791076843238,0.8983050847457628,0.3464052287581699,0.5,0.00954653937947494,0.6684293446893474,0.8944434045164075,0.7772458693461826,0.2544882650875046,0.2170616634895536,0.1838704412228936,0.23474860181445625,0.1098310283855919,0.0
W2_apt,5,single,only_V1_agent_mutation,0.0,0.19577735124760076,1.0,0.32744783306581055,1.0,0.5,0.6013071895424836,0.4253985705071855,1.0,0.0,0.0,0.0,0.0,0.0
W2_apt,5,single,only_V2_scope_discontinuity,1.0,0.8247422680412371,0.5228758169934641,0.64,0.027048528241845664,0.7479136443758092,0.9528548624435189,0.7668320066934311,0.0,1.0,0.0,0.0,0.0,0.0
W2_apt,5,single,only_V3_binding_fork,1.0,0.7395833333333334,0.46405228758169936,0.570281124497992,0.03977724741447892,0.7121375200836102,0.7121375200836102,0.49615356689557694,0.0,0.0,1.0,0.0,0.0,0.0
W2_apt,5,single,only_V4_transition_velocity,0.9966666666666667,0.7380952380952381,0.10130718954248366,0.1781609195402299,0.008750994431185362,0.5462780975556492,0.7493006483951311,0.5754702794042872,0.0,0.0,0.0,1.0,0.0,0.0
W2_apt,5,single,only_V5_rate_discontinuity,1.0,0.20711974110032363,0.6274509803921569,0.31143552311435524,0.5847255369928401,0.5213627216996584,0.528218447283448,0.21312010051627434,0.0,0.0,0.0,0.0,1.0,0.0
W2_apt,5,weighting,equal_weights,0.4833333333333333,0.8385093167701864,0.4411764705882353,0.5781584582441113,0.020684168655529037,0.7102461509663531,0.9607154184930403,0.8316606139448545,0.3333333333333333,0.3333333333333333,0.3333333333333333,0.0,0.0,0.0
W2_apt,5,design,no_migration,0.4285902591169448,0.8205128205128205,0.3137254901960784,0.45390070921985815,0.016706443914081145,0.6485095231409986,0.9568377868251517,0.8038560926403996,0.40688054121997413,0.2991439993874201,0.29397545939260566,0.0,0.0,0.0
W2_apt,5,design,accumulator,0.9148334730757495,0.7551020408163265,0.12091503267973856,0.2084507042253521,0.00954653937947494,0.5556842466501318,0.954405655128665,0.7528873892264532,0.38828250816369936,0.3311793064286443,0.2805381854076564,0.0,0.0,0.0
W2_apt,6,reference,full,0.616329406313759,0.860655737704918,0.329153605015674,0.47619047619047616,0.013665594855305467,0.6577440050801843,0.951821407331996,0.80372679618584,0.383670593686241,0.32380108286395504,0.29252832344980395,0.0,0.0,0.0
W2_apt,6,leave_one_out,minus_V1_agent_mutation,1.0,0.8172043010752689,0.23824451410658307,0.36893203883495146,0.013665594855305467,0.6122894596256387,0.9440562348174056,0.732850457195023,0.0,0.5253701665812054,0.47462983341879456,0.0,0.0,0.0
W2_apt,6,leave_one_out,minus_V2_scope_discontinuity,0.43260690905683596,0.7341269841269841,0.5799373040752351,0.6479859894921192,0.053858520900321546,0.7630393915874568,0.7685265449707184,0.651350510941868,0.567393090943164,0.0,0.43260690905683596,0.0,0.0,0.0
W2_apt,6,leave_one_out,minus_V3_binding_fork,0.45768769775051327,0.821917808219178,0.5642633228840125,0.6691449814126393,0.03135048231511254,0.7664564202844499,0.952148998578758,0.8177404111416191,0.5423123022494867,0.45768769775051327,0.0,0.0,0.0,0.0
W2_apt,6,restored,plus_V4_transition_velocity,0.7089434160139045,0.7926829268292683,0.20376175548589343,0.3241895261845386,0.013665594855305467,0.595048080315294,0.9529994758540051,0.7874806972067557,0.2850594424261202,0.2405776143835937,0.21734259061991615,0.25702035257037004,0.0,0.0
W2_apt,6,restored,plus_V5_rate_discontinuity,0.5287734935672816,0.8617886178861789,0.3322884012539185,0.4796380090497738,0.013665594855305467,0.6593114031993065,0.8588447116693042,0.7076190151759562,0.3291662512355087,0.27780181839916873,0.250971675168113,0.0,0.1420602551972096,0.0
W2_apt,6,restored,plus_V6_navigation_break,0.616329406313759,0.860655737704918,0.329153605015674,0.47619047619047616,0.013665594855305467,0.6577440050801843,0.951821407331996,0.80372679618584,0.383670593686241,0.32380108286395504,0.29252832344980395,0.0,0.0,0.0
W2_apt,6,restored,plus_all_rejected,0.6312802767959949,0.7926829268292683,0.20376175548589343,0.3241895261845386,0.013665594855305467,0.595048080315294,0.8606968621798425,0.6995257356836805,0.2538318286808713,0.2142228837569407,0.1935332040144206,0.228864357363106,0.10954772618466138,0.0
W2_apt,6,single,only_V1_agent_mutation,0.0,0.20409468969929623,1.0,0.33900106269925606,1.0,0.5,0.6018808777429467,0.43806630822998227,1.0,0.0,0.0,0.0,0.0,0.0
W2_apt,6,single,only_V2_scope_discontinuity,1.0,0.7808988764044944,0.43573667711598746,0.5593561368209256,0.03135048231511254,0.7021930974004374,0.9435824874759347,0.7238133557462587,0.0,1.0,0.0,0.0,0.0,0.0
W2_apt,6,single,only_V3_binding_fork,1.0,0.7035398230088495,0.49843260188087773,0.5834862385321101,0.053858520900321546,0.7222870404902781,0.7222870404902781,0.5212475819067744,0.0,0.0,1.0,0.0,0.0,0.0
W2_apt,6,single,only_V4_transition_velocity,0.9966666666666667,0.62,0.09717868338557993,0.16802168021680217,0.01527331189710611,0.5409526857442369,0.7015933534255965,0.5041862657700965,0.0,0.0,0.0,1.0,0.0,0.0
W2_apt,6,single,only_V5_rate_discontinuity,1.0,0.2023681377825619,0.5893416927899686,0.30128205128205127,0.5956591639871383,0.4968412644014152,0.5028702033081676,0.21788600281702888,0.0,0.0,0.0,0.0,1.0,0.0
W2_apt,6,weighting,equal_weights,0.6666666666666666,0.860655737704918,0.329153605015674,0.47619047619047616,0.013665594855305467,0.6577440050801843,0.9511687447711397,0.7966987915542683,0.3333333333333333,0.3333333333333333,0.3333333333333333,0.0,0.0,0.0
W2_apt,6,design,no_migration,0.594352189622519,0.8048780487804879,0.20689655172413793,0.32917705735660846,0.012861736334405145,0.5970174076948664,0.9466038867441462,0.7656419023651033,0.4056478103774809,0.28506741295847965,0.3092847766640394,0.0,0.0,0.0
W2_apt,6,design,accumulator,1.0836660205552089,0.6585365853658537,0.08463949843260188,0.15,0.011254019292604502,0.5366927395699987,0.9412477698595894,0.6960269497391451,0.383670593686241,0.32380108286395504,0.29252832344980395,0.0,0.0,0.0
W2_apt,7,reference,full,0.4358290491622372,0.861878453038674,0.5032258064516129,0.6354378818737271,0.019952114924181964,0.7416368457637155,0.9651249903457508,0.8532779848823562,0.3833196900560206,0.3288204741486222,0.28785983579535723,0.0,0.0,0.0
W2_apt,7,leave_one_out,minus_V1_agent_mutation,0.7067341735004137,0.8322147651006712,0.4,0.5403050108932462,0.019952114924181964,0.6900239425379091,0.957477537780295,0.7830447716864503,0.0,0.5332105936356115,0.4667894063643885,0.0,0.0,0.0
W2_apt,7,leave_one_out,minus_V2_scope_discontinuity,0.42888649714130184,0.7782258064516129,0.6225806451612903,0.6917562724014337,0.04389465283320032,0.789342996164045,0.7945112375460186,0.6855738455618835,0.5711135028586981,0.0,0.4288864971413017,0.0,0.0,0.0
W2_apt,7,leave_one_out,minus_V3_binding_fork,0.46173561143804737,0.8432203389830508,0.6419354838709678,0.728937728937729,0.029529130087789304,0.8062031768915892,0.9637489380325928,0.8511236910030152,0.5382643885619526,0.4617356114380473,0.0,0.0,0.0,0.0
W2_apt,7,restored,plus_V4_transition_velocity,0.5042644358944888,0.9076923076923077,0.38064516129032255,0.5363636363636363,0.009577015163607342,0.6855340730633577,0.9668923615580671,0.8495984063971688,0.28312127450793134,0.2428679614961981,0.21261428959758003,0.26139647439829067,0.0,0.0
W2_apt,7,restored,plus_V5_rate_discontinuity,0.5159124220004131,0.8740740740740741,0.38064516129032255,0.5303370786516854,0.013567438148443736,0.6835388615709395,0.9044718482094586,0.7818540444312246,0.3289079313339769,0.28214481211929093,0.24699848602025173,0.0,0.1419487705264805,0.0
W2_apt,7,restored,plus_V6_navigation_break,0.4358290491622372,0.861878453038674,0.5032258064516129,0.6354378818737271,0.019952114924181964,0.7416368457637155,0.9651249903457508,0.8532779848823562,0.3833196900560206,0.3288204741486222,0.28785983579535723,0.0,0.0,0.0
W2_apt,7,restored,plus_all_rejected,0.5582421035483742,0.8938053097345132,0.3258064516129032,0.47754137115839246,0.009577015163607342,0.658114718224648,0.9067824318410009,0.781944454357283,0.2522938996579781,0.21642352809535326,0.18946399679364773,0.23293458252973537,0.10888399292328556,0.0
W2_apt,7,single,only_V1_agent_mutation,0.0,0.19833653230966092,1.0,0.3310197544046984,1.0,0.5,0.617741935483871,0.4435780868245677,1.0,0.0,0.0,0.0,0.0,0.0
W2_apt,7,single,only_V2_scope_discontinuity,1.0,0.815,0.5258064516129032,0.6392156862745096,0.029529130087789304,0.7481386607625569,0.9561478258630899,0.7623290296056272,0.0,1.0,0.0,0.0,0.0,0.0
W2_apt,7,single,only_V3_binding_fork,1.0,0.7453703703703703,0.5193548387096775,0.6121673003802282,0.04389465283320032,0.7377300929382387,0.7377300929382385,0.5352940038454156,0.0,0.0,1.0,0.0,0.0,0.0
W2_apt,7,single,only_V4_transition_velocity,0.9966666666666667,0.7021276595744681,0.1064516129032258,0.18487394957983191,0.0111731843575419,0.5476392142728419,0.7483870967741936,0.5580044034038216,0.0,0.0,0.0,1.0,0.0,0.0
W2_apt,7,single,only_V5_rate_discontinuity,1.0,0.19805194805194806,0.5903225806451613,0.29659643435980554,0.5913806863527534,0.499470947146204,0.5074221867517957,0.20069277905533203,0.0,0.0,0.0,0.0,1.0,0.0
W2_apt,7,weighting,equal_weights,0.4833333333333333,0.861878453038674,0.5032258064516129,0.6354378818737271,0.019952114924181964,0.7416368457637155,0.9646178204567103,0.8468462201839444,0.3333333333333333,0.3333333333333333,0.3333333333333333,0.0,0.0,0.0
W2_apt,7,design,no_migration,0.43512756480519993,0.835820895522388,0.36129032258064514,0.5045045045045045,0.017557861133280128,0.6718662307236825,0.9601433977808099,0.8191557800733928,0.40229461766653346,0.29559603186957567,0.30210935046389087,0.0,0.0,0.0
W2_apt,7,design,accumulator,0.9309647895615474,0.8125,0.16774193548387098,0.27807486631016043,0.009577015163607342,0.5790824601601319,0.956416857606261,0.7629524367797831,0.3833196900560206,0.3288204741486222,0.28785983579535723,0.0,0.0,0.0
W2_apt,8,reference,full,0.44630866310521944,0.8181818181818182,0.4753521126760563,0.6013363028953229,0.023455824863174355,0.725948143906441,0.9626468742085036,0.8247331928623389,0.37273602679309803,0.32900965473033206,0.29825431847656997,0.0,0.0,0.0
W2_apt,8,leave_one_out,minus_V1_agent_mutation,0.7115164941220133,0.7709923664122137,0.35563380281690143,0.4867469879518073,0.023455824863174355,0.6660889889768635,0.9550664031098239,0.7534353269081044,0.0,0.5245154652327032,0.47548453476729685,0.0,0.0,0.0
W2_apt,8,leave_one_out,minus_V2_scope_discontinuity,0.44449867360863876,0.7373271889400922,0.5633802816901409,0.6387225548902196,0.044566067240031274,0.7594071072250548,0.7637224834542832,0.6200023115299879,0.5555013263913612,0.0,0.4444986736086387,0.0,0.0,0.0
W2_apt,8,leave_one_out,minus_V3_binding_fork,0.4688445734586925,0.8578199052132701,0.6373239436619719,0.7313131313131312,0.023455824863174355,0.8069340593993988,0.9669884042330606,0.8570689841877227,0.5311554265413074,0.46884457345869246,0.0,0.0,0.0,0.0
W2_apt,8,restored,plus_V4_transition_velocity,0.5018545453524362,0.8666666666666667,0.36619718309859156,0.514851485148515,0.012509773260359656,0.6768437049191159,0.967532127872788,0.8388178067295582,0.2762410950689119,0.24383472693236982,0.22104141704212993,0.25888276095658835,0.0,0.0
W2_apt,8,restored,plus_V5_rate_discontinuity,0.43800972760618184,0.8273381294964028,0.40492957746478875,0.5437352245862884,0.018764659890539485,0.6930824587871247,0.891551222896409,0.7344258579842186,0.3210850288550304,0.28341793357504447,0.2569244440311241,0.0,0.13857259353880108,0.0
W2_apt,8,restored,plus_V6_navigation_break,0.44630866310521944,0.8181818181818182,0.4753521126760563,0.6013363028953229,0.023455824863174355,0.725948143906441,0.9626468742085036,0.8247331928623389,0.37273602679309803,0.32900965473033206,0.29825431847656997,0.0,0.0,0.0
W2_apt,8,restored,plus_all_rejected,0.44839708125108735,0.8629032258064516,0.3767605633802817,0.5245098039215687,0.013291634089132134,0.6817344646455747,0.8969650585294409,0.7548230482886215,0.24681593879660355,0.2178614916944674,0.19749612144628598,0.23130661159527072,0.10651983646737227,0.0
W2_apt,8,single,only_V1_agent_mutation,0.0,0.18170185540626999,1.0,0.3075257173795344,1.0,0.5,0.596830985915493,0.39522274050080436,1.0,0.0,0.0,0.0,0.0,0.0
W2_apt,8,single,only_V2_scope_discontinuity,1.0,0.839572192513369,0.5528169014084507,0.6666666666666667,0.023455824863174355,0.7646805382726383,0.9618429891310333,0.7998321224414383,0.0,1.0,0.0,0.0,0.0,0.0
W2_apt,8,single,only_V3_binding_fork,1.0,0.6902173913043478,0.4471830985915493,0.5427350427350427,0.044566067240031274,0.701308515675759,0.701308515675759,0.46815968388508694,0.0,0.0,1.0,0.0,0.0,0.0
W2_apt,8,single,only_V4_transition_velocity,0.9933333333333333,0.8105263157894737,0.2711267605633803,0.40633245382585753,0.014073494917904612,0.6285266328227378,0.7647438579876444,0.5855689756132471,0.0,0.0,0.0,1.0,0.0,0.0
W2_apt,8,single,only_V5_rate_discontinuity,1.0,0.18082788671023964,0.5845070422535211,0.2762063227953411,0.5879593432369038,0.49827384950830866,0.5117306654626744,0.18643438074717023,0.0,0.0,0.0,0.0,1.0,0.0
W2_apt,8,weighting,equal_weights,0.4833333333333333,0.8181818181818182,0.4753521126760563,0.6013363028953229,0.023455824863174355,0.725948143906441,0.9619558634056096,0.8136832385160554,0.3333333333333333,0.3333333333333333,0.3333333333333333,0.0,0.0,0.0
W2_apt,8,design,no_migration,0.446084743153533,0.7678571428571429,0.3028169014084507,0.43434343434343436,0.020328381548084442,0.6412442599301831,0.9563603277208206,0.777751697754326,0.39534654311559925,0.28830675223794144,0.31634670464645936,0.0,0.0,0.0
W2_apt,8,design,accumulator,0.8200534796518567,0.6515151515151515,0.15140845070422534,0.2457142857142857,0.017982799061767005,0.5667128258212292,0.9521096477221421,0.703002095853601,0.37273602679309803,0.32900965473033206,0.29825431847656997,0.0,0.0,0.0
W2_apt,9,reference,full,0.450445931199968,0.8742857142857143,0.45535714285714285,0.5988258317025441,0.017929910350448247,0.7187136162533473,0.962256714014049,0.8606904639501696,0.36981453449787643,0.3267991532766465,0.3033863122254771,0.0,0.0,0.0
W2_apt,9,leave_one_out,minus_V1_agent_mutation,0.7147831168099991,0.8450704225352113,0.35714285714285715,0.502092050209205,0.017929910350448247,0.6696064733962045,0.9553547172740326,0.8162296160585718,0.0,0.5185761512545471,0.48142384874545274,0.0,0.0,0.0
W2_apt,9,leave_one_out,minus_V2_scope_discontinuity,0.45066240439556554,0.7918367346938775,0.5773809523809523,0.6678141135972461,0.04156479217603912,0.7679080801024566,0.772732564908604,0.6781331826285184,0.5493375956044344,0.0,0.45066240439556554,0.0,0.0,0.0
W2_apt,9,leave_one_out,minus_V3_binding_fork,0.4691253689267494,0.8904109589041096,0.5803571428571429,0.7027027027027029,0.019559902200488997,0.780398620328327,0.9617352136453603,0.8710755515115658,0.5308746310732506,0.4691253689267494,0.0,0.0,0.0,0.0
W2_apt,9,restored,plus_V4_transition_velocity,0.49933051869656997,0.918918918918919,0.30357142857142855,0.4563758389261745,0.007334963325183374,0.6481182326231226,0.9657071059882796,0.8659233603880863,0.27503656905174556,0.24304539032859587,0.22563291225168441,0.256285128367974,0.0,0.0
W2_apt,9,restored,plus_V5_rate_discontinuity,0.5260843310702334,0.9203539823008849,0.30952380952380953,0.4632516703786192,0.007334963325183374,0.6510944230993131,0.8768689117863935,0.772668267073757,0.31891475733988983,0.28181983925432125,0.2616294469740147,0.0,0.13763595643177423,0.0
W2_apt,9,restored,plus_V6_navigation_break,0.450445931199968,0.8742857142857143,0.45535714285714285,0.5988258317025441,0.017929910350448247,0.7187136162533473,0.962256714014049,0.8606904639501696,0.36981453449787643,0.3267991532766465,0.3033863122254771,0.0,0.0,0.0
W2_apt,9,restored,plus_all_rejected,0.5127527520140595,0.9285714285714286,0.30952380952380953,0.46428571428571436,0.006519967400162999,0.6515019210618233,0.8807741005937827,0.7853654235322519,0.2458539106492041,0.21725714469011373,0.2016922114739173,0.22909208498250713,0.10610464820425752,0.0
W2_apt,9,single,only_V1_agent_mutation,0.0,0.21497120921305182,1.0,0.353870458135861,1.0,0.5,0.6160714285714286,0.4744448831324115,1.0,0.0,0.0,0.0,0.0,0.0
W2_apt,9,single,only_V2_scope_discontinuity,1.0,0.8620689655172413,0.44642857142857145,0.5882352941176471,0.019559902200488997,0.7134343346140413,0.955371696355804,0.8178073571635498,0.0,1.0,0.0,0.0,0.0,0.0
W2_apt,9,single,only_V3_binding_fork,1.0,0.7594339622641509,0.4791666666666667,0.5875912408759124,0.04156479217603912,0.7188009372453138,0.7188009372453138,0.5542547604413605,0.0,0.0,1.0,0.0,0.0,0.0
W2_apt,9,single,only_V4_transition_velocity,0.9966666666666667,0.782608695652174,0.10714285714285714,0.18848167539267016,0.008149959250203748,0.5494964489463267,0.7137969592890131,0.553545955373018,0.0,0.0,0.0,1.0,0.0,0.0
W2_apt,9,single,only_V5_rate_discontinuity,1.0,0.2025586353944563,0.5654761904761905,0.29827315541601257,0.6096169519152405,0.47792961928047506,0.48833900919781115,0.20775862855507796,0.0,0.0,0.0,0.0,1.0,0.0
W2_apt,9,weighting,equal_weights,0.4833333333333333,0.8742857142857143,0.45535714285714285,0.5988258317025441,0.017929910350448247,0.7187136162533473,0.9617218729382544,0.8559442197527332,0.3333333333333333,0.3333333333333333,0.3333333333333333,0.0,0.0,0.0
W2_apt,9,design,no_migration,0.4504704687909701,0.8473282442748091,0.33035714285714285,0.4753747323340471,0.016299918500407497,0.6570286121783677,0.9571593511080063,0.8262706592916615,0.3901637672826497,0.28975593441160025,0.32008029830574997,0.0,0.0,0.0
W2_apt,9,design,accumulator,0.8323187557562584,0.7701149425287356,0.19940476190476192,0.3167848699763593,0.016299918500407497,0.5915524217021773,0.9528878992509799,0.7779167995942822,0.36981453449787643,0.3267991532766465,0.3033863122254771,0.0,0.0,0.0
W2_apt,10,reference,full,0.43648387745397577,0.8860759493670886,0.49122807017543857,0.6320541760722347,0.014084507042253521,0.7385717815665925,0.9709167284408203,0.865559724912991,0.3836917811440097,0.3269533480036629,0.28935487085232736,0.0,0.0,0.0
W2_apt,10,leave_one_out,minus_V1_agent_mutation,0.7082233598380208,0.8448275862068966,0.34385964912280703,0.4887780548628429,0.014084507042253521,0.6648875710402767,0.9629437443373693,0.8027734679226389,0.0,0.5305029821126894,0.4694970178873105,0.0,0.0,0.0
W2_apt,10,leave_one_out,minus_V2_scope_discontinuity,0.4299180004745081,0.8082191780821918,0.6210526315789474,0.7023809523809524,0.03286384976525822,0.7940943909068445,0.7977843670208384,0.6904874322869887,0.5700819995254919,0.0,0.4299180004745081,0.0,0.0,0.0
W2_apt,10,leave_one_out,minus_V3_binding_fork,0.4600796298931949,0.8737864077669902,0.631578947368421,0.7331975560081466,0.02034428794992175,0.8056173297092497,0.9668341432611263,0.8548323276857914,0.539920370106805,0.46007962989319484,0.0,0.0,0.0,0.0
W2_apt,10,restored,plus_V4_transition_velocity,0.500931195196149,0.8990825688073395,0.34385964912280703,0.4974619289340102,0.008607198748043818,0.6676262251873816,0.9720066990637783,0.8594673865251327,0.2845101421433768,0.24243819671462186,0.21455866266047421,0.25849299848152707,0.0,0.0
W2_apt,10,restored,plus_V5_rate_discontinuity,0.5165409143669439,0.9074074074074074,0.34385964912280703,0.49872773536895676,0.00782472613458529,0.6680174614941109,0.9007042253521127,0.7909040273822623,0.32918184636616366,0.28050407139434996,0.24824709655811455,0.0,0.1420669856813718,0.0
W2_apt,10,restored,plus_V6_navigation_break,0.43648387745397577,0.8860759493670886,0.49122807017543857,0.6320541760722347,0.014084507042253521,0.7385717815665925,0.9709167284408203,0.865559724912991,0.3836917811440097,0.3269533480036629,0.28935487085232736,0.0,0.0,0.0
W2_apt,10,restored,plus_all_rejected,0.5555092182311212,0.9148936170212766,0.3017543859649123,0.45382585751978893,0.006259780907668232,0.647747302528622,0.901972654641298,0.7878007282656392,0.25339619364145144,0.21592522423971783,0.19109458812742733,0.2302242774360418,0.10935971655536147,0.0
W2_apt,10,single,only_V1_agent_mutation,0.0,0.18234165067178504,1.0,0.30844155844155846,1.0,0.5,0.612280701754386,0.4391076136461136,1.0,0.0,0.0,0.0,0.0,0.0
W2_apt,10,single,only_V2_scope_discontinuity,1.0,0.8452380952380952,0.4982456140350877,0.6269315673289183,0.02034428794992175,0.7389506630425831,0.9604810147434314,0.7821099750876986,0.0,1.0,0.0,0.0,0.0,0.0
W2_apt,10,single,only_V3_binding_fork,1.0,0.7627118644067796,0.47368421052631576,0.5844155844155844,0.03286384976525822,0.7204101803805287,0.7204101803805288,0.5307119367273025,0.0,0.0,1.0,0.0,0.0,0.0
W2_apt,10,single,only_V4_transition_velocity,0.9966666666666667,0.7083333333333334,0.11929824561403508,0.20420420420420418,0.010954616588419406,0.5541718145128078,0.7383082118441644,0.5430540535381732,0.0,0.0,0.0,1.0,0.0,0.0
W2_apt,10,single,only_V5_rate_discontinuity,1.0,0.17307692307692307,0.5684210526315789,0.26535626535626533,0.6056338028169014,0.4813936249073387,0.4843244653103808,0.18642894930215828,0.0,0.0,0.0,0.0,1.0,0.0
W2_apt,10,weighting,equal_weights,0.4833333333333333,0.8860759493670886,0.49122807017543857,0.6320541760722347,0.014084507042253521,0.7385717815665925,0.9703868434780222,0.8590032895475085,0.3333333333333333,0.3333333333333333,0.3333333333333333,0.0,0.0,0.0
W2_apt,10,design,no_migration,0.4356495685520788,0.8632478632478633,0.3543859649122807,0.5024875621890548,0.012519561815336464,0.6709332015484721,0.9664483979902808,0.8277542713209209,0.4073759011646041,0.28540823687875827,0.3072158619566376,0.0,0.0,0.0
W2_apt,10,design,accumulator,0.9460788439720536,0.7560975609756098,0.10877192982456141,0.1901840490797546,0.00782472613458529,0.5504736018449881,0.9623836586772094,0.7605195373658107,0.3836917811440097,0.3269533480036629,0.28935487085232736,0.0,0.0,0.0
W2_apt,11,reference,full,0.4360456293539816,0.8224852071005917,0.46179401993355484,0.5914893617021277,0.02377179080824089,0.719011114562657,0.9642093707714907,0.8339230532185756,0.3814338940959823,0.33185541190915674,0.28671069399486104,0.0,0.0,0.0
W2_apt,11,leave_one_out,minus_V1_agent_mutation,0.7049297159868023,0.7872340425531915,0.3687707641196013,0.502262443438914,0.02377179080824089,0.6724994866556802,0.9578939193707189,0.7608908872940525,0.0,0.5364914254785411,0.4635085745214588,0.0,0.0,0.0
W2_apt,11,leave_one_out,minus_V2_scope_discontinuity,0.42911474418150763,0.7739130434782608,0.5913621262458472,0.6704331450094161,0.04120443740095087,0.7750788444224481,0.7791855989806824,0.6491498141596488,0.5708852558184924,0.0,0.42911474418150763,0.0,0.0,0.0
W2_apt,11,leave_one_out,minus_V3_binding_fork,0.4652465824389716,0.8472222222222222,0.6079734219269103,0.7079303675048356,0.026148969889064975,0.7909122260189226,0.9627904344209213,0.83423868688987,0.5347534175610285,0.4652465824389716,0.0,0.0,0.0,0.0
W2_apt,11,restored,plus_V4_transition_velocity,0.5068504516503824,0.8650793650793651,0.36212624584717606,0.5105386416861826,0.01347068145800317,0.6743277821945864,0.9668287430698517,0.8410335921839401,0.28103090154988947,0.24450272258598055,0.2112412296456666,0.26322514621846343,0.0,0.0
W2_apt,11,restored,plus_V5_rate_discontinuity,0.43027571595195746,0.8428571428571429,0.3920265780730897,0.5351473922902494,0.017432646592709985,0.68729696574019,0.8992463052371651,0.7648863008306488,0.32751854018840965,0.28494793395250934,0.24618438321051084,0.0,0.1413491426485702,0.0
W2_apt,11,restored,plus_V6_navigation_break,0.4360456293539816,0.8224852071005917,0.46179401993355484,0.5914893617021277,0.02377179080824089,0.719011114562657,0.9642093707714907,0.8339230532185756,0.3814338940959823,0.33185541190915674,0.28671069399486104,0.0,0.0,0.0
W2_apt,11,restored,plus_all_rejected,0.4520259454323159,0.8712121212121212,0.38205980066445183,0.5311778290993071,0.01347068145800317,0.6842945596032244,0.902438253892203,0.7745054238979574,0.2506326245841257,0.21805559012096762,0.18839189396783357,0.23475286486088454,0.1081670264661885,0.0
W2_apt,11,single,only_V1_agent_mutation,0.0,0.19257837492002558,1.0,0.3229613733905579,1.0,0.5,0.5996677740863787,0.40757570844515745,1.0,0.0,0.0,0.0,0.0,0.0
W2_apt,11,single,only_V2_scope_discontinuity,1.0,0.8225806451612904,0.5083056478405316,0.6283367556468172,0.026148969889064975,0.7410783389757333,0.9568277427065619,0.7484873208369094,0.0,1.0,0.0,0.0,0.0,0.0
W2_apt,11,single,only_V3_binding_fork,1.0,0.7425742574257426,0.4983388704318937,0.5964214711729622,0.04120443740095087,0.7285672165154714,0.7285672165154714,0.5102931408684309,0.0,0.0,1.0,0.0,0.0,0.0
W2_apt,11,single,only_V4_transition_velocity,0.9933333333333333,0.8316831683168316,0.27906976744186046,0.41791044776119407,0.01347068145800317,0.6327995429919286,0.7413889781025741,0.5554796566762594,0.0,0.0,0.0,1.0,0.0,0.0
W2_apt,11,single,only_V5_rate_discontinuity,1.0,0.20619658119658119,0.6411960132890365,0.31204527081649147,0.5887480190174327,0.5262239971358019,0.5318734171883474,0.20206729731426276,0.0,0.0,0.0,0.0,1.0,0.0
W2_apt,11,weighting,equal_weights,0.4833333333333333,0.8224852071005917,0.46179401993355484,0.5914893617021277,0.02377179080824089,0.719011114562657,0.963656538427113,0.8251222721233312,0.3333333333333333,0.3333333333333333,0.3333333333333333,0.0,0.0,0.0
W2_apt,11,design,no_migration,0.4352028984325297,0.7931034482758621,0.30564784053156147,0.44124700239808157,0.01901743264659271,0.6433152039424843,0.9594128920502709,0.795534262673913,0.40446941072361253,0.29150489244337785,0.3040256968330097,0.0,0.0,0.0
W2_apt,11,design,accumulator,0.7973048183559016,0.6710526315789473,0.16943521594684385,0.27055702917771884,0.019809825673534072,0.5748126951366549,0.955045516529687,0.7366849321795347,0.3814338940959823,0.33185541190915674,0.28671069399486104,0.0,0.0,0.0
W2_apt,12,reference,full,0.43510771554137145,0.8717948717948718,0.43870967741935485,0.5836909871244635,0.01596169193934557,0.7113739927400047,0.9574569420487604,0.8231556815452213,0.38494824689543766,0.3271709773876197,0.2878807757169426,0.0,0.0,0.0
W2_apt,12,leave_one_out,minus_V1_agent_mutation,0.7074326889486984,0.8347107438016529,0.3258064516129032,0.46867749419953597,0.01596169193934557,0.6549223798367788,0.949424606750251,0.7622365543190661,0.0,0.5319405655478211,0.4680594344521789,0.0,0.0,0.0
W2_apt,12,leave_one_out,minus_V2_scope_discontinuity,0.427866168137625,0.7543103448275862,0.5645161290322581,0.6457564575645757,0.04549082202713488,0.7595126535025616,0.7640617357052751,0.6467687029506229,0.572133831862375,0.0,0.427866168137625,0.0,0.0,0.0
W2_apt,12,leave_one_out,minus_V3_binding_fork,0.4594328677434691,0.8073394495412844,0.567741935483871,0.6666666666666666,0.0335195530726257,0.7671111912056227,0.9579589630049172,0.8359241809137088,0.5405671322565309,0.4594328677434691,0.0,0.0,0.0,0.0
W2_apt,12,restored,plus_V4_transition_velocity,0.5032814611300751,0.8545454545454545,0.3032258064516129,0.4476190476190476,0.012769353551476457,0.6452282264500682,0.9582267075148675,0.8070251093127049,0.2841894810007302,0.24153519599621598,0.2125290578691947,0.26174626513385896,0.0,0.0
W2_apt,12,restored,plus_V5_rate_discontinuity,0.5155856204162643,0.8715596330275229,0.3064516129032258,0.45346062052505964,0.0111731843575419,0.647639214272842,0.8610702056998687,0.7168253911421054,0.33010623674991457,0.2805602596978564,0.24686757316335867,0.0,0.14246593038887023,0.0
W2_apt,12,restored,plus_V6_navigation_break,0.43510771554137145,0.8717948717948718,0.43870967741935485,0.5836909871244635,0.01596169193934557,0.7113739927400047,0.9574569420487604,0.8231556815452213,0.38494824689543766,0.3271709773876197,0.2878807757169426,0.0,0.0,0.0
W2_apt,12,restored,plus_all_rejected,0.5575479251407551,0.8431372549019608,0.27741935483870966,0.4174757281553398,0.012769353551476457,0.6323250006436166,0.8624411090801432,0.7115368082149505,0.25314180100467815,0.21514749351452223,0.1893102738545667,0.2331505048283712,0.10924992679786154,0.0
W2_apt,12,single,only_V1_agent_mutation,0.0,0.19833653230966092,1.0,0.3310197544046984,1.0,0.5,0.6,0.42580208310587747,1.0,0.0,0.0,0.0,0.0,0.0
W2_apt,12,single,only_V2_scope_discontinuity,1.0,0.7789473684210526,0.4774193548387097,0.5920000000000001,0.0335195530726257,0.721949900883042,0.9515794351620627,0.777618828304956,0.0,1.0,0.0,0.0,0.0,0.0
W2_apt,12,single,only_V3_binding_fork,1.0,0.7106598984771574,0.45161290322580644,0.5522682445759368,0.04549082202713488,0.7030610405993358,0.7030610405993358,0.498276551785112,0.0,0.0,1.0,0.0,0.0,0.0
W2_apt,12,single,only_V4_transition_velocity,0.9966666666666667,0.6779661016949152,0.12903225806451613,0.2168021680216802,0.015163607342378291,0.5569343253610689,0.7219988157454368,0.5175041029996464,0.0,0.0,0.0,1.0,0.0,0.0
W2_apt,12,single,only_V5_rate_discontinuity,1.0,0.1963123644251627,0.5838709677419355,0.29383116883116883,0.5913806863527534,0.496245140694591,0.4983819478413099,0.20868797758661284,0.0,0.0,0.0,0.0,1.0,0.0
W2_apt,12,weighting,equal_weights,0.4833333333333333,0.8717948717948718,0.43870967741935485,0.5836909871244635,0.01596169193934557,0.7113739927400047,0.956993538089231,0.8171474805286417,0.3333333333333333,0.3333333333333333,0.3333333333333333,0.0,0.0,0.0
W2_apt,12,design,no_migration,0.4343229806584044,0.8362068965517241,0.31290322580645163,0.45539906103286387,0.015163607342378291,0.6488698092320366,0.9518471796720129,0.7812772632045708,0.405232731677814,0.2917168866614211,0.3030503816607649,0.0,0.0,0.0
W2_apt,12,design,accumulator,0.9298545728141688,0.782608695652174,0.11612903225806452,0.20224719101123598,0.007980845969672785,0.5540740931441959,0.9475117781839714,0.7202237454552025,0.38494824689543766,0.3271709773876197,0.2878807757169426,0.0,0.0,0.0
W2_apt,13,reference,full,0.4392718239151048,0.8273809523809523,0.47766323024054985,0.6056644880174291,0.02279874213836478,0.7274322440510925,0.9576727938792712,0.8137953696150317,0.38046422176483463,0.3277526442182921,0.29178313401687345,0.0,0.0,0.0
W2_apt,13,leave_one_out,minus_V1_agent_mutation,0.7090338271769101,0.8,0.39862542955326463,0.5321100917431192,0.02279874213836478,0.6879133437074499,0.9512862283602412,0.7594159991622063,0.0,0.5290294051328907,0.47097059486710935,0.0,0.0,0.0
W2_apt,13,leave_one_out,minus_V2_scope_discontinuity,0.43404132646617827,0.7336244541484717,0.5773195876288659,0.6461538461538461,0.0479559748427673,0.7646818063930494,0.769131329832069,0.6301158547346651,0.5659586735338217,0.0,0.4340413264661782,0.0,0.0,0.0
W2_apt,13,leave_one_out,minus_V3_binding_fork,0.462785708673169,0.8101851851851852,0.6013745704467354,0.6903353057199211,0.03223270440251572,0.7845709330221098,0.9585291988156217,0.8214261056485677,0.5372142913268311,0.4627857086731691,0.0,0.0,0.0,0.0
W2_apt,13,restored,plus_V4_transition_velocity,0.5029335097313793,0.813953488372093,0.36082474226804123,0.5,0.018867924528301886,0.6709784088698697,0.9599272731202317,0.8074537505384628,0.2808250313325981,0.2419180078352663,0.21536849739121952,0.26188846344091615,0.0,0.0
W2_apt,13,restored,plus_V5_rate_discontinuity,0.43389932468067705,0.8321167883211679,0.3917525773195876,0.5327102803738317,0.018081761006289308,0.6868354081566491,0.8763291836867017,0.7278304082026065,0.32680336192832676,0.28152625104823087,0.2506298981501531,0.0,0.1410404888732894,0.0
W2_apt,13,restored,plus_V6_navigation_break,0.4392718239151048,0.8273809523809523,0.47766323024054985,0.6056644880174291,0.02279874213836478,0.7274322440510925,0.9576727938792712,0.8137953696150317,0.38046422176483463,0.3277526442182921,0.29178313401687345,0.0,0.0,0.0
W2_apt,13,restored,plus_all_rejected,0.4534249885368651,0.8461538461538461,0.37800687285223367,0.5225653206650831,0.015723270440251572,0.6811418012059911,0.8793171453889214,0.7338942374512197,0.25046886942637786,0.21576755330124714,0.19208794812791624,0.23357927547480453,0.10809635366965421,0.0
W2_apt,13,single,only_V1_agent_mutation,0.0,0.18618042226487524,1.0,0.313915857605178,1.0,0.5,0.5927835051546392,0.40219859499965627,1.0,0.0,0.0,0.0,0.0,0.0
W2_apt,13,single,only_V2_scope_discontinuity,1.0,0.7853403141361257,0.5154639175257731,0.6224066390041494,0.03223270440251572,0.7416156065616287,0.952364163911042,0.7480766313945866,0.0,1.0,0.0,0.0,0.0,0.0
W2_apt,13,single,only_V3_binding_fork,1.0,0.7038834951456311,0.49828178694158076,0.5835010060362174,0.0479559748427673,0.7251629060494067,0.7251629060494067,0.4874603598202233,0.0,0.0,1.0,0.0,0.0,0.0
W2_apt,13,single,only_V4_transition_velocity,0.9933333333333333,0.7641509433962265,0.27835051546391754,0.4080604534005038,0.019654088050314465,0.6293482137068016,0.741808770451058,0.5409172320739115,0.0,0.0,0.0,1.0,0.0,0.0
W2_apt,13,single,only_V5_rate_discontinuity,1.0,0.18309859154929578,0.5807560137457045,0.2784184514003295,0.5927672955974843,0.49399435907411016,0.49280971060537293,0.19699769003912343,0.0,0.0,0.0,0.0,1.0,0.0
W2_apt,13,weighting,equal_weights,0.4833333333333333,0.8273809523809523,0.47766323024054985,0.6056644880174291,0.02279874213836478,0.7274322440510925,0.9572081199074974,0.8079201796604719,0.3333333333333333,0.3333333333333333,0.3333333333333333,0.0,0.0,0.0
W2_apt,13,design,no_migration,0.43865120667918056,0.7916666666666666,0.32646048109965636,0.462287104622871,0.019654088050314465,0.6534031965246709,0.9519170502928527,0.7701096850287192,0.402473802126983,0.2888636203524301,0.308662577520587,0.0,0.0,0.0
W2_apt,13,design,accumulator,0.9039030667881951,0.6923076923076923,0.15463917525773196,0.25280898876404495,0.015723270440251572,0.5694579524087402,0.9484346970974087,0.7134013108215757,0.38046422176483463,0.3277526442182921,0.29178313401687345,0.0,0.0,0.0
W2_apt,14,reference,full,0.6121198026735094,0.8888888888888888,0.3623693379790941,0.5148514851485149,0.01018808777429467,0.6760906251023997,0.957228326761548,0.8154828187036832,0.38788019732649065,0.3229765414764313,0.2891432611970781,0.0,0.0,0.0
W2_apt,14,leave_one_out,minus_V1_agent_mutation,1.0,0.8539325842696629,0.26480836236933797,0.40425531914893614,0.01018808777429467,0.6273101372975216,0.9487810339366268,0.7434174451544023,0.0,0.5276361589116887,0.47236384108831136,0.0,0.0,0.0
W2_apt,14,leave_one_out,minus_V2_scope_discontinuity,0.42708012190247074,0.7647058823529411,0.5888501742160279,0.6653543307086615,0.04075235109717868,0.7740489115594247,0.7782377420728976,0.6510446412684866,0.5729198780975292,0.0,0.42708012190247074,0.0,0.0,0.0
W2_apt,14,leave_one_out,minus_V3_binding_fork,0.4543482868578016,0.7729257641921398,0.6167247386759582,0.6860465116279071,0.04075235109717868,0.7879861937893897,0.9520824003582624,0.7951729213320602,0.5456517131421985,0.4543482868578016,0.0,0.0,0.0,0.0
W2_apt,14,restored,plus_V4_transition_velocity,0.7098960037898756,0.8840579710144928,0.21254355400696864,0.3426966292134832,0.006269592476489028,0.6031369807652398,0.9560486821840901,0.7991165922514345,0.28839408486556245,0.2401373536317379,0.2149818598183966,0.2564867016843031,0.0,0.0
W2_apt,14,restored,plus_V5_rate_discontinuity,0.5243446249762129,0.8888888888888888,0.3623693379790941,0.5148514851485149,0.01018808777429467,0.6760906251023997,0.8756731073804245,0.7266395816563743,0.33225995256902013,0.27666318386843886,0.24768144110777404,0.0,0.14339542245476705,0.0
W2_apt,14,restored,plus_V6_navigation_break,0.6121198026735094,0.8888888888888888,0.3623693379790941,0.5148514851485149,0.01018808777429467,0.6760906251023997,0.957228326761548,0.8154828187036832,0.38788019732649065,0.3229765414764313,0.2891432611970781,0.0,0.0,0.0
W2_apt,14,restored,plus_all_rejected,0.6313194774469835,0.8857142857142857,0.21602787456445993,0.3473389355742297,0.006269592476489028,0.6048791410439854,0.8751146876672529,0.7187564028519742,0.2564725001748552,0.213557179926264,0.1911860817310695,0.22809686153320463,0.11068737663460665,0.0
W2_apt,14,single,only_V1_agent_mutation,0.0,0.1836212412028151,1.0,0.31027027027027027,1.0,0.5,0.6027874564459931,0.4142118819138036,1.0,0.0,0.0,0.0,0.0,0.0
W2_apt,14,single,only_V2_scope_discontinuity,1.0,0.7425742574257426,0.5226480836236934,0.6134969325153375,0.04075235109717868,0.7409478662632574,0.9437648138236868,0.694492940967381,0.0,1.0,0.0,0.0,0.0,0.0
W2_apt,14,single,only_V3_binding_fork,1.0,0.7248677248677249,0.47735191637630664,0.5756302521008403,0.04075235109717868,0.718299782639564,0.718299782639564,0.5044115636670313,0.0,0.0,1.0,0.0,0.0,0.0
W2_apt,14,single,only_V4_transition_velocity,0.9966666666666667,0.6363636363636364,0.12195121951219512,0.20467836257309943,0.01567398119122257,0.5531386191604863,0.7418981355062095,0.5229750051149347,0.0,0.0,0.0,1.0,0.0,0.0
W2_apt,14,single,only_V5_rate_discontinuity,1.0,0.1810344827586207,0.5853658536585366,0.27654320987654324,0.5956112852664577,0.49487728419603944,0.49339453649798476,0.17721585850169644,0.0,0.0,0.0,0.0,1.0,0.0
W2_apt,14,weighting,equal_weights,0.6666666666666666,0.8888888888888888,0.3623693379790941,0.5148514851485149,0.01018808777429467,0.6760906251023997,0.9565948139329131,0.8051283569528557,0.3333333333333333,0.3333333333333333,0.3333333333333333,0.0,0.0,0.0
W2_apt,14,design,no_migration,0.5910544449556926,0.8333333333333334,0.20905923344947736,0.3342618384401114,0.009404388714733543,0.5998274223673719,0.9516891854991099,0.7717488762778086,0.40894555504430746,0.28620812319817635,0.30484632175751625,0.0,0.0,0.0
W2_apt,14,design,accumulator,1.0757318213131288,0.7096774193548387,0.07665505226480836,0.1383647798742138,0.007053291536050157,0.5348008803643791,0.9477597675663277,0.699209921462029,0.38788019732649065,0.3229765414764313,0.2891432611970781,0.0,0.0,0.0
W2_apt,15,reference,full,0.44277426411751586,0.8242424242424242,0.46735395189003437,0.5964912280701753,0.02279874213836478,0.7222776048758348,0.9571986643324905,0.8283615907125044,0.37678107115176623,0.3280812086013052,0.2951377202469285,0.0,0.0,0.0
W2_apt,15,leave_one_out,minus_V1_agent_mutation,0.7104634400880662,0.7698412698412699,0.3333333333333333,0.46522781774580335,0.02279874213836478,0.6552672955974843,0.9472824677429813,0.7411629441926801,0.0,0.5264301089307888,0.4735698910692112,0.0,0.0,0.0
W2_apt,15,leave_one_out,minus_V2_scope_discontinuity,0.4392461172764007,0.759493670886076,0.6185567010309279,0.6818181818181819,0.04481132075471698,0.7868726901381055,0.7924163586850808,0.6759948499786647,0.5607538827235993,0.0,0.4392461172764007,0.0,0.0,0.0
W2_apt,15,leave_one_out,minus_V3_binding_fork,0.46545434196909946,0.8047619047619048,0.5807560137457045,0.6746506986027945,0.03223270440251572,0.7742616546715944,0.949984060602131,0.809805924123331,0.5345456580309005,0.46545434196909946,0.0,0.0,0.0,0.0
W2_apt,15,restored,plus_V4_transition_velocity,0.5009364066651378,0.8410596026490066,0.436426116838488,0.574660633484163,0.018867924528301886,0.708779096155093,0.9561301843566967,0.80974738685029,0.27888049442399376,0.24283451763185668,0.21845087146769196,0.2598341164764576,0.0,0.0
W2_apt,15,restored,plus_V5_rate_discontinuity,0.5207112491871683,0.888,0.38144329896907214,0.5336538461538463,0.0110062893081761,0.685218504830448,0.8770761741122566,0.7437058540223439,0.3240821758461198,0.28219377266674894,0.2538579612279963,0.0,0.1398660902591349,0.0
W2_apt,15,restored,plus_V6_navigation_break,0.44277426411751586,0.8242424242424242,0.46735395189003437,0.5964912280701753,0.02279874213836478,0.7222776048758348,0.9571986643324905,0.8283615907125044,0.37678107115176623,0.3280812086013052,0.2951377202469285,0.0,0.0,0.0
W2_apt,15,restored,plus_all_rejected,0.44712167796318325,0.8355263157894737,0.436426116838488,0.5733634311512416,0.019654088050314465,0.7083860143940868,0.8763656551903002,0.724083637427321,0.24892084695575425,0.2167472268860594,0.194983073507066,0.23192058833267498,0.10742826431844531,0.0
W2_apt,15,single,only_V1_agent_mutation,0.0,0.18618042226487524,1.0,0.313915857605178,1.0,0.5,0.6237113402061856,0.4518373809549783,1.0,0.0,0.0,0.0,0.0,0.0
W2_apt,15,single,only_V2_scope_discontinuity,1.0,0.764367816091954,0.4570446735395189,0.5720430107526882,0.03223270440251572,0.7124059845685016,0.9407446130238388,0.7182998907239843,0.0,1.0,0.0,0.0,0.0,0.0
W2_apt,15,single,only_V3_binding_fork,1.0,0.7135678391959799,0.4879725085910653,0.5795918367346938,0.04481132075471698,0.7215805939181742,0.7215805939181742,0.5037506607352035,0.0,0.0,1.0,0.0,0.0,0.0
W2_apt,15,single,only_V4_transition_velocity,0.9933333333333333,0.7037037037037037,0.1958762886597938,0.3064516129032258,0.018867924528301886,0.588504182065746,0.7122803605005511,0.48744717633755175,0.0,0.0,0.0,1.0,0.0,0.0
W2_apt,15,single,only_V5_rate_discontinuity,1.0,0.18083961248654468,0.5773195876288659,0.2754098360655738,0.5982704402515723,0.48952457368864677,0.49258142600877475,0.1790498400481368,0.0,0.0,0.0,0.0,1.0,0.0
W2_apt,15,weighting,equal_weights,0.4833333333333333,0.8242424242424242,0.46735395189003437,0.5964912280701753,0.02279874213836478,0.7222776048758348,0.9565192137284143,0.8190371133434422,0.3333333333333333,0.3333333333333333,0.3333333333333333,0.0,0.0,0.0
W2_apt,15,design,no_migration,0.44237559717457076,0.8083333333333333,0.3333333333333333,0.4720194647201946,0.018081761006289308,0.657625786163522,0.9519859409107609,0.7872878267151383,0.3975692870841768,0.29100930134773156,0.31142141156809156,0.0,0.0,0.0
W2_apt,15,design,accumulator,0.9118691412023221,0.7017543859649122,0.13745704467353953,0.2298850574712644,0.013364779874213837,0.5620461323996628,0.9482604443579935,0.7215204347321017,0.37678107115176623,0.3280812086013052,0.2951377202469285,0.0,0.0,0.0
W2_apt,16,reference,full,0.44557382410884544,0.8121546961325967,0.494949494949495,0.6150627615062761,0.026856240126382307,0.7340466274115564,0.9608379742660943,0.8321845516527132,0.3745694898206819,0.3270121564917686,0.29841835368754954,0.0,0.0,0.0
W2_apt,16,leave_one_out,minus_V1_agent_mutation,0.7124273869867561,0.7733333333333333,0.39057239057239057,0.5190156599552572,0.026856240126382307,0.6818580752230041,0.9529311014303116,0.7666801460079775,0.0,0.5228592963877161,0.4771407036122839,0.0,0.0,0.0
W2_apt,16,leave_one_out,minus_V2_scope_discontinuity,0.4434230968154175,0.7714285714285715,0.6363636363636364,0.6974169741697417,0.044233807266982623,0.7960649145483268,0.8003840405104228,0.6832077786226819,0.5565769031845825,0.0,0.4434230968154175,0.0,0.0,0.0
W2_apt,16,leave_one_out,minus_V3_binding_fork,0.46610705711952627,0.7937219730941704,0.5959595959595959,0.6807692307692307,0.036334913112164295,0.7798123414237158,0.9536491827171132,0.8046188335343758,0.5338929428804738,0.46610705711952627,0.0,0.0,0.0,0.0
W2_apt,16,restored,plus_V4_transition_velocity,0.5004734522040265,0.8671875,0.37373737373737376,0.5223529411764706,0.013428120063191154,0.6801546268370913,0.9598778729900372,0.81883120722588,0.2780249390307683,0.24272541502103948,0.22150160876520525,0.257748037182987,0.0,0.0
W2_apt,16,restored,plus_V5_rate_discontinuity,0.5227274201126113,0.8682170542635659,0.3771043771043771,0.5258215962441314,0.013428120063191154,0.681838128520593,0.8897120228083893,0.7638930968400229,0.3224446365045297,0.2815053516051981,0.2568906443157643,0.0,0.13915936757450792,0.0
W2_apt,16,restored,plus_V6_navigation_break,0.44557382410884544,0.8121546961325967,0.494949494949495,0.6150627615062761,0.026856240126382307,0.7340466274115564,0.9608379742660943,0.8321845516527132,0.3745694898206819,0.3270121564917686,0.29841835368754954,0.0,0.0,0.0
W2_apt,16,restored,plus_all_rejected,0.5539897303120842,0.8521739130434782,0.32996632996632996,0.4757281553398058,0.013428120063191154,0.6582691049515694,0.8890723985510716,0.7538156729470855,0.24823901469142068,0.21672126995312765,0.19777125499649517,0.23013445848421357,0.10713400187474291,0.0
W2_apt,16,single,only_V1_agent_mutation,0.0,0.19001919385796545,1.0,0.31935483870967746,1.0,0.5,0.5976430976430976,0.40434682591788146,1.0,0.0,0.0,0.0,0.0,0.0
W2_apt,16,single,only_V2_scope_discontinuity,1.0,0.7653061224489796,0.5050505050505051,0.6085192697768763,0.036334913112164295,0.7343577959691704,0.9462236902995197,0.70780083083788,0.0,1.0,0.0,0.0,0.0,0.0
W2_apt,16,single,only_V3_binding_fork,1.0,0.7383177570093458,0.531986531986532,0.6183953033268101,0.044233807266982623,0.7438763623597746,0.7438763623597747,0.5423782586715441,0.0,0.0,1.0,0.0,0.0,0.0
W2_apt,16,single,only_V4_transition_velocity,0.9966666666666667,0.7058823529411765,0.12121212121212122,0.20689655172413793,0.011848341232227487,0.5546818899899468,0.7370067180493721,0.5557020050465183,0.0,0.0,0.0,1.0,0.0,0.0
W2_apt,16,single,only_V5_rate_discontinuity,1.0,0.18783351120597652,0.5925925925925926,0.2852512155591572,0.6011058451816745,0.49574337370545896,0.5047140706698369,0.18909838895354095,0.0,0.0,0.0,0.0,1.0,0.0
W2_apt,16,weighting,equal_weights,0.4833333333333333,0.8121546961325967,0.494949494949495,0.6150627615062761,0.026856240126382307,0.7340466274115564,0.9601637757245972,0.8249402960436024,0.3333333333333333,0.3333333333333333,0.3333333333333333,0.0,0.0,0.0
W2_apt,16,design,no_migration,0.44529101236241264,0.7272727272727273,0.2962962962962963,0.42105263157894735,0.026066350710900472,0.6351149727926979,0.9533273759182131,0.7732380494478089,0.39850271212852467,0.2840114100164776,0.3174858778549977,0.0,0.0,0.0
W2_apt,16,design,accumulator,0.9186789543815366,0.6296296296296297,0.11447811447811448,0.19373219373219375,0.01579778830963665,0.5493401630842389,0.9505335078004904,0.7153285077654273,0.3745694898206819,0.3270121564917686,0.29841835368754954,0.0,0.0,0.0
W2_apt,17,reference,full,0.4330984356152747,0.8355263157894737,0.40445859872611467,0.5450643776824035,0.020016012810248198,0.6922212929579332,0.9649821768242619,0.8352037517536874,0.38520376176027227,0.33035964113536925,0.2844365971043586,0.0,0.0,0.0
W2_apt,17,leave_one_out,minus_V1_agent_mutation,0.7044584997060382,0.788135593220339,0.2961783439490446,0.4305555555555556,0.020016012810248198,0.6380811655693982,0.959627574671202,0.7710921773651557,0.0,0.5373481823526577,0.4626518176473423,0.0,0.0,0.0
W2_apt,17,leave_one_out,minus_V2_scope_discontinuity,0.42476023635525534,0.7824074074074074,0.5382165605095541,0.6377358490566039,0.03763010408326661,0.7502932282131438,0.7532892556083083,0.6051200623026886,0.5752397636447446,0.0,0.4247602363552553,0.0,0.0,0.0
W2_apt,17,leave_one_out,minus_V3_binding_fork,0.46167766517755976,0.8963730569948186,0.5509554140127388,0.6824457593688362,0.016012810248198558,0.7674713018822701,0.9659447303065383,0.8519314521739721,0.5383223348224403,0.46167766517755976,0.0,0.0,0.0,0.0
W2_apt,17,restored,plus_V4_transition_velocity,0.5057974131484523,0.9052631578947369,0.27388535031847133,0.42053789731051344,0.007205764611689352,0.633339792853391,0.9696126327813843,0.8552056922434752,0.28428497925310575,0.24380936286047947,0.20991760759844202,0.26198805028797284,0.0,0.0
W2_apt,17,restored,plus_V5_rate_discontinuity,0.5139085610701822,0.8529411764705882,0.2770700636942675,0.4182692307692308,0.01200960768614892,0.6325302280040593,0.8726688357055071,0.733516915982876,0.3302941155903338,0.28326786061724396,0.24389100940446076,0.0,0.14254701438796166,0.0
W2_apt,17,restored,plus_V6_navigation_break,0.4330984356152747,0.8355263157894737,0.40445859872611467,0.5450643776824035,0.020016012810248198,0.6922212929579332,0.9649821768242619,0.8352037517536874,0.38520376176027227,0.33035964113536925,0.2844365971043586,0.0,0.0,0.0
W2_apt,17,restored,plus_all_rejected,0.5598051700378067,0.8977272727272727,0.2515923566878981,0.39303482587064675,0.007205764611689352,0.6221932960381044,0.8770481353235454,0.7544417779610322,0.2532175699450906,0.2171652352353997,0.18697726001710263,0.2333573079480524,0.10928262685435462,0.0
W2_apt,17,single,only_V1_agent_mutation,0.0,0.20089571337172105,1.0,0.3345764517847629,1.0,0.5,0.5796178343949044,0.35630169422447766,1.0,0.0,0.0,0.0,0.0,0.0
W2_apt,17,single,only_V2_scope_discontinuity,1.0,0.8823529411764706,0.47770700636942676,0.6198347107438016,0.016012810248198558,0.7308470980606141,0.9627051960039369,0.7964897302949231,0.0,1.0,0.0,0.0,0.0,0.0
W2_apt,17,single,only_V3_binding_fork,1.0,0.7431693989071039,0.43312101910828027,0.5472837022132797,0.03763010408326661,0.6977454575125068,0.6977454575125068,0.4568599095549727,0.0,0.0,1.0,0.0,0.0,0.0
W2_apt,17,single,only_V4_transition_velocity,0.9966666666666667,0.8333333333333334,0.12738853503184713,0.22099447513812157,0.006405124099279423,0.5604917054662839,0.7312652669906626,0.5690760792335672,0.0,0.0,0.0,1.0,0.0,0.0
W2_apt,17,single,only_V5_rate_discontinuity,1.0,0.17754010695187167,0.5286624203821656,0.2658126501200961,0.6156925540432346,0.4564849331694655,0.4681248183259984,0.17957328880071374,0.0,0.0,0.0,0.0,1.0,0.0
W2_apt,17,weighting,equal_weights,0.4833333333333333,0.8355263157894737,0.40445859872611467,0.5450643776824035,0.020016012810248198,0.6922212929579332,0.9644671150933486,0.8233085786386967,0.3333333333333333,0.3333333333333333,0.3333333333333333,0.0,0.0,0.0
W2_apt,17,design,no_migration,0.43199850635757464,0.8018867924528302,0.27070063694267515,0.40476190476190477,0.016813450760608487,0.6269435930910333,0.9609432769145253,0.8023651700570288,0.41027226300026326,0.28678041934938586,0.302947317650351,0.0,0.0,0.0
W2_apt,17,design,accumulator,0.9363030870929295,0.625,0.06369426751592357,0.11560693641618497,0.009607686148919135,0.5270432906835022,0.9569999949003789,0.7279880547377554,0.38520376176027227,0.33035964113536925,0.2844365971043586,0.0,0.0,0.0
W2_apt,18,reference,full,0.613116011535732,0.8888888888888888,0.30670926517571884,0.4560570071258907,0.0096,0.6485546325878594,0.9608984025559105,0.8333964910398824,0.386883988464268,0.325502520868664,0.28761349066706804,0.0,0.0,0.0
W2_apt,18,leave_one_out,minus_V1_agent_mutation,1.0,0.8461538461538461,0.2108626198083067,0.3375959079283887,0.0096,0.6006313099041534,0.954176357827476,0.7761592345139537,0.0,0.5308987446818519,0.46910125531814806,0.0,0.0,0.0
W2_apt,18,leave_one_out,minus_V2_scope_discontinuity,0.4264115131126603,0.7741935483870968,0.536741214057508,0.6339622641509434,0.0392,0.748770607028754,0.7527156549520767,0.6384736030182646,0.5735884868873398,0.0,0.4264115131126603,0.0,0.0,0.0
W2_apt,18,leave_one_out,minus_V3_binding_fork,0.4569184236426089,0.8295964125560538,0.5910543130990416,0.6902985074626865,0.0304,0.7803271565495208,0.9610658146964857,0.8481756339529728,0.5430815763573912,0.4569184236426089,0.0,0.0,0.0,0.0
W2_apt,18,restored,plus_V4_transition_velocity,0.7110329715211328,0.8507462686567164,0.18210862619808307,0.30000000000000004,0.008,0.5870543130990415,0.9625456869009584,0.8286271115554761,0.2863689621512317,0.24093480696572692,0.21288959811948432,0.25980663276355703,0.0,0.0
W2_apt,18,restored,plus_V5_rate_discontinuity,0.5253914776525945,0.8899082568807339,0.30990415335463256,0.4597156398104265,0.0096,0.6501520766773162,0.8675437699680512,0.7342666237351981,0.3315286936810407,0.2789296759523057,0.2464618017002888,0.0,0.1430798286663648,0.0
W2_apt,18,restored,plus_V6_navigation_break,0.613116011535732,0.8888888888888888,0.30670926517571884,0.4560570071258907,0.0096,0.6485546325878594,0.9608984025559105,0.8333964910398824,0.386883988464268,0.325502520868664,0.28761349066706804,0.0,0.0,0.0
W2_apt,18,restored,plus_all_rejected,0.6328224611336508,0.8529411764705882,0.1853035143769968,0.3044619422572178,0.008,0.5886517571884984,0.869679233226837,0.7384574068324619,0.25486963147875014,0.21443303422432192,0.18947267542813495,0.23122904190019583,0.10999561696859707,0.0
W2_apt,18,single,only_V1_agent_mutation,0.0,0.20025591810620602,1.0,0.3336886993603412,1.0,0.5,0.6006389776357828,0.43330460156866757,1.0,0.0,0.0,0.0,0.0,0.0
W2_apt,18,single,only_V2_scope_discontinuity,1.0,0.8041237113402062,0.4984025559105431,0.6153846153846153,0.0304,0.7340012779552716,0.9550785942492013,0.7877604534312702,0.0,1.0,0.0,0.0,0.0,0.0
W2_apt,18,single,only_V3_binding_fork,1.0,0.7336956521739131,0.43130990415335463,0.5432595573440644,0.0392,0.6960549520766773,0.6960549520766773,0.49629948028583404,0.0,0.0,1.0,0.0,0.0,0.0
W2_apt,18,single,only_V4_transition_velocity,0.9966666666666667,0.7258064516129032,0.14376996805111822,0.24000000000000002,0.0136,0.5650849840255592,0.7343667731629393,0.5500108925432227,0.0,0.0,0.0,1.0,0.0,0.0
W2_apt,18,single,only_V5_rate_discontinuity,1.0,0.18948521358159912,0.5527156549520766,0.2822185970636215,0.592,0.4803578274760383,0.4884779552715655,0.1881242599663994,0.0,0.0,0.0,0.0,1.0,0.0
W2_apt,18,weighting,equal_weights,0.6666666666666666,0.8888888888888888,0.30670926517571884,0.4560570071258907,0.0096,0.6485546325878594,0.9603769968051118,0.8271912633915343,0.3333333333333333,0.3333333333333333,0.3333333333333333,0.0,0.0,0.0
W2_apt,18,design,no_migration,0.5919073678414319,0.8461538461538461,0.2108626198083067,0.3375959079283887,0.0096,0.6006313099041534,0.9575348242811501,0.8048826915797477,0.40809263215856795,0.28852715581314886,0.30338021202828314,0.0,0.0,0.0
W2_apt,18,design,accumulator,0.9477825278580208,0.8478260869565217,0.12460063897763578,0.21727019498607245,0.0056,0.5595003194888178,0.9539220447284346,0.749059632051501,0.386883988464268,0.325502520868664,0.28761349066706804,0.0,0.0,0.0
W2_apt,19,reference,full,0.43761773151609495,0.8100558659217877,0.5034722222222222,0.6209850107066381,0.02666666666666667,0.7384027777777777,0.9562023420479303,0.816680599706729,0.3837722908291618,0.324745413917715,0.2914822952531232,0.0,0.0,0.0
W2_apt,19,leave_one_out,minus_V1_agent_mutation,0.7101558806969734,0.7702702702702703,0.3958333333333333,0.5229357798165137,0.02666666666666667,0.6845833333333333,0.9477723311546841,0.750414453288055,0.0,0.5269893078236849,0.4730106921763152,0.0,0.0,0.0
W2_apt,19,leave_one_out,minus_V2_scope_discontinuity,0.43166281467891254,0.729957805907173,0.6006944444444444,0.659047619047619,0.05019607843137255,0.775249183006536,0.7802165032679739,0.6349971112240238,0.5683371853210875,0.0,0.43166281467891254,0.0,0.0,0.0
W2_apt,19,leave_one_out,minus_V3_binding_fork,0.4583448116285714,0.8067632850241546,0.5798611111111112,0.6747474747474748,0.03137254901960784,0.7742442810457517,0.9538820806100218,0.8083616078988579,0.5416551883714287,0.4583448116285714,0.0,0.0,0.0,0.0
W2_apt,19,restored,plus_V4_transition_velocity,0.4998988686705048,0.9090909090909091,0.3472222222222222,0.5025125628140703,0.00784313725490196,0.6696895424836602,0.9580964052287582,0.8171113304665798,0.2842260693556968,0.24051010128870723,0.21587506197379838,0.2593887673817975,0.0,0.0
W2_apt,19,restored,plus_V5_rate_discontinuity,0.517528067583302,0.8928571428571429,0.3472222222222222,0.5,0.009411764705882352,0.6689052287581699,0.885994008714597,0.7414202758781897,0.3292411036775564,0.2786015067984393,0.2500648298090032,0.0,0.14209255971500118,0.0
W2_apt,19,restored,plus_V6_navigation_break,0.43761773151609495,0.8100558659217877,0.5034722222222222,0.6209850107066381,0.02666666666666667,0.7384027777777777,0.9562023420479303,0.816680599706729,0.3837722908291618,0.324745413917715,0.2914822952531232,0.0,0.0,0.0
W2_apt,19,restored,plus_all_rejected,0.5545411462737591,0.9019607843137255,0.3194444444444444,0.4717948717948717,0.00784313725490196,0.6558006535947712,0.8882775054466231,0.7467056953170744,0.2531708311031298,0.2142313770513377,0.19228802262311118,0.23104731373068846,0.10926245549173269,0.0
W2_apt,19,single,only_V1_agent_mutation,0.0,0.18426103646833014,1.0,0.31118314424635335,1.0,0.5,0.5989583333333334,0.3999344890429522,1.0,0.0,0.0,0.0,0.0,0.0
W2_apt,19,single,only_V2_scope_discontinuity,1.0,0.7837837837837838,0.5034722222222222,0.6131078224101479,0.03137254901960784,0.7360498366013072,0.9475122549019608,0.7363513473691984,0.0,1.0,0.0,0.0,0.0,0.0
W2_apt,19,single,only_V3_binding_fork,1.0,0.6893203883495146,0.4930555555555556,0.5748987854251013,0.05019607843137255,0.7214297385620916,0.7214297385620915,0.4708527069741214,0.0,0.0,1.0,0.0,0.0,0.0
W2_apt,19,single,only_V4_transition_velocity,0.9966666666666667,0.7758620689655172,0.15625,0.26011560693641617,0.01019607843137255,0.5730269607843137,0.7371500544662309,0.5497218566636496,0.0,0.0,0.0,1.0,0.0,0.0
W2_apt,19,single,only_V5_rate_discontinuity,1.0,0.18398268398268397,0.5902777777777778,0.2805280528052805,0.5913725490196079,0.49945261437908495,0.5138834422657952,0.1818854659963673,0.0,0.0,0.0,0.0,1.0,0.0
W2_apt,19,weighting,equal_weights,0.4833333333333333,0.8100558659217877,0.5034722222222222,0.6209850107066381,0.02666666666666667,0.7384027777777777,0.9555950435729847,0.8080183112101214,0.3333333333333333,0.3333333333333333,0.3333333333333333,0.0,0.0,0.0
W2_apt,19,design,no_migration,0.4368400149098388,0.7933884297520661,0.3333333333333333,0.469437652811736,0.0196078431372549,0.6568627450980392,0.9501252723311547,0.7758759777170419,0.4078766045085777,0.2823334192392426,0.30978997625217963,0.0,0.0,0.0
W2_apt,19,design,accumulator,0.9368989389019924,0.7727272727272727,0.11805555555555555,0.20481927710843373,0.00784313725490196,0.5551062091503268,0.9446023965141612,0.7011343385384707,0.3837722908291618,0.324745413917715,0.2914822952531232,0.0,0.0,0.0
