workload,seed,factor,value,n_attack_sessions,precision,recall,f1,fpr,roc_auc,attack_request_detection_rate,latency_requests_median
W1_web,0,flapping_rate,0.0,23,0.9411764705882353,0.6956521739130435,0.7999999999999999,0.009615384615384616,0.9632107023411371,0.12582781456953643,1.0
W1_web,0,flapping_rate,0.01,24,1.0,0.75,0.8571428571428571,0.0,0.9947411003236246,0.06432748538011696,1.0
W1_web,0,flapping_rate,0.02,25,0.9411764705882353,0.64,0.7619047619047621,0.00980392156862745,0.9862745098039216,0.1092896174863388,1.0
W1_web,0,flapping_rate,0.05,17,0.8181818181818182,0.5294117647058824,0.6428571428571428,0.01818181818181818,0.9441176470588235,0.0379746835443038,3.0
W1_web,0,flapping_rate,0.1,20,0.8125,0.65,0.7222222222222223,0.028037383177570093,0.9448598130841122,0.09345794392523364,1.0
W1_web,0,flapping_rate,0.2,22,0.6923076923076923,0.4090909090909091,0.5142857142857142,0.0380952380952381,0.8958874458874458,0.025423728813559324,2.0
W1_web,0,monotone_rate,0.0,26,0.8181818181818182,0.34615384615384615,0.4864864864864865,0.019801980198019802,0.9794364051789795,0.02112676056338028,3.0
W1_web,0,monotone_rate,0.05,25,0.8888888888888888,0.32,0.47058823529411764,0.00980392156862745,0.9707843137254902,0.04093567251461988,1.0
W1_web,0,monotone_rate,0.15,17,0.8181818181818182,0.5294117647058824,0.6428571428571428,0.01818181818181818,0.9441176470588235,0.0379746835443038,3.0
W1_web,0,monotone_rate,0.3,20,0.6666666666666666,0.3,0.41379310344827586,0.028037383177570093,0.9343457943925234,0.03669724770642202,1.0
W1_web,0,monotone_rate,0.5,27,0.9166666666666666,0.4074074074074074,0.5641025641025641,0.01,0.9477777777777778,0.05970149253731343,1.0
W1_web,0,attack_fraction,0.05,18,0.8,0.4444444444444444,0.5714285714285714,0.01834862385321101,0.9538735983690112,0.07865168539325842,2.0
W1_web,0,attack_fraction,0.1,18,0.8333333333333334,0.5555555555555556,0.6666666666666667,0.01834862385321101,0.9462283384301733,0.09859154929577464,1.5
W1_web,0,attack_fraction,0.2,19,0.8181818181818182,0.47368421052631576,0.6,0.018518518518518517,0.9449317738791423,0.14473684210526316,3.0
W1_web,0,attack_fraction,0.4,17,0.8181818181818182,0.5294117647058824,0.6428571428571428,0.01818181818181818,0.9441176470588235,0.0379746835443038,3.0
W1_web,0,attack_fraction,0.6,19,0.8461538461538461,0.5789473684210527,0.6875,0.018518518518518517,0.9595516569200779,0.03571428571428571,3.0
W1_web,0,attack_rate,0.02,2,0.5,1.0,0.6666666666666666,0.016,0.996,0.16666666666666666,1.0
W1_web,0,attack_rate,0.05,2,0.5,1.0,0.6666666666666666,0.016,0.996,0.16666666666666666,1.0
W1_web,0,attack_rate,0.1,7,0.6,0.42857142857142855,0.5,0.016666666666666666,0.9279761904761905,0.0,3.0
W1_web,0,attack_rate,0.2,17,0.8181818181818182,0.5294117647058824,0.6428571428571428,0.01818181818181818,0.9441176470588235,0.0379746835443038,3.0
W1_web,0,attack_rate,0.35,34,0.9285714285714286,0.38235294117647056,0.5416666666666667,0.010752688172043012,0.941808981657179,0.022222222222222223,3.0
W1_web,0,theft_position,0.10-0.20,21,0.8461538461538461,0.5238095238095238,0.6470588235294118,0.018867924528301886,0.9478885893980233,0.07920792079207921,2.0
W1_web,0,theft_position,0.25-0.50,17,0.8181818181818182,0.5294117647058824,0.6428571428571428,0.01818181818181818,0.9441176470588235,0.0379746835443038,3.0
W1_web,0,theft_position,0.50-0.70,6,0.5,0.3333333333333333,0.4,0.01652892561983471,0.9820936639118457,0.018518518518518517,13.0
W1_web,0,theft_position,0.70-0.85,3,0.6,1.0,0.7499999999999999,0.016129032258064516,1.0,0.08333333333333333,1.0
W1_web,0,theft_delay_s,0.0,18,0.8461538461538461,0.6111111111111112,0.7096774193548387,0.01834862385321101,0.9589704383282365,0.10638297872340426,3.0
W1_web,0,theft_delay_s,1.0,18,0.8461538461538461,0.6111111111111112,0.7096774193548387,0.01834862385321101,0.9589704383282365,0.10638297872340426,3.0
W1_web,0,theft_delay_s,60.0,18,0.75,0.3333333333333333,0.46153846153846156,0.01834862385321101,0.9431702344546381,0.11702127659574468,1.0
W1_web,0,theft_delay_s,600.0,18,0.75,0.3333333333333333,0.46153846153846156,0.01834862385321101,0.9431702344546381,0.11702127659574468,1.0
W1_web,1,flapping_rate,0.0,21,0.9411764705882353,0.7619047619047619,0.8421052631578947,0.009433962264150943,0.9795597484276729,0.16260162601626016,1.0
W1_web,1,flapping_rate,0.01,21,1.0,0.5238095238095238,0.6875000000000001,0.0,0.9584456424079065,0.07518796992481203,1.0
W1_web,1,flapping_rate,0.02,21,1.0,0.47619047619047616,0.6451612903225806,0.0,0.9546271338724169,0.06015037593984962,1.0
W1_web,1,flapping_rate,0.05,20,0.8571428571428571,0.6,0.7058823529411764,0.018691588785046728,0.9686915887850467,0.11,1.0
W1_web,1,flapping_rate,0.1,22,0.9,0.4090909090909091,0.5625000000000001,0.009523809523809525,0.941991341991342,0.04310344827586207,1.0
W1_web,1,flapping_rate,0.2,21,0.875,0.6666666666666666,0.7567567567567567,0.018867924528301886,0.9532794249775381,0.11666666666666667,1.0
W1_web,1,monotone_rate,0.0,23,0.875,0.6086956521739131,0.717948717948718,0.019230769230769232,0.9780518394648829,0.06626506024096386,1.0
W1_web,1,monotone_rate,0.05,20,0.8823529411764706,0.75,0.8108108108108107,0.018691588785046728,0.9789719626168224,0.12380952380952381,1.0
W1_web,1,monotone_rate,0.15,20,0.8571428571428571,0.6,0.7058823529411764,0.018691588785046728,0.9686915887850467,0.11,1.0
W1_web,1,monotone_rate,0.3,16,1.0,0.625,0.7692307692307693,0.0,0.9518581081081081,0.13043478260869565,1.0
W1_web,1,monotone_rate,0.5,20,0.9090909090909091,0.5,0.6451612903225806,0.009345794392523364,0.9357476635514018,0.051094890510948905,1.0
W1_web,1,attack_fraction,0.05,22,0.8888888888888888,0.7272727272727273,0.7999999999999999,0.01904761904761905,0.9632034632034632,0.16470588235294117,1.0
W1_web,1,attack_fraction,0.1,21,0.8666666666666667,0.6190476190476191,0.7222222222222222,0.018867924528301886,0.9654088050314465,0.14457831325301204,1.0
W1_web,1,attack_fraction,0.2,21,0.8823529411764706,0.7142857142857143,0.7894736842105262,0.018867924528301886,0.9622641509433962,0.14285714285714285,1.0
W1_web,1,attack_fraction,0.4,20,0.8571428571428571,0.6,0.7058823529411764,0.018691588785046728,0.9686915887850467,0.11,1.0
W1_web,1,attack_fraction,0.6,21,0.875,0.6666666666666666,0.7567567567567567,0.018867924528301886,0.9723719676549866,0.12037037037037036,1.0
W1_web,1,attack_rate,0.02,1,0.25,1.0,0.4,0.023809523809523808,1.0,0.14285714285714285,1.0
W1_web,1,attack_rate,0.05,3,0.5,1.0,0.6666666666666666,0.024193548387096774,0.9946236559139785,0.23076923076923078,1.0
W1_web,1,attack_rate,0.1,9,0.5714285714285714,0.4444444444444444,0.5,0.025423728813559324,0.8945386064030132,0.08333333333333333,1.0
W1_web,1,attack_rate,0.2,20,0.8571428571428571,0.6,0.7058823529411764,0.018691588785046728,0.9686915887850467,0.11,1.0
W1_web,1,attack_rate,0.35,39,0.92,0.5897435897435898,0.71875,0.022727272727272728,0.9383741258741258,0.07456140350877193,1.0
W1_web,1,theft_position,0.10-0.20,23,0.875,0.6086956521739131,0.717948717948718,0.019230769230769232,0.955267558528428,0.09701492537313433,1.0
W1_web,1,theft_position,0.25-0.50,20,0.8571428571428571,0.6,0.7058823529411764,0.018691588785046728,0.9686915887850467,0.11,1.0
W1_web,1,theft_position,0.50-0.70,8,0.75,0.75,0.75,0.01680672268907563,0.9863445378151261,0.125,1.0
W1_web,1,theft_position,0.70-0.85,4,0.6,0.75,0.6666666666666665,0.016260162601626018,0.9888211382113821,0.15789473684210525,1.0
W1_web,1,theft_delay_s,0.0,23,0.8823529411764706,0.6521739130434783,0.75,0.019230769230769232,0.9607023411371237,0.13592233009708737,1.0
W1_web,1,theft_delay_s,1.0,23,0.8823529411764706,0.6521739130434783,0.75,0.019230769230769232,0.9607023411371237,0.13592233009708737,1.0
W1_web,1,theft_delay_s,60.0,23,0.875,0.6086956521739131,0.717948717948718,0.019230769230769232,0.9489966555183946,0.13592233009708737,1.0
W1_web,1,theft_delay_s,600.0,23,0.875,0.6086956521739131,0.717948717948718,0.019230769230769232,0.9489966555183946,0.13592233009708737,1.0
W1_web,2,flapping_rate,0.0,25,0.8947368421052632,0.68,0.7727272727272727,0.0196078431372549,0.9590196078431372,0.22012578616352202,1.0
W1_web,2,flapping_rate,0.01,26,0.9411764705882353,0.6153846153846154,0.744186046511628,0.009900990099009901,0.9668697638994669,0.06802721088435375,1.0
W1_web,2,flapping_rate,0.02,27,0.9047619047619048,0.7037037037037037,0.7916666666666667,0.02,0.9746296296296296,0.08695652173913043,1.0
W1_web,2,flapping_rate,0.05,29,0.8823529411764706,0.5172413793103449,0.6521739130434783,0.02040816326530612,0.967100633356791,0.06451612903225806,1.0
W1_web,2,flapping_rate,0.1,27,0.9285714285714286,0.48148148148148145,0.6341463414634146,0.01,0.9651851851851851,0.03164556962025317,1.0
W1_web,2,flapping_rate,0.2,24,0.7692307692307693,0.4166666666666667,0.5405405405405406,0.02912621359223301,0.9281957928802589,0.05263157894736842,2.0
W1_web,2,monotone_rate,0.0,20,0.8888888888888888,0.4,0.5517241379310346,0.009345794392523364,0.9815420560747663,0.057692307692307696,1.0
W1_web,2,monotone_rate,0.05,24,0.9,0.375,0.5294117647058825,0.009708737864077669,0.9844255663430421,0.017964071856287425,3.0
W1_web,2,monotone_rate,0.15,29,0.8823529411764706,0.5172413793103449,0.6521739130434783,0.02040816326530612,0.967100633356791,0.06451612903225806,1.0
W1_web,2,monotone_rate,0.3,22,0.9285714285714286,0.5909090909090909,0.7222222222222223,0.009523809523809525,0.945021645021645,0.062111801242236024,1.0
W1_web,2,monotone_rate,0.5,24,0.8333333333333334,0.625,0.7142857142857143,0.02912621359223301,0.9486245954692557,0.09230769230769231,1.0
W1_web,2,attack_fraction,0.05,27,0.8666666666666667,0.48148148148148145,0.6190476190476191,0.02,0.9594444444444444,0.07586206896551724,1.0
W1_web,2,attack_fraction,0.1,29,0.8823529411764706,0.5172413793103449,0.6521739130434783,0.02040816326530612,0.9716748768472906,0.09352517985611511,1.0
W1_web,2,attack_fraction,0.2,30,0.8888888888888888,0.5333333333333333,0.6666666666666667,0.020618556701030927,0.9630584192439863,0.07514450867052024,1.0
W1_web,2,attack_fraction,0.4,29,0.8823529411764706,0.5172413793103449,0.6521739130434783,0.02040816326530612,0.967100633356791,0.06451612903225806,1.0
W1_web,2,attack_fraction,0.6,28,0.8888888888888888,0.5714285714285714,0.6956521739130435,0.020202020202020204,0.9689754689754689,0.06930693069306931,1.0
W1_web,2,attack_rate,0.02,2,0.3333333333333333,0.5,0.4,0.016,0.92,0.06666666666666667,1.0
W1_web,2,attack_rate,0.05,9,0.7142857142857143,0.5555555555555556,0.6250000000000001,0.01694915254237288,0.9515065913370998,0.061224489795918366,1.0
W1_web,2,attack_rate,0.1,16,0.8571428571428571,0.75,0.7999999999999999,0.018018018018018018,0.9650900900900901,0.07692307692307693,1.0
W1_web,2,attack_rate,0.2,29,0.8823529411764706,0.5172413793103449,0.6521739130434783,0.02040816326530612,0.967100633356791,0.06451612903225806,1.0
W1_web,2,attack_rate,0.35,43,0.9354838709677419,0.6744186046511628,0.7837837837837838,0.023809523809523808,0.9699612403100775,0.08108108108108109,1.0
W1_web,2,theft_position,0.10-0.20,32,0.8947368421052632,0.53125,0.6666666666666666,0.021052631578947368,0.9625,0.09195402298850575,1.0
W1_web,2,theft_position,0.25-0.50,29,0.8823529411764706,0.5172413793103449,0.6521739130434783,0.02040816326530612,0.967100633356791,0.06451612903225806,1.0
W1_web,2,theft_position,0.50-0.70,14,0.8,0.5714285714285714,0.6666666666666666,0.017699115044247787,0.9743994943109987,0.05434782608695652,1.0
W1_web,2,theft_position,0.70-0.85,8,0.7777777777777778,0.875,0.823529411764706,0.01680672268907563,0.979516806722689,0.0975609756097561,1.0
W1_web,2,theft_delay_s,0.0,28,0.9047619047619048,0.6785714285714286,0.7755102040816326,0.020202020202020204,0.9796176046176046,0.09202453987730061,1.0
W1_web,2,theft_delay_s,1.0,28,0.9047619047619048,0.6785714285714286,0.7755102040816326,0.020202020202020204,0.9796176046176046,0.09202453987730061,1.0
W1_web,2,theft_delay_s,60.0,28,0.8947368421052632,0.6071428571428571,0.7234042553191489,0.020202020202020204,0.9601370851370852,0.09202453987730061,1.0
W1_web,2,theft_delay_s,600.0,28,0.8947368421052632,0.6071428571428571,0.7234042553191489,0.020202020202020204,0.9601370851370852,0.09202453987730061,1.0
W1_web,3,flapping_rate,0.0,26,0.9411764705882353,0.6153846153846154,0.744186046511628,0.009900990099009901,0.9754379284082254,0.06521739130434782,1.0
W1_web,3,flapping_rate,0.01,26,0.8888888888888888,0.6153846153846154,0.7272727272727274,0.019801980198019802,0.9693450114242194,0.06521739130434782,1.0
W1_web,3,flapping_rate,0.02,24,0.8823529411764706,0.625,0.7317073170731708,0.019417475728155338,0.9743122977346278,0.08387096774193549,1.0
W1_web,3,flapping_rate,0.05,23,0.9230769230769231,0.5217391304347826,0.6666666666666667,0.009615384615384616,0.9707357859531772,0.09090909090909091,1.0
W1_web,3,flapping_rate,0.1,32,0.8421052631578947,0.5,0.6274509803921569,0.031578947368421054,0.9699013157894737,0.04878048780487805,1.0
W1_web,3,flapping_rate,0.2,28,0.875,0.5,0.6363636363636364,0.020202020202020204,0.9155844155844156,0.04918032786885246,1.0
W1_web,3,monotone_rate,0.0,23,0.8,0.8695652173913043,0.8333333333333333,0.04807692307692308,0.9876672240802675,0.1415929203539823,1.0
W1_web,3,monotone_rate,0.05,24,0.6842105263157895,0.5416666666666666,0.6046511627906976,0.05825242718446602,0.9619741100323624,0.053691275167785234,1.0
W1_web,3,monotone_rate,0.15,23,0.9230769230769231,0.5217391304347826,0.6666666666666667,0.009615384615384616,0.9707357859531772,0.09090909090909091,1.0
W1_web,3,monotone_rate,0.3,32,0.8181818181818182,0.5625,0.6666666666666666,0.042105263157894736,0.9203947368421053,0.06372549019607843,1.0
W1_web,3,monotone_rate,0.5,27,0.6666666666666666,0.6666666666666666,0.6666666666666666,0.09,0.8988888888888888,0.1016949152542373,1.0
W1_web,3,attack_fraction,0.05,23,0.9166666666666666,0.4782608695652174,0.6285714285714286,0.009615384615384616,0.9410535117056856,0.12658227848101267,1.0
W1_web,3,attack_fraction,0.1,23,0.9090909090909091,0.43478260869565216,0.5882352941176471,0.009615384615384616,0.9358277591973244,0.1111111111111111,1.0
W1_web,3,attack_fraction,0.2,25,0.9375,0.6,0.7317073170731707,0.00980392156862745,0.9556862745098039,0.10084033613445378,1.0
W1_web,3,attack_fraction,0.4,23,0.9230769230769231,0.5217391304347826,0.6666666666666667,0.009615384615384616,0.9707357859531772,0.09090909090909091,1.0
W1_web,3,attack_fraction,0.6,28,0.95,0.6785714285714286,0.7916666666666667,0.010101010101010102,0.9700577200577201,0.1328125,1.0
W1_web,3,attack_rate,0.02,0,0.0,0.0,0.0,0.007874015748031496,,,
W1_web,3,attack_rate,0.05,6,0.8,0.6666666666666666,0.7272727272727272,0.008264462809917356,0.9421487603305785,0.12,1.0
W1_web,3,attack_rate,0.1,14,0.875,0.5,0.6363636363636364,0.008849557522123894,0.9683944374209861,0.11666666666666667,1.0
W1_web,3,attack_rate,0.2,23,0.9230769230769231,0.5217391304347826,0.6666666666666667,0.009615384615384616,0.9707357859531772,0.09090909090909091,1.0
W1_web,3,attack_rate,0.35,41,0.9583333333333334,0.5609756097560976,0.7076923076923077,0.011627906976744186,0.9505104934770278,0.08762886597938144,1.0
W1_web,3,theft_position,0.10-0.20,29,0.9375,0.5172413793103449,0.6666666666666667,0.01020408163265306,0.9524982406755805,0.08333333333333333,1.0
W1_web,3,theft_position,0.25-0.50,23,0.9230769230769231,0.5217391304347826,0.6666666666666667,0.009615384615384616,0.9707357859531772,0.09090909090909091,1.0
W1_web,3,theft_position,0.50-0.70,9,0.8,0.4444444444444444,0.5714285714285714,0.00847457627118644,0.9444444444444444,0.07692307692307693,1.0
W1_web,3,theft_position,0.70-0.85,4,0.6666666666666666,0.5,0.5714285714285715,0.008130081300813009,0.9664634146341463,0.1,1.0
W1_web,3,theft_delay_s,0.0,23,0.9285714285714286,0.5652173913043478,0.7027027027027025,0.009615384615384616,0.9535953177257525,0.11538461538461539,1.0
W1_web,3,theft_delay_s,1.0,23,0.9285714285714286,0.5652173913043478,0.7027027027027025,0.009615384615384616,0.9535953177257525,0.11538461538461539,1.0
W1_web,3,theft_delay_s,60.0,23,0.9230769230769231,0.5217391304347826,0.6666666666666667,0.009615384615384616,0.9443979933110368,0.11538461538461539,1.0
W1_web,3,theft_delay_s,600.0,23,0.9230769230769231,0.5217391304347826,0.6666666666666667,0.009615384615384616,0.9443979933110368,0.11538461538461539,1.0
W1_web,4,flapping_rate,0.0,22,0.75,0.6818181818181818,0.7142857142857143,0.047619047619047616,0.962987012987013,0.28368794326241137,1.0
W1_web,4,flapping_rate,0.01,17,0.9090909090909091,0.5882352941176471,0.7142857142857143,0.00909090909090909,0.968716577540107,0.09473684210526316,1.0
W1_web,4,flapping_rate,0.02,20,0.9090909090909091,0.5,0.6451612903225806,0.009345794392523364,0.9677570093457943,0.08181818181818182,1.0
W1_web,4,flapping_rate,0.05,23,1.0,0.6521739130434783,0.7894736842105263,0.0,0.9703177257525084,0.0875,1.0
W1_web,4,flapping_rate,0.1,24,0.8235294117647058,0.5833333333333334,0.6829268292682927,0.02912621359223301,0.9484223300970874,0.06766917293233082,1.0
W1_web,4,flapping_rate,0.2,26,0.8333333333333334,0.38461538461538464,0.5263157894736842,0.019801980198019802,0.8937547600913938,0.06962025316455696,1.0
W1_web,4,monotone_rate,0.0,20,0.7894736842105263,0.75,0.7692307692307692,0.037383177570093455,0.9892523364485981,0.07482993197278912,1.0
W1_web,4,monotone_rate,0.05,28,0.875,0.75,0.8076923076923077,0.030303030303030304,0.9825036075036075,0.07650273224043716,1.0
W1_web,4,monotone_rate,0.15,23,1.0,0.6521739130434783,0.7894736842105263,0.0,0.9703177257525084,0.0875,1.0
W1_web,4,monotone_rate,0.3,24,0.8888888888888888,0.6666666666666666,0.761904761904762,0.019417475728155338,0.9811893203883495,0.08527131782945736,1.0
W1_web,4,monotone_rate,0.5,28,0.8181818181818182,0.6428571428571429,0.7200000000000001,0.04040404040404041,0.8876262626262627,0.10989010989010989,1.0
W1_web,4,attack_fraction,0.05,22,1.0,0.6363636363636364,0.7777777777777778,0.0,0.9688311688311688,0.11650485436893204,1.0
W1_web,4,attack_fraction,0.1,21,1.0,0.6190476190476191,0.7647058823529412,0.0,0.9692273135669363,0.09803921568627451,1.0
W1_web,4,attack_fraction,0.2,22,1.0,0.5454545454545454,0.7058823529411764,0.0,0.9638528138528139,0.07194244604316546,1.0
W1_web,4,attack_fraction,0.4,23,1.0,0.6521739130434783,0.7894736842105263,0.0,0.9703177257525084,0.0875,1.0
W1_web,4,attack_fraction,0.6,21,1.0,0.5714285714285714,0.7272727272727273,0.0,0.965633423180593,0.06535947712418301,1.0
W1_web,4,attack_rate,0.02,2,1.0,0.5,0.6666666666666666,0.0,0.92,0.041666666666666664,1.0
W1_web,4,attack_rate,0.05,6,1.0,0.6666666666666666,0.8,0.0,0.9449035812672176,0.041666666666666664,1.0
W1_web,4,attack_rate,0.1,11,1.0,0.6363636363636364,0.7777777777777778,0.0,0.950626959247649,0.04918032786885246,1.0
W1_web,4,attack_rate,0.2,23,1.0,0.6521739130434783,0.7894736842105263,0.0,0.9703177257525084,0.0875,1.0
W1_web,4,attack_rate,0.35,37,1.0,0.5405405405405406,0.7017543859649124,0.0,0.9484984984984985,0.058091286307053944,1.0
W1_web,4,theft_position,0.10-0.20,24,1.0,0.5416666666666666,0.7027027027027027,0.0,0.95165857605178,0.05952380952380952,1.0
W1_web,4,theft_position,0.25-0.50,23,1.0,0.6521739130434783,0.7894736842105263,0.0,0.9703177257525084,0.0875,1.0
W1_web,4,theft_position,0.50-0.70,10,1.0,0.3,0.4615384615384615,0.0,0.935042735042735,0.045454545454545456,1.0
W1_web,4,theft_position,0.70-0.85,6,1.0,0.6666666666666666,0.8,0.0,0.9552341597796143,0.05263157894736842,2.5
W1_web,4,theft_delay_s,0.0,21,1.0,0.42857142857142855,0.6,0.0,0.9514824797843666,0.07079646017699115,1.0
W1_web,4,theft_delay_s,1.0,21,1.0,0.42857142857142855,0.6,0.0,0.9514824797843666,0.07079646017699115,1.0
W1_web,4,theft_delay_s,60.0,21,1.0,0.38095238095238093,0.5517241379310345,0.0,0.9508086253369272,0.07079646017699115,1.0
W1_web,4,theft_delay_s,600.0,21,1.0,0.38095238095238093,0.5517241379310345,0.0,0.9508086253369272,0.07079646017699115,1.0
W1_web,5,flapping_rate,0.0,25,0.8695652173913043,0.8,0.8333333333333333,0.029411764705882353,0.9662745098039216,0.1827956989247312,1.0
W1_web,5,flapping_rate,0.01,29,0.85,0.5862068965517241,0.6938775510204082,0.030612244897959183,0.9447572132301196,0.06285714285714286,1.0
W1_web,5,flapping_rate,0.02,27,0.9444444444444444,0.6296296296296297,0.7555555555555556,0.01,0.9874074074074074,0.07926829268292683,1.0
W1_web,5,flapping_rate,0.05,26,0.9444444444444444,0.6538461538461539,0.7727272727272727,0.009900990099009901,0.9794364051789795,0.08860759493670886,1.0
W1_web,5,flapping_rate,0.1,26,0.8181818181818182,0.34615384615384615,0.4864864864864865,0.019801980198019802,0.8956587966488957,0.05,3.0
W1_web,5,flapping_rate,0.2,25,0.625,0.4,0.48780487804878053,0.058823529411764705,0.8525490196078431,0.059602649006622516,1.0
W1_web,5,monotone_rate,0.0,26,0.9,0.6923076923076923,0.7826086956521738,0.019801980198019802,0.9891469916222392,0.12408759124087591,1.0
W1_web,5,monotone_rate,0.05,21,0.8571428571428571,0.5714285714285714,0.6857142857142857,0.018867924528301886,0.9683288409703504,0.07801418439716312,1.0
W1_web,5,monotone_rate,0.15,26,0.9444444444444444,0.6538461538461539,0.7727272727272727,0.009900990099009901,0.9794364051789795,0.08860759493670886,1.0
W1_web,5,monotone_rate,0.3,23,0.7,0.6086956521739131,0.6511627906976744,0.057692307692307696,0.8808528428093646,0.07453416149068323,1.0
W1_web,5,monotone_rate,0.5,25,0.7916666666666666,0.76,0.7755102040816326,0.049019607843137254,0.9566666666666667,0.12878787878787878,1.0
W1_web,5,attack_fraction,0.05,26,0.9166666666666666,0.4230769230769231,0.5789473684210527,0.009900990099009901,0.9301218583396801,0.035398230088495575,1.0
W1_web,5,attack_fraction,0.1,26,0.9166666666666666,0.4230769230769231,0.5789473684210527,0.009900990099009901,0.9310738766184311,0.032,1.0
W1_web,5,attack_fraction,0.2,26,0.9444444444444444,0.6538461538461539,0.7727272727272727,0.009900990099009901,0.9756283320639756,0.046511627906976744,1.0
W1_web,5,attack_fraction,0.4,26,0.9444444444444444,0.6538461538461539,0.7727272727272727,0.009900990099009901,0.9794364051789795,0.08860759493670886,1.0
W1_web,5,attack_fraction,0.6,24,0.9166666666666666,0.4583333333333333,0.611111111111111,0.009708737864077669,0.968042071197411,0.03535353535353535,1.0
W1_web,5,attack_rate,0.02,3,0.6666666666666666,0.6666666666666666,0.6666666666666666,0.008064516129032258,0.9959677419354839,0.058823529411764705,2.0
W1_web,5,attack_rate,0.05,7,0.8571428571428571,0.8571428571428571,0.8571428571428571,0.008333333333333333,0.9976190476190476,0.1320754716981132,1.0
W1_web,5,attack_rate,0.1,11,0.8,0.36363636363636365,0.5000000000000001,0.008620689655172414,0.9721786833855799,0.022727272727272728,2.0
W1_web,5,attack_rate,0.2,26,0.9444444444444444,0.6538461538461539,0.7727272727272727,0.009900990099009901,0.9794364051789795,0.08860759493670886,1.0
W1_web,5,attack_rate,0.35,37,0.9333333333333333,0.3783783783783784,0.5384615384615385,0.011111111111111112,0.9477477477477477,0.04205607476635514,1.5
W1_web,5,theft_position,0.10-0.20,28,0.9230769230769231,0.42857142857142855,0.5853658536585366,0.010101010101010102,0.9570707070707071,0.037037037037037035,1.0
W1_web,5,theft_position,0.25-0.50,26,0.9444444444444444,0.6538461538461539,0.7727272727272727,0.009900990099009901,0.9794364051789795,0.08860759493670886,1.0
W1_web,5,theft_position,0.50-0.70,15,0.875,0.4666666666666667,0.608695652173913,0.008928571428571428,0.9630952380952381,0.018518518518518517,3.0
W1_web,5,theft_position,0.70-0.85,9,0.8,0.4444444444444444,0.5714285714285714,0.00847457627118644,0.9449152542372882,0.0,3.0
W1_web,5,theft_delay_s,0.0,27,0.8888888888888888,0.2962962962962963,0.4444444444444444,0.01,0.9614814814814815,0.01764705882352941,2.0
W1_web,5,theft_delay_s,1.0,27,0.8888888888888888,0.2962962962962963,0.4444444444444444,0.01,0.9614814814814815,0.01764705882352941,2.0
W1_web,5,theft_delay_s,60.0,27,0.8571428571428571,0.2222222222222222,0.35294117647058826,0.01,0.9225925925925926,0.01764705882352941,1.0
W1_web,5,theft_delay_s,600.0,27,0.8571428571428571,0.2222222222222222,0.35294117647058826,0.01,0.9225925925925926,0.01764705882352941,1.0
W1_web,6,flapping_rate,0.0,19,0.8947368421052632,0.8947368421052632,0.8947368421052632,0.018518518518518517,0.9814814814814815,0.24603174603174602,1.0
W1_web,6,flapping_rate,0.01,21,1.0,0.5238095238095238,0.6875000000000001,0.0,0.9797843665768194,0.06299212598425197,1.0
W1_web,6,flapping_rate,0.02,21,1.0,0.5238095238095238,0.6875000000000001,0.0,0.9797843665768194,0.06299212598425197,1.0
W1_web,6,flapping_rate,0.05,17,0.9090909090909091,0.5882352941176471,0.7142857142857143,0.00909090909090909,0.9679144385026738,0.072,1.0
W1_web,6,flapping_rate,0.1,17,0.7142857142857143,0.29411764705882354,0.4166666666666667,0.01818181818181818,0.9187165775401069,0.01652892561983471,1.0
W1_web,6,flapping_rate,0.2,26,0.8421052631578947,0.6153846153846154,0.7111111111111111,0.0297029702970297,0.9499238385376999,0.08,1.0
W1_web,6,monotone_rate,0.0,29,1.0,0.6206896551724138,0.7659574468085107,0.0,0.9926108374384236,0.06547619047619048,1.0
W1_web,6,monotone_rate,0.05,23,0.875,0.30434782608695654,0.4516129032258065,0.009615384615384616,0.9801421404682275,0.03529411764705882,1.0
W1_web,6,monotone_rate,0.15,17,0.9090909090909091,0.5882352941176471,0.7142857142857143,0.00909090909090909,0.9679144385026738,0.072,1.0
W1_web,6,monotone_rate,0.3,25,0.9285714285714286,0.52,0.6666666666666666,0.00980392156862745,0.9403921568627451,0.07194244604316546,1.0
W1_web,6,monotone_rate,0.5,24,0.8421052631578947,0.6666666666666666,0.744186046511628,0.02912621359223301,0.9419498381877023,0.11666666666666667,1.0
W1_web,6,attack_fraction,0.05,18,0.9166666666666666,0.6111111111111112,0.7333333333333334,0.009174311926605505,0.9844546381243628,0.10465116279069768,1.0
W1_web,6,attack_fraction,0.1,18,0.9166666666666666,0.6111111111111112,0.7333333333333334,0.009174311926605505,0.9852191641182467,0.10465116279069768,1.0
W1_web,6,attack_fraction,0.2,20,0.9166666666666666,0.55,0.6874999999999999,0.009345794392523364,0.9836448598130841,0.08045977011494253,1.0
W1_web,6,attack_fraction,0.4,17,0.9090909090909091,0.5882352941176471,0.7142857142857143,0.00909090909090909,0.9679144385026738,0.072,1.0
W1_web,6,attack_fraction,0.6,17,0.9090909090909091,0.5882352941176471,0.7142857142857143,0.00909090909090909,0.9679144385026738,0.06976744186046512,1.0
W1_web,6,attack_rate,0.02,2,0.3333333333333333,0.5,0.4,0.016,0.986,0.07142857142857142,1.0
W1_web,6,attack_rate,0.05,5,0.6666666666666666,0.8,0.7272727272727272,0.01639344262295082,0.9663934426229508,0.0967741935483871,1.0
W1_web,6,attack_rate,0.1,11,0.8888888888888888,0.7272727272727273,0.7999999999999999,0.008620689655172414,0.9909874608150471,0.06349206349206349,1.0
W1_web,6,attack_rate,0.2,17,0.9090909090909091,0.5882352941176471,0.7142857142857143,0.00909090909090909,0.9679144385026738,0.072,1.0
W1_web,6,attack_rate,0.35,31,0.9545454545454546,0.6774193548387096,0.7924528301886793,0.010416666666666666,0.9741263440860215,0.1164021164021164,1.0
W1_web,6,theft_position,0.10-0.20,20,0.9090909090909091,0.5,0.6451612903225806,0.009345794392523364,0.9726635514018691,0.07317073170731707,1.0
W1_web,6,theft_position,0.25-0.50,17,0.9090909090909091,0.5882352941176471,0.7142857142857143,0.00909090909090909,0.9679144385026738,0.072,1.0
W1_web,6,theft_position,0.50-0.70,10,0.75,0.6,0.6666666666666665,0.017094017094017096,0.9717948717948718,0.08333333333333333,1.0
W1_web,6,theft_position,0.70-0.85,7,0.6,0.42857142857142855,0.5,0.016666666666666666,0.9767857142857143,0.09375,1.0
W1_web,6,theft_delay_s,0.0,19,0.9166666666666666,0.5789473684210527,0.7096774193548387,0.009259259259259259,0.9834307992202729,0.09900990099009901,1.0
W1_web,6,theft_delay_s,1.0,19,0.9166666666666666,0.5789473684210527,0.7096774193548387,0.009259259259259259,0.9834307992202729,0.09900990099009901,1.0
W1_web,6,theft_delay_s,60.0,19,0.9090909090909091,0.5263157894736842,0.6666666666666666,0.009259259259259259,0.9753898635477583,0.09900990099009901,1.0
W1_web,6,theft_delay_s,600.0,19,0.9090909090909091,0.5263157894736842,0.6666666666666666,0.009259259259259259,0.9753898635477583,0.09900990099009901,1.0
W1_web,7,flapping_rate,0.0,17,0.9333333333333333,0.8235294117647058,0.8749999999999999,0.00909090909090909,0.9887700534759358,0.2926829268292683,1.0
W1_web,7,flapping_rate,0.01,16,1.0,0.5625,0.72,0.0,0.9780405405405406,0.03546099290780142,1.0
W1_web,7,flapping_rate,0.02,17,0.8461538461538461,0.6470588235294118,0.7333333333333334,0.01818181818181818,0.9614973262032086,0.053691275167785234,1.0
W1_web,7,flapping_rate,0.05,16,0.8571428571428571,0.375,0.5217391304347825,0.009009009009009009,0.9507319819819819,0.027522935779816515,2.0
W1_web,7,flapping_rate,0.1,15,0.3333333333333333,0.2,0.25,0.05357142857142857,0.90625,0.021052631578947368,1.0
W1_web,7,flapping_rate,0.2,20,0.8,0.4,0.5333333333333333,0.018691588785046728,0.8955607476635514,0.07368421052631578,1.0
W1_web,7,monotone_rate,0.0,28,0.9230769230769231,0.42857142857142855,0.5853658536585366,0.010101010101010102,0.9906204906204906,0.03508771929824561,1.0
W1_web,7,monotone_rate,0.05,24,0.9166666666666666,0.4583333333333333,0.611111111111111,0.009708737864077669,0.9686488673139159,0.031746031746031744,1.0
W1_web,7,monotone_rate,0.15,16,0.8571428571428571,0.375,0.5217391304347825,0.009009009009009009,0.9507319819819819,0.027522935779816515,2.0
W1_web,7,monotone_rate,0.3,21,0.7857142857142857,0.5238095238095238,0.6285714285714286,0.02830188679245283,0.9604672057502246,0.06140350877192982,1.0
W1_web,7,monotone_rate,0.5,27,1.0,0.7407407407407407,0.851063829787234,0.0,0.9788888888888889,0.1118421052631579,1.0
W1_web,7,attack_fraction,0.05,15,0.9090909090909091,0.6666666666666666,0.7692307692307692,0.008928571428571428,0.9806547619047619,0.09259259259259259,1.0
W1_web,7,attack_fraction,0.1,15,0.9166666666666666,0.7333333333333333,0.8148148148148148,0.008928571428571428,0.9809523809523809,0.09615384615384616,1.0
W1_web,7,attack_fraction,0.2,14,0.8888888888888888,0.5714285714285714,0.6956521739130435,0.008849557522123894,0.9753476611883691,0.07575757575757576,1.0
W1_web,7,attack_fraction,0.4,16,0.8571428571428571,0.375,0.5217391304347825,0.009009009009009009,0.9507319819819819,0.027522935779816515,2.0
W1_web,7,attack_fraction,0.6,16,0.875,0.4375,0.5833333333333334,0.009009009009009009,0.942286036036036,0.02127659574468085,3.0
W1_web,7,attack_rate,0.02,1,0.5,1.0,0.6666666666666666,0.007936507936507936,1.0,0.2,1.0
W1_web,7,attack_rate,0.05,2,0.6666666666666666,1.0,0.8,0.008,0.998,0.1111111111111111,1.5
W1_web,7,attack_rate,0.1,10,0.8333333333333334,0.5,0.625,0.008547008547008548,0.9564102564102565,0.08928571428571429,1.0
W1_web,7,attack_rate,0.2,16,0.8571428571428571,0.375,0.5217391304347825,0.009009009009009009,0.9507319819819819,0.027522935779816515,2.0
W1_web,7,attack_rate,0.35,29,0.9411764705882353,0.5517241379310345,0.6956521739130435,0.01020408163265306,0.956368754398311,0.05172413793103448,1.0
W1_web,7,theft_position,0.10-0.20,17,0.8333333333333334,0.29411764705882354,0.4347826086956522,0.00909090909090909,0.956951871657754,0.015037593984962405,1.0
W1_web,7,theft_position,0.25-0.50,16,0.8571428571428571,0.375,0.5217391304347825,0.009009009009009009,0.9507319819819819,0.027522935779816515,2.0
W1_web,7,theft_position,0.50-0.70,12,0.5,0.08333333333333333,0.14285714285714285,0.008695652173913044,0.9351449275362319,0.015873015873015872,1.0
W1_web,7,theft_position,0.70-0.85,4,0.6666666666666666,0.5,0.5714285714285715,0.008130081300813009,0.9471544715447154,0.0,2.0
W1_web,7,theft_delay_s,0.0,16,0.9,0.5625,0.6923076923076923,0.009009009009009009,0.9712837837837838,0.05952380952380952,1.0
W1_web,7,theft_delay_s,1.0,16,0.9,0.5625,0.6923076923076923,0.009009009009009009,0.9712837837837838,0.05952380952380952,1.0
W1_web,7,theft_delay_s,60.0,16,0.8888888888888888,0.5,0.64,0.009009009009009009,0.9707207207207207,0.05952380952380952,1.0
W1_web,7,theft_delay_s,600.0,16,0.8888888888888888,0.5,0.64,0.009009009009009009,0.9707207207207207,0.05952380952380952,1.0
W1_web,8,flapping_rate,0.0,20,0.7391304347826086,0.85,0.7906976744186046,0.056074766355140186,0.97803738317757,0.21296296296296297,1.0
W1_web,8,flapping_rate,0.01,22,0.8,0.9090909090909091,0.8510638297872342,0.047619047619047616,0.9867965367965368,0.33663366336633666,1.0
W1_web,8,flapping_rate,0.02,25,0.8888888888888888,0.64,0.7441860465116279,0.0196078431372549,0.9794117647058823,0.0975609756097561,1.0
W1_web,8,flapping_rate,0.05,23,1.0,0.5217391304347826,0.6857142857142856,0.0,0.9544314381270903,0.08264462809917356,1.0
W1_web,8,flapping_rate,0.1,24,0.9,0.375,0.5294117647058825,0.009708737864077669,0.9528721682847896,0.02857142857142857,1.0
W1_web,8,flapping_rate,0.2,17,0.9090909090909091,0.5882352941176471,0.7142857142857143,0.00909090909090909,0.9483957219251337,0.09574468085106383,1.0
W1_web,8,monotone_rate,0.0,16,0.6666666666666666,0.375,0.4800000000000001,0.02702702702702703,0.9676238738738738,0.05263157894736842,1.0
W1_web,8,monotone_rate,0.05,19,0.9285714285714286,0.6842105263157895,0.7878787878787878,0.009259259259259259,0.972953216374269,0.0763888888888889,1.0
W1_web,8,monotone_rate,0.15,23,1.0,0.5217391304347826,0.6857142857142856,0.0,0.9544314381270903,0.08264462809917356,1.0
W1_web,8,monotone_rate,0.3,23,0.8695652173913043,0.8695652173913043,0.8695652173913043,0.028846153846153848,0.9851588628762542,0.13392857142857142,1.0
W1_web,8,monotone_rate,0.5,23,0.9333333333333333,0.6086956521739131,0.7368421052631579,0.009615384615384616,0.9310200668896321,0.1610738255033557,1.0
W1_web,8,attack_fraction,0.05,21,1.0,0.7619047619047619,0.8648648648648648,0.0,0.9716981132075472,0.12612612612612611,1.0
W1_web,8,attack_fraction,0.1,21,1.0,0.7619047619047619,0.8648648648648648,0.0,0.9716981132075472,0.12612612612612611,1.0
W1_web,8,attack_fraction,0.2,22,1.0,0.5,0.6666666666666666,0.0,0.9541125541125541,0.0970873786407767,1.0
W1_web,8,attack_fraction,0.4,23,1.0,0.5217391304347826,0.6857142857142856,0.0,0.9544314381270903,0.08264462809917356,1.0
W1_web,8,attack_fraction,0.6,22,1.0,0.6363636363636364,0.7777777777777778,0.0,0.964935064935065,0.10236220472440945,1.0
W1_web,8,attack_rate,0.02,3,1.0,1.0,1.0,0.0,1.0,0.06818181818181818,1.0
W1_web,8,attack_rate,0.05,3,1.0,1.0,1.0,0.0,1.0,0.06818181818181818,1.0
W1_web,8,attack_rate,0.1,9,1.0,0.4444444444444444,0.6153846153846153,0.0,0.966572504708098,0.058823529411764705,1.0
W1_web,8,attack_rate,0.2,23,1.0,0.5217391304347826,0.6857142857142856,0.0,0.9544314381270903,0.08264462809917356,1.0
W1_web,8,attack_rate,0.35,38,1.0,0.47368421052631576,0.6428571428571429,0.0,0.9583086930810172,0.08962264150943396,1.0
W1_web,8,theft_position,0.10-0.20,25,1.0,0.48,0.6486486486486487,0.0,0.9480392156862745,0.06474820143884892,1.0
W1_web,8,theft_position,0.25-0.50,23,1.0,0.5217391304347826,0.6857142857142856,0.0,0.9544314381270903,0.08264462809917356,1.0
W1_web,8,theft_position,0.50-0.70,9,1.0,0.5555555555555556,0.7142857142857143,0.0,0.980225988700565,0.09615384615384616,1.0
W1_web,8,theft_position,0.70-0.85,6,1.0,0.8333333333333334,0.9090909090909091,0.0,0.9862258953168044,0.16129032258064516,1.0
W1_web,8,theft_delay_s,0.0,22,1.0,0.7272727272727273,0.8421052631578948,0.0,0.9632034632034632,0.12280701754385964,1.0
W1_web,8,theft_delay_s,1.0,22,1.0,0.7272727272727273,0.8421052631578948,0.0,0.9632034632034632,0.12280701754385964,1.0
W1_web,8,theft_delay_s,60.0,22,1.0,0.6818181818181818,0.8108108108108109,0.0,0.9575757575757575,0.12280701754385964,1.0
W1_web,8,theft_delay_s,600.0,22,1.0,0.6818181818181818,0.8108108108108109,0.0,0.9575757575757575,0.12280701754385964,1.0
W1_web,9,flapping_rate,0.0,26,0.9473684210526315,0.6923076923076923,0.7999999999999999,0.009900990099009901,0.9727722772277227,0.1793103448275862,1.0
W1_web,9,flapping_rate,0.01,25,0.8823529411764706,0.6,0.7142857142857143,0.0196078431372549,0.9888235294117647,0.07407407407407407,1.0
W1_web,9,flapping_rate,0.02,23,0.9411764705882353,0.6956521739130435,0.7999999999999999,0.009615384615384616,0.9669732441471572,0.10317460317460317,1.0
W1_web,9,flapping_rate,0.05,23,0.875,0.6086956521739131,0.717948717948718,0.019230769230769232,0.9715719063545151,0.112,1.0
W1_web,9,flapping_rate,0.1,23,0.8461538461538461,0.4782608695652174,0.6111111111111112,0.019230769230769232,0.9721989966555183,0.049586776859504134,1.0
W1_web,9,flapping_rate,0.2,17,0.6470588235294118,0.6470588235294118,0.6470588235294118,0.05454545454545454,0.8729946524064172,0.09174311926605505,1.0
W1_web,9,monotone_rate,0.0,23,0.9375,0.6521739130434783,0.7692307692307693,0.009615384615384616,0.993938127090301,0.12280701754385964,1.0
W1_web,9,monotone_rate,0.05,27,0.9333333333333333,0.5185185185185185,0.6666666666666667,0.01,0.9812962962962963,0.052980132450331126,1.0
W1_web,9,monotone_rate,0.15,23,0.875,0.6086956521739131,0.717948717948718,0.019230769230769232,0.9715719063545151,0.112,1.0
W1_web,9,monotone_rate,0.3,17,0.8888888888888888,0.47058823529411764,0.6153846153846153,0.00909090909090909,0.917379679144385,0.052083333333333336,2.0
W1_web,9,monotone_rate,0.5,26,1.0,0.34615384615384615,0.5142857142857142,0.0,0.8924219345011424,0.028169014084507043,1.0
W1_web,9,attack_fraction,0.05,24,0.8823529411764706,0.625,0.7317073170731708,0.019417475728155338,0.9601537216828478,0.11403508771929824,1.0
W1_web,9,attack_fraction,0.1,24,0.8823529411764706,0.625,0.7317073170731708,0.019417475728155338,0.9601537216828478,0.11403508771929824,1.0
W1_web,9,attack_fraction,0.2,24,0.875,0.5833333333333334,0.7000000000000001,0.019417475728155338,0.9712783171521036,0.125,1.0
W1_web,9,attack_fraction,0.4,23,0.875,0.6086956521739131,0.717948717948718,0.019230769230769232,0.9715719063545151,0.112,1.0
W1_web,9,attack_fraction,0.6,23,0.875,0.6086956521739131,0.717948717948718,0.019230769230769232,0.9715719063545151,0.1111111111111111,1.0
W1_web,9,attack_rate,0.02,0,0.0,0.0,0.0,0.015748031496062992,,,
W1_web,9,attack_rate,0.05,3,0.5,0.6666666666666666,0.5714285714285715,0.016129032258064516,0.9825268817204301,0.07142857142857142,2.0
W1_web,9,attack_rate,0.1,13,0.7777777777777778,0.5384615384615384,0.6363636363636364,0.017543859649122806,0.9608636977058029,0.14864864864864866,1.0
W1_web,9,attack_rate,0.2,23,0.875,0.6086956521739131,0.717948717948718,0.019230769230769232,0.9715719063545151,0.112,1.0
W1_web,9,attack_rate,0.35,43,0.9545454545454546,0.4883720930232558,0.6461538461538462,0.011904761904761904,0.9683001107419712,0.06884057971014493,1.0
W1_web,9,theft_position,0.10-0.20,26,0.8823529411764706,0.5769230769230769,0.6976744186046512,0.019801980198019802,0.9577303884234577,0.08280254777070063,1.0
W1_web,9,theft_position,0.25-0.50,23,0.875,0.6086956521739131,0.717948717948718,0.019230769230769232,0.9715719063545151,0.112,1.0
W1_web,9,theft_position,0.50-0.70,9,0.7142857142857143,0.5555555555555556,0.6250000000000001,0.01694915254237288,0.96045197740113,0.05263157894736842,1.0
W1_web,9,theft_position,0.70-0.85,8,0.7142857142857143,0.625,0.6666666666666666,0.01680672268907563,0.9774159663865546,0.06896551724137931,3.0
W1_web,9,theft_delay_s,0.0,25,0.8666666666666667,0.52,0.65,0.0196078431372549,0.9390196078431372,0.08461538461538462,1.0
W1_web,9,theft_delay_s,1.0,25,0.8666666666666667,0.52,0.65,0.0196078431372549,0.9390196078431372,0.08461538461538462,1.0
W1_web,9,theft_delay_s,60.0,25,0.8461538461538461,0.44,0.5789473684210525,0.0196078431372549,0.9298039215686275,0.08461538461538462,1.0
W1_web,9,theft_delay_s,600.0,25,0.8461538461538461,0.44,0.5789473684210525,0.0196078431372549,0.9298039215686275,0.08461538461538462,1.0
W1_web,10,flapping_rate,0.0,19,0.6956521739130435,0.8421052631578947,0.761904761904762,0.06481481481481481,0.9639376218323586,0.17518248175182483,1.0
W1_web,10,flapping_rate,0.01,17,0.65,0.7647058823529411,0.7027027027027027,0.06363636363636363,0.9494652406417112,0.18584070796460178,1.0
W1_web,10,flapping_rate,0.02,21,0.75,0.5714285714285714,0.6486486486486486,0.03773584905660377,0.9467654986522911,0.07246376811594203,1.0
W1_web,10,flapping_rate,0.05,19,0.7222222222222222,0.6842105263157895,0.7027027027027027,0.046296296296296294,0.959307992202729,0.08035714285714286,1.0
W1_web,10,flapping_rate,0.1,28,0.5454545454545454,0.42857142857142855,0.4799999999999999,0.10101010101010101,0.8968253968253969,0.06896551724137931,1.0
W1_web,10,flapping_rate,0.2,31,0.8125,0.41935483870967744,0.5531914893617021,0.03125,0.9037298387096774,0.07692307692307693,1.0
W1_web,10,monotone_rate,0.0,22,0.8421052631578947,0.7272727272727273,0.7804878048780488,0.02857142857142857,0.9829004329004329,0.0425531914893617,1.0
W1_web,10,monotone_rate,0.05,22,0.7391304347826086,0.7727272727272727,0.7555555555555555,0.05714285714285714,0.970995670995671,0.09848484848484848,1.0
W1_web,10,monotone_rate,0.15,19,0.7222222222222222,0.6842105263157895,0.7027027027027027,0.046296296296296294,0.959307992202729,0.08035714285714286,1.0
W1_web,10,monotone_rate,0.3,29,0.7407407407407407,0.6896551724137931,0.7142857142857143,0.07142857142857142,0.946164672765658,0.0761904761904762,1.0
W1_web,10,monotone_rate,0.5,20,0.7857142857142857,0.55,0.6470588235294117,0.028037383177570093,0.8929906542056075,0.037037037037037035,1.0
W1_web,10,attack_fraction,0.05,22,0.7619047619047619,0.7272727272727273,0.7441860465116279,0.047619047619047616,0.9601731601731601,0.11711711711711711,1.0
W1_web,10,attack_fraction,0.1,22,0.7619047619047619,0.7272727272727273,0.7441860465116279,0.047619047619047616,0.9601731601731601,0.11711711711711711,1.0
W1_web,10,attack_fraction,0.2,22,0.75,0.6818181818181818,0.7142857142857143,0.047619047619047616,0.9458874458874459,0.11320754716981132,1.0
W1_web,10,attack_fraction,0.4,19,0.7222222222222222,0.6842105263157895,0.7027027027027027,0.046296296296296294,0.959307992202729,0.08035714285714286,1.0
W1_web,10,attack_fraction,0.6,22,0.7368421052631579,0.6363636363636364,0.6829268292682926,0.047619047619047616,0.9387445887445888,0.0962962962962963,1.0
W1_web,10,attack_rate,0.02,4,0.375,0.75,0.5,0.04065040650406504,0.9654471544715447,0.09523809523809523,1.0
W1_web,10,attack_rate,0.05,6,0.4444444444444444,0.6666666666666666,0.5333333333333333,0.04132231404958678,0.9628099173553719,0.06060606060606061,1.5
W1_web,10,attack_rate,0.1,14,0.6666666666666666,0.7142857142857143,0.689655172413793,0.04424778761061947,0.9541719342604298,0.07142857142857142,1.0
W1_web,10,attack_rate,0.2,19,0.7222222222222222,0.6842105263157895,0.7027027027027027,0.046296296296296294,0.959307992202729,0.08035714285714286,1.0
W1_web,10,attack_rate,0.35,36,0.7916666666666666,0.5277777777777778,0.6333333333333333,0.054945054945054944,0.9061355311355311,0.06818181818181818,1.0
W1_web,10,theft_position,0.10-0.20,24,0.7619047619047619,0.6666666666666666,0.7111111111111111,0.04854368932038835,0.9470064724919094,0.07926829268292683,1.0
W1_web,10,theft_position,0.25-0.50,19,0.7222222222222222,0.6842105263157895,0.7027027027027027,0.046296296296296294,0.959307992202729,0.08035714285714286,1.0
W1_web,10,theft_position,0.50-0.70,12,0.5833333333333334,0.5833333333333334,0.5833333333333334,0.043478260869565216,0.9467391304347826,0.04938271604938271,1.0
W1_web,10,theft_position,0.70-0.85,7,0.4444444444444444,0.5714285714285714,0.5,0.041666666666666664,0.9214285714285714,0.07317073170731707,1.0
W1_web,10,theft_delay_s,0.0,19,0.6666666666666666,0.5263157894736842,0.5882352941176471,0.046296296296296294,0.9283625730994152,0.06837606837606838,1.0
W1_web,10,theft_delay_s,1.0,19,0.6666666666666666,0.5263157894736842,0.5882352941176471,0.046296296296296294,0.9283625730994152,0.06837606837606838,1.0
W1_web,10,theft_delay_s,60.0,19,0.6153846153846154,0.42105263157894735,0.5,0.046296296296296294,0.9000974658869396,0.06837606837606838,1.0
W1_web,10,theft_delay_s,600.0,19,0.6153846153846154,0.42105263157894735,0.5,0.046296296296296294,0.9000974658869396,0.06837606837606838,1.0
W1_web,11,flapping_rate,0.0,18,0.875,0.7777777777777778,0.823529411764706,0.01834862385321101,0.9742609582059123,0.2248062015503876,1.0
W1_web,11,flapping_rate,0.01,15,0.8461538461538461,0.7333333333333333,0.7857142857142856,0.017857142857142856,0.9666666666666667,0.12857142857142856,1.0
W1_web,11,flapping_rate,0.02,15,0.9166666666666666,0.7333333333333333,0.8148148148148148,0.008928571428571428,0.9672619047619048,0.07142857142857142,1.0
W1_web,11,flapping_rate,0.05,17,0.7692307692307693,0.5882352941176471,0.6666666666666667,0.02727272727272727,0.9601604278074867,0.07476635514018691,1.0
W1_web,11,flapping_rate,0.1,17,1.0,0.47058823529411764,0.6399999999999999,0.0,0.963903743315508,0.05343511450381679,1.0
W1_web,11,flapping_rate,0.2,24,0.8888888888888888,0.6666666666666666,0.761904761904762,0.019417475728155338,0.9476132686084142,0.09090909090909091,1.0
W1_web,11,monotone_rate,0.0,20,0.9166666666666666,0.55,0.6874999999999999,0.009345794392523364,0.9885514018691589,0.014492753623188406,2.0
W1_web,11,monotone_rate,0.05,14,0.875,0.5,0.6363636363636364,0.008849557522123894,0.9627054361567636,0.08870967741935484,1.0
W1_web,11,monotone_rate,0.15,17,0.7692307692307693,0.5882352941176471,0.6666666666666667,0.02727272727272727,0.9601604278074867,0.07476635514018691,1.0
W1_web,11,monotone_rate,0.3,27,0.9230769230769231,0.4444444444444444,0.6,0.01,0.9592592592592593,0.026455026455026454,1.0
W1_web,11,monotone_rate,0.5,21,1.0,0.23809523809523808,0.3846153846153846,0.0,0.9252021563342318,0.008333333333333333,3.0
W1_web,11,attack_fraction,0.05,16,0.8235294117647058,0.875,0.8484848484848485,0.02702702702702703,0.9859234234234234,0.09482758620689655,1.0
W1_web,11,attack_fraction,0.1,16,0.8235294117647058,0.875,0.8484848484848485,0.02702702702702703,0.9859234234234234,0.09482758620689655,1.0
W1_web,11,attack_fraction,0.2,15,0.7692307692307693,0.6666666666666666,0.7142857142857142,0.026785714285714284,0.9717261904761905,0.10309278350515463,1.0
W1_web,11,attack_fraction,0.4,17,0.7692307692307693,0.5882352941176471,0.6666666666666667,0.02727272727272727,0.9601604278074867,0.07476635514018691,1.0
W1_web,11,attack_fraction,0.6,17,0.75,0.5294117647058824,0.6206896551724139,0.02727272727272727,0.9513368983957219,0.06422018348623854,1.0
W1_web,11,attack_rate,0.02,2,0.14285714285714285,0.5,0.22222222222222224,0.048,0.97,0.03571428571428571,1.0
W1_web,11,attack_rate,0.05,5,0.4,0.8,0.5333333333333333,0.04918032786885246,0.9860655737704918,0.043478260869565216,1.0
W1_web,11,attack_rate,0.1,8,0.5384615384615384,0.875,0.6666666666666667,0.05042016806722689,0.9690126050420168,0.06578947368421052,1.0
W1_web,11,attack_rate,0.2,17,0.7692307692307693,0.5882352941176471,0.6666666666666667,0.02727272727272727,0.9601604278074867,0.07476635514018691,1.0
W1_web,11,attack_rate,0.35,31,0.92,0.7419354838709677,0.8214285714285714,0.020833333333333332,0.9689180107526881,0.07575757575757576,1.0
W1_web,11,theft_position,0.10-0.20,19,0.8333333333333334,0.7894736842105263,0.8108108108108109,0.027777777777777776,0.972953216374269,0.08943089430894309,1.0
W1_web,11,theft_position,0.25-0.50,17,0.7692307692307693,0.5882352941176471,0.6666666666666667,0.02727272727272727,0.9601604278074867,0.07476635514018691,1.0
W1_web,11,theft_position,0.50-0.70,8,0.6,0.75,0.6666666666666665,0.03361344537815126,0.9816176470588235,0.0625,1.0
W1_web,11,theft_position,0.70-0.85,6,0.5555555555555556,0.8333333333333334,0.6666666666666667,0.03305785123966942,0.9889807162534435,0.1,1.0
W1_web,11,theft_delay_s,0.0,18,0.8235294117647058,0.7777777777777778,0.7999999999999999,0.027522935779816515,0.97782874617737,0.10891089108910891,1.0
W1_web,11,theft_delay_s,1.0,18,0.8235294117647058,0.7777777777777778,0.7999999999999999,0.027522935779816515,0.97782874617737,0.10891089108910891,1.0
W1_web,11,theft_delay_s,60.0,18,0.8,0.6666666666666666,0.7272727272727272,0.027522935779816515,0.9658511722731906,0.1188118811881188,1.0
W1_web,11,theft_delay_s,600.0,18,0.8,0.6666666666666666,0.7272727272727272,0.027522935779816515,0.9658511722731906,0.1188118811881188,1.0
W1_web,12,flapping_rate,0.0,22,0.9285714285714286,0.5909090909090909,0.7222222222222223,0.009523809523809525,0.9865800865800866,0.14173228346456693,1.0
W1_web,12,flapping_rate,0.01,26,0.9444444444444444,0.6538461538461539,0.7727272727272727,0.009900990099009901,0.984006092916984,0.07058823529411765,1.0
W1_web,12,flapping_rate,0.02,26,1.0,0.6153846153846154,0.761904761904762,0.0,0.9798172124904798,0.06470588235294118,1.0
W1_web,12,flapping_rate,0.05,27,0.8888888888888888,0.5925925925925926,0.711111111111111,0.02,0.9590740740740741,0.047337278106508875,1.0
W1_web,12,flapping_rate,0.1,25,1.0,0.36,0.5294117647058824,0.0,0.9533333333333334,0.014184397163120567,3.0
W1_web,12,flapping_rate,0.2,24,0.8421052631578947,0.6666666666666666,0.744186046511628,0.02912621359223301,0.9468042071197411,0.10071942446043165,1.0
W1_web,12,monotone_rate,0.0,22,1.0,0.4090909090909091,0.5806451612903226,0.0,0.9945887445887446,0.08771929824561403,1.0
W1_web,12,monotone_rate,0.05,23,0.8571428571428571,0.2608695652173913,0.4,0.009615384615384616,0.967809364548495,0.027777777777777776,2.0
W1_web,12,monotone_rate,0.15,27,0.8888888888888888,0.5925925925925926,0.711111111111111,0.02,0.9590740740740741,0.047337278106508875,1.0
W1_web,12,monotone_rate,0.3,22,0.8,0.5454545454545454,0.6486486486486486,0.02857142857142857,0.9186147186147187,0.08,1.0
W1_web,12,monotone_rate,0.5,19,1.0,0.21052631578947367,0.34782608695652173,0.0,0.9554093567251462,0.031496062992125984,1.5
W1_web,12,attack_fraction,0.05,28,0.8823529411764706,0.5357142857142857,0.6666666666666667,0.020202020202020204,0.9603174603174603,0.03418803418803419,1.0
W1_web,12,attack_fraction,0.1,28,0.8333333333333334,0.35714285714285715,0.5,0.020202020202020204,0.9538239538239538,0.028985507246376812,1.0
W1_web,12,attack_fraction,0.2,29,0.8333333333333334,0.3448275862068966,0.4878048780487806,0.02040816326530612,0.9458128078817734,0.022727272727272728,1.0
W1_web,12,attack_fraction,0.4,27,0.8888888888888888,0.5925925925925926,0.711111111111111,0.02,0.9590740740740741,0.047337278106508875,1.0
W1_web,12,attack_fraction,0.6,26,0.8823529411764706,0.5769230769230769,0.6976744186046512,0.019801980198019802,0.9664889565879665,0.048484848484848485,1.0
W1_web,12,attack_rate,0.02,2,0.3333333333333333,0.5,0.4,0.016,0.976,0.0,3.0
W1_web,12,attack_rate,0.05,7,0.6,0.42857142857142855,0.5,0.016666666666666666,0.950595238095238,0.07407407407407407,1.0
W1_web,12,attack_rate,0.1,12,0.7142857142857143,0.4166666666666667,0.5263157894736842,0.017391304347826087,0.9253623188405797,0.021739130434782608,3.0
W1_web,12,attack_rate,0.2,27,0.8888888888888888,0.5925925925925926,0.711111111111111,0.02,0.9590740740740741,0.047337278106508875,1.0
W1_web,12,attack_rate,0.35,45,0.96,0.5333333333333333,0.6857142857142858,0.012195121951219513,0.9669376693766938,0.04964539007092199,1.0
W1_web,12,theft_position,0.10-0.20,31,0.8666666666666667,0.41935483870967744,0.5652173913043478,0.020833333333333332,0.9564852150537635,0.06091370558375635,1.0
W1_web,12,theft_position,0.25-0.50,27,0.8888888888888888,0.5925925925925926,0.711111111111111,0.02,0.9590740740740741,0.047337278106508875,1.0
W1_web,12,theft_position,0.50-0.70,15,0.7777777777777778,0.4666666666666667,0.5833333333333334,0.017857142857142856,0.9651785714285714,0.046511627906976744,1.0
W1_web,12,theft_position,0.70-0.85,8,0.5,0.25,0.3333333333333333,0.01680672268907563,0.8897058823529411,0.0,6.0
W1_web,12,theft_delay_s,0.0,29,0.8333333333333334,0.3448275862068966,0.4878048780487806,0.02040816326530612,0.9393033075299085,0.023255813953488372,2.0
W1_web,12,theft_delay_s,1.0,29,0.8333333333333334,0.3448275862068966,0.4878048780487806,0.02040816326530612,0.9393033075299085,0.023255813953488372,2.0
W1_web,12,theft_delay_s,60.0,29,0.8,0.27586206896551724,0.4102564102564103,0.02040816326530612,0.9269880365939479,0.023255813953488372,1.0
W1_web,12,theft_delay_s,600.0,29,0.8,0.27586206896551724,0.4102564102564103,0.02040816326530612,0.9269880365939479,0.023255813953488372,1.0
W1_web,13,flapping_rate,0.0,24,0.88,0.9166666666666666,0.8979591836734694,0.02912621359223301,0.9809870550161812,0.22857142857142856,1.0
W1_web,13,flapping_rate,0.01,25,0.8947368421052632,0.68,0.7727272727272727,0.0196078431372549,0.9788235294117648,0.11851851851851852,1.0
W1_web,13,flapping_rate,0.02,23,0.9375,0.6521739130434783,0.7692307692307693,0.009615384615384616,0.9711538461538461,0.07746478873239436,1.0
W1_web,13,flapping_rate,0.05,21,0.7894736842105263,0.7142857142857143,0.7500000000000001,0.03773584905660377,0.9786612758310872,0.06896551724137931,1.0
W1_web,13,flapping_rate,0.1,27,0.6190476190476191,0.48148148148148145,0.5416666666666666,0.08,0.9135185185185185,0.056962025316455694,1.0
W1_web,13,flapping_rate,0.2,25,0.6842105263157895,0.52,0.5909090909090909,0.058823529411764705,0.8492156862745098,0.07874015748031496,1.0
W1_web,13,monotone_rate,0.0,27,1.0,0.4074074074074074,0.5789473684210525,0.0,0.9807407407407407,0.043010752688172046,1.0
W1_web,13,monotone_rate,0.05,27,0.9,0.6666666666666666,0.7659574468085106,0.02,0.9846296296296296,0.09090909090909091,1.0
W1_web,13,monotone_rate,0.15,21,0.7894736842105263,0.7142857142857143,0.7500000000000001,0.03773584905660377,0.9786612758310872,0.06896551724137931,1.0
W1_web,13,monotone_rate,0.3,25,0.8888888888888888,0.64,0.7441860465116279,0.0196078431372549,0.9396078431372549,0.12941176470588237,1.0
W1_web,13,monotone_rate,0.5,24,0.8571428571428571,0.75,0.7999999999999999,0.02912621359223301,0.9401294498381877,0.13291139240506328,1.0
W1_web,13,attack_fraction,0.05,23,0.8260869565217391,0.8260869565217391,0.8260869565217391,0.038461538461538464,0.9864130434782609,0.15789473684210525,1.0
W1_web,13,attack_fraction,0.1,22,0.8095238095238095,0.7727272727272727,0.7906976744186046,0.0380952380952381,0.9829004329004329,0.1276595744680851,1.0
W1_web,13,attack_fraction,0.2,22,0.8,0.7272727272727273,0.761904761904762,0.0380952380952381,0.9755411255411255,0.08928571428571429,1.0
W1_web,13,attack_fraction,0.4,21,0.7894736842105263,0.7142857142857143,0.7500000000000001,0.03773584905660377,0.9786612758310872,0.06896551724137931,1.0
W1_web,13,attack_fraction,0.6,22,0.8,0.7272727272727273,0.761904761904762,0.0380952380952381,0.983982683982684,0.0916030534351145,1.0
W1_web,13,attack_rate,0.02,2,0.2,0.5,0.28571428571428575,0.032,0.978,0.0,3.0
W1_web,13,attack_rate,0.05,7,0.5555555555555556,0.7142857142857143,0.6250000000000001,0.03333333333333333,0.9672619047619048,0.058823529411764705,3.0
W1_web,13,attack_rate,0.1,13,0.6666666666666666,0.6153846153846154,0.64,0.03508771929824561,0.97165991902834,0.15714285714285714,1.0
W1_web,13,attack_rate,0.2,21,0.7894736842105263,0.7142857142857143,0.7500000000000001,0.03773584905660377,0.9786612758310872,0.06896551724137931,1.0
W1_web,13,attack_rate,0.35,41,0.90625,0.7073170731707317,0.7945205479452054,0.03488372093023256,0.9624220079410096,0.08045977011494253,1.0
W1_web,13,theft_position,0.10-0.20,25,0.8461538461538461,0.88,0.8627450980392156,0.0392156862745098,0.9870588235294118,0.10071942446043165,1.0
W1_web,13,theft_position,0.25-0.50,21,0.7894736842105263,0.7142857142857143,0.7500000000000001,0.03773584905660377,0.9786612758310872,0.06896551724137931,1.0
W1_web,13,theft_position,0.50-0.70,12,0.6363636363636364,0.5833333333333334,0.6086956521739131,0.034782608695652174,0.9449275362318841,0.07894736842105263,1.0
W1_web,13,theft_position,0.70-0.85,8,0.5555555555555556,0.625,0.5882352941176471,0.03361344537815126,0.9548319327731093,0.075,1.0
W1_web,13,theft_delay_s,0.0,23,0.8181818181818182,0.782608695652174,0.8,0.038461538461538464,0.9738712374581939,0.078125,1.0
W1_web,13,theft_delay_s,1.0,23,0.8181818181818182,0.782608695652174,0.8,0.038461538461538464,0.9738712374581939,0.078125,1.0
W1_web,13,theft_delay_s,60.0,23,0.75,0.5217391304347826,0.6153846153846153,0.038461538461538464,0.9479515050167224,0.078125,1.0
W1_web,13,theft_delay_s,600.0,23,0.75,0.5217391304347826,0.6153846153846153,0.038461538461538464,0.9479515050167224,0.078125,1.0
W1_web,14,flapping_rate,0.0,21,0.8823529411764706,0.7142857142857143,0.7894736842105262,0.018867924528301886,0.9712488769092543,0.13970588235294118,1.0
W1_web,14,flapping_rate,0.01,22,1.0,0.7272727272727273,0.8421052631578948,0.0,0.9885281385281385,0.07874015748031496,1.0
W1_web,14,flapping_rate,0.02,22,1.0,0.5909090909090909,0.7428571428571429,0.0,0.9865800865800866,0.09734513274336283,1.0
W1_web,14,flapping_rate,0.05,24,0.7272727272727273,0.3333333333333333,0.4571428571428572,0.02912621359223301,0.9514563106796117,0.023809523809523808,1.0
W1_web,14,flapping_rate,0.1,21,0.7777777777777778,0.6666666666666666,0.717948717948718,0.03773584905660377,0.9669811320754716,0.07514450867052024,1.0
W1_web,14,flapping_rate,0.2,19,0.6428571428571429,0.47368421052631576,0.5454545454545454,0.046296296296296294,0.8847465886939572,0.0625,1.0
W1_web,14,monotone_rate,0.0,19,0.6666666666666666,0.21052631578947367,0.32,0.018518518518518517,0.9617446393762183,0.02654867256637168,1.0
W1_web,14,monotone_rate,0.05,23,1.0,0.21739130434782608,0.3571428571428571,0.0,0.975752508361204,0.047619047619047616,1.0
W1_web,14,monotone_rate,0.15,24,0.7272727272727273,0.3333333333333333,0.4571428571428572,0.02912621359223301,0.9514563106796117,0.023809523809523808,1.0
W1_web,14,monotone_rate,0.3,21,0.8888888888888888,0.38095238095238093,0.5333333333333333,0.009433962264150943,0.9420485175202157,0.04065040650406504,1.0
W1_web,14,monotone_rate,0.5,23,0.8181818181818182,0.391304347826087,0.5294117647058824,0.019230769230769232,0.9274665551839465,0.045714285714285714,1.0
W1_web,14,attack_fraction,0.05,22,0.7,0.3181818181818182,0.4375,0.02857142857142857,0.941991341991342,0.013888888888888888,3.0
W1_web,14,attack_fraction,0.1,22,0.7,0.3181818181818182,0.4375,0.02857142857142857,0.941991341991342,0.013793103448275862,3.0
W1_web,14,attack_fraction,0.2,22,0.7692307692307693,0.45454545454545453,0.5714285714285714,0.02857142857142857,0.9554112554112554,0.018518518518518517,3.0
W1_web,14,attack_fraction,0.4,24,0.7272727272727273,0.3333333333333333,0.4571428571428572,0.02912621359223301,0.9514563106796117,0.023809523809523808,1.0
W1_web,14,attack_fraction,0.6,24,0.75,0.375,0.5,0.02912621359223301,0.9569174757281553,0.023809523809523808,1.0
W1_web,14,attack_rate,0.02,1,0.0,0.0,0.0,0.023809523809523808,0.8809523809523809,0.0,
W1_web,14,attack_rate,0.05,5,0.25,0.2,0.22222222222222224,0.02459016393442623,0.9483606557377049,0.04,1.0
W1_web,14,attack_rate,0.1,11,0.5714285714285714,0.36363636363636365,0.4444444444444444,0.02586206896551724,0.9627742946708464,0.015625,3.0
W1_web,14,attack_rate,0.2,24,0.7272727272727273,0.3333333333333333,0.4571428571428572,0.02912621359223301,0.9514563106796117,0.023809523809523808,1.0
W1_web,14,attack_rate,0.35,42,0.9,0.42857142857142855,0.5806451612903225,0.023529411764705882,0.9710084033613445,0.031496062992125984,1.5
W1_web,14,theft_position,0.10-0.20,26,0.8333333333333334,0.5769230769230769,0.6818181818181818,0.0297029702970297,0.9687738004569688,0.05263157894736842,1.0
W1_web,14,theft_position,0.25-0.50,24,0.7272727272727273,0.3333333333333333,0.4571428571428572,0.02912621359223301,0.9514563106796117,0.023809523809523808,1.0
W1_web,14,theft_position,0.50-0.70,14,0.5,0.21428571428571427,0.3,0.02654867256637168,0.938685208596713,0.022988505747126436,1.0
W1_web,14,theft_position,0.70-0.85,8,0.5,0.375,0.42857142857142855,0.025210084033613446,0.9784663865546218,0.06382978723404255,1.0
W1_web,14,theft_delay_s,0.0,23,0.7272727272727273,0.34782608695652173,0.4705882352941176,0.028846153846153848,0.9634197324414716,0.013793103448275862,3.0
W1_web,14,theft_delay_s,1.0,23,0.7272727272727273,0.34782608695652173,0.4705882352941176,0.028846153846153848,0.9634197324414716,0.013793103448275862,3.0
W1_web,14,theft_delay_s,60.0,23,0.625,0.21739130434782608,0.3225806451612903,0.028846153846153848,0.9577759197324415,0.013793103448275862,2.0
W1_web,14,theft_delay_s,600.0,23,0.625,0.21739130434782608,0.3225806451612903,0.028846153846153848,0.9577759197324415,0.013793103448275862,2.0
W1_web,15,flapping_rate,0.0,26,1.0,0.5,0.6666666666666666,0.0,0.9878141660319878,0.03755868544600939,1.0
W1_web,15,flapping_rate,0.01,26,0.9444444444444444,0.6538461538461539,0.7727272727272727,0.009900990099009901,0.9794364051789795,0.06735751295336788,1.0
W1_web,15,flapping_rate,0.02,26,0.9090909090909091,0.7692307692307693,0.8333333333333333,0.019801980198019802,0.9822924600152323,0.10236220472440945,1.0
W1_web,15,flapping_rate,0.05,24,0.9166666666666666,0.4583333333333333,0.611111111111111,0.009708737864077669,0.9781553398058253,0.04054054054054054,1.0
W1_web,15,flapping_rate,0.1,23,0.7222222222222222,0.5652173913043478,0.6341463414634146,0.04807692307692308,0.9423076923076923,0.055900621118012424,1.0
W1_web,15,flapping_rate,0.2,23,0.7692307692307693,0.43478260869565216,0.5555555555555555,0.028846153846153848,0.9312290969899666,0.10526315789473684,1.0
W1_web,15,monotone_rate,0.0,29,0.9629629629629629,0.896551724137931,0.9285714285714286,0.01020408163265306,0.9961294862772695,0.12365591397849462,1.0
W1_web,15,monotone_rate,0.05,27,0.9523809523809523,0.7407407407407407,0.8333333333333334,0.01,0.9925925925925926,0.13609467455621302,1.0
W1_web,15,monotone_rate,0.15,24,0.9166666666666666,0.4583333333333333,0.611111111111111,0.009708737864077669,0.9781553398058253,0.04054054054054054,1.0
W1_web,15,monotone_rate,0.3,18,0.9166666666666666,0.6111111111111112,0.7333333333333334,0.009174311926605505,0.9734964322120285,0.05042016806722689,1.0
W1_web,15,monotone_rate,0.5,28,0.8666666666666667,0.4642857142857143,0.6046511627906976,0.020202020202020204,0.920995670995671,0.04,1.0
W1_web,15,attack_fraction,0.05,22,0.9285714285714286,0.5909090909090909,0.7222222222222223,0.009523809523809525,0.9844155844155844,0.07692307692307693,1.0
W1_web,15,attack_fraction,0.1,23,0.9333333333333333,0.6086956521739131,0.7368421052631579,0.009615384615384616,0.9912207357859532,0.08196721311475409,1.0
W1_web,15,attack_fraction,0.2,23,0.8888888888888888,0.34782608695652173,0.5,0.009615384615384616,0.9634197324414716,0.049586776859504134,1.0
W1_web,15,attack_fraction,0.4,24,0.9166666666666666,0.4583333333333333,0.611111111111111,0.009708737864077669,0.9781553398058253,0.04054054054054054,1.0
W1_web,15,attack_fraction,0.6,24,0.9285714285714286,0.5416666666666666,0.6842105263157894,0.009708737864077669,0.9805825242718447,0.05027932960893855,1.0
W1_web,15,attack_rate,0.02,1,0.0,0.0,0.0,0.007936507936507936,0.9920634920634921,0.0,
W1_web,15,attack_rate,0.05,5,0.0,0.0,0.0,0.00819672131147541,0.969672131147541,0.0,
W1_web,15,attack_rate,0.1,12,0.8333333333333334,0.4166666666666667,0.5555555555555556,0.008695652173913044,0.9775362318840579,0.031746031746031744,1.0
W1_web,15,attack_rate,0.2,24,0.9166666666666666,0.4583333333333333,0.611111111111111,0.009708737864077669,0.9781553398058253,0.04054054054054054,1.0
W1_web,15,attack_rate,0.35,40,0.9473684210526315,0.45,0.6101694915254237,0.011494252873563218,0.978448275862069,0.04090909090909091,1.0
W1_web,15,theft_position,0.10-0.20,28,0.9285714285714286,0.4642857142857143,0.6190476190476191,0.010101010101010102,0.976010101010101,0.050314465408805034,1.0
W1_web,15,theft_position,0.25-0.50,24,0.9166666666666666,0.4583333333333333,0.611111111111111,0.009708737864077669,0.9781553398058253,0.04054054054054054,1.0
W1_web,15,theft_position,0.50-0.70,13,0.8333333333333334,0.38461538461538464,0.5263157894736842,0.008771929824561403,0.9804318488529015,0.02564102564102564,4.0
W1_web,15,theft_position,0.70-0.85,7,0.8,0.5714285714285714,0.6666666666666666,0.008333333333333333,0.9898809523809524,0.046511627906976744,3.0
W1_web,15,theft_delay_s,0.0,24,0.9090909090909091,0.4166666666666667,0.5714285714285715,0.009708737864077669,0.98584142394822,0.0379746835443038,1.0
W1_web,15,theft_delay_s,1.0,24,0.9090909090909091,0.4166666666666667,0.5714285714285715,0.009708737864077669,0.98584142394822,0.0379746835443038,1.0
W1_web,15,theft_delay_s,60.0,24,0.9,0.375,0.5294117647058825,0.009708737864077669,0.9842233009708737,0.04430379746835443,1.0
W1_web,15,theft_delay_s,600.0,24,0.9,0.375,0.5294117647058825,0.009708737864077669,0.9842233009708737,0.04430379746835443,1.0
W1_web,16,flapping_rate,0.0,23,1.0,0.782608695652174,0.878048780487805,0.0,0.9880852842809364,0.13740458015267176,1.0
W1_web,16,flapping_rate,0.01,20,1.0,0.45,0.6206896551724138,0.0,0.9691588785046729,0.04838709677419355,1.0
W1_web,16,flapping_rate,0.02,21,0.9444444444444444,0.8095238095238095,0.8717948717948718,0.009433962264150943,0.9784366576819407,0.18803418803418803,1.0
W1_web,16,flapping_rate,0.05,20,0.8181818181818182,0.45,0.5806451612903226,0.018691588785046728,0.9593457943925233,0.031007751937984496,1.0
W1_web,16,flapping_rate,0.1,18,0.8461538461538461,0.6111111111111112,0.7096774193548387,0.01834862385321101,0.9622833843017329,0.08928571428571429,1.0
W1_web,16,flapping_rate,0.2,21,0.8666666666666667,0.6190476190476191,0.7222222222222222,0.018867924528301886,0.9449685534591195,0.07432432432432433,1.0
W1_web,16,monotone_rate,0.0,19,1.0,0.5263157894736842,0.6896551724137931,0.0,0.9868421052631579,0.05555555555555555,1.0
W1_web,16,monotone_rate,0.05,26,0.9,0.6923076923076923,0.7826086956521738,0.019801980198019802,0.9821020563594821,0.08875739644970414,1.0
W1_web,16,monotone_rate,0.15,20,0.8181818181818182,0.45,0.5806451612903226,0.018691588785046728,0.9593457943925233,0.031007751937984496,1.0
W1_web,16,monotone_rate,0.3,25,0.7727272727272727,0.68,0.7234042553191491,0.049019607843137254,0.9368627450980392,0.0949367088607595,1.0
W1_web,16,monotone_rate,0.5,21,0.9090909090909091,0.47619047619047616,0.6249999999999999,0.009433962264150943,0.9456424079065588,0.08661417322834646,1.0
W1_web,16,attack_fraction,0.05,21,0.8461538461538461,0.5238095238095238,0.6470588235294118,0.018867924528301886,0.9573225516621743,0.04132231404958678,1.0
W1_web,16,attack_fraction,0.1,21,0.8461538461538461,0.5238095238095238,0.6470588235294118,0.018867924528301886,0.9573225516621743,0.04132231404958678,1.0
W1_web,16,attack_fraction,0.2,21,0.8461538461538461,0.5238095238095238,0.6470588235294118,0.018867924528301886,0.9627133872416891,0.046511627906976744,1.0
W1_web,16,attack_fraction,0.4,20,0.8181818181818182,0.45,0.5806451612903226,0.018691588785046728,0.9593457943925233,0.031007751937984496,1.0
W1_web,16,attack_fraction,0.6,20,0.7777777777777778,0.35,0.48275862068965514,0.018691588785046728,0.9511682242990654,0.027972027972027972,1.0
W1_web,16,attack_rate,0.02,6,0.6,0.5,0.5454545454545454,0.01652892561983471,0.9820936639118457,0.07042253521126761,1.0
W1_web,16,attack_rate,0.05,9,0.6,0.3333333333333333,0.42857142857142855,0.01694915254237288,0.9698681732580038,0.029411764705882353,1.0
W1_web,16,attack_rate,0.1,13,0.6666666666666666,0.3076923076923077,0.42105263157894735,0.017543859649122806,0.9493927125506073,0.02,1.0
W1_web,16,attack_rate,0.2,20,0.8181818181818182,0.45,0.5806451612903226,0.018691588785046728,0.9593457943925233,0.031007751937984496,1.0
W1_web,16,attack_rate,0.35,35,0.8947368421052632,0.4857142857142857,0.6296296296296297,0.021739130434782608,0.9650621118012422,0.059113300492610835,1.0
W1_web,16,theft_position,0.10-0.20,23,0.8333333333333334,0.43478260869565216,0.5714285714285714,0.019230769230769232,0.9690635451505016,0.02097902097902098,1.0
W1_web,16,theft_position,0.25-0.50,20,0.8181818181818182,0.45,0.5806451612903226,0.018691588785046728,0.9593457943925233,0.031007751937984496,1.0
W1_web,16,theft_position,0.50-0.70,14,0.7777777777777778,0.5,0.6086956521739131,0.017699115044247787,0.9696586599241467,0.020833333333333332,3.0
W1_web,16,theft_position,0.70-0.85,8,0.6,0.375,0.4615384615384615,0.01680672268907563,0.9705882352941176,0.0,3.0
W1_web,16,theft_delay_s,0.0,21,0.8,0.38095238095238093,0.5161290322580645,0.018867924528301886,0.9618149146451033,0.02857142857142857,2.0
W1_web,16,theft_delay_s,1.0,21,0.8,0.38095238095238093,0.5161290322580645,0.018867924528301886,0.9618149146451033,0.02857142857142857,2.0
W1_web,16,theft_delay_s,60.0,21,0.6666666666666666,0.19047619047619047,0.2962962962962963,0.018867924528301886,0.945193171608266,0.02857142857142857,1.0
W1_web,16,theft_delay_s,600.0,21,0.6666666666666666,0.19047619047619047,0.2962962962962963,0.018867924528301886,0.945193171608266,0.02857142857142857,1.0
W1_web,17,flapping_rate,0.0,27,0.96,0.8888888888888888,0.923076923076923,0.01,0.9824074074074074,0.20588235294117646,1.0
W1_web,17,flapping_rate,0.01,29,0.9259259259259259,0.8620689655172413,0.8928571428571429,0.02040816326530612,0.9841660802251935,0.07834101382488479,1.0
W1_web,17,flapping_rate,0.02,29,0.8823529411764706,0.5172413793103449,0.6521739130434783,0.02040816326530612,0.9711470795214637,0.09195402298850575,1.0
W1_web,17,flapping_rate,0.05,22,0.9090909090909091,0.45454545454545453,0.6060606060606061,0.009523809523809525,0.9331168831168831,0.04032258064516129,1.0
W1_web,17,flapping_rate,0.1,23,0.9285714285714286,0.5652173913043478,0.7027027027027025,0.009615384615384616,0.9563127090301003,0.06976744186046512,1.0
W1_web,17,flapping_rate,0.2,27,0.9285714285714286,0.48148148148148145,0.6341463414634146,0.01,0.9068518518518518,0.0625,1.0
W1_web,17,monotone_rate,0.0,24,0.8333333333333334,0.625,0.7142857142857143,0.02912621359223301,0.9856391585760518,0.09285714285714286,1.0
W1_web,17,monotone_rate,0.05,25,0.8235294117647058,0.56,0.6666666666666666,0.029411764705882353,0.9692156862745098,0.05263157894736842,1.0
W1_web,17,monotone_rate,0.15,22,0.9090909090909091,0.45454545454545453,0.6060606060606061,0.009523809523809525,0.9331168831168831,0.04032258064516129,1.0
W1_web,17,monotone_rate,0.3,21,0.7222222222222222,0.6190476190476191,0.6666666666666666,0.04716981132075472,0.9200359389038635,0.08823529411764706,1.0
W1_web,17,monotone_rate,0.5,24,1.0,0.625,0.7692307692307693,0.0,0.9174757281553398,0.08904109589041095,1.0
W1_web,17,attack_fraction,0.05,19,0.8571428571428571,0.3157894736842105,0.46153846153846156,0.009259259259259259,0.952729044834308,0.012987012987012988,1.0
W1_web,17,attack_fraction,0.1,19,0.875,0.3684210526315789,0.5185185185185185,0.009259259259259259,0.9488304093567251,0.024096385542168676,1.0
W1_web,17,attack_fraction,0.2,19,0.8888888888888888,0.42105263157894735,0.5714285714285714,0.009259259259259259,0.9466374269005848,0.03225806451612903,1.0
W1_web,17,attack_fraction,0.4,22,0.9090909090909091,0.45454545454545453,0.6060606060606061,0.009523809523809525,0.9331168831168831,0.04032258064516129,1.0
W1_web,17,attack_fraction,0.6,23,0.9090909090909091,0.43478260869565216,0.5882352941176471,0.009615384615384616,0.9512959866220736,0.013245033112582781,3.0
W1_web,17,attack_rate,0.02,2,0.5,0.5,0.5,0.008,0.994,0.0,1.0
W1_web,17,attack_rate,0.05,6,0.6666666666666666,0.3333333333333333,0.4444444444444444,0.008264462809917356,0.9786501377410468,0.038461538461538464,2.0
W1_web,17,attack_rate,0.1,12,0.8,0.3333333333333333,0.47058823529411764,0.008695652173913044,0.9471014492753623,0.016129032258064516,2.0
W1_web,17,attack_rate,0.2,22,0.9090909090909091,0.45454545454545453,0.6060606060606061,0.009523809523809525,0.9331168831168831,0.04032258064516129,1.0
W1_web,17,attack_rate,0.35,36,1.0,0.5833333333333334,0.7368421052631579,0.0,0.9803113553113553,0.03825136612021858,1.0
W1_web,17,theft_position,0.10-0.20,24,0.9285714285714286,0.5416666666666666,0.6842105263157894,0.009708737864077669,0.9607605177993528,0.04411764705882353,1.0
W1_web,17,theft_position,0.25-0.50,22,0.9090909090909091,0.45454545454545453,0.6060606060606061,0.009523809523809525,0.9331168831168831,0.04032258064516129,1.0
W1_web,17,theft_position,0.50-0.70,9,0.75,0.3333333333333333,0.46153846153846156,0.00847457627118644,0.966572504708098,0.030303030303030304,1.0
W1_web,17,theft_position,0.70-0.85,7,0.6666666666666666,0.2857142857142857,0.4,0.008333333333333333,0.9470238095238095,0.044444444444444446,1.0
W1_web,17,theft_delay_s,0.0,21,0.9,0.42857142857142855,0.5806451612903225,0.009433962264150943,0.9739442946990117,0.05737704918032787,1.0
W1_web,17,theft_delay_s,1.0,21,0.9,0.42857142857142855,0.5806451612903225,0.009433962264150943,0.9739442946990117,0.05737704918032787,1.0
W1_web,17,theft_delay_s,60.0,21,0.8888888888888888,0.38095238095238093,0.5333333333333333,0.009433962264150943,0.97214734950584,0.05737704918032787,1.0
W1_web,17,theft_delay_s,600.0,21,0.8888888888888888,0.38095238095238093,0.5333333333333333,0.009433962264150943,0.97214734950584,0.05737704918032787,1.0
W1_web,18,flapping_rate,0.0,26,1.0,0.6538461538461539,0.7906976744186047,0.0,0.9996191926884996,0.08,1.0
W1_web,18,flapping_rate,0.01,25,0.9166666666666666,0.44,0.5945945945945945,0.00980392156862745,0.9649019607843137,0.07194244604316546,1.0
W1_web,18,flapping_rate,0.02,25,0.9230769230769231,0.48,0.631578947368421,0.00980392156862745,0.9701960784313726,0.06756756756756757,1.0
W1_web,18,flapping_rate,0.05,27,0.9333333333333333,0.5185185185185185,0.6666666666666667,0.01,0.9787037037037037,0.06285714285714286,1.0
W1_web,18,flapping_rate,0.1,22,0.8333333333333334,0.6818181818181818,0.7499999999999999,0.02857142857142857,0.9584415584415584,0.09523809523809523,1.0
W1_web,18,flapping_rate,0.2,28,0.8421052631578947,0.5714285714285714,0.6808510638297872,0.030303030303030304,0.898088023088023,0.14619883040935672,1.0
W1_web,18,monotone_rate,0.0,25,1.0,0.6,0.7499999999999999,0.0,0.9911764705882353,0.09375,1.0
W1_web,18,monotone_rate,0.05,26,0.9230769230769231,0.46153846153846156,0.6153846153846155,0.009900990099009901,0.9862909367859863,0.03225806451612903,1.0
W1_web,18,monotone_rate,0.15,27,0.9333333333333333,0.5185185185185185,0.6666666666666667,0.01,0.9787037037037037,0.06285714285714286,1.0
W1_web,18,monotone_rate,0.3,22,0.8888888888888888,0.7272727272727273,0.7999999999999999,0.01904761904761905,0.9664502164502164,0.12396694214876033,1.0
W1_web,18,monotone_rate,0.5,17,0.8,0.47058823529411764,0.5925925925925927,0.01818181818181818,0.9427807486631016,0.04807692307692308,1.0
W1_web,18,attack_fraction,0.05,25,0.9,0.36,0.5142857142857143,0.00980392156862745,0.9790196078431372,0.04,1.0
W1_web,18,attack_fraction,0.1,25,0.9,0.36,0.5142857142857143,0.00980392156862745,0.9790196078431372,0.04,1.0
W1_web,18,attack_fraction,0.2,22,0.9166666666666666,0.5,0.6470588235294118,0.009523809523809525,0.9759740259740259,0.04285714285714286,1.0
W1_web,18,attack_fraction,0.4,27,0.9333333333333333,0.5185185185185185,0.6666666666666667,0.01,0.9787037037037037,0.06285714285714286,1.0
W1_web,18,attack_fraction,0.6,24,0.9333333333333333,0.5833333333333334,0.7179487179487181,0.009708737864077669,0.970873786407767,0.05263157894736842,1.0
W1_web,18,attack_rate,0.02,3,0.5,0.3333333333333333,0.4,0.008064516129032258,0.9489247311827957,0.04,1.0
W1_web,18,attack_rate,0.05,5,0.6666666666666666,0.4,0.5,0.00819672131147541,0.9598360655737705,0.017241379310344827,2.0
W1_web,18,attack_rate,0.1,12,0.8888888888888888,0.6666666666666666,0.761904761904762,0.008695652173913044,0.9952898550724638,0.11688311688311688,1.0
W1_web,18,attack_rate,0.2,27,0.9333333333333333,0.5185185185185185,0.6666666666666667,0.01,0.9787037037037037,0.06285714285714286,1.0
W1_web,18,attack_rate,0.35,43,0.9444444444444444,0.3953488372093023,0.5573770491803278,0.011904761904761904,0.9637320044296789,0.03237410071942446,1.0
W1_web,18,theft_position,0.10-0.20,29,0.9166666666666666,0.3793103448275862,0.5365853658536586,0.01020408163265306,0.9729064039408867,0.055248618784530384,2.0
W1_web,18,theft_position,0.25-0.50,27,0.9333333333333333,0.5185185185185185,0.6666666666666667,0.01,0.9787037037037037,0.06285714285714286,1.0
W1_web,18,theft_position,0.50-0.70,13,0.8,0.3076923076923077,0.4444444444444444,0.008771929824561403,0.9736842105263158,0.009615384615384616,7.5
W1_web,18,theft_position,0.70-0.85,10,0.8,0.4,0.5333333333333333,0.008547008547008548,0.9670940170940171,0.017543859649122806,3.0
W1_web,18,theft_delay_s,0.0,26,0.875,0.2692307692307692,0.411764705882353,0.009900990099009901,0.948971820258949,0.0379746835443038,1.0
W1_web,18,theft_delay_s,1.0,26,0.875,0.2692307692307692,0.411764705882353,0.009900990099009901,0.948971820258949,0.0379746835443038,1.0
W1_web,18,theft_delay_s,60.0,26,0.875,0.2692307692307692,0.411764705882353,0.009900990099009901,0.948971820258949,0.0379746835443038,1.0
W1_web,18,theft_delay_s,600.0,26,0.875,0.2692307692307692,0.411764705882353,0.009900990099009901,0.948971820258949,0.0379746835443038,1.0
W1_web,19,flapping_rate,0.0,20,0.875,0.35,0.4999999999999999,0.009345794392523364,0.9635514018691589,0.052083333333333336,1.0
W1_web,19,flapping_rate,0.01,20,0.875,0.35,0.4999999999999999,0.009345794392523364,0.9642523364485981,0.052083333333333336,1.0
W1_web,19,flapping_rate,0.02,22,0.8695652173913043,0.9090909090909091,0.888888888888889,0.02857142857142857,0.9818181818181818,0.17391304347826086,1.0
W1_web,19,flapping_rate,0.05,18,0.8,0.8888888888888888,0.8421052631578948,0.03669724770642202,0.9872579001019368,0.09565217391304348,1.0
W1_web,19,flapping_rate,0.1,17,0.8,0.23529411764705882,0.3636363636363636,0.00909090909090909,0.9219251336898395,0.01020408163265306,1.0
W1_web,19,flapping_rate,0.2,17,0.5,0.47058823529411764,0.48484848484848486,0.07272727272727272,0.8922459893048128,0.13253012048192772,1.0
W1_web,19,monotone_rate,0.0,23,0.9166666666666666,0.4782608695652174,0.6285714285714286,0.009615384615384616,0.9872491638795987,0.0380952380952381,2.0
W1_web,19,monotone_rate,0.05,18,0.875,0.3888888888888889,0.5384615384615385,0.009174311926605505,0.9701834862385321,0.05952380952380952,1.0
W1_web,19,monotone_rate,0.15,18,0.8,0.8888888888888888,0.8421052631578948,0.03669724770642202,0.9872579001019368,0.09565217391304348,1.0
W1_web,19,monotone_rate,0.3,20,0.8,0.6,0.6857142857142857,0.028037383177570093,0.9408878504672897,0.08620689655172414,1.0
W1_web,19,monotone_rate,0.5,26,0.8421052631578947,0.6153846153846154,0.7111111111111111,0.0297029702970297,0.9145087585681645,0.11851851851851852,1.0
W1_web,19,attack_fraction,0.05,21,0.7777777777777778,0.6666666666666666,0.717948717948718,0.03773584905660377,0.9564240790655885,0.11904761904761904,1.0
W1_web,19,attack_fraction,0.1,22,0.8095238095238095,0.7727272727272727,0.7906976744186046,0.0380952380952381,0.9766233766233766,0.12264150943396226,1.0
W1_web,19,attack_fraction,0.2,23,0.8095238095238095,0.7391304347826086,0.7727272727272727,0.038461538461538464,0.9738712374581939,0.08928571428571429,1.0
W1_web,19,attack_fraction,0.4,18,0.8,0.8888888888888888,0.8421052631578948,0.03669724770642202,0.9872579001019368,0.09565217391304348,1.0
W1_web,19,attack_fraction,0.6,20,0.7894736842105263,0.75,0.7692307692307692,0.037383177570093455,0.9684579439252337,0.07751937984496124,1.0
W1_web,19,attack_rate,0.02,2,0.2,0.5,0.28571428571428575,0.032,0.91,0.0,3.0
W1_web,19,attack_rate,0.05,3,0.3333333333333333,0.6666666666666666,0.4444444444444444,0.03225806451612903,0.9368279569892473,0.02631578947368421,2.0
W1_web,19,attack_rate,0.1,9,0.6,0.6666666666666666,0.631578947368421,0.03389830508474576,0.9675141242937854,0.1111111111111111,1.0
W1_web,19,attack_rate,0.2,18,0.8,0.8888888888888888,0.8421052631578948,0.03669724770642202,0.9872579001019368,0.09565217391304348,1.0
W1_web,19,attack_rate,0.35,38,0.8333333333333334,0.5263157894736842,0.6451612903225806,0.0449438202247191,0.952247191011236,0.08333333333333333,1.0
W1_web,19,theft_position,0.10-0.20,24,0.8,0.6666666666666666,0.7272727272727272,0.038834951456310676,0.9785598705501618,0.0759493670886076,1.0
W1_web,19,theft_position,0.25-0.50,18,0.8,0.8888888888888888,0.8421052631578948,0.03669724770642202,0.9872579001019368,0.09565217391304348,1.0
W1_web,19,theft_position,0.50-0.70,8,0.5,0.5,0.5,0.03361344537815126,0.960609243697479,0.06896551724137931,1.0
W1_web,19,theft_position,0.70-0.85,4,0.3333333333333333,0.5,0.4,0.032520325203252036,0.9410569105691057,0.038461538461538464,3.0
W1_web,19,theft_delay_s,0.0,19,0.75,0.631578947368421,0.6857142857142857,0.037037037037037035,0.9678362573099415,0.08527131782945736,1.0
W1_web,19,theft_delay_s,1.0,19,0.75,0.631578947368421,0.6857142857142857,0.037037037037037035,0.9678362573099415,0.08527131782945736,1.0
W1_web,19,theft_delay_s,60.0,19,0.7333333333333333,0.5789473684210527,0.6470588235294117,0.037037037037037035,0.9580896686159844,0.08527131782945736,1.0
W1_web,19,theft_delay_s,600.0,19,0.7333333333333333,0.5789473684210527,0.6470588235294117,0.037037037037037035,0.9580896686159844,0.08527131782945736,1.0
W1_web,0,min_requests,7,17,0.8181818181818182,0.5294117647058824,0.6428571428571428,0.01818181818181818,0.9441176470588235,0.0379746835443038,3.0
W1_web,1,min_requests,7,20,0.8571428571428571,0.6,0.7058823529411764,0.018691588785046728,0.9686915887850467,0.11,1.0
W1_web,2,min_requests,7,29,0.8823529411764706,0.5172413793103449,0.6521739130434783,0.02040816326530612,0.967100633356791,0.06451612903225806,1.0
W1_web,3,min_requests,7,23,0.9230769230769231,0.5217391304347826,0.6666666666666667,0.009615384615384616,0.9707357859531772,0.09090909090909091,1.0
W1_web,4,min_requests,7,23,1.0,0.6521739130434783,0.7894736842105263,0.0,0.9703177257525084,0.0875,1.0
W1_web,5,min_requests,7,26,0.9444444444444444,0.6538461538461539,0.7727272727272727,0.009900990099009901,0.9794364051789795,0.08860759493670886,1.0
W1_web,6,min_requests,7,17,0.9090909090909091,0.5882352941176471,0.7142857142857143,0.00909090909090909,0.9679144385026738,0.072,1.0
W1_web,7,min_requests,7,16,0.8571428571428571,0.375,0.5217391304347825,0.009009009009009009,0.9507319819819819,0.027522935779816515,2.0
W1_web,8,min_requests,7,23,1.0,0.5217391304347826,0.6857142857142856,0.0,0.9544314381270903,0.08264462809917356,1.0
W1_web,9,min_requests,7,23,0.875,0.6086956521739131,0.717948717948718,0.019230769230769232,0.9715719063545151,0.112,1.0
W1_web,10,min_requests,7,19,0.7222222222222222,0.6842105263157895,0.7027027027027027,0.046296296296296294,0.959307992202729,0.08035714285714286,1.0
W1_web,11,min_requests,7,17,0.7692307692307693,0.5882352941176471,0.6666666666666667,0.02727272727272727,0.9601604278074867,0.07476635514018691,1.0
W1_web,12,min_requests,7,27,0.8888888888888888,0.5925925925925926,0.711111111111111,0.02,0.9590740740740741,0.047337278106508875,1.0
W1_web,13,min_requests,7,21,0.7894736842105263,0.7142857142857143,0.7500000000000001,0.03773584905660377,0.9786612758310872,0.06896551724137931,1.0
W1_web,14,min_requests,7,24,0.7272727272727273,0.3333333333333333,0.4571428571428572,0.02912621359223301,0.9514563106796117,0.023809523809523808,1.0
W1_web,15,min_requests,7,24,0.9166666666666666,0.4583333333333333,0.611111111111111,0.009708737864077669,0.9781553398058253,0.04054054054054054,1.0
W1_web,16,min_requests,7,20,0.8181818181818182,0.45,0.5806451612903226,0.018691588785046728,0.9593457943925233,0.031007751937984496,1.0
W1_web,17,min_requests,7,22,0.9090909090909091,0.45454545454545453,0.6060606060606061,0.009523809523809525,0.9331168831168831,0.04032258064516129,1.0
W1_web,18,min_requests,7,27,0.9333333333333333,0.5185185185185185,0.6666666666666667,0.01,0.9787037037037037,0.06285714285714286,1.0
W1_web,19,min_requests,7,18,0.8,0.8888888888888888,0.8421052631578948,0.03669724770642202,0.9872579001019368,0.09565217391304348,1.0
W1_web,0,min_requests,10,12,0.875,0.5833333333333334,0.7000000000000001,0.023809523809523808,0.9583333333333334,0.009900990099009901,2.0
W1_web,1,min_requests,10,8,1.0,0.625,0.7692307692307693,0.0,0.9646739130434783,0.022388059701492536,1.0
W1_web,2,min_requests,10,12,0.5882352941176471,0.8333333333333334,0.6896551724137931,0.16666666666666666,0.9255952380952381,0.145985401459854,1.0
W1_web,3,min_requests,10,7,0.8571428571428571,0.8571428571428571,0.8571428571428571,0.02127659574468085,0.9817629179331308,0.058823529411764705,1.0
W1_web,4,min_requests,10,9,1.0,0.5555555555555556,0.7142857142857143,0.0,0.9901234567901235,0.01282051282051282,4.0
W1_web,5,min_requests,10,14,1.0,0.21428571428571427,0.35294117647058826,0.0,0.9839285714285714,0.007692307692307693,1.0
W1_web,6,min_requests,10,10,1.0,0.6,0.7499999999999999,0.0,0.9511363636363637,0.09574468085106383,1.0
W1_web,7,min_requests,10,14,0.9,0.6428571428571429,0.75,0.025,0.9785714285714285,0.0410958904109589,1.0
W1_web,8,min_requests,10,14,0.9166666666666666,0.7857142857142857,0.8461538461538461,0.025,0.9723214285714286,0.15584415584415584,1.0
W1_web,9,min_requests,10,8,0.5714285714285714,0.5,0.5333333333333333,0.06521739130434782,0.9307065217391305,0.10101010101010101,3.0
W1_web,10,min_requests,10,10,0.8,0.8,0.8000000000000002,0.045454545454545456,0.9670454545454545,0.058823529411764705,1.0
W1_web,11,min_requests,10,11,1.0,0.45454545454545453,0.625,0.0,0.9397463002114165,0.038461538461538464,1.0
W1_web,12,min_requests,10,11,0.6875,1.0,0.8148148148148148,0.11627906976744186,0.9365750528541226,0.07692307692307693,1.0
W1_web,13,min_requests,10,9,1.0,0.6666666666666666,0.8,0.0,0.980246913580247,0.088,1.0
W1_web,14,min_requests,10,12,0.6666666666666666,0.16666666666666666,0.26666666666666666,0.023809523809523808,0.933531746031746,0.05847953216374269,1.0
W1_web,15,min_requests,10,10,0.6666666666666666,0.6,0.631578947368421,0.06818181818181818,0.9659090909090909,0.057692307692307696,1.0
W1_web,16,min_requests,10,22,1.0,0.4090909090909091,0.5806451612903226,0.0,0.9517045454545454,0.016597510373443983,1.0
W1_web,17,min_requests,10,12,0.631578947368421,1.0,0.7741935483870968,0.16666666666666666,0.9523809523809523,0.09022556390977443,1.0
W1_web,18,min_requests,10,9,0.7777777777777778,0.7777777777777778,0.7777777777777778,0.044444444444444446,0.9469135802469136,0.039603960396039604,1.0
W1_web,19,min_requests,10,11,1.0,0.7272727272727273,0.8421052631578948,0.0,0.9725158562367865,0.02702702702702703,1.0
W1_web,0,min_requests,15,6,0.75,0.5,0.6,0.03125,0.96875,0.030612244897959183,1.0
W1_web,1,min_requests,15,6,1.0,0.6666666666666666,0.8,0.0,0.9375,0.1188118811881188,1.0
W1_web,2,min_requests,15,7,0.5454545454545454,0.8571428571428571,0.6666666666666665,0.16129032258064516,0.9700460829493087,0.1724137931034483,1.0
W1_web,3,min_requests,15,6,0.6666666666666666,0.6666666666666666,0.6666666666666666,0.0625,0.9479166666666666,0.05405405405405406,1.0
W1_web,4,min_requests,15,4,1.0,0.5,0.6666666666666666,0.0,0.9558823529411765,0.02857142857142857,1.0
W1_web,5,min_requests,15,6,1.0,0.3333333333333333,0.5,0.0,0.9713541666666666,0.010869565217391304,1.5
W1_web,6,min_requests,15,6,1.0,0.6666666666666666,0.8,0.0,0.9791666666666666,0.04,1.0
W1_web,7,min_requests,15,4,0.6666666666666666,0.5,0.5714285714285715,0.029411764705882353,0.9191176470588235,0.0125,1.5
W1_web,8,min_requests,15,8,0.8888888888888888,1.0,0.9411764705882353,0.03333333333333333,1.0,0.1925925925925926,1.0
W1_web,9,min_requests,15,9,1.0,0.4444444444444444,0.6153846153846153,0.0,0.9693486590038314,0.024539877300613498,1.0
W1_web,10,min_requests,15,6,0.75,1.0,0.8571428571428571,0.0625,0.9817708333333334,0.2289156626506024,1.0
W1_web,11,min_requests,15,7,0.8,0.5714285714285714,0.6666666666666666,0.03225806451612903,0.9470046082949308,0.030303030303030304,1.0
W1_web,12,min_requests,15,9,0.75,0.6666666666666666,0.7058823529411765,0.06896551724137931,0.8773946360153256,0.07751937984496124,1.0
W1_web,13,min_requests,15,6,1.0,0.16666666666666666,0.2857142857142857,0.0,0.9453125,0.010526315789473684,1.0
W1_web,14,min_requests,15,10,1.0,0.6,0.7499999999999999,0.0,0.9625,0.0234375,1.0
W1_web,15,min_requests,15,3,1.0,1.0,1.0,0.0,1.0,0.05714285714285714,1.0
W1_web,16,min_requests,15,6,1.0,0.3333333333333333,0.5,0.0,0.9973958333333334,0.0,6.0
W1_web,17,min_requests,15,7,0.5833333333333334,1.0,0.7368421052631579,0.16129032258064516,0.967741935483871,0.046511627906976744,1.0
W1_web,18,min_requests,15,11,1.0,0.8181818181818182,0.9,0.0,1.0,0.05813953488372093,1.0
W1_web,19,min_requests,15,13,0.7777777777777778,0.5384615384615384,0.6363636363636364,0.08,0.9230769230769231,0.029556650246305417,1.0
W1_web,0,min_requests,20,7,1.0,0.42857142857142855,0.6,0.0,0.9761904761904762,0.031914893617021274,1.0
W1_web,1,min_requests,20,4,1.0,0.75,0.8571428571428571,0.0,0.9398148148148148,0.07352941176470588,1.0
W1_web,2,min_requests,20,8,0.6666666666666666,1.0,0.8,0.17391304347826086,0.9836956521739131,0.0990990990990991,1.0
W1_web,3,min_requests,20,4,0.75,0.75,0.75,0.037037037037037035,0.9907407407407407,0.28888888888888886,1.0
W1_web,4,min_requests,20,5,0.625,1.0,0.7692307692307693,0.11538461538461539,0.9538461538461539,0.12857142857142856,1.0
W1_web,5,min_requests,20,8,0.5,0.125,0.2,0.043478260869565216,0.9483695652173914,0.0,3.0
W1_web,6,min_requests,20,9,0.5714285714285714,0.8888888888888888,0.6956521739130435,0.2727272727272727,0.9595959595959596,0.12949640287769784,1.0
W1_web,7,min_requests,20,7,1.0,0.7142857142857143,0.8333333333333333,0.0,0.9196428571428571,0.03007518796992481,1.0
W1_web,8,min_requests,20,7,0.875,1.0,0.9333333333333333,0.041666666666666664,0.9940476190476191,0.2413793103448276,1.0
W1_web,9,min_requests,20,4,0.75,0.75,0.75,0.037037037037037035,0.9398148148148148,0.03278688524590164,1.0
W1_web,10,min_requests,20,7,1.0,0.8571428571428571,0.923076923076923,0.0,0.9851190476190477,0.1885245901639344,1.0
W1_web,11,min_requests,20,10,0.8181818181818182,0.9,0.8571428571428572,0.09523809523809523,0.9595238095238096,0.05521472392638037,1.0
W1_web,12,min_requests,20,13,1.0,0.9230769230769231,0.9600000000000001,0.0,0.9871794871794872,0.08173076923076923,1.0
W1_web,13,min_requests,20,2,0.5,1.0,0.6666666666666666,0.06896551724137931,1.0,0.07142857142857142,1.0
W1_web,14,min_requests,20,11,1.0,0.5454545454545454,0.7058823529411764,0.0,0.9568181818181818,0.01744186046511628,2.0
W1_web,15,min_requests,20,2,0.6666666666666666,1.0,0.8,0.034482758620689655,1.0,0.1111111111111111,1.0
W1_web,16,min_requests,20,2,1.0,0.5,0.6666666666666666,0.0,1.0,0.0,3.0
W1_web,17,min_requests,20,5,0.5555555555555556,1.0,0.7142857142857143,0.15384615384615385,0.9653846153846154,0.03773584905660377,1.0
W1_web,18,min_requests,20,4,1.0,0.75,0.8571428571428571,0.0,1.0,0.04285714285714286,1.0
W1_web,19,min_requests,20,8,0.6666666666666666,0.5,0.5714285714285715,0.08695652173913043,0.9184782608695652,0.017241379310344827,3.5
W2_apt,0,flapping_rate,0.0,319,0.8964285714285715,0.786833855799373,0.8380634390651084,0.023311897106109324,0.9840853652390408,0.16581892166836215,1.0
W2_apt,0,flapping_rate,0.01,327,0.862876254180602,0.7889908256880734,0.8242811501597443,0.03317152103559871,0.9769120572429559,0.17034700315457413,1.0
W2_apt,0,flapping_rate,0.02,321,0.8959276018099548,0.616822429906542,0.7306273062730627,0.018518518518518517,0.9764574272226988,0.03963873557451079,2.0
W2_apt,0,flapping_rate,0.05,318,0.9545454545454546,0.330188679245283,0.4906542056074766,0.004016064257028112,0.9618587557778283,0.016477857878475798,3.0
W2_apt,0,flapping_rate,0.1,319,0.875,0.3949843260188088,0.5442764578833693,0.014469453376205787,0.9392419034563396,0.013745704467353952,3.0
W2_apt,0,flapping_rate,0.2,328,0.6867469879518072,0.3475609756097561,0.4615384615384615,0.042105263157894736,0.8858126789769922,0.031504065040650404,1.0
W2_apt,0,monotone_rate,0.0,314,0.9067796610169492,0.34076433121019106,0.4953703703703703,0.008807045636509208,0.9717812466533736,0.019328585961342827,2.0
W2_apt,0,monotone_rate,0.05,311,0.9457364341085271,0.39228295819935693,0.5545454545454546,0.005591054313099041,0.9737526067616572,0.0192102454642476,3.0
W2_apt,0,monotone_rate,0.15,318,0.9545454545454546,0.330188679245283,0.4906542056074766,0.004016064257028112,0.9618587557778283,0.016477857878475798,3.0
W2_apt,0,monotone_rate,0.3,317,0.9152542372881356,0.34069400630914826,0.4965517241379311,0.008025682182985553,0.9466608604949086,0.02624806999485332,2.5
W2_apt,0,monotone_rate,0.5,305,0.8457142857142858,0.4852459016393443,0.6166666666666667,0.021462639109697933,0.9381909875159634,0.044840626688276604,1.0
W2_apt,0,attack_fraction,0.05,321,0.9528301886792453,0.3146417445482866,0.4730679156908665,0.004025764895330112,0.9604672395543316,0.020923076923076923,2.0
W2_apt,0,attack_fraction,0.1,321,0.9523809523809523,0.3115264797507788,0.46948356807511726,0.004025764895330112,0.9602929151554371,0.020757020757020756,2.0
W2_apt,0,attack_fraction,0.2,322,0.9624060150375939,0.39751552795031053,0.5626373626373626,0.0040290088638195,0.9667569231385228,0.020460358056265986,1.0
W2_apt,0,attack_fraction,0.4,318,0.9545454545454546,0.330188679245283,0.4906542056074766,0.004016064257028112,0.9618587557778283,0.016477857878475798,3.0
W2_apt,0,attack_fraction,0.6,321,0.9509803921568627,0.30218068535825543,0.458628841607565,0.004025764895330112,0.9621540475867985,0.01644895984518626,4.0
W2_apt,0,attack_rate,0.02,29,0.55,0.3793103448275862,0.4489795918367347,0.005867014341590613,0.9705300543991368,0.036585365853658534,1.0
W2_apt,0,attack_rate,0.05,79,0.7419354838709677,0.2911392405063291,0.41818181818181815,0.005390835579514825,0.9588436998874066,0.019867549668874173,3.0
W2_apt,0,attack_rate,0.1,163,0.8709677419354839,0.3312883435582822,0.4799999999999999,0.005714285714285714,0.963941717791411,0.02335928809788654,3.0
W2_apt,0,attack_rate,0.2,318,0.9545454545454546,0.330188679245283,0.4906542056074766,0.004016064257028112,0.9618587557778283,0.016477857878475798,3.0
W2_apt,0,attack_rate,0.35,544,0.9744897959183674,0.35110294117647056,0.5162162162162162,0.004906771344455349,0.9659655876580269,0.014611872146118721,3.0
W2_apt,0,theft_position,0.10-0.20,330,0.9553571428571429,0.3242424242424242,0.4841628959276018,0.0040551500405515,0.9652387623190543,0.022601279317697228,2.0
W2_apt,0,theft_position,0.25-0.50,318,0.9545454545454546,0.330188679245283,0.4906542056074766,0.004016064257028112,0.9618587557778283,0.016477857878475798,3.0
W2_apt,0,theft_position,0.50-0.70,222,0.921875,0.26576576576576577,0.4125874125874126,0.0037285607755406414,0.9597836091124682,0.015567765567765568,3.0
W2_apt,0,theft_position,0.70-0.85,60,0.5789473684210527,0.18333333333333332,0.27848101265822783,0.0053226879574184965,0.952799955644267,0.0196078431372549,3.0
W2_apt,0,theft_delay_s,0.0,324,0.9590163934426229,0.3611111111111111,0.5246636771300448,0.004035512510088781,0.9650741338594446,0.027068437180796732,2.0
W2_apt,0,theft_delay_s,1.0,324,0.9590163934426229,0.3611111111111111,0.5246636771300448,0.004035512510088781,0.9650741338594446,0.027579162410623085,2.0
W2_apt,0,theft_delay_s,60.0,324,0.9295774647887324,0.2037037037037037,0.3341772151898734,0.004035512510088781,0.9497578692493946,0.026046986721144024,1.0
W2_apt,0,theft_delay_s,600.0,324,0.9295774647887324,0.2037037037037037,0.3341772151898734,0.004035512510088781,0.9497578692493946,0.026046986721144024,1.0
W2_apt,1,flapping_rate,0.0,286,0.8846153846153846,0.8041958041958042,0.8424908424908425,0.023492560689115115,0.9835196127286965,0.17487266553480477,1.0
W2_apt,1,flapping_rate,0.01,289,0.8458646616541353,0.7785467128027682,0.8108108108108109,0.03218210361067504,0.9773864296849961,0.1696230598669623,1.0
W2_apt,1,flapping_rate,0.02,279,0.8944723618090452,0.6379928315412187,0.7447698744769874,0.016355140186915886,0.9792343594725265,0.03997613365155131,3.0
W2_apt,1,flapping_rate,0.05,296,0.8461538461538461,0.44594594594594594,0.584070796460177,0.018942383583267563,0.9531000021331513,0.033188248095756254,2.0
W2_apt,1,flapping_rate,0.1,280,0.8292682926829268,0.36428571428571427,0.5062034739454094,0.01636788776305534,0.9346091749248413,0.028409090909090908,2.0
W2_apt,1,flapping_rate,0.2,276,0.7086092715231788,0.38768115942028986,0.5011709601873536,0.03418803418803419,0.8975851041068432,0.04046920821114369,1.0
W2_apt,1,monotone_rate,0.0,304,0.8034682080924855,0.45723684210526316,0.5828092243186582,0.027005559968228753,0.9725920739099536,0.030949839914621132,2.0
W2_apt,1,monotone_rate,0.05,298,0.8208092485549133,0.47651006711409394,0.6029723991507431,0.02450592885375494,0.9696169456455421,0.04270660011092623,1.0
W2_apt,1,monotone_rate,0.15,296,0.8461538461538461,0.44594594594594594,0.584070796460177,0.018942383583267563,0.9531000021331513,0.033188248095756254,2.0
W2_apt,1,monotone_rate,0.3,284,0.8544303797468354,0.4753521126760563,0.6108597285067873,0.017982799061767005,0.9520931295356188,0.038285714285714284,2.0
W2_apt,1,monotone_rate,0.5,322,0.9090909090909091,0.3416149068322981,0.4966139954853273,0.008863819500402902,0.9276292410948894,0.022587268993839837,3.0
W2_apt,1,attack_fraction,0.05,295,0.8461538461538461,0.44745762711864406,0.5853658536585366,0.01892744479495268,0.9546342832700636,0.04638833664678595,1.0
W2_apt,1,attack_fraction,0.1,294,0.8356164383561644,0.41496598639455784,0.5545454545454546,0.018912529550827423,0.9503626509705537,0.040709126723571895,1.0
W2_apt,1,attack_fraction,0.2,296,0.8509316770186336,0.46283783783783783,0.599562363238512,0.018942383583267563,0.9568356833550203,0.03498349834983498,1.0
W2_apt,1,attack_fraction,0.4,296,0.8461538461538461,0.44594594594594594,0.584070796460177,0.018942383583267563,0.9531000021331513,0.033188248095756254,2.0
W2_apt,1,attack_fraction,0.6,290,0.85,0.4689655172413793,0.6044444444444445,0.018853102906520033,0.9571037733293605,0.033998920669185105,3.0
W2_apt,1,attack_rate,0.02,24,0.35,0.5833333333333334,0.4375,0.016894087069525665,0.9756199913363656,0.056910569105691054,1.0
W2_apt,1,attack_rate,0.05,60,0.5094339622641509,0.45,0.47787610619469023,0.017298735861610112,0.9481925038811266,0.04507042253521127,1.0
W2_apt,1,attack_rate,0.1,154,0.7045454545454546,0.4025974025974026,0.5123966942148761,0.018452803406671398,0.9559326408155365,0.029914529914529916,1.0
W2_apt,1,attack_rate,0.2,296,0.8461538461538461,0.44594594594594594,0.584070796460177,0.018942383583267563,0.9531000021331513,0.033188248095756254,2.0
W2_apt,1,attack_rate,0.35,510,0.9285714285714286,0.5352941176470588,0.6791044776119403,0.019943019943019943,0.9590404632888293,0.04324859689666557,2.0
W2_apt,1,theft_position,0.10-0.20,300,0.8604651162790697,0.49333333333333335,0.6271186440677966,0.019002375296912115,0.9558762206386909,0.03389830508474576,1.0
W2_apt,1,theft_position,0.25-0.50,296,0.8461538461538461,0.44594594594594594,0.584070796460177,0.018942383583267563,0.9531000021331513,0.033188248095756254,2.0
W2_apt,1,theft_position,0.50-0.70,190,0.7572815533980582,0.4105263157894737,0.5324232081911262,0.01820830298616169,0.9519243301261164,0.049079754601226995,1.0
W2_apt,1,theft_position,0.70-0.85,47,0.35714285714285715,0.3191489361702128,0.3370786516853933,0.017810026385224276,0.9458120473811261,0.04219409282700422,1.0
W2_apt,1,theft_delay_s,0.0,295,0.8579881656804734,0.4915254237288136,0.625,0.01892744479495268,0.9592471795968561,0.04202157864849517,1.0
W2_apt,1,theft_delay_s,1.0,295,0.8579881656804734,0.4915254237288136,0.625,0.01892744479495268,0.9592471795968561,0.04202157864849517,1.0
W2_apt,1,theft_delay_s,60.0,295,0.7818181818181819,0.29152542372881357,0.42469135802469143,0.01892744479495268,0.9384457038977704,0.04088586030664395,1.0
W2_apt,1,theft_delay_s,600.0,295,0.7818181818181819,0.29152542372881357,0.42469135802469143,0.01892744479495268,0.9384457038977704,0.04088586030664395,1.0
W2_apt,2,flapping_rate,0.0,295,0.9031007751937985,0.7898305084745763,0.8426763110307414,0.01971608832807571,0.9843140137945784,0.16596638655462184,1.0
W2_apt,2,flapping_rate,0.01,293,0.875,0.78839590443686,0.829443447037702,0.025984251968503937,0.9786528177151917,0.09898341359015517,1.0
W2_apt,2,flapping_rate,0.02,303,0.8809523809523809,0.6105610561056105,0.7212475633528265,0.01984126984126984,0.9753130074912253,0.033461327482172246,3.0
W2_apt,2,flapping_rate,0.05,298,0.8554913294797688,0.4966442953020134,0.6284501061571126,0.019762845849802372,0.9657174310953126,0.04282765737874097,1.0
W2_apt,2,flapping_rate,0.1,304,0.8549618320610687,0.3684210526315789,0.5149425287356322,0.015091342335186657,0.9472338635508549,0.02478448275862069,2.0
W2_apt,2,flapping_rate,0.2,320,0.7445652173913043,0.428125,0.5436507936507936,0.03781174577634755,0.9036114742558327,0.03870651641352278,1.0
W2_apt,2,monotone_rate,0.0,308,0.9174311926605505,0.3246753246753247,0.47961630695443647,0.007171314741035857,0.9787357065245511,0.012572027239392353,3.0
W2_apt,2,monotone_rate,0.05,295,0.8284023668639053,0.4745762711864407,0.603448275862069,0.022870662460567823,0.9702240282307651,0.03335155822854018,1.0
W2_apt,2,monotone_rate,0.15,298,0.8554913294797688,0.4966442953020134,0.6284501061571126,0.019762845849802372,0.9657174310953126,0.04282765737874097,1.0
W2_apt,2,monotone_rate,0.3,317,0.8404907975460123,0.43217665615141954,0.5708333333333333,0.02086677367576244,0.9394276194864576,0.03682572614107884,1.0
W2_apt,2,monotone_rate,0.5,316,0.9203539823008849,0.3291139240506329,0.4848484848484848,0.007217321571772253,0.9281122795976166,0.02348825587206397,3.0
W2_apt,2,attack_fraction,0.05,298,0.845679012345679,0.4597315436241611,0.5956521739130435,0.019762845849802372,0.9618762766267873,0.035188739603326934,1.0
W2_apt,2,attack_fraction,0.1,298,0.8520710059171598,0.48322147651006714,0.6167023554603854,0.019762845849802372,0.9644560575112078,0.034782608695652174,1.0
W2_apt,2,attack_fraction,0.2,300,0.8493975903614458,0.47,0.6051502145922746,0.01979414093428345,0.9644589601477963,0.03873015873015873,1.0
W2_apt,2,attack_fraction,0.4,298,0.8554913294797688,0.4966442953020134,0.6284501061571126,0.019762845849802372,0.9657174310953126,0.04282765737874097,1.0
W2_apt,2,attack_fraction,0.6,299,0.84375,0.451505016722408,0.5882352941176471,0.01977848101265823,0.9637703209008933,0.03143418467583497,2.0
W2_apt,2,attack_rate,0.02,35,0.32,0.45714285714285713,0.37647058823529417,0.02225130890052356,0.9592183994016454,0.027149321266968326,1.5
W2_apt,2,attack_rate,0.05,74,0.5555555555555556,0.5405405405405406,0.547945205479452,0.021490933512424447,0.968544098161291,0.04967602591792657,1.0
W2_apt,2,attack_rate,0.1,154,0.7211538461538461,0.487012987012987,0.5813953488372093,0.0205819730305181,0.9649101785368641,0.03988326848249027,1.0
W2_apt,2,attack_rate,0.2,298,0.8554913294797688,0.4966442953020134,0.6284501061571126,0.019762845849802372,0.9657174310953126,0.04282765737874097,1.0
W2_apt,2,attack_rate,0.35,537,0.9290780141843972,0.48789571694599626,0.6398046398046398,0.01949317738791423,0.9670267640962534,0.03459588428273188,3.0
W2_apt,2,theft_position,0.10-0.20,306,0.8648648648648649,0.5228758169934641,0.6517311608961304,0.01988862370723946,0.9688346566417604,0.041723356009070296,1.0
W2_apt,2,theft_position,0.25-0.50,298,0.8554913294797688,0.4966442953020134,0.6284501061571126,0.019762845849802372,0.9657174310953126,0.04282765737874097,1.0
W2_apt,2,theft_position,0.50-0.70,217,0.7758620689655172,0.4147465437788018,0.5405405405405406,0.019316493313521546,0.9601139406057203,0.03362068965517241,2.0
W2_apt,2,theft_position,0.70-0.85,71,0.5,0.4084507042253521,0.4496124031007752,0.01943699731903485,0.9586904806857229,0.05214723926380368,1.0
W2_apt,2,theft_delay_s,0.0,294,0.8538011695906432,0.4965986394557823,0.6279569892473118,0.019700551615445233,0.9670920377607307,0.035449735449735446,2.0
W2_apt,2,theft_delay_s,1.0,294,0.8529411764705882,0.4931972789115646,0.625,0.019700551615445233,0.9669472990141683,0.035449735449735446,2.0
W2_apt,2,theft_delay_s,60.0,294,0.7767857142857143,0.29591836734693877,0.42857142857142866,0.019700551615445233,0.9508839784928944,0.035449735449735446,1.0
W2_apt,2,theft_delay_s,600.0,294,0.7767857142857143,0.29591836734693877,0.42857142857142866,0.019700551615445233,0.9508839784928944,0.035449735449735446,1.0
W2_apt,3,flapping_rate,0.0,307,0.8977272727272727,0.7719869706840391,0.8301225919439579,0.021496815286624203,0.9831259465964024,0.14978902953586498,1.0
W2_apt,3,flapping_rate,0.01,309,0.8482758620689655,0.7961165048543689,0.8213689482470785,0.03508771929824561,0.9755062118373309,0.15563991323210413,1.0
W2_apt,3,flapping_rate,0.02,293,0.8947368421052632,0.4641638225255973,0.6112359550561799,0.012598425196850394,0.9727325253285319,0.03801652892561983,1.0
W2_apt,3,flapping_rate,0.05,293,0.8778625954198473,0.3924914675767918,0.5424528301886792,0.012598425196850394,0.9587930988148665,0.022828507795100223,2.0
W2_apt,3,flapping_rate,0.1,309,0.8296296296296296,0.36245954692556637,0.5045045045045046,0.018341307814992026,0.9294451928585807,0.0194634402945818,3.0
W2_apt,3,flapping_rate,0.2,300,0.7065217391304348,0.43333333333333335,0.5371900826446281,0.04275534441805225,0.9084375824755873,0.04640633842671194,1.0
W2_apt,3,monotone_rate,0.0,310,0.8448275862068966,0.3161290322580645,0.46009389671361495,0.014365522745411013,0.9688824241176016,0.013078470824949699,3.0
W2_apt,3,monotone_rate,0.05,296,0.9401709401709402,0.3716216216216216,0.5326876513317191,0.0055248618784530384,0.9697225836728599,0.016251354279523293,3.0
W2_apt,3,monotone_rate,0.15,293,0.8778625954198473,0.3924914675767918,0.5424528301886792,0.012598425196850394,0.9587930988148665,0.022828507795100223,2.0
W2_apt,3,monotone_rate,0.3,303,0.8347107438016529,0.3333333333333333,0.4764150943396226,0.015873015873015872,0.9363533972444864,0.013941018766756031,3.0
W2_apt,3,monotone_rate,0.5,316,0.9264705882352942,0.3987341772151899,0.5575221238938053,0.00801924619085806,0.9324924121689523,0.024266936299292215,2.0
W2_apt,3,attack_fraction,0.05,294,0.8558558558558559,0.3231292517006803,0.46913580246913583,0.01260835303388495,0.9523715711658974,0.016227180527383367,1.0
W2_apt,3,attack_fraction,0.1,295,0.8584070796460177,0.3288135593220339,0.4754901960784314,0.012618296529968454,0.9521226541196599,0.02097902097902098,1.0
W2_apt,3,attack_fraction,0.2,291,0.8596491228070176,0.33676975945017185,0.48395061728395056,0.012578616352201259,0.954041853076574,0.018483110261312937,2.0
W2_apt,3,attack_fraction,0.4,293,0.8778625954198473,0.3924914675767918,0.5424528301886792,0.012598425196850394,0.9587930988148665,0.022828507795100223,2.0
W2_apt,3,attack_fraction,0.6,292,0.8632478632478633,0.3458904109589041,0.49388753056234724,0.012588512981904013,0.954075638856256,0.01564945226917058,4.0
W2_apt,3,attack_rate,0.02,46,0.39285714285714285,0.2391304347826087,0.2972972972972973,0.01120632827949901,0.946433177610272,0.014388489208633094,1.0
W2_apt,3,attack_rate,0.05,88,0.6666666666666666,0.38636363636363635,0.4892086330935252,0.01152542372881356,0.9544375963020031,0.014787430683918669,3.0
W2_apt,3,attack_rate,0.1,157,0.7702702702702703,0.3630573248407643,0.49350649350649345,0.01209103840682788,0.9549043679952162,0.011363636363636364,3.0
W2_apt,3,attack_rate,0.2,293,0.8778625954198473,0.3924914675767918,0.5424528301886792,0.012598425196850394,0.9587930988148665,0.022828507795100223,2.0
W2_apt,3,attack_rate,0.35,540,0.925,0.3425925925925926,0.5000000000000001,0.01466275659824047,0.9539390318960211,0.016676593210244194,3.0
W2_apt,3,theft_position,0.10-0.20,304,0.8620689655172413,0.32894736842105265,0.4761904761904762,0.012708498808578236,0.9517082270808077,0.01642421398404505,2.0
W2_apt,3,theft_position,0.25-0.50,293,0.8778625954198473,0.3924914675767918,0.5424528301886792,0.012598425196850394,0.9587930988148665,0.022828507795100223,2.0
W2_apt,3,theft_position,0.50-0.70,204,0.734375,0.23039215686274508,0.35074626865671643,0.012509197939661517,0.9456041062488277,0.01623686723973257,3.0
W2_apt,3,theft_position,0.70-0.85,63,0.4,0.19047619047619047,0.25806451612903225,0.012,0.9386772486772487,0.013071895424836602,3.0
W2_apt,3,theft_delay_s,0.0,294,0.8558558558558559,0.3231292517006803,0.46913580246913583,0.01260835303388495,0.9525444535576247,0.021714922048997772,2.0
W2_apt,3,theft_delay_s,1.0,294,0.8558558558558559,0.3231292517006803,0.46913580246913583,0.01260835303388495,0.9525444535576247,0.021158129175946547,3.0
W2_apt,3,theft_delay_s,60.0,294,0.746031746031746,0.1598639455782313,0.26330532212885155,0.01260835303388495,0.9336908916442858,0.02060133630289532,1.0
W2_apt,3,theft_delay_s,600.0,294,0.746031746031746,0.1598639455782313,0.26330532212885155,0.01260835303388495,0.9336908916442858,0.02060133630289532,1.0
W2_apt,4,flapping_rate,0.0,319,0.8813559322033898,0.8150470219435737,0.8469055374592833,0.028135048231511254,0.9823403118668669,0.1690288713910761,1.0
W2_apt,4,flapping_rate,0.01,318,0.9411764705882353,0.5534591194968553,0.697029702970297,0.008835341365461847,0.9813821323027961,0.040666340029397355,1.0
W2_apt,4,flapping_rate,0.02,319,0.9197530864197531,0.4670846394984326,0.6195426195426196,0.01045016077170418,0.9702975536493665,0.036280020439448134,1.0
W2_apt,4,flapping_rate,0.05,302,0.7823529411764706,0.44039735099337746,0.5635593220338982,0.029341792228390166,0.9533824201332907,0.03507853403141361,1.0
W2_apt,4,flapping_rate,0.1,301,0.8347107438016529,0.33554817275747506,0.4786729857819905,0.01584786053882726,0.9433794377958311,0.020708446866485014,2.0
W2_apt,4,flapping_rate,0.2,290,0.6836158192090396,0.41724137931034483,0.5182012847965739,0.04399057344854674,0.8974551019855351,0.03980370774263904,1.0
W2_apt,4,monotone_rate,0.0,330,0.8626373626373627,0.47575757575757577,0.61328125,0.0202757502027575,0.982970827496375,0.03162434115955918,2.0
W2_apt,4,monotone_rate,0.05,329,0.9035087719298246,0.3130699088145897,0.4650112866817156,0.008914100486223663,0.9694016542442351,0.014427860696517412,3.0
W2_apt,4,monotone_rate,0.15,302,0.7823529411764706,0.44039735099337746,0.5635593220338982,0.029341792228390166,0.9533824201332907,0.03507853403141361,1.0
W2_apt,4,monotone_rate,0.3,293,0.8559322033898306,0.3447098976109215,0.49148418491484197,0.013385826771653543,0.938665985864395,0.027252502780867632,3.0
W2_apt,4,monotone_rate,0.5,292,0.8535031847133758,0.4589041095890411,0.5968819599109131,0.01809598741148702,0.9276173975836091,0.03920515574650913,1.0
W2_apt,4,attack_fraction,0.05,301,0.8021390374331551,0.4983388704318937,0.6147540983606556,0.029318541996830427,0.957624084535963,0.047872340425531915,1.0
W2_apt,4,attack_fraction,0.1,301,0.8,0.49169435215946844,0.609053497942387,0.029318541996830427,0.9574608673676229,0.046052631578947366,1.0
W2_apt,4,attack_fraction,0.2,301,0.8052631578947368,0.5083056478405316,0.6232179226069247,0.029318541996830427,0.9587771348542365,0.04924242424242424,1.0
W2_apt,4,attack_fraction,0.4,302,0.7823529411764706,0.44039735099337746,0.5635593220338982,0.029341792228390166,0.9533824201332907,0.03507853403141361,1.0
W2_apt,4,attack_fraction,0.6,306,0.7797619047619048,0.42810457516339867,0.5527426160337553,0.0294351630867144,0.9507113107772942,0.02823179791976226,3.0
W2_apt,4,attack_rate,0.02,43,0.36363636363636365,0.5581395348837209,0.4403669724770642,0.02763157894736842,0.961796205630355,0.033707865168539325,1.0
W2_apt,4,attack_rate,0.05,90,0.3880597014925373,0.28888888888888886,0.33121019108280253,0.027834351663272233,0.9451949913253376,0.017793594306049824,1.5
W2_apt,4,attack_rate,0.1,153,0.6666666666666666,0.5228758169934641,0.5860805860805861,0.028368794326241134,0.958121262689473,0.03854389721627409,1.0
W2_apt,4,attack_rate,0.2,302,0.7823529411764706,0.44039735099337746,0.5635593220338982,0.029341792228390166,0.9533824201332907,0.03507853403141361,1.0
W2_apt,4,attack_rate,0.35,509,0.8884758364312267,0.46954813359528486,0.6143958868894601,0.028462998102466792,0.9576997349418251,0.03689444979146615,1.0
W2_apt,4,theft_position,0.10-0.20,313,0.8159203980099502,0.5239616613418531,0.6381322957198443,0.0296,0.9591476038338658,0.036671368124118475,1.0
W2_apt,4,theft_position,0.25-0.50,302,0.7823529411764706,0.44039735099337746,0.5635593220338982,0.029341792228390166,0.9533824201332907,0.03507853403141361,1.0
W2_apt,4,theft_position,0.50-0.70,204,0.7253521126760564,0.5049019607843137,0.5953757225433526,0.02869757174392936,0.9609682725187205,0.04222648752399232,3.0
W2_apt,4,theft_position,0.70-0.85,64,0.36764705882352944,0.390625,0.3787878787878788,0.028685790527018012,0.9520148849232822,0.04861111111111111,1.0
W2_apt,4,theft_delay_s,0.0,306,0.7967032967032966,0.4738562091503268,0.5942622950819672,0.0294351630867144,0.9530524487705451,0.03536977491961415,2.5
W2_apt,4,theft_delay_s,1.0,306,0.7967032967032966,0.4738562091503268,0.5942622950819672,0.0294351630867144,0.9530524487705451,0.03536977491961415,2.0
W2_apt,4,theft_delay_s,60.0,306,0.7153846153846154,0.30392156862745096,0.42660550458715596,0.0294351630867144,0.9366501838072805,0.031082529474812434,1.0
W2_apt,4,theft_delay_s,600.0,306,0.7153846153846154,0.30392156862745096,0.42660550458715596,0.0294351630867144,0.9366501838072805,0.031082529474812434,1.0
W2_apt,5,flapping_rate,0.0,288,0.8911290322580645,0.7673611111111112,0.8246268656716418,0.021176470588235293,0.9829180283224401,0.14602998334258746,1.0
W2_apt,5,flapping_rate,0.01,300,0.8708487084870848,0.7866666666666666,0.8266199649737302,0.027711797307996833,0.979117181314331,0.10063559322033898,1.0
W2_apt,5,flapping_rate,0.02,306,0.9154228855721394,0.6013071895424836,0.7258382642998028,0.013524264120922832,0.9753186079523297,0.03879310344827586,3.0
W2_apt,5,flapping_rate,0.05,306,0.8385093167701864,0.4411764705882353,0.5781584582441113,0.020684168655529037,0.9633828339078936,0.035246727089627394,1.0
W2_apt,5,flapping_rate,0.1,299,0.7952755905511811,0.3377926421404682,0.47417840375586856,0.020569620253164556,0.9373743173447356,0.024498886414253896,1.5
W2_apt,5,flapping_rate,0.2,297,0.7318435754189944,0.44107744107744107,0.5504201680672268,0.037914691943127965,0.9049818883942107,0.04311310190369541,1.0
W2_apt,5,monotone_rate,0.0,310,0.8685714285714285,0.49032258064516127,0.6268041237113402,0.018355945730247406,0.9807172463506938,0.030494216614090432,3.0
W2_apt,5,monotone_rate,0.05,300,0.9026548672566371,0.34,0.4939467312348669,0.00870942201108472,0.973829506466086,0.0192102454642476,3.0
W2_apt,5,monotone_rate,0.15,306,0.8385093167701864,0.4411764705882353,0.5781584582441113,0.020684168655529037,0.9633828339078936,0.035246727089627394,1.0
W2_apt,5,monotone_rate,0.3,290,0.8828828828828829,0.33793103448275863,0.488778054862843,0.01021209740769835,0.9378294552645123,0.016411378555798686,3.0
W2_apt,5,monotone_rate,0.5,299,0.8589743589743589,0.44816053511705684,0.5890109890109889,0.01740506329113924,0.9267627323144659,0.03801478352692714,1.0
W2_apt,5,attack_fraction,0.05,305,0.844311377245509,0.46229508196721314,0.5974576271186441,0.02066772655007949,0.9649143840079231,0.04324683965402528,1.0
W2_apt,5,attack_fraction,0.1,306,0.8470588235294118,0.47058823529411764,0.6050420168067226,0.020684168655529037,0.9650662174177547,0.04381443298969072,1.0
W2_apt,5,attack_fraction,0.2,305,0.8404907975460123,0.4491803278688525,0.5854700854700855,0.02066772655007949,0.9624957648101332,0.03968253968253968,1.0
W2_apt,5,attack_fraction,0.4,306,0.8385093167701864,0.4411764705882353,0.5781584582441113,0.020684168655529037,0.9633828339078936,0.035246727089627394,1.0
W2_apt,5,attack_fraction,0.6,301,0.8414634146341463,0.4584717607973422,0.5935483870967743,0.020602218700475437,0.9644989496185457,0.028114396509936985,3.0
W2_apt,5,attack_rate,0.02,37,0.38,0.5135135135135135,0.4367816091954023,0.020314547837483616,0.9670663455067124,0.0371900826446281,1.0
W2_apt,5,attack_rate,0.05,77,0.5303030303030303,0.45454545454545453,0.4895104895104895,0.02086137281292059,0.9648668962262502,0.0367504835589942,1.0
W2_apt,5,attack_rate,0.1,155,0.7171717171717171,0.45806451612903226,0.5590551181102362,0.019886363636363636,0.9662046370967742,0.03819784524975514,1.0
W2_apt,5,attack_rate,0.2,306,0.8385093167701864,0.4411764705882353,0.5781584582441113,0.020684168655529037,0.9633828339078936,0.035246727089627394,1.0
W2_apt,5,attack_rate,0.35,533,0.9316546762589928,0.48592870544090055,0.6387176325524044,0.018446601941747572,0.9657981019690705,0.04238052299368801,1.0
W2_apt,5,theft_position,0.10-0.20,314,0.8555555555555555,0.49044585987261147,0.6234817813765182,0.020816653322658127,0.9645678326100371,0.03592276605298608,1.0
W2_apt,5,theft_position,0.25-0.50,306,0.8385093167701864,0.4411764705882353,0.5781584582441113,0.020684168655529037,0.9633828339078936,0.035246727089627394,1.0
W2_apt,5,theft_position,0.50-0.70,223,0.75,0.3632286995515695,0.4894259818731118,0.020149253731343283,0.9582825781406867,0.03367003367003367,1.0
W2_apt,5,theft_position,0.70-0.85,70,0.4642857142857143,0.37142857142857144,0.41269841269841273,0.020093770931011386,0.9590469811501292,0.041401273885350316,1.0
W2_apt,5,theft_delay_s,0.0,308,0.8404907975460123,0.4448051948051948,0.5817409766454352,0.020717131474103586,0.962188906710819,0.03496143958868895,1.0
W2_apt,5,theft_delay_s,1.0,308,0.8404907975460123,0.4448051948051948,0.5817409766454352,0.020717131474103586,0.962188906710819,0.03496143958868895,1.0
W2_apt,5,theft_delay_s,60.0,308,0.7758620689655172,0.2922077922077922,0.4245283018867924,0.020717131474103586,0.9498318414653076,0.03496143958868895,1.0
W2_apt,5,theft_delay_s,600.0,308,0.7758620689655172,0.2922077922077922,0.4245283018867924,0.020717131474103586,0.9498318414653076,0.03496143958868895,1.0
W2_apt,6,flapping_rate,0.0,318,0.927007299270073,0.7987421383647799,0.8581081081081082,0.01606425702811245,0.9861281604405041,0.15722604552673372,1.0
W2_apt,6,flapping_rate,0.01,315,0.8678571428571429,0.7714285714285715,0.8168067226890757,0.029647435897435896,0.9772181522181522,0.16223132036847493,1.0
W2_apt,6,flapping_rate,0.02,321,0.8994413407821229,0.5015576323987538,0.6439999999999999,0.014492753623188406,0.9723325858704431,0.04211557296767875,1.0
W2_apt,6,flapping_rate,0.05,319,0.860655737704918,0.329153605015674,0.47619047619047616,0.013665594855305467,0.951821407331996,0.012307692307692308,3.0
W2_apt,6,flapping_rate,0.1,333,0.7756410256410257,0.3633633633633634,0.4948875255623722,0.028455284552845527,0.929662589418687,0.019646365422396856,3.0
W2_apt,6,flapping_rate,0.2,307,0.732484076433121,0.3745928338762215,0.49568965517241376,0.03343949044585987,0.898679173841781,0.03659174072138003,1.0
W2_apt,6,monotone_rate,0.0,301,0.8947368421052632,0.3388704318936877,0.491566265060241,0.009508716323296355,0.9688360509869374,0.019230769230769232,3.0
W2_apt,6,monotone_rate,0.05,305,0.8923076923076924,0.380327868852459,0.5333333333333333,0.011128775834658187,0.9654773384763742,0.018408229561451002,3.0
W2_apt,6,monotone_rate,0.15,319,0.860655737704918,0.329153605015674,0.47619047619047616,0.013665594855305467,0.951821407331996,0.012307692307692308,3.0
W2_apt,6,monotone_rate,0.3,317,0.8770053475935828,0.5173501577287066,0.6507936507936508,0.018459069020866775,0.9482786557362107,0.037648272305312015,2.0
W2_apt,6,monotone_rate,0.5,296,0.8616352201257862,0.46283783783783783,0.6021978021978022,0.017363851617995266,0.9345762494933766,0.04040404040404041,1.0
W2_apt,6,attack_fraction,0.05,320,0.8583333333333333,0.321875,0.46818181818181825,0.013676588897827836,0.953455601367659,0.022181146025878003,1.0
W2_apt,6,attack_fraction,0.1,320,0.8583333333333333,0.321875,0.46818181818181825,0.013676588897827836,0.953455601367659,0.022181146025878003,1.0
W2_apt,6,attack_fraction,0.2,322,0.864,0.33540372670807456,0.48322147651006714,0.0136986301369863,0.9537402215204128,0.025261860751694395,1.0
W2_apt,6,attack_fraction,0.4,319,0.860655737704918,0.329153605015674,0.47619047619047616,0.013665594855305467,0.951821407331996,0.012307692307692308,3.0
W2_apt,6,attack_fraction,0.6,316,0.8702290076335878,0.36075949367088606,0.5100671140939597,0.0136327185244587,0.955509678925624,0.016050583657587547,3.0
W2_apt,6,attack_rate,0.02,35,0.2962962962962963,0.22857142857142856,0.25806451612903225,0.012434554973821989,0.9521035901271503,0.011764705882352941,3.5
W2_apt,6,attack_rate,0.05,73,0.5869565217391305,0.3698630136986301,0.453781512605042,0.012751677852348993,0.9587937850510251,0.02654867256637168,2.0
W2_apt,6,attack_rate,0.1,142,0.71875,0.323943661971831,0.44660194174757284,0.012667135819845179,0.9552710350774598,0.015240328253223915,3.0
W2_apt,6,attack_rate,0.2,319,0.860655737704918,0.329153605015674,0.47619047619047616,0.013665594855305467,0.951821407331996,0.012307692307692308,3.0
W2_apt,6,attack_rate,0.35,527,0.9230769230769231,0.3187855787476281,0.47390691114245415,0.013513513513513514,0.9544115815463065,0.01834301436869459,3.0
W2_apt,6,theft_position,0.10-0.20,326,0.8819444444444444,0.3895705521472393,0.5404255319148936,0.0137429264349232,0.9574247015587881,0.016444444444444446,2.0
W2_apt,6,theft_position,0.25-0.50,319,0.860655737704918,0.329153605015674,0.47619047619047616,0.013665594855305467,0.951821407331996,0.012307692307692308,3.0
W2_apt,6,theft_position,0.50-0.70,219,0.8023255813953488,0.3150684931506849,0.45245901639344255,0.012648809523809524,0.9524438057186345,0.018484288354898338,3.0
W2_apt,6,theft_position,0.70-0.85,63,0.4411764705882353,0.23809523809523808,0.3092783505154639,0.012666666666666666,0.9398994708994709,0.026515151515151516,2.0
W2_apt,6,theft_delay_s,0.0,320,0.8508771929824561,0.303125,0.4470046082949309,0.013676588897827836,0.9522601568785197,0.012376237623762377,3.0
W2_apt,6,theft_delay_s,1.0,320,0.8508771929824561,0.303125,0.4470046082949309,0.013676588897827836,0.9522601568785197,0.012376237623762377,3.0
W2_apt,6,theft_delay_s,60.0,320,0.7384615384615385,0.15,0.24935064935064935,0.013676588897827836,0.9358884754625905,0.011881188118811881,1.0
W2_apt,6,theft_delay_s,600.0,320,0.7384615384615385,0.15,0.24935064935064935,0.013676588897827836,0.9358884754625905,0.011881188118811881,1.0
W2_apt,7,flapping_rate,0.0,305,0.9191176470588235,0.819672131147541,0.8665511265164646,0.017488076311605722,0.9853279991659933,0.1644840230487166,1.0
W2_apt,7,flapping_rate,0.01,304,0.9333333333333333,0.5526315789473685,0.694214876033058,0.009531374106433678,0.9819379415576271,0.037914691943127965,1.0
W2_apt,7,flapping_rate,0.02,314,0.8867924528301887,0.5987261146496815,0.714828897338403,0.01921537229783827,0.9774112283457339,0.03769740193581253,2.0
W2_apt,7,flapping_rate,0.05,310,0.861878453038674,0.5032258064516129,0.6354378818737271,0.019952114924181964,0.9651249903457508,0.039174166225516144,1.0
W2_apt,7,flapping_rate,0.1,284,0.7777777777777778,0.3204225352112676,0.45386533665835416,0.020328381548084442,0.9434885308724906,0.01820187534473249,3.0
W2_apt,7,flapping_rate,0.2,269,0.697986577181208,0.38661710037174724,0.4976076555023924,0.0347758887171561,0.9023244255729905,0.03510825043885313,1.0
W2_apt,7,monotone_rate,0.0,313,0.8916666666666667,0.34185303514376997,0.4942263279445727,0.0104,0.9767987220447284,0.014785608674223755,3.0
W2_apt,7,monotone_rate,0.05,317,0.8905109489051095,0.38485804416403785,0.5374449339207048,0.012038523274478331,0.9762900587874891,0.024572649572649572,2.0
W2_apt,7,monotone_rate,0.15,310,0.861878453038674,0.5032258064516129,0.6354378818737271,0.019952114924181964,0.9651249903457508,0.039174166225516144,1.0
W2_apt,7,monotone_rate,0.3,288,0.8698630136986302,0.4409722222222222,0.5852534562211982,0.014901960784313726,0.9420561002178649,0.04222873900293255,1.0
W2_apt,7,monotone_rate,0.5,302,0.8823529411764706,0.2980132450331126,0.4455445544554456,0.00951625693893735,0.9255281995262878,0.018114011720831113,3.0
W2_apt,7,attack_fraction,0.05,315,0.8587570621468926,0.48253968253968255,0.6178861788617886,0.020032051282051284,0.9634526353276354,0.03808273145108339,1.0
W2_apt,7,attack_fraction,0.1,314,0.8603351955307262,0.49044585987261147,0.6247464503042596,0.020016012810248198,0.9635619323484265,0.038461538461538464,1.0
W2_apt,7,attack_fraction,0.2,315,0.861878453038674,0.49523809523809526,0.6290322580645161,0.020032051282051284,0.9610462454212454,0.04085257548845471,1.0
W2_apt,7,attack_fraction,0.4,310,0.861878453038674,0.5032258064516129,0.6354378818737271,0.019952114924181964,0.9651249903457508,0.039174166225516144,1.0
W2_apt,7,attack_fraction,0.6,310,0.8529411764705882,0.46774193548387094,0.6041666666666666,0.019952114924181964,0.9616147053523157,0.0348605577689243,1.0
W2_apt,7,attack_rate,0.02,37,0.34782608695652173,0.43243243243243246,0.38554216867469876,0.019659239842726082,0.9608232085296305,0.034334763948497854,1.0
W2_apt,7,attack_rate,0.05,74,0.5606060606060606,0.5,0.5285714285714286,0.019476158495634655,0.9609024739985116,0.03982300884955752,1.5
W2_apt,7,attack_rate,0.1,154,0.7128712871287128,0.4675324675324675,0.5647058823529412,0.0205819730305181,0.9605804061091499,0.027635619242579325,2.0
W2_apt,7,attack_rate,0.2,310,0.861878453038674,0.5032258064516129,0.6354378818737271,0.019952114924181964,0.9651249903457508,0.039174166225516144,1.0
W2_apt,7,attack_rate,0.35,537,0.92,0.47113594040968343,0.623152709359606,0.021442495126705652,0.9603892827454525,0.030525388905195187,1.0
W2_apt,7,theft_position,0.10-0.20,321,0.8724489795918368,0.5327102803738317,0.6615087040618955,0.020128824476650563,0.9634997316156736,0.04023508137432188,1.0
W2_apt,7,theft_position,0.25-0.50,310,0.861878453038674,0.5032258064516129,0.6354378818737271,0.019952114924181964,0.9651249903457508,0.039174166225516144,1.0
W2_apt,7,theft_position,0.50-0.70,223,0.7833333333333333,0.42152466367713004,0.5481049562682215,0.019402985074626865,0.954793855832943,0.03869303525365434,2.0
W2_apt,7,theft_position,0.70-0.85,83,0.5087719298245614,0.3493975903614458,0.4142857142857143,0.01891891891891892,0.9490231195050473,0.034666666666666665,3.0
W2_apt,7,theft_delay_s,0.0,314,0.8466257668711656,0.4394904458598726,0.5786163522012578,0.020016012810248198,0.9581219115419725,0.03181595692608909,1.0
W2_apt,7,theft_delay_s,1.0,314,0.8466257668711656,0.4394904458598726,0.5786163522012578,0.020016012810248198,0.9581219115419725,0.03181595692608909,1.0
W2_apt,7,theft_delay_s,60.0,314,0.7641509433962265,0.25796178343949044,0.38571428571428573,0.020016012810248198,0.9452402686480395,0.03132648066568772,1.0
W2_apt,7,theft_delay_s,600.0,314,0.7641509433962265,0.25796178343949044,0.38571428571428573,0.020016012810248198,0.9452402686480395,0.03132648066568772,1.0
W2_apt,8,flapping_rate,0.0,280,0.8922413793103449,0.7392857142857143,0.80859375,0.019485580670303974,0.983899343057566,0.145821325648415,1.0
W2_apt,8,flapping_rate,0.01,278,0.870722433460076,0.8237410071942446,0.8465804066543439,0.026459143968871595,0.9850306525207849,0.16136631330977622,1.0
W2_apt,8,flapping_rate,0.02,291,0.896551724137931,0.5360824742268041,0.6709677419354839,0.014150943396226415,0.9751777648101321,0.03402445507708666,2.0
W2_apt,8,flapping_rate,0.05,284,0.8181818181818182,0.4753521126760563,0.6013363028953229,0.023455824863174355,0.9626468742085036,0.03119777158774373,2.0
W2_apt,8,flapping_rate,0.1,290,0.8468468468468469,0.32413793103448274,0.46882793017456353,0.01335428122545169,0.9453097488961725,0.01987110633727175,3.0
W2_apt,8,flapping_rate,0.2,281,0.738562091503268,0.40213523131672596,0.5207373271889402,0.031201248049921998,0.9140813675251637,0.03536794067313177,1.0
W2_apt,8,monotone_rate,0.0,274,0.8175182481751825,0.40875912408759124,0.5450121654501217,0.019394879751745538,0.9771862418102643,0.026151222285389426,2.0
W2_apt,8,monotone_rate,0.05,280,0.8525641025641025,0.475,0.610091743119266,0.017926734216679657,0.972464090858479,0.03252944475602917,1.0
W2_apt,8,monotone_rate,0.15,284,0.8181818181818182,0.4753521126760563,0.6013363028953229,0.023455824863174355,0.9626468742085036,0.03119777158774373,2.0
W2_apt,8,monotone_rate,0.3,290,0.8418079096045198,0.5137931034482759,0.6381156316916489,0.02199528672427337,0.9539236666034618,0.04509582863585118,1.0
W2_apt,8,monotone_rate,0.5,295,0.806060606060606,0.45084745762711864,0.5782608695652174,0.025236593059936908,0.9268767042720419,0.038636363636363635,1.0
W2_apt,8,attack_fraction,0.05,287,0.8255813953488372,0.49477351916376305,0.6187363834422658,0.023510971786833857,0.9631757015062313,0.04221453287197232,1.0
W2_apt,8,attack_fraction,0.1,286,0.8148148148148148,0.46153846153846156,0.5892857142857143,0.023492560689115115,0.961411141716545,0.038135593220338986,1.0
W2_apt,8,attack_fraction,0.2,285,0.8295454545454546,0.512280701754386,0.6334056399132322,0.023474178403755867,0.9667256953024188,0.03772290809327846,1.0
W2_apt,8,attack_fraction,0.4,284,0.8181818181818182,0.4753521126760563,0.6013363028953229,0.023455824863174355,0.9626468742085036,0.03119777158774373,2.0
W2_apt,8,attack_fraction,0.6,286,0.81875,0.458041958041958,0.5874439461883407,0.022709475332811275,0.9628801112747863,0.03428571428571429,1.0
W2_apt,8,attack_rate,0.02,33,0.2916666666666667,0.42424242424242425,0.345679012345679,0.022222222222222223,0.9577639136462666,0.030973451327433628,1.0
W2_apt,8,attack_rate,0.05,60,0.47619047619047616,0.5,0.4878048780487805,0.021956087824351298,0.965585495675316,0.0532994923857868,1.0
W2_apt,8,attack_rate,0.1,141,0.7019230769230769,0.5177304964539007,0.5959183673469387,0.02180028129395218,0.963247249403996,0.037825059101654845,1.0
W2_apt,8,attack_rate,0.2,284,0.8181818181818182,0.4753521126760563,0.6013363028953229,0.023455824863174355,0.9626468742085036,0.03119777158774373,2.0
W2_apt,8,attack_rate,0.35,509,0.9148936170212766,0.5068762278978389,0.6523388116308471,0.022770398481973434,0.9648015046058984,0.035939470365699874,2.0
W2_apt,8,theft_position,0.10-0.20,293,0.8209876543209876,0.4539249146757679,0.5846153846153846,0.02283464566929134,0.9584974873021418,0.02834199338686821,1.0
W2_apt,8,theft_position,0.25-0.50,284,0.8181818181818182,0.4753521126760563,0.6013363028953229,0.023455824863174355,0.9626468742085036,0.03119777158774373,2.0
W2_apt,8,theft_position,0.50-0.70,189,0.7207207207207207,0.42328042328042326,0.5333333333333333,0.022561863173216887,0.9586211809647035,0.04085801838610827,1.0
W2_apt,8,theft_position,0.70-0.85,63,0.32653061224489793,0.25396825396825395,0.2857142857142857,0.022,0.9536137566137566,0.03676470588235294,1.0
W2_apt,8,theft_delay_s,0.0,286,0.8192771084337349,0.4755244755244755,0.6017699115044248,0.023492560689115115,0.9615986988735619,0.032423208191126277,2.0
W2_apt,8,theft_delay_s,1.0,286,0.8192771084337349,0.4755244755244755,0.6017699115044248,0.023492560689115115,0.9615986988735619,0.032423208191126277,2.0
W2_apt,8,theft_delay_s,60.0,286,0.7345132743362832,0.2902097902097902,0.4160401002506266,0.023492560689115115,0.9463709743662758,0.032423208191126277,1.0
W2_apt,8,theft_delay_s,600.0,286,0.7345132743362832,0.2902097902097902,0.4160401002506266,0.023492560689115115,0.9463709743662758,0.032423208191126277,1.0
W2_apt,9,flapping_rate,0.0,324,0.9230769230769231,0.7777777777777778,0.8442211055276381,0.01694915254237288,0.9864660867485726,0.16223003515821197,1.0
W2_apt,9,flapping_rate,0.01,327,0.9169675090252708,0.7767584097859327,0.8410596026490066,0.0186084142394822,0.9844039171441862,0.10235063663075417,1.0
W2_apt,9,flapping_rate,0.02,324,0.919431279620853,0.5987654320987654,0.725233644859813,0.013720742534301856,0.9826983628772706,0.04030226700251889,2.0
W2_apt,9,flapping_rate,0.05,336,0.8742857142857143,0.45535714285714285,0.5988258317025441,0.017929910350448247,0.962256714014049,0.042584434654919234,1.0
W2_apt,9,flapping_rate,0.1,334,0.8787878787878788,0.3473053892215569,0.49785407725321895,0.013018714401952807,0.9512041823594471,0.016232169208066895,3.0
W2_apt,9,flapping_rate,0.2,335,0.7740112994350282,0.408955223880597,0.53515625,0.03257328990228013,0.8957399484661384,0.03804347826086957,1.0
W2_apt,9,monotone_rate,0.0,304,0.8292682926829268,0.4473684210526316,0.5811965811965812,0.022239872915011914,0.9763727477948246,0.03559870550161812,1.0
W2_apt,9,monotone_rate,0.05,318,0.8881987577639752,0.449685534591195,0.5970772442588727,0.014457831325301205,0.9719835316107196,0.031504065040650404,1.0
W2_apt,9,monotone_rate,0.15,336,0.8742857142857143,0.45535714285714285,0.5988258317025441,0.017929910350448247,0.962256714014049,0.042584434654919234,1.0
W2_apt,9,monotone_rate,0.3,333,0.8323353293413174,0.4174174174174174,0.5559999999999999,0.022764227642276424,0.937720647476745,0.030347528144884974,1.0
W2_apt,9,monotone_rate,0.5,305,0.8470588235294118,0.4721311475409836,0.6063157894736843,0.02066772655007949,0.9231189241314602,0.03890641430073607,2.0
W2_apt,9,attack_fraction,0.05,333,0.8735632183908046,0.45645645645645644,0.5996055226824457,0.01788617886178862,0.9637857369564686,0.04449789536981359,1.0
W2_apt,9,attack_fraction,0.1,333,0.8764044943820225,0.46846846846846846,0.6105675146771037,0.01788617886178862,0.9635220586440099,0.04611650485436893,1.0
W2_apt,9,attack_fraction,0.2,331,0.8666666666666667,0.43202416918429004,0.5766129032258064,0.017857142857142856,0.9624943598697375,0.04083947816222348,1.0
W2_apt,9,attack_fraction,0.4,336,0.8742857142857143,0.45535714285714285,0.5988258317025441,0.017929910350448247,0.962256714014049,0.042584434654919234,1.0
W2_apt,9,attack_fraction,0.6,338,0.8791208791208791,0.47337278106508873,0.6153846153846153,0.017959183673469388,0.9650259630479411,0.03507972665148064,3.0
W2_apt,9,attack_rate,0.02,28,0.34210526315789475,0.4642857142857143,0.3939393939393939,0.016286644951140065,0.9637854816193578,0.03125,3.0
W2_apt,9,attack_rate,0.05,85,0.6129032258064516,0.4470588235294118,0.5170068027210885,0.016238159675236806,0.9654222717503781,0.02594810379241517,2.5
W2_apt,9,attack_rate,0.1,158,0.7634408602150538,0.44936708860759494,0.5657370517928287,0.015658362989323844,0.9668318392720393,0.034292035398230086,2.0
W2_apt,9,attack_rate,0.2,336,0.8742857142857143,0.45535714285714285,0.5988258317025441,0.017929910350448247,0.962256714014049,0.042584434654919234,1.0
W2_apt,9,attack_rate,0.35,571,0.9386281588447654,0.4553415061295972,0.6132075471698113,0.017137096774193547,0.9622231794813852,0.03836317135549872,1.0
W2_apt,9,theft_position,0.10-0.20,344,0.8791208791208791,0.46511627906976744,0.6083650190114069,0.01804757998359311,0.9636413281950512,0.03080872913992298,1.0
W2_apt,9,theft_position,0.25-0.50,336,0.8742857142857143,0.45535714285714285,0.5988258317025441,0.017929910350448247,0.962256714014049,0.042584434654919234,1.0
W2_apt,9,theft_position,0.50-0.70,229,0.8130081300813008,0.4366812227074236,0.5681818181818181,0.017241379310344827,0.9620604544889128,0.0408695652173913,2.0
W2_apt,9,theft_position,0.70-0.85,76,0.5535714285714286,0.40789473684210525,0.46969696969696967,0.016812373907195696,0.9582256751495416,0.05956112852664577,1.0
W2_apt,9,theft_delay_s,0.0,336,0.8743169398907104,0.47619047619047616,0.6165703275529865,0.018744906275468622,0.9640055594364886,0.03763987792472025,1.5
W2_apt,9,theft_delay_s,1.0,336,0.875,0.4791666666666667,0.6192307692307693,0.018744906275468622,0.9638721523654287,0.03814852492370295,2.0
W2_apt,9,theft_delay_s,60.0,336,0.8188976377952756,0.30952380952380953,0.4492440604751619,0.018744906275468622,0.9455747661737882,0.037131230925737536,1.0
W2_apt,9,theft_delay_s,600.0,336,0.8188976377952756,0.30952380952380953,0.4492440604751619,0.018744906275468622,0.9455747661737882,0.037131230925737536,1.0
W2_apt,10,flapping_rate,0.0,272,0.8983739837398373,0.8125,0.8532818532818531,0.019364833462432222,0.9863264341367841,0.17579075425790755,1.0
W2_apt,10,flapping_rate,0.01,275,0.8423076923076923,0.7963636363636364,0.8186915887850468,0.03183229813664596,0.981393280632411,0.17906836055656383,1.0
W2_apt,10,flapping_rate,0.02,277,0.8777777777777778,0.5703971119133574,0.6914660831509847,0.017107309486780714,0.974520102632628,0.031990521327014215,3.0
W2_apt,10,flapping_rate,0.05,285,0.8860759493670886,0.49122807017543857,0.6320541760722347,0.014084507042253521,0.9709167284408203,0.03885135135135135,1.0
W2_apt,10,flapping_rate,0.1,282,0.904,0.40070921985815605,0.5552825552825553,0.00936768149882904,0.9554232342861572,0.02809633027522936,2.0
W2_apt,10,flapping_rate,0.2,301,0.8142857142857143,0.3787375415282392,0.5170068027210883,0.020602218700475437,0.9206106428123898,0.031573217201959713,1.0
W2_apt,10,monotone_rate,0.0,285,0.832258064516129,0.45263157894736844,0.5863636363636363,0.02034428794992175,0.97598770007962,0.03125,2.0
W2_apt,10,monotone_rate,0.05,280,0.8785046728971962,0.3357142857142857,0.4857881136950904,0.010132501948558068,0.9733882641131277,0.012359550561797753,3.0
W2_apt,10,monotone_rate,0.15,285,0.8860759493670886,0.49122807017543857,0.6320541760722347,0.014084507042253521,0.9709167284408203,0.03885135135135135,1.0
W2_apt,10,monotone_rate,0.3,307,0.8809523809523809,0.4820846905537459,0.6231578947368421,0.01592356687898089,0.951815649702276,0.03783231083844581,2.0
W2_apt,10,monotone_rate,0.5,307,0.868421052631579,0.42996742671009774,0.5751633986928105,0.01592356687898089,0.9291816220253533,0.03943044906900329,1.0
W2_apt,10,attack_fraction,0.05,285,0.87248322147651,0.45614035087719296,0.5990783410138248,0.01486697965571205,0.967935095955852,0.04118050789293068,1.0
W2_apt,10,attack_fraction,0.1,283,0.87248322147651,0.45936395759717313,0.6018518518518517,0.01484375,0.9692041188162545,0.04145818441744103,1.0
W2_apt,10,attack_fraction,0.2,287,0.88,0.45993031358885017,0.6041189931350114,0.014106583072100314,0.970144342621214,0.04041720990873533,1.0
W2_apt,10,attack_fraction,0.4,285,0.8860759493670886,0.49122807017543857,0.6320541760722347,0.014084507042253521,0.9709167284408203,0.03885135135135135,1.0
W2_apt,10,attack_fraction,0.6,287,0.8652482269503546,0.4250871080139373,0.5700934579439252,0.014890282131661442,0.9670682555459679,0.030425963488843813,3.0
W2_apt,10,attack_rate,0.02,24,0.2972972972972973,0.4583333333333333,0.36065573770491804,0.016894087069525665,0.9744828893220706,0.034722222222222224,1.0
W2_apt,10,attack_rate,0.05,53,0.5185185185185185,0.5283018867924528,0.5233644859813084,0.017218543046357615,0.9654879420217418,0.05537459283387622,1.0
W2_apt,10,attack_rate,0.1,132,0.6923076923076923,0.4090909090909091,0.5142857142857142,0.016771488469601678,0.9651070452957246,0.026829268292682926,2.5
W2_apt,10,attack_rate,0.2,285,0.8860759493670886,0.49122807017543857,0.6320541760722347,0.014084507042253521,0.9709167284408203,0.03885135135135135,1.0
W2_apt,10,attack_rate,0.35,528,0.9437751004016064,0.44507575757575757,0.6048906048906049,0.01352657004830918,0.9702129995608256,0.036760310818888225,1.0
W2_apt,10,theft_position,0.10-0.20,293,0.8875,0.48464163822525597,0.6269315673289183,0.014173228346456693,0.9685267797156755,0.03145539906103286,1.0
W2_apt,10,theft_position,0.25-0.50,285,0.8860759493670886,0.49122807017543857,0.6320541760722347,0.014084507042253521,0.9709167284408203,0.03885135135135135,1.0
W2_apt,10,theft_position,0.50-0.70,206,0.835820895522388,0.5436893203883495,0.6588235294117647,0.016212232866617538,0.9730129998354451,0.04770992366412214,3.0
W2_apt,10,theft_position,0.70-0.85,64,0.5454545454545454,0.46875,0.5042016806722689,0.01667778519012675,0.9657063042028019,0.05693950177935943,1.0
W2_apt,10,theft_delay_s,0.0,287,0.87248322147651,0.4529616724738676,0.5963302752293578,0.014890282131661442,0.9678546852642732,0.034424379232505645,2.0
W2_apt,10,theft_delay_s,1.0,287,0.87248322147651,0.4529616724738676,0.5963302752293578,0.014890282131661442,0.9678546852642732,0.034424379232505645,2.0
W2_apt,10,theft_delay_s,60.0,287,0.7978723404255319,0.2613240418118467,0.39370078740157477,0.014890282131661442,0.9530258429543543,0.033860045146726865,1.0
W2_apt,10,theft_delay_s,600.0,287,0.7978723404255319,0.2613240418118467,0.39370078740157477,0.014890282131661442,0.9530258429543543,0.033860045146726865,1.0
W2_apt,11,flapping_rate,0.0,306,0.9117647058823529,0.8104575163398693,0.8581314878892733,0.01909307875894988,0.9869294044852096,0.16293056314926188,1.0
W2_apt,11,flapping_rate,0.01,297,0.8966789667896679,0.8181818181818182,0.8556338028169014,0.022116903633491312,0.985942893920777,0.1628162816281628,1.0
W2_apt,11,flapping_rate,0.02,301,0.8469387755102041,0.5514950166112956,0.6680080482897384,0.02377179080824089,0.9727335190148001,0.036616812790097986,2.0
W2_apt,11,flapping_rate,0.05,301,0.8224852071005917,0.46179401993355484,0.5914893617021277,0.02377179080824089,0.9642093707714907,0.03289817232375979,2.0
W2_apt,11,flapping_rate,0.1,302,0.8378378378378378,0.3079470198675497,0.450363196125908,0.014274385408406027,0.9502589136131842,0.018947368421052633,2.0
W2_apt,11,flapping_rate,0.2,307,0.725609756097561,0.38762214983713356,0.505307855626327,0.035828025477707005,0.8961531878254736,0.038401660612350806,1.0
W2_apt,11,monotone_rate,0.0,267,0.918918918918919,0.38202247191011235,0.5396825396825397,0.006944444444444444,0.9785915753456328,0.017650639074863056,3.0
W2_apt,11,monotone_rate,0.05,270,0.8888888888888888,0.2962962962962963,0.4444444444444444,0.007733952049497293,0.966960270401879,0.012621916236374068,3.0
W2_apt,11,monotone_rate,0.15,301,0.8224852071005917,0.46179401993355484,0.5914893617021277,0.02377179080824089,0.9642093707714907,0.03289817232375979,2.0
W2_apt,11,monotone_rate,0.3,311,0.8674698795180723,0.4630225080385852,0.6037735849056604,0.01757188498402556,0.9497010570867962,0.03997867803837953,1.0
W2_apt,11,monotone_rate,0.5,333,0.8698224852071006,0.44144144144144143,0.5856573705179283,0.01788617886178862,0.9219109353255694,0.0410958904109589,1.0
W2_apt,11,attack_fraction,0.05,302,0.8258426966292135,0.4867549668874172,0.6124999999999999,0.02458366375892149,0.9634159791188535,0.04672290720311486,1.0
W2_apt,11,attack_fraction,0.1,304,0.8165680473372781,0.45394736842105265,0.5835095137420719,0.024622716441620333,0.9609652606496384,0.039399624765478425,1.0
W2_apt,11,attack_fraction,0.2,299,0.8306010928961749,0.5083612040133779,0.6307053941908713,0.0245253164556962,0.9677167562761949,0.05412541254125412,1.0
W2_apt,11,attack_fraction,0.4,301,0.8224852071005917,0.46179401993355484,0.5914893617021277,0.02377179080824089,0.9642093707714907,0.03289817232375979,2.0
W2_apt,11,attack_fraction,0.6,301,0.8245614035087719,0.4684385382059801,0.5974576271186441,0.02377179080824089,0.9628944195523638,0.035240040858018386,3.0
W2_apt,11,attack_rate,0.02,24,0.20930232558139536,0.375,0.26865671641791045,0.022092267706302793,0.9675790556638509,0.032467532467532464,1.0
W2_apt,11,attack_rate,0.05,79,0.5405405405405406,0.5063291139240507,0.5228758169934641,0.022911051212938006,0.9657059265072162,0.022944550669216062,3.0
W2_apt,11,attack_rate,0.1,158,0.6530612244897959,0.4050632911392405,0.5,0.024199288256227757,0.9569868012072615,0.023607176581680833,2.0
W2_apt,11,attack_rate,0.2,301,0.8224852071005917,0.46179401993355484,0.5914893617021277,0.02377179080824089,0.9642093707714907,0.03289817232375979,2.0
W2_apt,11,attack_rate,0.35,545,0.9144981412639405,0.45137614678899085,0.6044226044226044,0.022593320235756387,0.9599772895225392,0.03345388788426763,1.0
W2_apt,11,theft_position,0.10-0.20,311,0.8351648351648352,0.4887459807073955,0.6166328600405679,0.023961661341853034,0.9635027685606566,0.04121376811594203,1.0
W2_apt,11,theft_position,0.25-0.50,301,0.8224852071005917,0.46179401993355484,0.5914893617021277,0.02377179080824089,0.9642093707714907,0.03289817232375979,2.0
W2_apt,11,theft_position,0.50-0.70,210,0.7142857142857143,0.38095238095238093,0.4968944099378881,0.023651145602365115,0.9586421708372928,0.032816773017319965,2.0
W2_apt,11,theft_position,0.70-0.85,66,0.423728813559322,0.3787878787878788,0.39999999999999997,0.022712090848363394,0.9556081860691079,0.047619047619047616,1.0
W2_apt,11,theft_delay_s,0.0,302,0.810126582278481,0.423841059602649,0.5565217391304348,0.023790642347343377,0.959289379290062,0.0405766150560598,1.0
W2_apt,11,theft_delay_s,1.0,302,0.810126582278481,0.423841059602649,0.5565217391304348,0.023790642347343377,0.959289379290062,0.041110517885744796,1.0
W2_apt,11,theft_delay_s,60.0,302,0.7272727272727273,0.26490066225165565,0.38834951456310685,0.023790642347343377,0.944888950743392,0.041110517885744796,1.0
W2_apt,11,theft_delay_s,600.0,302,0.7272727272727273,0.26490066225165565,0.38834951456310685,0.023790642347343377,0.944888950743392,0.041110517885744796,1.0
W2_apt,12,flapping_rate,0.0,303,0.8764940239043825,0.7260726072607261,0.7942238267148015,0.024603174603174603,0.9811920477762062,0.1443024494142705,1.0
W2_apt,12,flapping_rate,0.01,304,0.8466898954703833,0.7993421052631579,0.8223350253807106,0.03494837172359015,0.97727023326784,0.1540864133263925,1.0
W2_apt,12,flapping_rate,0.02,302,0.8592233009708737,0.5860927152317881,0.6968503937007874,0.022997620935765267,0.9692953663391296,0.03194369247428262,2.5
W2_apt,12,flapping_rate,0.05,310,0.8717948717948718,0.43870967741935485,0.5836909871244635,0.01596169193934557,0.9574569420487604,0.03878406708595388,1.0
W2_apt,12,flapping_rate,0.1,324,0.8709677419354839,0.4166666666666667,0.5636743215031316,0.016142050040355124,0.9475146723263485,0.027792074112197633,2.0
W2_apt,12,flapping_rate,0.2,295,0.7051282051282052,0.3728813559322034,0.4878048780487805,0.03627760252365931,0.9027027749558895,0.0367965367965368,1.0
W2_apt,12,monotone_rate,0.0,300,0.9016393442622951,0.36666666666666664,0.5213270142180095,0.009501187648456057,0.9755357614146213,0.018150879183210438,3.0
W2_apt,12,monotone_rate,0.05,301,0.9196428571428571,0.34219269102990035,0.49878934624697335,0.0071315372424722665,0.9696587181660709,0.01608430393788131,3.0
W2_apt,12,monotone_rate,0.15,310,0.8717948717948718,0.43870967741935485,0.5836909871244635,0.01596169193934557,0.9574569420487604,0.03878406708595388,1.0
W2_apt,12,monotone_rate,0.3,299,0.8343558282208589,0.45484949832775917,0.5887445887445887,0.021360759493670885,0.9391815016299055,0.03481822836661547,1.0
W2_apt,12,monotone_rate,0.5,285,0.8246753246753247,0.4456140350877193,0.5785876993166287,0.02112676056338028,0.9230980424457074,0.038857142857142854,1.0
W2_apt,12,attack_fraction,0.05,307,0.8734177215189873,0.4495114006514658,0.5935483870967742,0.01592356687898089,0.9615746695989543,0.036585365853658534,1.0
W2_apt,12,attack_fraction,0.1,309,0.8765432098765432,0.459546925566343,0.6029723991507431,0.01594896331738437,0.9605405098506785,0.040342298288508556,1.0
W2_apt,12,attack_fraction,0.2,309,0.8857142857142857,0.5016181229773463,0.6404958677685951,0.01594896331738437,0.9654322994895299,0.04939759036144578,1.0
W2_apt,12,attack_fraction,0.4,310,0.8717948717948718,0.43870967741935485,0.5836909871244635,0.01596169193934557,0.9574569420487604,0.03878406708595388,1.0
W2_apt,12,attack_fraction,0.6,308,0.8717948717948718,0.44155844155844154,0.5862068965517242,0.01593625498007968,0.958319966885704,0.035678889990089196,1.0
W2_apt,12,attack_rate,0.02,26,0.22580645161290322,0.2692307692307692,0.2456140350877193,0.015614834092387769,0.9527801411340774,0.019230769230769232,2.0
W2_apt,12,attack_rate,0.05,77,0.5833333333333334,0.45454545454545453,0.5109489051094891,0.016823687752355317,0.953064096065442,0.04149377593360996,3.0
W2_apt,12,attack_rate,0.1,150,0.7553191489361702,0.47333333333333333,0.5819672131147541,0.01627742392073602,0.9600518990327908,0.04658721560130011,2.0
W2_apt,12,attack_rate,0.2,310,0.8717948717948718,0.43870967741935485,0.5836909871244635,0.01596169193934557,0.9574569420487604,0.03878406708595388,1.0
W2_apt,12,attack_rate,0.35,523,0.9404255319148936,0.4225621414913958,0.5831134564643801,0.013461538461538462,0.9607561773790263,0.032424242424242425,1.0
W2_apt,12,theft_position,0.10-0.20,319,0.8709677419354839,0.4231974921630094,0.5696202531645569,0.01607717041800643,0.959634458567267,0.028117913832199547,1.0
W2_apt,12,theft_position,0.25-0.50,310,0.8717948717948718,0.43870967741935485,0.5836909871244635,0.01596169193934557,0.9574569420487604,0.03878406708595388,1.0
W2_apt,12,theft_position,0.50-0.70,225,0.808695652173913,0.41333333333333333,0.5470588235294118,0.016442451420029897,0.9569888722803521,0.030927835051546393,3.0
W2_apt,12,theft_position,0.70-0.85,59,0.36585365853658536,0.2542372881355932,0.3,0.017287234042553192,0.9455801478543094,0.03460207612456748,1.0
W2_apt,12,theft_delay_s,0.0,314,0.8795180722891566,0.46496815286624205,0.6083333333333333,0.016012810248198558,0.9608961054193673,0.037530864197530864,1.0
W2_apt,12,theft_delay_s,1.0,314,0.8795180722891566,0.46496815286624205,0.6083333333333333,0.016012810248198558,0.9608961054193673,0.037530864197530864,1.0
W2_apt,12,theft_delay_s,60.0,314,0.8260869565217391,0.30254777070063693,0.44289044289044294,0.016012810248198558,0.9445186722626508,0.0345679012345679,1.0
W2_apt,12,theft_delay_s,600.0,314,0.8260869565217391,0.30254777070063693,0.44289044289044294,0.016012810248198558,0.9445186722626508,0.0345679012345679,1.0
W2_apt,13,flapping_rate,0.0,280,0.9032258064516129,0.8,0.8484848484848486,0.018706157443491817,0.986060850684779,0.16488463702870004,1.0
W2_apt,13,flapping_rate,0.01,287,0.9259259259259259,0.6097560975609756,0.7352941176470589,0.0109717868338558,0.9785370222712527,0.04176470588235294,2.0
W2_apt,13,flapping_rate,0.02,282,0.9230769230769231,0.5106382978723404,0.6575342465753424,0.00936768149882904,0.9789850017439833,0.03940605368360937,1.5
W2_apt,13,flapping_rate,0.05,291,0.8273809523809523,0.47766323024054985,0.6056644880174291,0.02279874213836478,0.9576727938792712,0.037187681580476466,3.0
W2_apt,13,flapping_rate,0.1,308,0.8571428571428571,0.33116883116883117,0.47775175644028106,0.013545816733067729,0.9533178972422001,0.02257217847769029,3.0
W2_apt,13,flapping_rate,0.2,320,0.7662337662337663,0.36875,0.49789029535864987,0.028962188254223652,0.9064523833467417,0.041044776119402986,1.0
W2_apt,13,monotone_rate,0.0,296,0.8554913294797688,0.5,0.6311300639658849,0.01973164956590371,0.9813309264276115,0.03934426229508197,1.0
W2_apt,13,monotone_rate,0.05,294,0.8493150684931506,0.4217687074829932,0.5636363636363637,0.017336485421591805,0.9763620184086242,0.03496503496503497,1.0
W2_apt,13,monotone_rate,0.15,291,0.8273809523809523,0.47766323024054985,0.6056644880174291,0.02279874213836478,0.9576727938792712,0.037187681580476466,3.0
W2_apt,13,monotone_rate,0.3,311,0.8653846153846154,0.4340836012861736,0.5781584582441114,0.016773162939297124,0.9418576579723247,0.032105263157894734,1.0
W2_apt,13,monotone_rate,0.5,298,0.8601398601398601,0.412751677852349,0.5578231292517007,0.015810276679841896,0.916683025174417,0.03446418955304254,2.0
W2_apt,13,attack_fraction,0.05,294,0.8323699421965318,0.4897959183673469,0.6167023554603853,0.022852639873916468,0.9592841864878339,0.041075429424943986,1.0
W2_apt,13,attack_fraction,0.1,294,0.8284023668639053,0.47619047619047616,0.6047516198704104,0.022852639873916468,0.9588392488595123,0.040983606557377046,1.0
W2_apt,13,attack_fraction,0.2,295,0.8333333333333334,0.4915254237288136,0.6183368869936035,0.022870662460567823,0.9593287173180773,0.039014373716632446,1.0
W2_apt,13,attack_fraction,0.4,291,0.8273809523809523,0.47766323024054985,0.6056644880174291,0.02279874213836478,0.9576727938792712,0.037187681580476466,3.0
W2_apt,13,attack_fraction,0.6,290,0.8129032258064516,0.43448275862068964,0.5662921348314607,0.022780832678711706,0.9552631578947368,0.030687830687830688,3.0
W2_apt,13,attack_rate,0.02,28,0.2619047619047619,0.39285714285714285,0.3142857142857143,0.020195439739413682,0.9639018147975803,0.031413612565445025,1.0
W2_apt,13,attack_rate,0.05,67,0.5230769230769231,0.5074626865671642,0.5151515151515151,0.02072192513368984,0.9651109426131376,0.04408352668213457,1.0
W2_apt,13,attack_rate,0.1,124,0.6590909090909091,0.46774193548387094,0.5471698113207547,0.020847810979847115,0.9664557600484207,0.0426098535286285,1.0
W2_apt,13,attack_rate,0.2,291,0.8273809523809523,0.47766323024054985,0.6056644880174291,0.02279874213836478,0.9576727938792712,0.037187681580476466,3.0
W2_apt,13,attack_rate,0.35,529,0.9107806691449815,0.46313799621928164,0.6140350877192983,0.02321083172147002,0.9563453177960679,0.031746031746031744,2.0
W2_apt,13,theft_position,0.10-0.20,303,0.8489583333333334,0.5379537953795379,0.6585858585858586,0.023015873015873017,0.9632694221803133,0.04018081366147665,1.0
W2_apt,13,theft_position,0.25-0.50,291,0.8273809523809523,0.47766323024054985,0.6056644880174291,0.02279874213836478,0.9576727938792712,0.037187681580476466,3.0
W2_apt,13,theft_position,0.50-0.70,195,0.7413793103448276,0.441025641025641,0.5530546623794212,0.021929824561403508,0.957041910331384,0.04523107177974434,1.0
W2_apt,13,theft_position,0.70-0.85,61,0.4339622641509434,0.3770491803278688,0.40350877192982454,0.019973368841544607,0.9521075724171051,0.04710144927536232,1.0
W2_apt,13,theft_delay_s,0.0,296,0.8209876543209876,0.44932432432432434,0.5807860262008734,0.022888713496448304,0.9557611083854177,0.0350974930362117,1.0
W2_apt,13,theft_delay_s,1.0,296,0.8209876543209876,0.44932432432432434,0.5807860262008734,0.022888713496448304,0.9557611083854177,0.0350974930362117,2.0
W2_apt,13,theft_delay_s,60.0,296,0.7314814814814815,0.2668918918918919,0.3910891089108911,0.022888713496448304,0.9393665073913693,0.03231197771587744,1.0
W2_apt,13,theft_delay_s,600.0,296,0.7314814814814815,0.2668918918918919,0.3910891089108911,0.022888713496448304,0.9393665073913693,0.03231197771587744,1.0
W2_apt,14,flapping_rate,0.0,298,0.9014598540145985,0.8288590604026845,0.8636363636363636,0.021343873517786563,0.9869273416982783,0.16800428036383092,1.0
W2_apt,14,flapping_rate,0.01,286,0.9502487562189055,0.6678321678321678,0.784394250513347,0.007830853563038372,0.9824832567589028,0.03880070546737213,2.0
W2_apt,14,flapping_rate,0.02,295,0.9230769230769231,0.488135593220339,0.6385809312638582,0.00946372239747634,0.9758046837405764,0.04288070368334249,1.0
W2_apt,14,flapping_rate,0.05,287,0.8888888888888888,0.3623693379790941,0.5148514851485149,0.01018808777429467,0.957228326761548,0.0193621867881549,3.0
W2_apt,14,flapping_rate,0.1,295,0.7384615384615385,0.3254237288135593,0.45176470588235296,0.026813880126182965,0.929440464096669,0.012678288431061807,3.0
W2_apt,14,flapping_rate,0.2,303,0.711864406779661,0.4158415841584158,0.525,0.04047619047619048,0.8953127455602703,0.0483695652173913,1.0
W2_apt,14,monotone_rate,0.0,312,0.8828828828828829,0.3141025641025641,0.46335697399527176,0.010391686650679457,0.9745331939576544,0.015546639919759278,3.0
W2_apt,14,monotone_rate,0.05,301,0.8598130841121495,0.30564784053156147,0.4509803921568628,0.011885895404120444,0.9651610321643123,0.017151767151767153,3.0
W2_apt,14,monotone_rate,0.15,287,0.8888888888888888,0.3623693379790941,0.5148514851485149,0.01018808777429467,0.957228326761548,0.0193621867881549,3.0
W2_apt,14,monotone_rate,0.3,307,0.8793103448275862,0.3322475570032573,0.48226950354609927,0.011146496815286623,0.9504917114462955,0.01810436634717785,3.0
W2_apt,14,monotone_rate,0.5,318,0.8727272727272727,0.3018867924528302,0.44859813084112143,0.011244979919678716,0.918696168321083,0.025587467362924284,3.0
W2_apt,14,attack_fraction,0.05,292,0.8907563025210085,0.363013698630137,0.5158150851581509,0.010228166797797011,0.9613008309711908,0.026485325697924122,1.0
W2_apt,14,attack_fraction,0.1,291,0.8898305084745762,0.36082474226804123,0.5134474327628362,0.010220125786163521,0.9600096717024358,0.02442528735632184,2.0
W2_apt,14,attack_fraction,0.2,286,0.8807339449541285,0.3356643356643357,0.4860759493670886,0.010180109631949883,0.9597778885171211,0.016083916083916083,2.0
W2_apt,14,attack_fraction,0.4,287,0.8888888888888888,0.3623693379790941,0.5148514851485149,0.01018808777429467,0.957228326761548,0.0193621867881549,3.0
W2_apt,14,attack_fraction,0.6,290,0.8796296296296297,0.3275862068965517,0.4773869346733668,0.01021209740769835,0.9578581683235365,0.02025586353944563,3.0
W2_apt,14,attack_rate,0.02,32,0.391304347826087,0.28125,0.3272727272727273,0.009144350097975179,0.9522677171783148,0.02702702702702703,1.0
W2_apt,14,attack_rate,0.05,77,0.631578947368421,0.3116883116883117,0.41739130434782606,0.009421265141318977,0.9562671514219293,0.01284796573875803,3.5
W2_apt,14,attack_rate,0.1,148,0.7543859649122807,0.2905405405405405,0.4195121951219512,0.009893992932862191,0.951950625537198,0.008658008658008658,3.0
W2_apt,14,attack_rate,0.2,287,0.8888888888888888,0.3623693379790941,0.5148514851485149,0.01018808777429467,0.957228326761548,0.0193621867881549,3.0
W2_apt,14,attack_rate,0.35,529,0.9435897435897436,0.34782608695652173,0.5082872928176796,0.010638297872340425,0.9578069639807966,0.017325227963525838,2.0
W2_apt,14,theft_position,0.10-0.20,296,0.8992248062015504,0.3918918918918919,0.5458823529411765,0.010260457774269928,0.9591074894942299,0.023311132254995242,2.0
W2_apt,14,theft_position,0.25-0.50,287,0.8888888888888888,0.3623693379790941,0.5148514851485149,0.01018808777429467,0.957228326761548,0.0193621867881549,3.0
W2_apt,14,theft_position,0.50-0.70,204,0.8271604938271605,0.3284313725490196,0.47017543859649114,0.010301692420897719,0.956692132334906,0.02318840579710145,3.0
W2_apt,14,theft_position,0.70-0.85,56,0.48148148148148145,0.23214285714285715,0.3132530120481928,0.0092899800928998,0.9538107877523936,0.03319502074688797,1.0
W2_apt,14,theft_delay_s,0.0,291,0.8818181818181818,0.3333333333333333,0.4837905236907731,0.010220125786163521,0.9597084440986405,0.022752497225305215,2.0
W2_apt,14,theft_delay_s,1.0,291,0.8818181818181818,0.3333333333333333,0.4837905236907731,0.010220125786163521,0.9597084440986405,0.023307436182019976,2.0
W2_apt,14,theft_delay_s,60.0,291,0.8059701492537313,0.18556701030927836,0.3016759776536313,0.010220125786163521,0.9426397804145324,0.022752497225305215,1.0
W2_apt,14,theft_delay_s,600.0,291,0.8059701492537313,0.18556701030927836,0.3016759776536313,0.010220125786163521,0.9426397804145324,0.022752497225305215,1.0
W2_apt,15,flapping_rate,0.0,297,0.9120879120879121,0.8383838383838383,0.8736842105263157,0.018957345971563982,0.988159637448737,0.15630252100840336,1.0
W2_apt,15,flapping_rate,0.01,288,0.8560885608856088,0.8055555555555556,0.8300536672629696,0.03058823529411765,0.9821037581699347,0.09955506117908787,1.0
W2_apt,15,flapping_rate,0.02,298,0.920863309352518,0.42953020134228187,0.585812356979405,0.008695652173913044,0.9728294028702549,0.03426462836056932,1.0
W2_apt,15,flapping_rate,0.05,291,0.8242424242424242,0.46735395189003437,0.5964912280701753,0.02279874213836478,0.9571986643324905,0.040156162855549356,1.0
W2_apt,15,flapping_rate,0.1,309,0.8189655172413793,0.3074433656957929,0.4470588235294117,0.01674641148325359,0.9411501318757323,0.016184404119666502,2.0
W2_apt,15,flapping_rate,0.2,317,0.7252747252747253,0.416403785488959,0.5290581162324649,0.04012841091492777,0.8959319665199933,0.03533906399235912,1.0
W2_apt,15,monotone_rate,0.0,330,0.8206521739130435,0.4575757575757576,0.5875486381322957,0.0267639902676399,0.9764506377645064,0.03743045017703591,1.0
W2_apt,15,monotone_rate,0.05,317,0.8263157894736842,0.4952681388012618,0.6193293885601578,0.026484751203852328,0.9704176392848282,0.0387997930677703,2.0
W2_apt,15,monotone_rate,0.15,291,0.8242424242424242,0.46735395189003437,0.5964912280701753,0.02279874213836478,0.9571986643324905,0.040156162855549356,1.0
W2_apt,15,monotone_rate,0.3,313,0.9065420560747663,0.30990415335463256,0.46190476190476193,0.008,0.9393162939297125,0.02410901467505241,2.0
W2_apt,15,monotone_rate,0.5,294,0.9137931034482759,0.36054421768707484,0.5170731707317072,0.007880220646178092,0.9392244683531411,0.028391167192429023,1.0
W2_apt,15,attack_fraction,0.05,285,0.8104575163398693,0.43508771929824563,0.5662100456621004,0.02269170579029734,0.9563229278203333,0.0363761153054221,1.0
W2_apt,15,attack_fraction,0.1,283,0.8176100628930818,0.45936395759717313,0.5882352941176471,0.02265625,0.9590382067137809,0.038354253835425386,1.0
W2_apt,15,attack_fraction,0.2,282,0.8263473053892215,0.48936170212765956,0.6146993318485523,0.02263856362217018,0.956753367548624,0.035099337748344374,1.0
W2_apt,15,attack_fraction,0.4,291,0.8242424242424242,0.46735395189003437,0.5964912280701753,0.02279874213836478,0.9571986643324905,0.040156162855549356,1.0
W2_apt,15,attack_fraction,0.6,290,0.8253012048192772,0.4724137931034483,0.6008771929824561,0.022780832678711706,0.9590540943196901,0.03468516542155817,2.0
W2_apt,15,attack_rate,0.02,35,0.33962264150943394,0.5142857142857142,0.40909090909090906,0.022905759162303665,0.9576477187733732,0.035398230088495575,1.5
W2_apt,15,attack_rate,0.05,82,0.47619047619047616,0.36585365853658536,0.41379310344827586,0.02228224172856178,0.9488768300917311,0.028409090909090908,1.0
W2_apt,15,attack_rate,0.1,156,0.6952380952380952,0.46794871794871795,0.5593869731800767,0.022743425728500355,0.95896661381736,0.033468559837728194,1.0
W2_apt,15,attack_rate,0.2,291,0.8242424242424242,0.46735395189003437,0.5964912280701753,0.02279874213836478,0.9571986643324905,0.040156162855549356,1.0
W2_apt,15,attack_rate,0.35,542,0.9198606271777003,0.4870848708487085,0.6369119420989143,0.022526934378060724,0.9577805205084372,0.043799940810890794,1.0
W2_apt,15,theft_position,0.10-0.20,296,0.8333333333333334,0.48986486486486486,0.6170212765957447,0.022888713496448304,0.9590821583224898,0.03471231573941987,1.0
W2_apt,15,theft_position,0.25-0.50,291,0.8242424242424242,0.46735395189003437,0.5964912280701753,0.02279874213836478,0.9571986643324905,0.040156162855549356,1.0
W2_apt,15,theft_position,0.50-0.70,200,0.7391304347826086,0.425,0.5396825396825397,0.022010271460014674,0.9539985326485694,0.032598274209012464,3.0
W2_apt,15,theft_position,0.70-0.85,54,0.3888888888888889,0.3888888888888889,0.3888888888888889,0.02186878727634195,0.9468681736740053,0.039285714285714285,1.0
W2_apt,15,theft_delay_s,0.0,292,0.8342857142857143,0.5,0.6252676659528908,0.022816679779701022,0.9602163111776942,0.036973833902161544,1.0
W2_apt,15,theft_delay_s,1.0,292,0.8342857142857143,0.5,0.6252676659528908,0.022816679779701022,0.9602163111776942,0.036973833902161544,1.0
W2_apt,15,theft_delay_s,60.0,292,0.7521367521367521,0.3013698630136986,0.430317848410758,0.022816679779701022,0.9401506741536704,0.036973833902161544,1.0
W2_apt,15,theft_delay_s,600.0,292,0.7521367521367521,0.3013698630136986,0.430317848410758,0.022816679779701022,0.9401506741536704,0.036973833902161544,1.0
W2_apt,16,flapping_rate,0.0,296,0.8888888888888888,0.8108108108108109,0.8480565371024734,0.02367797947908445,0.9848999552038226,0.1708542713567839,1.0
W2_apt,16,flapping_rate,0.01,297,0.8587786259541985,0.7575757575757576,0.8050089445438282,0.029225908372827805,0.9789482502752644,0.17354497354497356,1.0
W2_apt,16,flapping_rate,0.02,304,0.8877551020408163,0.5723684210526315,0.696,0.017474185861795076,0.9757352326407759,0.029511918274687854,3.0
W2_apt,16,flapping_rate,0.05,297,0.8121546961325967,0.494949494949495,0.6150627615062761,0.026856240126382307,0.9608379742660943,0.03410936654033568,3.0
W2_apt,16,flapping_rate,0.1,286,0.7837837837837838,0.3041958041958042,0.43828715365239296,0.018794048551292093,0.930577840327253,0.017807456872565387,2.0
W2_apt,16,flapping_rate,0.2,304,0.7177914110429447,0.3848684210526316,0.5010706638115632,0.03653693407466243,0.8922063772417541,0.029858564693556838,1.5
W2_apt,16,monotone_rate,0.0,301,0.918918918918919,0.3388704318936877,0.4951456310679611,0.0071315372424722665,0.9802191322111714,0.014705882352941176,3.0
W2_apt,16,monotone_rate,0.05,320,0.8571428571428571,0.50625,0.6365422396856582,0.02172164119066774,0.9759842618664522,0.04229934924078091,1.0
W2_apt,16,monotone_rate,0.15,297,0.8121546961325967,0.494949494949495,0.6150627615062761,0.026856240126382307,0.9608379742660943,0.03410936654033568,3.0
W2_apt,16,monotone_rate,0.3,293,0.8703703703703703,0.4812286689419795,0.6197802197802198,0.01653543307086614,0.9486173443336647,0.04080551139374669,1.0
W2_apt,16,monotone_rate,0.5,290,0.8907563025210085,0.36551724137931035,0.5183374083129585,0.01021209740769835,0.9303640599181948,0.030203185063152116,3.0
W2_apt,16,attack_fraction,0.05,296,0.8023255813953488,0.46621621621621623,0.5897435897435898,0.026835043409629045,0.9582075662876768,0.041916167664670656,1.0
W2_apt,16,attack_fraction,0.1,297,0.7964071856287425,0.4478114478114478,0.5732758620689655,0.026856240126382307,0.9574350668347509,0.0389030612244898,1.0
W2_apt,16,attack_fraction,0.2,299,0.807909604519774,0.4782608695652174,0.6008403361344538,0.02689873417721519,0.9590472990135896,0.04135802469135803,1.0
W2_apt,16,attack_fraction,0.4,297,0.8121546961325967,0.494949494949495,0.6150627615062761,0.026856240126382307,0.9608379742660943,0.03410936654033568,3.0
W2_apt,16,attack_fraction,0.6,294,0.7988165680473372,0.45918367346938777,0.5831533477321814,0.026792750197005517,0.9582937982127445,0.024678663239074552,3.5
W2_apt,16,attack_rate,0.02,35,0.288135593220339,0.4857142857142857,0.3617021276595745,0.0274869109947644,0.9697363500373971,0.029411764705882353,3.0
W2_apt,16,attack_rate,0.05,78,0.4864864864864865,0.46153846153846156,0.47368421052631576,0.02558922558922559,0.9573815073815074,0.02591792656587473,2.5
W2_apt,16,attack_rate,0.1,151,0.6754385964912281,0.5099337748344371,0.5811320754716982,0.026203966005665724,0.9589493086693057,0.03858520900321544,1.0
W2_apt,16,attack_rate,0.2,297,0.8121546961325967,0.494949494949495,0.6150627615062761,0.026856240126382307,0.9608379742660943,0.03410936654033568,3.0
W2_apt,16,attack_rate,0.35,540,0.9060402684563759,0.5,0.6443914081145585,0.02737047898338221,0.9600711415227544,0.04187192118226601,1.0
W2_apt,16,theft_position,0.10-0.20,310,0.7951807228915663,0.4258064516129032,0.5546218487394957,0.02713487629688747,0.9555325283834926,0.04020979020979021,1.0
W2_apt,16,theft_position,0.25-0.50,297,0.8121546961325967,0.494949494949495,0.6150627615062761,0.026856240126382307,0.9608379742660943,0.03410936654033568,3.0
W2_apt,16,theft_position,0.50-0.70,216,0.7165354330708661,0.4212962962962963,0.5306122448979591,0.026726057906458798,0.9539717891610987,0.04862385321100918,1.0
W2_apt,16,theft_position,0.70-0.85,65,0.4411764705882353,0.46153846153846156,0.45112781954887216,0.025367156208277702,0.95904796138441,0.0473186119873817,1.0
W2_apt,16,theft_delay_s,0.0,305,0.8121546961325967,0.4819672131147541,0.6049382716049383,0.02702702702702703,0.9602257030415179,0.03939557474365893,1.0
W2_apt,16,theft_delay_s,1.0,305,0.8121546961325967,0.4819672131147541,0.6049382716049383,0.02702702702702703,0.9602257030415179,0.03939557474365893,1.0
W2_apt,16,theft_delay_s,60.0,305,0.7301587301587301,0.3016393442622951,0.4269141531322506,0.02702702702702703,0.9429695848210795,0.038855909336211546,1.0
W2_apt,16,theft_delay_s,600.0,305,0.7301587301587301,0.3016393442622951,0.4269141531322506,0.02702702702702703,0.9429695848210795,0.038855909336211546,1.0
W2_apt,17,flapping_rate,0.0,303,0.91796875,0.7755775577557755,0.8407871198568873,0.016666666666666666,0.9871810990622871,0.15631691648822268,1.0
W2_apt,17,flapping_rate,0.01,302,0.9456521739130435,0.5761589403973509,0.7160493827160493,0.007930214115781126,0.9817946442169833,0.03190883190883191,3.0
W2_apt,17,flapping_rate,0.02,309,0.9253731343283582,0.6019417475728155,0.7294117647058823,0.011961722488038277,0.9798624982580015,0.03744939271255061,2.0
W2_apt,17,flapping_rate,0.05,314,0.8355263157894737,0.40445859872611467,0.5450643776824035,0.020016012810248198,0.9649821768242619,0.028219599794766546,2.0
W2_apt,17,flapping_rate,0.1,324,0.8214285714285714,0.3549382716049383,0.4956896551724138,0.020177562550443905,0.9502672904273658,0.02,3.0
W2_apt,17,flapping_rate,0.2,331,0.7657142857142857,0.40483383685800606,0.5296442687747036,0.033279220779220776,0.911936722642916,0.03484320557491289,1.0
W2_apt,17,monotone_rate,0.0,282,0.8148148148148148,0.46808510638297873,0.5945945945945945,0.0234192037470726,0.9761171181645545,0.02768549280177187,2.0
W2_apt,17,monotone_rate,0.05,294,0.8881578947368421,0.45918367346938777,0.6053811659192825,0.013396375098502758,0.971688833137668,0.035634743875278395,2.0
W2_apt,17,monotone_rate,0.15,314,0.8355263157894737,0.40445859872611467,0.5450643776824035,0.020016012810248198,0.9649821768242619,0.028219599794766546,2.0
W2_apt,17,monotone_rate,0.3,322,0.889763779527559,0.35093167701863354,0.5033407572383074,0.011281224818694601,0.9473363496679196,0.018343815513626835,3.0
W2_apt,17,monotone_rate,0.5,313,0.8620689655172413,0.4792332268370607,0.6160164271047228,0.0192,0.9313201277955272,0.03997923156801662,1.0
W2_apt,17,attack_fraction,0.05,311,0.8407643312101911,0.42443729903536975,0.5641025641025641,0.019968051118210862,0.965851422290252,0.04252400548696845,1.0
W2_apt,17,attack_fraction,0.1,312,0.845679012345679,0.4391025641025641,0.5780590717299577,0.019984012789768184,0.966562647318043,0.040190735694822885,1.0
W2_apt,17,attack_fraction,0.2,312,0.8366013071895425,0.41025641025641024,0.5505376344086022,0.019984012789768184,0.965329018836213,0.040272614622057,1.0
W2_apt,17,attack_fraction,0.4,314,0.8355263157894737,0.40445859872611467,0.5450643776824035,0.020016012810248198,0.9649821768242619,0.028219599794766546,2.0
W2_apt,17,attack_fraction,0.6,311,0.8587570621468926,0.4887459807073955,0.6229508196721311,0.019968051118210862,0.9672562485232631,0.03638201111672562,3.0
W2_apt,17,attack_rate,0.02,30,0.2727272727272727,0.4,0.3243243243243243,0.020874103065883887,0.9672428788867145,0.018404907975460124,2.0
W2_apt,17,attack_rate,0.05,83,0.5362318840579711,0.4457831325301205,0.4868421052631579,0.021621621621621623,0.9701318788668186,0.04042553191489362,1.0
W2_apt,17,attack_rate,0.1,158,0.7087378640776699,0.4620253164556962,0.5593869731800767,0.021352313167259787,0.9661426190368936,0.041666666666666664,1.0
W2_apt,17,attack_rate,0.2,314,0.8355263157894737,0.40445859872611467,0.5450643776824035,0.020016012810248198,0.9649821768242619,0.028219599794766546,2.0
W2_apt,17,attack_rate,0.35,541,0.922509225092251,0.46210720887245843,0.6157635467980296,0.02054794520547945,0.9668232344972527,0.03682288496652465,1.0
W2_apt,17,theft_position,0.10-0.20,322,0.8546511627906976,0.45652173913043476,0.5951417004048583,0.020145044319097503,0.967391304347826,0.037004788855028295,1.0
W2_apt,17,theft_position,0.25-0.50,314,0.8355263157894737,0.40445859872611467,0.5450643776824035,0.020016012810248198,0.9649821768242619,0.028219599794766546,2.0
W2_apt,17,theft_position,0.50-0.70,205,0.7851239669421488,0.4634146341463415,0.5828220858895705,0.01914580265095729,0.9661913143431876,0.04045155221072436,3.0
W2_apt,17,theft_position,0.70-0.85,61,0.42592592592592593,0.3770491803278688,0.39999999999999997,0.020639147802929428,0.9601787780227456,0.03985507246376811,1.0
W2_apt,17,theft_delay_s,0.0,314,0.8493975903614458,0.44904458598726116,0.5875,0.020016012810248198,0.9663017037834088,0.033880903490759756,1.0
W2_apt,17,theft_delay_s,1.0,314,0.8493975903614458,0.44904458598726116,0.5875,0.020016012810248198,0.9663017037834088,0.033880903490759756,2.0
W2_apt,17,theft_delay_s,60.0,314,0.7663551401869159,0.2611464968152866,0.38954869358669836,0.020016012810248198,0.9537502613555813,0.03182751540041068,1.0
W2_apt,17,theft_delay_s,600.0,314,0.7663551401869159,0.2611464968152866,0.38954869358669836,0.020016012810248198,0.9537502613555813,0.03182751540041068,1.0
W2_apt,18,flapping_rate,0.0,316,0.8776223776223776,0.7943037974683544,0.8338870431893687,0.028067361668003207,0.9841657953772599,0.16347124117053483,1.0
W2_apt,18,flapping_rate,0.01,315,0.8682432432432432,0.8158730158730159,0.8412438625204582,0.03125,0.9815107346357347,0.1514386673397274,1.0
W2_apt,18,flapping_rate,0.02,325,0.9554140127388535,0.46153846153846156,0.6224066390041494,0.005654281098546042,0.9752205790978005,0.03225806451612903,1.0
W2_apt,18,flapping_rate,0.05,313,0.8888888888888888,0.30670926517571884,0.4560570071258907,0.0096,0.9608984025559105,0.018575851393188854,2.0
W2_apt,18,flapping_rate,0.1,292,0.7894736842105263,0.3595890410958904,0.49411764705882355,0.022029897718332022,0.9463977776101226,0.02622950819672131,2.0
W2_apt,18,flapping_rate,0.2,264,0.688622754491018,0.4356060606060606,0.5336426914153132,0.04003079291762895,0.8999128117199711,0.04753309265944645,1.0
W2_apt,18,monotone_rate,0.0,300,0.8849557522123894,0.3333333333333333,0.48426150121065376,0.010292953285827395,0.9774703087885985,0.012540894220283533,3.0
W2_apt,18,monotone_rate,0.05,296,0.8677685950413223,0.3547297297297297,0.5035971223021583,0.012628255722178374,0.9672267966466862,0.019384264538198404,3.0
W2_apt,18,monotone_rate,0.15,313,0.8888888888888888,0.30670926517571884,0.4560570071258907,0.0096,0.9608984025559105,0.018575851393188854,2.0
W2_apt,18,monotone_rate,0.3,276,0.8079470198675497,0.4420289855072464,0.5714285714285715,0.022533022533022532,0.9407297613819353,0.03852993479549496,1.0
W2_apt,18,monotone_rate,0.5,315,0.7878787878787878,0.4126984126984127,0.5416666666666666,0.028044871794871796,0.9072140822140822,0.03542094455852156,1.0
W2_apt,18,attack_fraction,0.05,320,0.9153846153846154,0.371875,0.5288888888888889,0.008849557522123894,0.9670756234915527,0.023148148148148147,1.0
W2_apt,18,attack_fraction,0.1,319,0.9147286821705426,0.36990595611285265,0.5267857142857142,0.008842443729903537,0.9673744317551835,0.022457067371202115,1.0
W2_apt,18,attack_fraction,0.2,318,0.9043478260869565,0.3270440251572327,0.48036951501154734,0.008835341365461847,0.9655060493546513,0.018663455749548464,2.0
W2_apt,18,attack_fraction,0.4,313,0.8888888888888888,0.30670926517571884,0.4560570071258907,0.0096,0.9608984025559105,0.018575851393188854,2.0
W2_apt,18,attack_fraction,0.6,315,0.9067796610169492,0.3396825396825397,0.49422632794457283,0.008814102564102564,0.9629515160765161,0.014563106796116505,3.0
W2_apt,18,attack_rate,0.02,39,0.4,0.2564102564102564,0.3125,0.00984251968503937,0.9650211992731678,0.011235955056179775,3.0
W2_apt,18,attack_rate,0.05,77,0.6585365853658537,0.35064935064935066,0.45762711864406774,0.009421265141318977,0.9644386569016448,0.01171875,3.0
W2_apt,18,attack_rate,0.1,154,0.8181818181818182,0.35064935064935066,0.49090909090909085,0.008516678495386799,0.9647534864000442,0.020202020202020204,3.0
W2_apt,18,attack_rate,0.2,313,0.8888888888888888,0.30670926517571884,0.4560570071258907,0.0096,0.9608984025559105,0.018575851393188854,2.0
W2_apt,18,attack_rate,0.35,551,0.95,0.3103448275862069,0.46785225718194257,0.008893280632411068,0.9623797550985272,0.019016968987712112,3.0
W2_apt,18,theft_position,0.10-0.20,327,0.9051724137931034,0.3211009174311927,0.47404063205417607,0.00889967637540453,0.9625604940470889,0.01966652415562206,1.0
W2_apt,18,theft_position,0.25-0.50,313,0.8888888888888888,0.30670926517571884,0.4560570071258907,0.0096,0.9608984025559105,0.018575851393188854,2.0
W2_apt,18,theft_position,0.50-0.70,224,0.8441558441558441,0.29017857142857145,0.43189368770764125,0.008961911874533234,0.9591112770724421,0.013066202090592335,4.0
W2_apt,18,theft_position,0.70-0.85,71,0.6410256410256411,0.352112676056338,0.4545454545454546,0.00938337801608579,0.9583175999697919,0.025396825396825397,3.0
W2_apt,18,theft_delay_s,0.0,318,0.8962264150943396,0.29874213836477986,0.44811320754716977,0.008835341365461847,0.9623209820413731,0.019279553526128868,3.0
W2_apt,18,theft_delay_s,1.0,318,0.8962264150943396,0.29874213836477986,0.44811320754716977,0.008835341365461847,0.9623209820413731,0.019279553526128868,3.0
W2_apt,18,theft_delay_s,60.0,318,0.8253968253968254,0.16352201257861634,0.27296587926509186,0.008835341365461847,0.9472266424187316,0.017757483510908167,1.0
W2_apt,18,theft_delay_s,600.0,318,0.8253968253968254,0.16352201257861634,0.27296587926509186,0.008835341365461847,0.9472266424187316,0.017757483510908167,1.0
W2_apt,19,flapping_rate,0.0,288,0.8968253968253969,0.7847222222222222,0.837037037037037,0.0203921568627451,0.9850299564270153,0.1828665568369028,1.0
W2_apt,19,flapping_rate,0.01,282,0.8188679245283019,0.7695035460992907,0.793418647166362,0.03747072599531616,0.9762223108054988,0.1674364896073903,1.0
W2_apt,19,flapping_rate,0.02,281,0.8372093023255814,0.5124555160142349,0.6357615894039735,0.0218408736349454,0.9671151614747864,0.027180067950169876,3.0
W2_apt,19,flapping_rate,0.05,288,0.8100558659217877,0.5034722222222222,0.6209850107066381,0.02666666666666667,0.9562023420479303,0.032668881506090805,2.0
W2_apt,19,flapping_rate,0.1,294,0.8264462809917356,0.3401360544217687,0.48192771084337344,0.016548463356973995,0.9320223755380797,0.02160318362706083,2.0
W2_apt,19,flapping_rate,0.2,305,0.7575757575757576,0.4098360655737705,0.5319148936170214,0.03179650238473768,0.902109776121348,0.04076497232008052,1.0
W2_apt,19,monotone_rate,0.0,324,0.7947368421052632,0.4660493827160494,0.5875486381322957,0.031476997578692496,0.9708110383722437,0.03611393692777213,1.0
W2_apt,19,monotone_rate,0.05,298,0.8409090909090909,0.4966442953020134,0.6244725738396625,0.022134387351778657,0.9691195585855639,0.03769520732364028,1.0
W2_apt,19,monotone_rate,0.15,288,0.8100558659217877,0.5034722222222222,0.6209850107066381,0.02666666666666667,0.9562023420479303,0.032668881506090805,2.0
W2_apt,19,monotone_rate,0.3,313,0.8943089430894309,0.3514376996805112,0.5045871559633027,0.0104,0.9427348242811502,0.02216358839050132,3.0
W2_apt,19,monotone_rate,0.5,302,0.8023255813953488,0.45695364238410596,0.5822784810126582,0.02696272799365583,0.9219294053389773,0.043668122270742356,1.0
W2_apt,19,attack_fraction,0.05,290,0.8111111111111111,0.503448275862069,0.6212765957446807,0.02670856245090338,0.9593371617412032,0.04381084840055633,1.0
W2_apt,19,attack_fraction,0.1,291,0.8131868131868132,0.5085910652920962,0.6257928118393234,0.026729559748427674,0.9587642373943677,0.04548587181254307,1.0
W2_apt,19,attack_fraction,0.2,290,0.8162162162162162,0.5206896551724138,0.6357894736842106,0.02670856245090338,0.9571931630414172,0.042458808618504436,1.0
W2_apt,19,attack_fraction,0.4,288,0.8100558659217877,0.5034722222222222,0.6209850107066381,0.02666666666666667,0.9562023420479303,0.032668881506090805,2.0
W2_apt,19,attack_fraction,0.6,291,0.8,0.46735395189003437,0.5900216919739697,0.026729559748427674,0.9529787762864985,0.03379416282642089,3.0
W2_apt,19,attack_rate,0.02,36,0.3448275862068966,0.5555555555555556,0.4255319148936171,0.024885396201702686,0.9558138688787019,0.03271028037383177,3.0
W2_apt,19,attack_rate,0.05,82,0.5,0.4634146341463415,0.48101265822784817,0.025658338960162053,0.9592109813738245,0.024299065420560748,3.0
W2_apt,19,attack_rate,0.1,155,0.7,0.5419354838709678,0.610909090909091,0.02556818181818182,0.9595605755131965,0.03983656792645557,1.0
W2_apt,19,attack_rate,0.2,288,0.8100558659217877,0.5034722222222222,0.6209850107066381,0.02666666666666667,0.9562023420479303,0.032668881506090805,2.0
W2_apt,19,attack_rate,0.35,534,0.8892988929889298,0.45131086142322097,0.5987577639751553,0.029154518950437316,0.952196234298963,0.035909920876445525,1.0
W2_apt,19,theft_position,0.10-0.20,295,0.8,0.4610169491525424,0.5849462365591398,0.026813880126182965,0.95320804149067,0.03819604233778187,1.0
W2_apt,19,theft_position,0.25-0.50,288,0.8100558659217877,0.5034722222222222,0.6209850107066381,0.02666666666666667,0.9562023420479303,0.032668881506090805,2.0
W2_apt,19,theft_position,0.50-0.70,207,0.71900826446281,0.42028985507246375,0.5304878048780488,0.025073746312684365,0.9528771749818307,0.034080717488789235,3.0
W2_apt,19,theft_position,0.70-0.85,69,0.3620689655172414,0.30434782608695654,0.33070866141732286,0.024765729585006693,0.9430960557204664,0.03164556962025317,1.0
W2_apt,19,theft_delay_s,0.0,285,0.7988165680473372,0.47368421052631576,0.5947136563876652,0.026604068857589983,0.9572605221975126,0.03131868131868132,2.0
W2_apt,19,theft_delay_s,1.0,285,0.7988165680473372,0.47368421052631576,0.5947136563876652,0.026604068857589983,0.9572605221975126,0.031868131868131866,2.0
W2_apt,19,theft_delay_s,60.0,285,0.7068965517241379,0.28771929824561404,0.4089775561097257,0.026604068857589983,0.9359305933064272,0.03076923076923077,1.0
W2_apt,19,theft_delay_s,600.0,285,0.7068965517241379,0.28771929824561404,0.4089775561097257,0.026604068857589983,0.9359305933064272,0.03076923076923077,1.0
W2_apt,0,min_requests,7,318,0.9545454545454546,0.330188679245283,0.4906542056074766,0.004016064257028112,0.9618587557778283,0.016477857878475798,3.0
W2_apt,1,min_requests,7,296,0.8461538461538461,0.44594594594594594,0.584070796460177,0.018942383583267563,0.9531000021331513,0.033188248095756254,2.0
W2_apt,2,min_requests,7,298,0.8554913294797688,0.4966442953020134,0.6284501061571126,0.019762845849802372,0.9657174310953126,0.04282765737874097,1.0
W2_apt,3,min_requests,7,293,0.8778625954198473,0.3924914675767918,0.5424528301886792,0.012598425196850394,0.9587930988148665,0.022828507795100223,2.0
W2_apt,4,min_requests,7,302,0.7823529411764706,0.44039735099337746,0.5635593220338982,0.029341792228390166,0.9533824201332907,0.03507853403141361,1.0
W2_apt,5,min_requests,7,306,0.8385093167701864,0.4411764705882353,0.5781584582441113,0.020684168655529037,0.9633828339078936,0.035246727089627394,1.0
W2_apt,6,min_requests,7,319,0.860655737704918,0.329153605015674,0.47619047619047616,0.013665594855305467,0.951821407331996,0.012307692307692308,3.0
W2_apt,7,min_requests,7,310,0.861878453038674,0.5032258064516129,0.6354378818737271,0.019952114924181964,0.9651249903457508,0.039174166225516144,1.0
W2_apt,8,min_requests,7,284,0.8181818181818182,0.4753521126760563,0.6013363028953229,0.023455824863174355,0.9626468742085036,0.03119777158774373,2.0
W2_apt,9,min_requests,7,336,0.8742857142857143,0.45535714285714285,0.5988258317025441,0.017929910350448247,0.962256714014049,0.042584434654919234,1.0
W2_apt,10,min_requests,7,285,0.8860759493670886,0.49122807017543857,0.6320541760722347,0.014084507042253521,0.9709167284408203,0.03885135135135135,1.0
W2_apt,11,min_requests,7,301,0.8224852071005917,0.46179401993355484,0.5914893617021277,0.02377179080824089,0.9642093707714907,0.03289817232375979,2.0
W2_apt,12,min_requests,7,310,0.8717948717948718,0.43870967741935485,0.5836909871244635,0.01596169193934557,0.9574569420487604,0.03878406708595388,1.0
W2_apt,13,min_requests,7,291,0.8273809523809523,0.47766323024054985,0.6056644880174291,0.02279874213836478,0.9576727938792712,0.037187681580476466,3.0
W2_apt,14,min_requests,7,287,0.8888888888888888,0.3623693379790941,0.5148514851485149,0.01018808777429467,0.957228326761548,0.0193621867881549,3.0
W2_apt,15,min_requests,7,291,0.8242424242424242,0.46735395189003437,0.5964912280701753,0.02279874213836478,0.9571986643324905,0.040156162855549356,1.0
W2_apt,16,min_requests,7,297,0.8121546961325967,0.494949494949495,0.6150627615062761,0.026856240126382307,0.9608379742660943,0.03410936654033568,3.0
W2_apt,17,min_requests,7,314,0.8355263157894737,0.40445859872611467,0.5450643776824035,0.020016012810248198,0.9649821768242619,0.028219599794766546,2.0
W2_apt,18,min_requests,7,313,0.8888888888888888,0.30670926517571884,0.4560570071258907,0.0096,0.9608984025559105,0.018575851393188854,2.0
W2_apt,19,min_requests,7,288,0.8100558659217877,0.5034722222222222,0.6209850107066381,0.02666666666666667,0.9562023420479303,0.032668881506090805,2.0
W2_apt,0,min_requests,10,243,0.875,0.3168724279835391,0.4652567975830815,0.011802575107296138,0.9587505960896519,0.01893095768374165,1.0
W2_apt,1,min_requests,10,233,0.8615384615384616,0.48068669527896996,0.6170798898071626,0.01910828025477707,0.9566236570897461,0.023212045169385194,3.0
W2_apt,2,min_requests,10,236,0.873015873015873,0.4661016949152542,0.6077348066298341,0.01703940362087327,0.9642244724824461,0.024303497332542976,2.0
W2_apt,3,min_requests,10,240,0.8969072164948454,0.3625,0.5163204747774481,0.0106951871657754,0.9590998217468806,0.0166270783847981,3.0
W2_apt,4,min_requests,10,263,0.86,0.49049429657794674,0.6246973365617433,0.023026315789473683,0.962892318724568,0.039319872476089264,2.0
W2_apt,5,min_requests,10,235,0.837037037037037,0.4808510638297872,0.6108108108108108,0.023404255319148935,0.9616681756450883,0.04254044337926902,2.0
W2_apt,6,min_requests,10,228,0.8690476190476191,0.3201754385964912,0.46794871794871795,0.011615628299894404,0.9541673613812779,0.01402439024390244,3.0
W2_apt,7,min_requests,10,249,0.856,0.42971887550200805,0.572192513368984,0.019438444924406047,0.9578530103133918,0.02768166089965398,1.0
W2_apt,8,min_requests,10,205,0.8365384615384616,0.424390243902439,0.5631067961165048,0.01752577319587629,0.9670228815690218,0.02920723226703755,2.0
W2_apt,9,min_requests,10,236,0.8515625,0.461864406779661,0.598901098901099,0.02023429179978701,0.9617042111153228,0.028014616321559074,2.5
W2_apt,10,min_requests,10,218,0.8951612903225806,0.5091743119266054,0.6491228070175438,0.013584117032392894,0.9672140576917546,0.03406940063091483,1.0
W2_apt,11,min_requests,10,206,0.8660714285714286,0.470873786407767,0.610062893081761,0.015479876160990712,0.9642535092728967,0.026863666890530557,2.0
W2_apt,12,min_requests,10,232,0.9125,0.3146551724137931,0.467948717948718,0.007423117709437964,0.960178447361685,0.009821976672805401,4.0
W2_apt,13,min_requests,10,235,0.85,0.4340425531914894,0.5746478873239437,0.019148936170212766,0.9638592123132639,0.026490066225165563,2.0
W2_apt,14,min_requests,10,241,0.8791208791208791,0.33195020746887965,0.4819277108433735,0.011777301927194861,0.9514336232862716,0.012979351032448377,3.0
W2_apt,15,min_requests,10,262,0.8486842105263158,0.49236641221374045,0.6231884057971014,0.025191675794085433,0.9633872060065383,0.02801600914808462,2.0
W2_apt,16,min_requests,10,232,0.9069767441860465,0.33620689655172414,0.49056603773584906,0.008483563096500531,0.9626650089589351,0.018674698795180723,3.0
W2_apt,17,min_requests,10,228,0.8625954198473282,0.4956140350877193,0.6295264623955432,0.01900739176346357,0.9676147205394691,0.028223220012828735,2.0
W2_apt,18,min_requests,10,233,0.9333333333333333,0.3605150214592275,0.5201238390092879,0.006369426751592357,0.9640159281229782,0.018159048215403883,3.0
W2_apt,19,min_requests,10,248,0.7938931297709924,0.41935483870967744,0.5488126649076517,0.02912621359223301,0.9453122281379406,0.02979942693409742,2.0
W2_apt,0,min_requests,15,132,0.759493670886076,0.45454545454545453,0.5687203791469194,0.04567307692307692,0.944702432983683,0.011494252873563218,4.0
W2_apt,1,min_requests,15,119,0.8387096774193549,0.4369747899159664,0.5745856353591161,0.023310023310023312,0.9628704628704629,0.020530367835757058,1.0
W2_apt,2,min_requests,15,116,0.8392857142857143,0.4051724137931034,0.5465116279069767,0.020833333333333332,0.9567169540229885,0.028181818181818183,1.0
W2_apt,3,min_requests,15,122,0.8333333333333334,0.4918032786885246,0.6185567010309279,0.028169014084507043,0.954427383975987,0.01993067590987868,2.0
W2_apt,4,min_requests,15,108,0.7704918032786885,0.4351851851851852,0.5562130177514792,0.031818181818181815,0.9431818181818182,0.016314779270633396,2.0
W2_apt,5,min_requests,15,110,0.8974358974358975,0.3181818181818182,0.46979865771812074,0.0091324200913242,0.9573370693233707,0.015111111111111112,1.0
W2_apt,6,min_requests,15,122,0.85,0.5573770491803278,0.6732673267326733,0.028169014084507043,0.9670110828907873,0.019451812555260833,2.0
W2_apt,7,min_requests,15,96,0.7735849056603774,0.4270833333333333,0.5503355704697988,0.02654867256637168,0.9521109882005899,0.013388259526261586,2.0
W2_apt,8,min_requests,15,90,0.7142857142857143,0.6111111111111112,0.6586826347305389,0.048034934497816595,0.9658782144590005,0.022675736961451247,2.0
W2_apt,9,min_requests,15,101,0.8392857142857143,0.46534653465346537,0.5987261146496815,0.020134228187919462,0.9698983321150907,0.02332979851537646,2.0
W2_apt,10,min_requests,15,118,0.9148936170212766,0.3644067796610169,0.5212121212121211,0.009302325581395349,0.9604946787544344,0.013389121338912133,2.0
W2_apt,11,min_requests,15,116,0.8043478260869565,0.6379310344827587,0.7115384615384616,0.041666666666666664,0.9600195561941252,0.05184534270650264,1.0
W2_apt,12,min_requests,15,107,0.96,0.4485981308411215,0.6114649681528662,0.0045351473922902496,0.9651598957339945,0.01050420168067227,3.0
W2_apt,13,min_requests,15,111,0.8,0.43243243243243246,0.5614035087719298,0.02745995423340961,0.9593666893438061,0.022556390977443608,2.5
W2_apt,14,min_requests,15,104,0.85,0.3269230769230769,0.4722222222222222,0.013513513513513514,0.9486529799029799,0.013052208835341365,2.0
W2_apt,15,min_requests,15,119,0.9696969696969697,0.2689075630252101,0.42105263157894735,0.002331002331002331,0.9618910501263442,0.005115089514066497,2.0
W2_apt,16,min_requests,15,97,0.8392857142857143,0.4845360824742268,0.6143790849673203,0.019955654101995565,0.9645232815964523,0.026422764227642278,2.0
W2_apt,17,min_requests,15,111,0.8852459016393442,0.4864864864864865,0.627906976744186,0.016018306636155607,0.974096522151442,0.024413145539906103,2.0
W2_apt,18,min_requests,15,116,0.825,0.28448275862068967,0.4230769230769231,0.016203703703703703,0.9612966954022989,0.01124567474048443,1.0
W2_apt,19,min_requests,15,107,0.75,0.4485981308411215,0.5614035087719298,0.036281179138321996,0.9507067624557611,0.03461538461538462,2.0
W2_apt,0,min_requests,20,41,0.9230769230769231,0.2926829268292683,0.4444444444444444,0.006172839506172839,0.969286359530262,0.0070052539404553416,1.5
W2_apt,1,min_requests,20,39,0.8260869565217391,0.48717948717948717,0.6129032258064516,0.024390243902439025,0.9635709818636647,0.01090909090909091,1.0
W2_apt,2,min_requests,20,45,0.8148148148148148,0.4888888888888889,0.611111111111111,0.03164556962025317,0.9635021097046413,0.014516129032258065,2.0
W2_apt,3,min_requests,20,46,0.8461538461538461,0.717391304347826,0.776470588235294,0.03821656050955414,0.9544447521462199,0.05760709010339734,1.0
W2_apt,4,min_requests,20,40,0.6875,0.55,0.6111111111111112,0.06134969325153374,0.9396472392638037,0.014900662251655629,3.0
W2_apt,5,min_requests,20,47,1.0,0.2553191489361702,0.4067796610169491,0.0,0.9579923622476814,0.0015082956259426848,2.5
W2_apt,6,min_requests,20,47,0.8846153846153846,0.48936170212765956,0.6301369863013698,0.019230769230769232,0.9674031642116748,0.019417475728155338,2.0
W2_apt,7,min_requests,20,49,0.88,0.4489795918367347,0.5945945945945946,0.01948051948051948,0.972700768619136,0.013910355486862442,1.5
W2_apt,8,min_requests,20,39,0.95,0.48717948717948717,0.6440677966101694,0.006097560975609756,0.9785021888680425,0.006600660066006601,2.0
W2_apt,9,min_requests,20,45,0.7837837837837838,0.6444444444444445,0.7073170731707318,0.05063291139240506,0.9679324894514768,0.039316239316239315,1.5
W2_apt,10,min_requests,20,34,0.75,0.4411764705882353,0.5555555555555556,0.029585798816568046,0.9443090845805778,0.017057569296375266,1.0
W2_apt,11,min_requests,20,38,0.9523809523809523,0.5263157894736842,0.6779661016949152,0.006060606060606061,0.9862041467304625,0.01615798922800718,1.0
W2_apt,12,min_requests,20,43,0.9375,0.3488372093023256,0.5084745762711865,0.00625,0.9580668604651162,0.012131715771230503,1.0
W2_apt,13,min_requests,20,40,0.7916666666666666,0.475,0.5937499999999999,0.03067484662576687,0.9559815950920245,0.018726591760299626,1.0
W2_apt,14,min_requests,20,38,0.7692307692307693,0.2631578947368421,0.392156862745098,0.01818181818181818,0.9444178628389155,0.0018115942028985507,7.0
W2_apt,15,min_requests,20,50,0.8888888888888888,0.32,0.47058823529411764,0.013071895424836602,0.9625490196078431,0.01046337817638266,1.0
W2_apt,16,min_requests,20,42,0.9411764705882353,0.38095238095238093,0.5423728813559321,0.006211180124223602,0.9605146406388643,0.009124087591240875,2.5
W2_apt,17,min_requests,20,42,0.9166666666666666,0.5238095238095238,0.6666666666666667,0.012422360248447204,0.9616237799467613,0.01903114186851211,7.0
W2_apt,18,min_requests,20,38,0.8333333333333334,0.2631578947368421,0.39999999999999997,0.012121212121212121,0.9419457735247209,0.001953125,4.0
W2_apt,19,min_requests,20,39,0.7692307692307693,0.5128205128205128,0.6153846153846154,0.036585365853658534,0.9629455909943715,0.020100502512562814,1.0
