workload,seed,level,mode,detector,recall,precision,f1,fpr,roc_auc
W1_web,0,L0,takeover,SICA (proposed),0.8571428571428571,0.9,0.8780487804878048,0.018867924528301886,0.9973045822102425
W1_web,0,L0,takeover,pin_ip,1.0,0.5,0.6666666666666666,0.19811320754716982,0.9009433962264151
W1_web,0,L0,takeover,pin_prefix24,1.0,0.6774193548387096,0.8076923076923077,0.09433962264150944,0.9528301886792453
W1_web,0,L0,takeover,pin_scope16,1.0,0.875,0.9333333333333333,0.02830188679245283,0.9858490566037735
W1_web,0,L0,takeover,pin_useragent,1.0,0.6,0.7499999999999999,0.1320754716981132,0.9339622641509434
W1_web,0,L0,takeover,pin_useragent_core,0.8571428571428571,1.0,0.923076923076923,0.0,0.9285714285714286
W1_web,0,L0,takeover,pin_ip_or_useragent,1.0,0.42857142857142855,0.6,0.2641509433962264,0.8679245283018868
W1_web,0,L0,takeover,pin_ip_and_useragent,1.0,0.75,0.8571428571428571,0.0660377358490566,0.9669811320754716
W1_web,0,L0,takeover,score_distinct_bindings,1.0,0.6774193548387096,0.8076923076923077,0.09433962264150944,0.9550763701707098
W1_web,0,L0,takeover,score_max_request_rate,0.3333333333333333,0.10606060606060606,0.16091954022988506,0.5566037735849056,0.405884995507637
W1_web,0,L0,takeover,score_burstiness,0.0,0.0,0.0,0.0,0.37848158131177
W1_web,1,L0,takeover,SICA (proposed),1.0,0.92,0.9583333333333334,0.019230769230769232,0.9991638795986622
W1_web,1,L0,takeover,pin_ip,1.0,0.6052631578947368,0.7540983606557378,0.14423076923076922,0.9278846153846154
W1_web,1,L0,takeover,pin_prefix24,1.0,0.8518518518518519,0.92,0.038461538461538464,0.9807692307692307
W1_web,1,L0,takeover,pin_scope16,1.0,0.9583333333333334,0.9787234042553191,0.009615384615384616,0.9951923076923077
W1_web,1,L0,takeover,pin_useragent,1.0,0.6216216216216216,0.7666666666666667,0.1346153846153846,0.9326923076923077
W1_web,1,L0,takeover,pin_useragent_core,0.9130434782608695,1.0,0.9545454545454545,0.0,0.9565217391304348
W1_web,1,L0,takeover,pin_ip_or_useragent,1.0,0.48936170212765956,0.6571428571428571,0.23076923076923078,0.8846153846153846
W1_web,1,L0,takeover,pin_ip_and_useragent,1.0,0.8214285714285714,0.9019607843137255,0.04807692307692308,0.9759615384615384
W1_web,1,L0,takeover,score_distinct_bindings,1.0,0.8518518518518519,0.92,0.038461538461538464,0.9816053511705686
W1_web,1,L0,takeover,score_max_request_rate,0.4782608695652174,0.15492957746478872,0.23404255319148937,0.5769230769230769,0.46864548494983277
W1_web,1,L0,takeover,score_burstiness,0.0,0.0,0.0,0.009615384615384616,0.4092809364548495
W1_web,2,L0,takeover,SICA (proposed),0.875,0.9333333333333333,0.9032258064516129,0.021052631578947368,0.9963815789473685
W1_web,2,L0,takeover,pin_ip,1.0,0.6808510638297872,0.810126582278481,0.15789473684210525,0.9210526315789473
W1_web,2,L0,takeover,pin_prefix24,1.0,0.8648648648648649,0.927536231884058,0.05263157894736842,0.9736842105263158
W1_web,2,L0,takeover,pin_scope16,1.0,0.9411764705882353,0.9696969696969697,0.021052631578947368,0.9894736842105263
W1_web,2,L0,takeover,pin_useragent,0.96875,0.7948717948717948,0.8732394366197183,0.08421052631578947,0.9422697368421052
W1_web,2,L0,takeover,pin_useragent_core,0.875,1.0,0.9333333333333333,0.0,0.9375
W1_web,2,L0,takeover,pin_ip_or_useragent,1.0,0.6530612244897959,0.7901234567901235,0.17894736842105263,0.9105263157894737
W1_web,2,L0,takeover,pin_ip_and_useragent,0.96875,0.8378378378378378,0.8985507246376812,0.06315789473684211,0.952796052631579
W1_web,2,L0,takeover,score_distinct_bindings,1.0,0.8648648648648649,0.927536231884058,0.05263157894736842,0.975328947368421
W1_web,2,L0,takeover,score_max_request_rate,0.46875,0.22058823529411764,0.3,0.5578947368421052,0.459375
W1_web,2,L0,takeover,score_burstiness,0.0,0.0,0.0,0.010526315789473684,0.48289473684210527
W1_web,3,L0,takeover,SICA (proposed),0.9655172413793104,0.9655172413793104,0.9655172413793104,0.01020408163265306,0.9975369458128078
W1_web,3,L0,takeover,pin_ip,1.0,0.6744186046511628,0.8055555555555556,0.14285714285714285,0.9285714285714286
W1_web,3,L0,takeover,pin_prefix24,1.0,0.7837837837837838,0.8787878787878788,0.08163265306122448,0.9591836734693877
W1_web,3,L0,takeover,pin_scope16,1.0,0.8787878787878788,0.9354838709677419,0.04081632653061224,0.9795918367346939
W1_web,3,L0,takeover,pin_useragent,1.0,0.7631578947368421,0.8656716417910448,0.09183673469387756,0.9540816326530612
W1_web,3,L0,takeover,pin_useragent_core,0.9655172413793104,1.0,0.9824561403508771,0.0,0.9827586206896551
W1_web,3,L0,takeover,pin_ip_or_useragent,1.0,0.6041666666666666,0.7532467532467533,0.19387755102040816,0.9030612244897959
W1_web,3,L0,takeover,pin_ip_and_useragent,1.0,0.8787878787878788,0.9354838709677419,0.04081632653061224,0.9795918367346939
W1_web,3,L0,takeover,score_distinct_bindings,1.0,0.7837837837837838,0.8787878787878788,0.08163265306122448,0.9591836734693877
W1_web,3,L0,takeover,score_max_request_rate,0.27586206896551724,0.12307692307692308,0.17021276595744683,0.5816326530612245,0.34658691062631947
W1_web,3,L0,takeover,score_burstiness,0.0,0.0,0.0,0.01020408163265306,0.29908515130190005
W1_web,4,L0,takeover,SICA (proposed),0.9583333333333334,1.0,0.9787234042553191,0.0,0.9993932038834952
W1_web,4,L0,takeover,pin_ip,1.0,0.5853658536585366,0.7384615384615384,0.1650485436893204,0.9174757281553398
W1_web,4,L0,takeover,pin_prefix24,1.0,0.75,0.8571428571428571,0.07766990291262135,0.9611650485436893
W1_web,4,L0,takeover,pin_scope16,1.0,0.7741935483870968,0.8727272727272727,0.06796116504854369,0.9660194174757282
W1_web,4,L0,takeover,pin_useragent,1.0,0.75,0.8571428571428571,0.07766990291262135,0.9611650485436893
W1_web,4,L0,takeover,pin_useragent_core,0.9583333333333334,1.0,0.9787234042553191,0.0,0.9791666666666666
W1_web,4,L0,takeover,pin_ip_or_useragent,1.0,0.5714285714285714,0.7272727272727273,0.17475728155339806,0.912621359223301
W1_web,4,L0,takeover,pin_ip_and_useragent,1.0,0.7741935483870968,0.8727272727272727,0.06796116504854369,0.9660194174757282
W1_web,4,L0,takeover,score_distinct_bindings,1.0,0.75,0.8571428571428571,0.07766990291262135,0.9627831715210357
W1_web,4,L0,takeover,score_max_request_rate,0.5833333333333334,0.2028985507246377,0.3010752688172043,0.5339805825242718,0.5182038834951457
W1_web,4,L0,takeover,score_burstiness,0.0,0.0,0.0,0.0,0.5246763754045307
W1_web,5,L0,takeover,SICA (proposed),0.9285714285714286,0.9629629629629629,0.9454545454545454,0.010101010101010102,0.9989177489177489
W1_web,5,L0,takeover,pin_ip,1.0,0.6666666666666666,0.8,0.1414141414141414,0.9292929292929293
W1_web,5,L0,takeover,pin_prefix24,1.0,0.8235294117647058,0.9032258064516129,0.06060606060606061,0.9696969696969697
W1_web,5,L0,takeover,pin_scope16,1.0,0.9333333333333333,0.9655172413793104,0.020202020202020204,0.98989898989899
W1_web,5,L0,takeover,pin_useragent,1.0,0.6829268292682927,0.8115942028985507,0.13131313131313133,0.9343434343434344
W1_web,5,L0,takeover,pin_useragent_core,0.9285714285714286,1.0,0.962962962962963,0.0,0.9642857142857143
W1_web,5,L0,takeover,pin_ip_or_useragent,1.0,0.5283018867924528,0.6913580246913581,0.25252525252525254,0.8737373737373737
W1_web,5,L0,takeover,pin_ip_and_useragent,1.0,0.9333333333333333,0.9655172413793104,0.020202020202020204,0.98989898989899
W1_web,5,L0,takeover,score_distinct_bindings,1.0,0.8235294117647058,0.9032258064516129,0.06060606060606061,0.9696969696969697
W1_web,5,L0,takeover,score_max_request_rate,0.4642857142857143,0.20967741935483872,0.2888888888888889,0.494949494949495,0.474025974025974
W1_web,5,L0,takeover,score_burstiness,0.0,0.0,0.0,0.010101010101010102,0.41955266955266957
W1_web,6,L0,takeover,SICA (proposed),0.95,0.95,0.9500000000000001,0.009345794392523364,0.9976635514018691
W1_web,6,L0,takeover,pin_ip,1.0,0.6451612903225806,0.7843137254901961,0.102803738317757,0.9485981308411215
W1_web,6,L0,takeover,pin_prefix24,1.0,0.8695652173913043,0.9302325581395349,0.028037383177570093,0.985981308411215
W1_web,6,L0,takeover,pin_scope16,1.0,0.9523809523809523,0.975609756097561,0.009345794392523364,0.9953271028037384
W1_web,6,L0,takeover,pin_useragent,0.95,0.6551724137931034,0.7755102040816326,0.09345794392523364,0.9282710280373832
W1_web,6,L0,takeover,pin_useragent_core,0.9,1.0,0.9473684210526316,0.0,0.95
W1_web,6,L0,takeover,pin_ip_or_useragent,1.0,0.5263157894736842,0.6896551724137931,0.16822429906542055,0.9158878504672897
W1_web,6,L0,takeover,pin_ip_and_useragent,0.95,0.8636363636363636,0.9047619047619048,0.028037383177570093,0.960981308411215
W1_web,6,L0,takeover,score_distinct_bindings,1.0,0.8695652173913043,0.9302325581395349,0.028037383177570093,0.985981308411215
W1_web,6,L0,takeover,score_max_request_rate,0.5,0.14492753623188406,0.22471910112359553,0.5514018691588785,0.47546728971962615
W1_web,6,L0,takeover,score_burstiness,0.0,0.0,0.0,0.009345794392523364,0.43177570093457945
W1_web,7,L0,takeover,SICA (proposed),0.6470588235294118,0.9166666666666666,0.7586206896551724,0.00909090909090909,0.9911764705882353
W1_web,7,L0,takeover,pin_ip,1.0,0.5483870967741935,0.7083333333333333,0.12727272727272726,0.9363636363636364
W1_web,7,L0,takeover,pin_prefix24,1.0,0.68,0.8095238095238095,0.07272727272727272,0.9636363636363636
W1_web,7,L0,takeover,pin_scope16,1.0,0.8095238095238095,0.8947368421052632,0.03636363636363636,0.9818181818181818
W1_web,7,L0,takeover,pin_useragent,1.0,0.5666666666666667,0.7234042553191489,0.11818181818181818,0.9409090909090909
W1_web,7,L0,takeover,pin_useragent_core,0.6470588235294118,1.0,0.7857142857142858,0.0,0.8235294117647058
W1_web,7,L0,takeover,pin_ip_or_useragent,1.0,0.425,0.5964912280701754,0.20909090909090908,0.8954545454545455
W1_web,7,L0,takeover,pin_ip_and_useragent,1.0,0.8095238095238095,0.8947368421052632,0.03636363636363636,0.9818181818181818
W1_web,7,L0,takeover,score_distinct_bindings,1.0,0.68,0.8095238095238095,0.07272727272727272,0.9636363636363636
W1_web,7,L0,takeover,score_max_request_rate,0.4117647058823529,0.10606060606060606,0.1686746987951807,0.5363636363636364,0.49866310160427807
W1_web,7,L0,takeover,score_burstiness,0.0,0.0,0.0,0.0,0.4203208556149733
W1_web,8,L0,takeover,SICA (proposed),1.0,1.0,1.0,0.0,1.0
W1_web,8,L0,takeover,pin_ip,1.0,0.5952380952380952,0.7462686567164178,0.16666666666666666,0.9166666666666666
W1_web,8,L0,takeover,pin_prefix24,1.0,0.78125,0.8771929824561403,0.06862745098039216,0.9656862745098039
W1_web,8,L0,takeover,pin_scope16,1.0,0.8928571428571429,0.9433962264150945,0.029411764705882353,0.9852941176470589
W1_web,8,L0,takeover,pin_useragent,1.0,0.6944444444444444,0.819672131147541,0.10784313725490197,0.946078431372549
W1_web,8,L0,takeover,pin_useragent_core,1.0,1.0,1.0,0.0,1.0
W1_web,8,L0,takeover,pin_ip_or_useragent,1.0,0.5434782608695652,0.704225352112676,0.20588235294117646,0.8970588235294118
W1_web,8,L0,takeover,pin_ip_and_useragent,1.0,0.78125,0.8771929824561403,0.06862745098039216,0.9656862745098039
W1_web,8,L0,takeover,score_distinct_bindings,1.0,0.78125,0.8771929824561403,0.06862745098039216,0.9670588235294117
W1_web,8,L0,takeover,score_max_request_rate,0.52,0.19117647058823528,0.27956989247311825,0.5392156862745098,0.4907843137254902
W1_web,8,L0,takeover,score_burstiness,0.0,0.0,0.0,0.00980392156862745,0.44
W1_web,9,L0,takeover,SICA (proposed),0.9230769230769231,0.9230769230769231,0.9230769230769231,0.019801980198019802,0.9946686976389947
W1_web,9,L0,takeover,pin_ip,1.0,0.6046511627906976,0.7536231884057971,0.16831683168316833,0.9158415841584159
W1_web,9,L0,takeover,pin_prefix24,1.0,0.7647058823529411,0.8666666666666666,0.07920792079207921,0.9603960396039604
W1_web,9,L0,takeover,pin_scope16,1.0,0.896551724137931,0.9454545454545454,0.0297029702970297,0.9851485148514851
W1_web,9,L0,takeover,pin_useragent,1.0,0.7222222222222222,0.8387096774193548,0.09900990099009901,0.9504950495049505
W1_web,9,L0,takeover,pin_useragent_core,0.8076923076923077,1.0,0.8936170212765957,0.0,0.9038461538461539
W1_web,9,L0,takeover,pin_ip_or_useragent,1.0,0.5416666666666666,0.7027027027027027,0.21782178217821782,0.8910891089108911
W1_web,9,L0,takeover,pin_ip_and_useragent,1.0,0.8387096774193549,0.9122807017543859,0.04950495049504951,0.9752475247524752
W1_web,9,L0,takeover,score_distinct_bindings,1.0,0.7647058823529411,0.8666666666666666,0.07920792079207921,0.9603960396039604
W1_web,9,L0,takeover,score_max_request_rate,0.6153846153846154,0.2222222222222222,0.326530612244898,0.5544554455445545,0.5297029702970297
W1_web,9,L0,takeover,score_burstiness,0.0,0.0,0.0,0.009900990099009901,0.5338918507235338
W1_web,10,L0,takeover,SICA (proposed),1.0,0.8275862068965517,0.9056603773584906,0.04854368932038835,0.9979773462783171
W1_web,10,L0,takeover,pin_ip,1.0,0.5,0.6666666666666666,0.23300970873786409,0.883495145631068
W1_web,10,L0,takeover,pin_prefix24,1.0,0.6486486486486487,0.7868852459016393,0.1262135922330097,0.9368932038834952
W1_web,10,L0,takeover,pin_scope16,1.0,0.8,0.888888888888889,0.05825242718446602,0.970873786407767
W1_web,10,L0,takeover,pin_useragent,1.0,0.6857142857142857,0.8135593220338984,0.10679611650485436,0.9466019417475728
W1_web,10,L0,takeover,pin_useragent_core,0.9583333333333334,1.0,0.9787234042553191,0.0,0.9791666666666666
W1_web,10,L0,takeover,pin_ip_or_useragent,1.0,0.47058823529411764,0.6399999999999999,0.2621359223300971,0.8689320388349514
W1_web,10,L0,takeover,pin_ip_and_useragent,1.0,0.75,0.8571428571428571,0.07766990291262135,0.9611650485436893
W1_web,10,L0,takeover,score_distinct_bindings,1.0,0.6486486486486487,0.7868852459016393,0.1262135922330097,0.9368932038834952
W1_web,10,L0,takeover,score_max_request_rate,0.625,0.2112676056338028,0.3157894736842105,0.5436893203883495,0.5271035598705501
W1_web,10,L0,takeover,score_burstiness,0.0,0.0,0.0,0.009708737864077669,0.5054611650485437
W1_web,11,L0,takeover,SICA (proposed),0.8947368421052632,0.85,0.8717948717948718,0.027777777777777776,0.9956140350877193
W1_web,11,L0,takeover,pin_ip,1.0,0.5428571428571428,0.7037037037037037,0.14814814814814814,0.9259259259259259
W1_web,11,L0,takeover,pin_prefix24,1.0,0.7916666666666666,0.8837209302325582,0.046296296296296294,0.9768518518518519
W1_web,11,L0,takeover,pin_scope16,1.0,0.8636363636363636,0.9268292682926829,0.027777777777777776,0.9861111111111112
W1_web,11,L0,takeover,pin_useragent,0.9473684210526315,0.6428571428571429,0.7659574468085106,0.09259259259259259,0.9273879142300195
W1_web,11,L0,takeover,pin_useragent_core,0.8421052631578947,1.0,0.9142857142857143,0.0,0.9210526315789473
W1_web,11,L0,takeover,pin_ip_or_useragent,1.0,0.48717948717948717,0.6551724137931034,0.18518518518518517,0.9074074074074074
W1_web,11,L0,takeover,pin_ip_and_useragent,0.9473684210526315,0.75,0.8372093023255814,0.05555555555555555,0.945906432748538
W1_web,11,L0,takeover,score_distinct_bindings,1.0,0.7916666666666666,0.8837209302325582,0.046296296296296294,0.9768518518518519
W1_web,11,L0,takeover,score_max_request_rate,0.631578947368421,0.17391304347826086,0.2727272727272727,0.5277777777777778,0.5726120857699805
W1_web,11,L0,takeover,score_burstiness,0.0,0.0,0.0,0.009259259259259259,0.5073099415204678
W1_web,12,L0,takeover,SICA (proposed),0.7419354838709677,0.92,0.8214285714285714,0.020833333333333332,0.9858870967741935
W1_web,12,L0,takeover,pin_ip,1.0,0.6326530612244898,0.775,0.1875,0.90625
W1_web,12,L0,takeover,pin_prefix24,1.0,0.7045454545454546,0.8266666666666667,0.13541666666666666,0.9322916666666666
W1_web,12,L0,takeover,pin_scope16,1.0,0.8857142857142857,0.9393939393939393,0.041666666666666664,0.9791666666666666
W1_web,12,L0,takeover,pin_useragent,0.967741935483871,0.7142857142857143,0.821917808219178,0.125,0.9213709677419355
W1_web,12,L0,takeover,pin_useragent_core,0.7419354838709677,1.0,0.8518518518518519,0.0,0.8709677419354839
W1_web,12,L0,takeover,pin_ip_or_useragent,1.0,0.5849056603773585,0.738095238095238,0.22916666666666666,0.8854166666666666
W1_web,12,L0,takeover,pin_ip_and_useragent,0.967741935483871,0.7894736842105263,0.8695652173913043,0.08333333333333333,0.9422043010752689
W1_web,12,L0,takeover,score_distinct_bindings,1.0,0.7045454545454546,0.8266666666666667,0.13541666666666666,0.9344758064516129
W1_web,12,L0,takeover,score_max_request_rate,0.6129032258064516,0.2638888888888889,0.36893203883495146,0.5520833333333334,0.5287298387096774
W1_web,12,L0,takeover,score_burstiness,0.0,0.0,0.0,0.0,0.4895833333333333
W1_web,13,L0,takeover,SICA (proposed),0.84,0.84,0.8399999999999999,0.0392156862745098,0.9909803921568627
W1_web,13,L0,takeover,pin_ip,1.0,0.5813953488372093,0.7352941176470588,0.17647058823529413,0.9117647058823529
W1_web,13,L0,takeover,pin_prefix24,1.0,0.78125,0.8771929824561403,0.06862745098039216,0.9656862745098039
W1_web,13,L0,takeover,pin_scope16,1.0,0.8620689655172413,0.9259259259259259,0.0392156862745098,0.9803921568627451
W1_web,13,L0,takeover,pin_useragent,0.92,0.696969696969697,0.793103448275862,0.09803921568627451,0.9109803921568628
W1_web,13,L0,takeover,pin_useragent_core,0.76,1.0,0.8636363636363636,0.0,0.88
W1_web,13,L0,takeover,pin_ip_or_useragent,1.0,0.5319148936170213,0.6944444444444444,0.21568627450980393,0.8921568627450981
W1_web,13,L0,takeover,pin_ip_and_useragent,0.92,0.7931034482758621,0.851851851851852,0.058823529411764705,0.9305882352941176
W1_web,13,L0,takeover,score_distinct_bindings,1.0,0.78125,0.8771929824561403,0.06862745098039216,0.9656862745098039
W1_web,13,L0,takeover,score_max_request_rate,0.4,0.15151515151515152,0.21978021978021978,0.5490196078431373,0.4464705882352941
W1_web,13,L0,takeover,score_burstiness,0.0,0.0,0.0,0.00980392156862745,0.3835294117647059
W1_web,14,L0,takeover,SICA (proposed),0.9230769230769231,0.8888888888888888,0.9056603773584906,0.0297029702970297,0.9977151561309977
W1_web,14,L0,takeover,pin_ip,1.0,0.6842105263157895,0.8125000000000001,0.1188118811881188,0.9405940594059405
W1_web,14,L0,takeover,pin_prefix24,1.0,0.7647058823529411,0.8666666666666666,0.07920792079207921,0.9603960396039604
W1_web,14,L0,takeover,pin_scope16,1.0,0.8666666666666667,0.9285714285714286,0.039603960396039604,0.9801980198019802
W1_web,14,L0,takeover,pin_useragent,1.0,0.7878787878787878,0.8813559322033898,0.06930693069306931,0.9653465346534653
W1_web,14,L0,takeover,pin_useragent_core,0.9230769230769231,1.0,0.9600000000000001,0.0,0.9615384615384616
W1_web,14,L0,takeover,pin_ip_or_useragent,1.0,0.6046511627906976,0.7536231884057971,0.16831683168316833,0.9158415841584159
W1_web,14,L0,takeover,pin_ip_and_useragent,1.0,0.9285714285714286,0.962962962962963,0.019801980198019802,0.9900990099009901
W1_web,14,L0,takeover,score_distinct_bindings,1.0,0.7647058823529411,0.8666666666666666,0.07920792079207921,0.9603960396039604
W1_web,14,L0,takeover,score_max_request_rate,0.4230769230769231,0.16417910447761194,0.23655913978494625,0.5544554455445545,0.43107387661843105
W1_web,14,L0,takeover,score_burstiness,0.0,0.0,0.0,0.009900990099009901,0.3747143945163747
W1_web,15,L0,takeover,SICA (proposed),0.8928571428571429,0.9615384615384616,0.9259259259259259,0.010101010101010102,0.9983766233766234
W1_web,15,L0,takeover,pin_ip,1.0,0.717948717948718,0.835820895522388,0.1111111111111111,0.9444444444444444
W1_web,15,L0,takeover,pin_prefix24,1.0,0.8,0.888888888888889,0.0707070707070707,0.9646464646464646
W1_web,15,L0,takeover,pin_scope16,1.0,0.9032258064516129,0.9491525423728813,0.030303030303030304,0.9848484848484849
W1_web,15,L0,takeover,pin_useragent,1.0,0.7567567567567568,0.8615384615384616,0.09090909090909091,0.9545454545454546
W1_web,15,L0,takeover,pin_useragent_core,0.8928571428571429,1.0,0.9433962264150945,0.0,0.9464285714285714
W1_web,15,L0,takeover,pin_ip_or_useragent,1.0,0.6363636363636364,0.7777777777777778,0.16161616161616163,0.9191919191919192
W1_web,15,L0,takeover,pin_ip_and_useragent,1.0,0.875,0.9333333333333333,0.04040404040404041,0.9797979797979798
W1_web,15,L0,takeover,score_distinct_bindings,1.0,0.8,0.888888888888889,0.0707070707070707,0.9671717171717171
W1_web,15,L0,takeover,score_max_request_rate,0.5714285714285714,0.2222222222222222,0.32,0.5656565656565656,0.5378787878787878
W1_web,15,L0,takeover,score_burstiness,0.0,0.0,0.0,0.010101010101010102,0.4754689754689755
W1_web,16,L0,takeover,SICA (proposed),0.9130434782608695,0.9130434782608695,0.9130434782608695,0.019230769230769232,0.9974916387959866
W1_web,16,L0,takeover,pin_ip,1.0,0.6216216216216216,0.7666666666666667,0.1346153846153846,0.9326923076923077
W1_web,16,L0,takeover,pin_prefix24,1.0,0.71875,0.8363636363636363,0.08653846153846154,0.9567307692307693
W1_web,16,L0,takeover,pin_scope16,1.0,0.8518518518518519,0.92,0.038461538461538464,0.9807692307692307
W1_web,16,L0,takeover,pin_useragent,1.0,0.7666666666666667,0.8679245283018869,0.0673076923076923,0.9663461538461539
W1_web,16,L0,takeover,pin_useragent_core,0.9130434782608695,1.0,0.9545454545454545,0.0,0.9565217391304348
W1_web,16,L0,takeover,pin_ip_or_useragent,1.0,0.5897435897435898,0.7419354838709677,0.15384615384615385,0.9230769230769231
W1_web,16,L0,takeover,pin_ip_and_useragent,1.0,0.8214285714285714,0.9019607843137255,0.04807692307692308,0.9759615384615384
W1_web,16,L0,takeover,score_distinct_bindings,1.0,0.71875,0.8363636363636363,0.08653846153846154,0.9586120401337793
W1_web,16,L0,takeover,score_max_request_rate,0.5217391304347826,0.18181818181818182,0.2696629213483146,0.5192307692307693,0.5135869565217391
W1_web,16,L0,takeover,score_burstiness,0.0,0.0,0.0,0.0,0.45505852842809363
W1_web,17,L0,takeover,SICA (proposed),0.9166666666666666,0.9565217391304348,0.9361702127659574,0.009708737864077669,0.9987864077669902
W1_web,17,L0,takeover,pin_ip,1.0,0.5333333333333333,0.6956521739130436,0.20388349514563106,0.8980582524271845
W1_web,17,L0,takeover,pin_prefix24,1.0,0.7058823529411765,0.8275862068965517,0.0970873786407767,0.9514563106796117
W1_web,17,L0,takeover,pin_scope16,1.0,0.8888888888888888,0.9411764705882353,0.02912621359223301,0.9854368932038835
W1_web,17,L0,takeover,pin_useragent,1.0,0.6857142857142857,0.8135593220338984,0.10679611650485436,0.9466019417475728
W1_web,17,L0,takeover,pin_useragent_core,0.9166666666666666,1.0,0.9565217391304348,0.0,0.9583333333333334
W1_web,17,L0,takeover,pin_ip_or_useragent,1.0,0.48,0.6486486486486487,0.2524271844660194,0.8737864077669902
W1_web,17,L0,takeover,pin_ip_and_useragent,1.0,0.8,0.888888888888889,0.05825242718446602,0.970873786407767
W1_web,17,L0,takeover,score_distinct_bindings,1.0,0.7058823529411765,0.8275862068965517,0.0970873786407767,0.9514563106796117
W1_web,17,L0,takeover,score_max_request_rate,0.4583333333333333,0.16923076923076924,0.24719101123595508,0.5242718446601942,0.5010113268608414
W1_web,17,L0,takeover,score_burstiness,0.0,0.0,0.0,0.009708737864077669,0.4563106796116505
W1_web,18,L0,takeover,SICA (proposed),0.896551724137931,0.9629629629629629,0.9285714285714286,0.01020408163265306,0.9977128782547502
W1_web,18,L0,takeover,pin_ip,1.0,0.725,0.8405797101449275,0.11224489795918367,0.9438775510204082
W1_web,18,L0,takeover,pin_prefix24,1.0,0.8055555555555556,0.8923076923076924,0.07142857142857142,0.9642857142857143
W1_web,18,L0,takeover,pin_scope16,1.0,0.90625,0.9508196721311475,0.030612244897959183,0.9846938775510204
W1_web,18,L0,takeover,pin_useragent,1.0,0.7837837837837838,0.8787878787878788,0.08163265306122448,0.9591836734693877
W1_web,18,L0,takeover,pin_useragent_core,0.896551724137931,1.0,0.9454545454545454,0.0,0.9482758620689655
W1_web,18,L0,takeover,pin_ip_or_useragent,1.0,0.6744186046511628,0.8055555555555556,0.14285714285714285,0.9285714285714286
W1_web,18,L0,takeover,pin_ip_and_useragent,1.0,0.8529411764705882,0.9206349206349206,0.05102040816326531,0.9744897959183674
W1_web,18,L0,takeover,score_distinct_bindings,1.0,0.8055555555555556,0.8923076923076924,0.07142857142857142,0.9642857142857143
W1_web,18,L0,takeover,score_max_request_rate,0.4482758620689655,0.19696969696969696,0.27368421052631575,0.5408163265306123,0.47413793103448276
W1_web,18,L0,takeover,score_burstiness,0.0,0.0,0.0,0.01020408163265306,0.4100985221674877
W1_web,19,L0,takeover,SICA (proposed),1.0,0.8571428571428571,0.923076923076923,0.038834951456310676,1.0
W1_web,19,L0,takeover,pin_ip,1.0,0.6,0.7499999999999999,0.1553398058252427,0.9223300970873787
W1_web,19,L0,takeover,pin_prefix24,1.0,0.7741935483870968,0.8727272727272727,0.06796116504854369,0.9660194174757282
W1_web,19,L0,takeover,pin_scope16,1.0,0.9230769230769231,0.9600000000000001,0.019417475728155338,0.9902912621359223
W1_web,19,L0,takeover,pin_useragent,1.0,0.7272727272727273,0.8421052631578948,0.08737864077669903,0.9563106796116505
W1_web,19,L0,takeover,pin_useragent_core,1.0,1.0,1.0,0.0,1.0
W1_web,19,L0,takeover,pin_ip_or_useragent,1.0,0.5333333333333333,0.6956521739130436,0.20388349514563106,0.8980582524271845
W1_web,19,L0,takeover,pin_ip_and_useragent,1.0,0.8571428571428571,0.923076923076923,0.038834951456310676,0.9805825242718447
W1_web,19,L0,takeover,score_distinct_bindings,1.0,0.7741935483870968,0.8727272727272727,0.06796116504854369,0.9660194174757282
W1_web,19,L0,takeover,score_max_request_rate,0.4166666666666667,0.15151515151515152,0.2222222222222222,0.5436893203883495,0.4334546925566343
W1_web,19,L0,takeover,score_burstiness,0.0,0.0,0.0,0.009708737864077669,0.41322815533980584
W1_web,0,L0,concurrent,SICA (proposed),1.0,0.8571428571428571,0.923076923076923,0.017391304347826087,1.0
W1_web,0,L0,concurrent,pin_ip,1.0,0.36363636363636365,0.5333333333333333,0.1826086956521739,0.908695652173913
W1_web,0,L0,concurrent,pin_prefix24,1.0,0.5454545454545454,0.7058823529411764,0.08695652173913043,0.9565217391304348
W1_web,0,L0,concurrent,pin_scope16,1.0,0.8,0.888888888888889,0.02608695652173913,0.9869565217391304
W1_web,0,L0,concurrent,pin_useragent,1.0,0.46153846153846156,0.631578947368421,0.12173913043478261,0.9391304347826087
W1_web,0,L0,concurrent,pin_useragent_core,0.8333333333333334,1.0,0.9090909090909091,0.0,0.9166666666666666
W1_web,0,L0,concurrent,pin_ip_or_useragent,1.0,0.3,0.4615384615384615,0.24347826086956523,0.8782608695652174
W1_web,0,L0,concurrent,pin_ip_and_useragent,1.0,0.631578947368421,0.7741935483870968,0.06086956521739131,0.9695652173913043
W1_web,0,L0,concurrent,score_distinct_bindings,1.0,0.5454545454545454,0.7058823529411764,0.08695652173913043,0.9601449275362319
W1_web,0,L0,concurrent,score_max_request_rate,0.5,0.08955223880597014,0.15189873417721517,0.5304347826086957,0.538768115942029
W1_web,0,L0,concurrent,score_burstiness,0.0,0.0,0.0,0.008695652173913044,0.4652173913043478
W1_web,1,L0,concurrent,SICA (proposed),1.0,0.8888888888888888,0.9411764705882353,0.018018018018018018,0.9991554054054054
W1_web,1,L0,concurrent,pin_ip,1.0,0.5,0.6666666666666666,0.14414414414414414,0.9279279279279279
W1_web,1,L0,concurrent,pin_prefix24,1.0,0.8,0.888888888888889,0.036036036036036036,0.9819819819819819
W1_web,1,L0,concurrent,pin_scope16,1.0,0.9411764705882353,0.9696969696969697,0.009009009009009009,0.9954954954954955
W1_web,1,L0,concurrent,pin_useragent,0.9375,0.46875,0.625,0.15315315315315314,0.8921734234234234
W1_web,1,L0,concurrent,pin_useragent_core,0.875,1.0,0.9333333333333333,0.0,0.9375
W1_web,1,L0,concurrent,pin_ip_or_useragent,1.0,0.37209302325581395,0.5423728813559322,0.24324324324324326,0.8783783783783784
W1_web,1,L0,concurrent,pin_ip_and_useragent,0.9375,0.7142857142857143,0.8108108108108109,0.05405405405405406,0.941722972972973
W1_web,1,L0,concurrent,score_distinct_bindings,1.0,0.8,0.888888888888889,0.036036036036036036,0.9853603603603603
W1_web,1,L0,concurrent,score_max_request_rate,0.375,0.08823529411764706,0.14285714285714285,0.5585585585585585,0.48620495495495497
W1_web,1,L0,concurrent,score_burstiness,0.0,0.0,0.0,0.009009009009009009,0.4132882882882883
W1_web,2,L0,concurrent,SICA (proposed),1.0,0.9285714285714286,0.962962962962963,0.019801980198019802,0.9998095963442498
W1_web,2,L0,concurrent,pin_ip,1.0,0.6341463414634146,0.7761194029850745,0.1485148514851485,0.9257425742574258
W1_web,2,L0,concurrent,pin_prefix24,1.0,0.8387096774193549,0.9122807017543859,0.04950495049504951,0.9752475247524752
W1_web,2,L0,concurrent,pin_scope16,1.0,0.9285714285714286,0.962962962962963,0.019801980198019802,0.9900990099009901
W1_web,2,L0,concurrent,pin_useragent,1.0,0.7222222222222222,0.8387096774193548,0.09900990099009901,0.9504950495049505
W1_web,2,L0,concurrent,pin_useragent_core,0.9615384615384616,1.0,0.9803921568627451,0.0,0.9807692307692307
W1_web,2,L0,concurrent,pin_ip_or_useragent,1.0,0.5777777777777777,0.732394366197183,0.18811881188118812,0.905940594059406
W1_web,2,L0,concurrent,pin_ip_and_useragent,1.0,0.8125,0.896551724137931,0.0594059405940594,0.9702970297029703
W1_web,2,L0,concurrent,score_distinct_bindings,1.0,0.8387096774193549,0.9122807017543859,0.04950495049504951,0.9781035795887281
W1_web,2,L0,concurrent,score_max_request_rate,0.5,0.19402985074626866,0.2795698924731183,0.5346534653465347,0.5059025133282559
W1_web,2,L0,concurrent,score_burstiness,0.0,0.0,0.0,0.009900990099009901,0.4623000761614623
W1_web,3,L0,concurrent,SICA (proposed),1.0,0.9523809523809523,0.975609756097561,0.009345794392523364,1.0
W1_web,3,L0,concurrent,pin_ip,1.0,0.5714285714285714,0.7272727272727273,0.14018691588785046,0.9299065420560748
W1_web,3,L0,concurrent,pin_prefix24,1.0,0.6896551724137931,0.8163265306122449,0.08411214953271028,0.9579439252336449
W1_web,3,L0,concurrent,pin_scope16,1.0,0.8333333333333334,0.9090909090909091,0.037383177570093455,0.9813084112149533
W1_web,3,L0,concurrent,pin_useragent,1.0,0.6666666666666666,0.8,0.09345794392523364,0.9532710280373832
W1_web,3,L0,concurrent,pin_useragent_core,0.95,1.0,0.9743589743589743,0.0,0.975
W1_web,3,L0,concurrent,pin_ip_or_useragent,1.0,0.4878048780487805,0.6557377049180327,0.19626168224299065,0.9018691588785047
W1_web,3,L0,concurrent,pin_ip_and_useragent,1.0,0.8333333333333334,0.9090909090909091,0.037383177570093455,0.9813084112149533
W1_web,3,L0,concurrent,score_distinct_bindings,1.0,0.6896551724137931,0.8163265306122449,0.08411214953271028,0.9621495327102804
W1_web,3,L0,concurrent,score_max_request_rate,0.3,0.09090909090909091,0.13953488372093023,0.5607476635514018,0.41238317757009346
W1_web,3,L0,concurrent,score_burstiness,0.0,0.0,0.0,0.009345794392523364,0.3219626168224299
W1_web,4,L0,concurrent,SICA (proposed),1.0,1.0,1.0,0.0,1.0
W1_web,4,L0,concurrent,pin_ip,1.0,0.45714285714285713,0.6274509803921569,0.17117117117117117,0.9144144144144144
W1_web,4,L0,concurrent,pin_prefix24,1.0,0.6666666666666666,0.8,0.07207207207207207,0.963963963963964
W1_web,4,L0,concurrent,pin_scope16,1.0,0.6956521739130435,0.8205128205128205,0.06306306306306306,0.9684684684684685
W1_web,4,L0,concurrent,pin_useragent,0.875,0.6086956521739131,0.717948717948718,0.08108108108108109,0.8969594594594594
W1_web,4,L0,concurrent,pin_useragent_core,0.875,1.0,0.9333333333333333,0.0,0.9375
W1_web,4,L0,concurrent,pin_ip_or_useragent,1.0,0.4444444444444444,0.6153846153846153,0.18018018018018017,0.9099099099099099
W1_web,4,L0,concurrent,pin_ip_and_useragent,0.875,0.6363636363636364,0.7368421052631579,0.07207207207207207,0.901463963963964
W1_web,4,L0,concurrent,score_distinct_bindings,1.0,0.6666666666666666,0.8,0.07207207207207207,0.9662162162162162
W1_web,4,L0,concurrent,score_max_request_rate,0.75,0.17142857142857143,0.2790697674418604,0.5225225225225225,0.6143018018018018
W1_web,4,L0,concurrent,score_burstiness,0.0,0.0,0.0,0.009009009009009009,0.6010698198198198
W1_web,5,L0,concurrent,SICA (proposed),1.0,0.9583333333333334,0.9787234042553191,0.009615384615384616,0.9995819397993311
W1_web,5,L0,concurrent,pin_ip,1.0,0.6216216216216216,0.7666666666666667,0.1346153846153846,0.9326923076923077
W1_web,5,L0,concurrent,pin_prefix24,1.0,0.7931034482758621,0.8846153846153846,0.057692307692307696,0.9711538461538461
W1_web,5,L0,concurrent,pin_scope16,1.0,0.92,0.9583333333333334,0.019230769230769232,0.9903846153846154
W1_web,5,L0,concurrent,pin_useragent,0.9565217391304348,0.6285714285714286,0.7586206896551724,0.125,0.9157608695652174
W1_web,5,L0,concurrent,pin_useragent_core,0.8260869565217391,1.0,0.9047619047619047,0.0,0.9130434782608695
W1_web,5,L0,concurrent,pin_ip_or_useragent,1.0,0.4791666666666667,0.647887323943662,0.2403846153846154,0.8798076923076923
W1_web,5,L0,concurrent,pin_ip_and_useragent,0.9565217391304348,0.9166666666666666,0.9361702127659574,0.019230769230769232,0.9686454849498328
W1_web,5,L0,concurrent,score_distinct_bindings,1.0,0.7931034482758621,0.8846153846153846,0.057692307692307696,0.9724080267558528
W1_web,5,L0,concurrent,score_max_request_rate,0.6521739130434783,0.23076923076923078,0.3409090909090909,0.4807692307692308,0.6043060200668896
W1_web,5,L0,concurrent,score_burstiness,0.0,0.0,0.0,0.009615384615384616,0.5491220735785953
W1_web,6,L0,concurrent,SICA (proposed),1.0,0.95,0.9743589743589743,0.009259259259259259,1.0
W1_web,6,L0,concurrent,pin_ip,1.0,0.6333333333333333,0.7755102040816326,0.10185185185185185,0.9490740740740741
W1_web,6,L0,concurrent,pin_prefix24,1.0,0.8636363636363636,0.9268292682926829,0.027777777777777776,0.9861111111111112
W1_web,6,L0,concurrent,pin_scope16,1.0,0.95,0.9743589743589743,0.009259259259259259,0.9953703703703703
W1_web,6,L0,concurrent,pin_useragent,1.0,0.6551724137931034,0.7916666666666666,0.09259259259259259,0.9537037037037037
W1_web,6,L0,concurrent,pin_useragent_core,0.8947368421052632,1.0,0.9444444444444444,0.0,0.9473684210526315
W1_web,6,L0,concurrent,pin_ip_or_useragent,1.0,0.5135135135135135,0.6785714285714285,0.16666666666666666,0.9166666666666666
W1_web,6,L0,concurrent,pin_ip_and_useragent,1.0,0.8636363636363636,0.9268292682926829,0.027777777777777776,0.9861111111111112
W1_web,6,L0,concurrent,score_distinct_bindings,1.0,0.8636363636363636,0.9268292682926829,0.027777777777777776,0.9868421052631579
W1_web,6,L0,concurrent,score_max_request_rate,0.6842105263157895,0.18055555555555555,0.2857142857142857,0.5462962962962963,0.5616471734892787
W1_web,6,L0,concurrent,score_burstiness,0.05263157894736842,0.5,0.09523809523809525,0.009259259259259259,0.5694444444444444
W1_web,7,L0,concurrent,SICA (proposed),1.0,0.9375,0.967741935483871,0.008928571428571428,0.999702380952381
W1_web,7,L0,concurrent,pin_ip,1.0,0.5172413793103449,0.6818181818181819,0.125,0.9375
W1_web,7,L0,concurrent,pin_prefix24,1.0,0.6521739130434783,0.7894736842105263,0.07142857142857142,0.9642857142857143
W1_web,7,L0,concurrent,pin_scope16,1.0,0.7894736842105263,0.8823529411764706,0.03571428571428571,0.9821428571428571
W1_web,7,L0,concurrent,pin_useragent,0.9333333333333333,0.5,0.6511627906976745,0.125,0.9041666666666667
W1_web,7,L0,concurrent,pin_useragent_core,0.9333333333333333,1.0,0.9655172413793104,0.0,0.9666666666666667
W1_web,7,L0,concurrent,pin_ip_or_useragent,1.0,0.38461538461538464,0.5555555555555556,0.21428571428571427,0.8928571428571429
W1_web,7,L0,concurrent,pin_ip_and_useragent,0.9333333333333333,0.7777777777777778,0.8484848484848485,0.03571428571428571,0.9488095238095238
W1_web,7,L0,concurrent,score_distinct_bindings,1.0,0.6521739130434783,0.7894736842105263,0.07142857142857142,0.9642857142857143
W1_web,7,L0,concurrent,score_max_request_rate,0.4666666666666667,0.10294117647058823,0.1686746987951807,0.5446428571428571,0.5139880952380952
W1_web,7,L0,concurrent,score_burstiness,0.0,0.0,0.0,0.008928571428571428,0.44226190476190474
W1_web,8,L0,concurrent,SICA (proposed),1.0,1.0,1.0,0.0,1.0
W1_web,8,L0,concurrent,pin_ip,1.0,0.5277777777777778,0.6909090909090909,0.1574074074074074,0.9212962962962963
W1_web,8,L0,concurrent,pin_prefix24,1.0,0.7307692307692307,0.8444444444444443,0.06481481481481481,0.9675925925925926
W1_web,8,L0,concurrent,pin_scope16,1.0,0.8636363636363636,0.9268292682926829,0.027777777777777776,0.9861111111111112
W1_web,8,L0,concurrent,pin_useragent,1.0,0.6333333333333333,0.7755102040816326,0.10185185185185185,0.9490740740740741
W1_web,8,L0,concurrent,pin_useragent_core,0.8947368421052632,1.0,0.9444444444444444,0.0,0.9473684210526315
W1_web,8,L0,concurrent,pin_ip_or_useragent,1.0,0.475,0.6440677966101694,0.19444444444444445,0.9027777777777778
W1_web,8,L0,concurrent,pin_ip_and_useragent,1.0,0.7307692307692307,0.8444444444444443,0.06481481481481481,0.9675925925925926
W1_web,8,L0,concurrent,score_distinct_bindings,1.0,0.7307692307692307,0.8444444444444443,0.06481481481481481,0.9692982456140351
W1_web,8,L0,concurrent,score_max_request_rate,0.47368421052631576,0.13846153846153847,0.2142857142857143,0.5185185185185185,0.5428849902534113
W1_web,8,L0,concurrent,score_burstiness,0.0,0.0,0.0,0.009259259259259259,0.4800194931773879
W1_web,9,L0,concurrent,SICA (proposed),1.0,0.9047619047619048,0.9500000000000001,0.018518518518518517,0.9987816764132553
W1_web,9,L0,concurrent,pin_ip,1.0,0.5135135135135135,0.6785714285714285,0.16666666666666666,0.9166666666666666
W1_web,9,L0,concurrent,pin_prefix24,1.0,0.7037037037037037,0.8260869565217391,0.07407407407407407,0.9629629629629629
W1_web,9,L0,concurrent,pin_scope16,1.0,0.8636363636363636,0.9268292682926829,0.027777777777777776,0.9861111111111112
W1_web,9,L0,concurrent,pin_useragent,1.0,0.6333333333333333,0.7755102040816326,0.10185185185185185,0.9490740740740741
W1_web,9,L0,concurrent,pin_useragent_core,0.7894736842105263,1.0,0.8823529411764706,0.0,0.8947368421052632
W1_web,9,L0,concurrent,pin_ip_or_useragent,1.0,0.4418604651162791,0.6129032258064516,0.2222222222222222,0.8888888888888888
W1_web,9,L0,concurrent,pin_ip_and_useragent,1.0,0.7916666666666666,0.8837209302325582,0.046296296296296294,0.9768518518518519
W1_web,9,L0,concurrent,score_distinct_bindings,1.0,0.7037037037037037,0.8260869565217391,0.07407407407407407,0.9649122807017544
W1_web,9,L0,concurrent,score_max_request_rate,0.5263157894736842,0.14705882352941177,0.22988505747126434,0.5370370370370371,0.5214424951267057
W1_web,9,L0,concurrent,score_burstiness,0.0,0.0,0.0,0.009259259259259259,0.4615009746588694
W1_web,10,L0,concurrent,SICA (proposed),1.0,0.8076923076923077,0.8936170212765957,0.04716981132075472,1.0
W1_web,10,L0,concurrent,pin_ip,1.0,0.45652173913043476,0.626865671641791,0.2358490566037736,0.8820754716981132
W1_web,10,L0,concurrent,pin_prefix24,1.0,0.6,0.7499999999999999,0.1320754716981132,0.9339622641509434
W1_web,10,L0,concurrent,pin_scope16,1.0,0.7777777777777778,0.8750000000000001,0.05660377358490566,0.9716981132075472
W1_web,10,L0,concurrent,pin_useragent,1.0,0.65625,0.7924528301886793,0.10377358490566038,0.9481132075471698
W1_web,10,L0,concurrent,pin_useragent_core,1.0,1.0,1.0,0.0,1.0
W1_web,10,L0,concurrent,pin_ip_or_useragent,1.0,0.42857142857142855,0.6,0.2641509433962264,0.8679245283018868
W1_web,10,L0,concurrent,pin_ip_and_useragent,1.0,0.7241379310344828,0.8400000000000001,0.07547169811320754,0.9622641509433962
W1_web,10,L0,concurrent,score_distinct_bindings,1.0,0.6,0.7499999999999999,0.1320754716981132,0.9339622641509434
W1_web,10,L0,concurrent,score_max_request_rate,0.6666666666666666,0.19718309859154928,0.3043478260869565,0.5377358490566038,0.577717879604672
W1_web,10,L0,concurrent,score_burstiness,0.0,0.0,0.0,0.009433962264150943,0.5624438454627134
W1_web,11,L0,concurrent,SICA (proposed),1.0,0.7894736842105263,0.8823529411764706,0.03571428571428571,1.0
W1_web,11,L0,concurrent,pin_ip,1.0,0.45454545454545453,0.625,0.16071428571428573,0.9196428571428571
W1_web,11,L0,concurrent,pin_prefix24,1.0,0.7142857142857143,0.8333333333333333,0.05357142857142857,0.9732142857142857
W1_web,11,L0,concurrent,pin_scope16,1.0,0.8333333333333334,0.9090909090909091,0.026785714285714284,0.9866071428571429
W1_web,11,L0,concurrent,pin_useragent,1.0,0.6,0.7499999999999999,0.08928571428571429,0.9553571428571429
W1_web,11,L0,concurrent,pin_useragent_core,1.0,1.0,1.0,0.0,1.0
W1_web,11,L0,concurrent,pin_ip_or_useragent,1.0,0.40540540540540543,0.5769230769230769,0.19642857142857142,0.9017857142857143
W1_web,11,L0,concurrent,pin_ip_and_useragent,1.0,0.7142857142857143,0.8333333333333333,0.05357142857142857,0.9732142857142857
W1_web,11,L0,concurrent,score_distinct_bindings,1.0,0.7142857142857143,0.8333333333333333,0.05357142857142857,0.975
W1_web,11,L0,concurrent,score_max_request_rate,0.6666666666666666,0.14925373134328357,0.24390243902439024,0.5089285714285714,0.569047619047619
W1_web,11,L0,concurrent,score_burstiness,0.0,0.0,0.0,0.008928571428571428,0.518154761904762
W1_web,12,L0,concurrent,SICA (proposed),1.0,0.92,0.9583333333333334,0.019230769230769232,0.9995819397993311
W1_web,12,L0,concurrent,pin_ip,1.0,0.5476190476190477,0.7076923076923077,0.18269230769230768,0.9086538461538461
W1_web,12,L0,concurrent,pin_prefix24,1.0,0.6216216216216216,0.7666666666666667,0.1346153846153846,0.9326923076923077
W1_web,12,L0,concurrent,pin_scope16,1.0,0.8518518518518519,0.92,0.038461538461538464,0.9807692307692307
W1_web,12,L0,concurrent,pin_useragent,1.0,0.6216216216216216,0.7666666666666667,0.1346153846153846,0.9326923076923077
W1_web,12,L0,concurrent,pin_useragent_core,0.8695652173913043,1.0,0.9302325581395349,0.0,0.9347826086956522
W1_web,12,L0,concurrent,pin_ip_or_useragent,1.0,0.48936170212765956,0.6571428571428571,0.23076923076923078,0.8846153846153846
W1_web,12,L0,concurrent,pin_ip_and_useragent,1.0,0.71875,0.8363636363636363,0.08653846153846154,0.9567307692307693
W1_web,12,L0,concurrent,score_distinct_bindings,1.0,0.6216216216216216,0.7666666666666667,0.1346153846153846,0.9326923076923077
W1_web,12,L0,concurrent,score_max_request_rate,0.6521739130434783,0.21428571428571427,0.32258064516129026,0.5288461538461539,0.5821488294314381
W1_web,12,L0,concurrent,score_burstiness,0.0,0.0,0.0,0.0,0.5263377926421404
W1_web,13,L0,concurrent,SICA (proposed),1.0,0.8333333333333334,0.9090909090909091,0.037383177570093455,1.0
W1_web,13,L0,concurrent,pin_ip,1.0,0.5128205128205128,0.6779661016949152,0.17757009345794392,0.9112149532710281
W1_web,13,L0,concurrent,pin_prefix24,1.0,0.7407407407407407,0.851063829787234,0.06542056074766354,0.9672897196261683
W1_web,13,L0,concurrent,pin_scope16,1.0,0.8333333333333334,0.9090909090909091,0.037383177570093455,0.9813084112149533
W1_web,13,L0,concurrent,pin_useragent,1.0,0.6666666666666666,0.8,0.09345794392523364,0.9532710280373832
W1_web,13,L0,concurrent,pin_useragent_core,0.95,1.0,0.9743589743589743,0.0,0.975
W1_web,13,L0,concurrent,pin_ip_or_useragent,1.0,0.46511627906976744,0.6349206349206349,0.21495327102803738,0.8925233644859814
W1_web,13,L0,concurrent,pin_ip_and_useragent,1.0,0.7692307692307693,0.8695652173913044,0.056074766355140186,0.9719626168224299
W1_web,13,L0,concurrent,score_distinct_bindings,1.0,0.7407407407407407,0.851063829787234,0.06542056074766354,0.9705607476635514
W1_web,13,L0,concurrent,score_max_request_rate,0.6,0.17647058823529413,0.2727272727272727,0.5233644859813084,0.525
W1_web,13,L0,concurrent,score_burstiness,0.0,0.0,0.0,0.009345794392523364,0.48411214953271026
W1_web,14,L0,concurrent,SICA (proposed),1.0,0.8636363636363636,0.9268292682926829,0.027777777777777776,0.9992690058479532
W1_web,14,L0,concurrent,pin_ip,1.0,0.6129032258064516,0.76,0.1111111111111111,0.9444444444444444
W1_web,14,L0,concurrent,pin_prefix24,1.0,0.7037037037037037,0.8260869565217391,0.07407407407407407,0.9629629629629629
W1_web,14,L0,concurrent,pin_scope16,1.0,0.8260869565217391,0.9047619047619047,0.037037037037037035,0.9814814814814815
W1_web,14,L0,concurrent,pin_useragent,0.9473684210526315,0.72,0.8181818181818181,0.06481481481481481,0.9412768031189084
W1_web,14,L0,concurrent,pin_useragent_core,0.8947368421052632,1.0,0.9444444444444444,0.0,0.9473684210526315
W1_web,14,L0,concurrent,pin_ip_or_useragent,1.0,0.5277777777777778,0.6909090909090909,0.1574074074074074,0.9212962962962963
W1_web,14,L0,concurrent,pin_ip_and_useragent,0.9473684210526315,0.9,0.9230769230769231,0.018518518518518517,0.9644249512670565
W1_web,14,L0,concurrent,score_distinct_bindings,1.0,0.7037037037037037,0.8260869565217391,0.07407407407407407,0.9629629629629629
W1_web,14,L0,concurrent,score_max_request_rate,0.5789473684210527,0.16417910447761194,0.2558139534883721,0.5185185185185185,0.5701754385964912
W1_web,14,L0,concurrent,score_burstiness,0.0,0.0,0.0,0.009259259259259259,0.48221247563352826
W1_web,15,L0,concurrent,SICA (proposed),1.0,0.96,0.9795918367346939,0.009708737864077669,1.0
W1_web,15,L0,concurrent,pin_ip,1.0,0.6857142857142857,0.8135593220338984,0.10679611650485436,0.9466019417475728
W1_web,15,L0,concurrent,pin_prefix24,1.0,0.7741935483870968,0.8727272727272727,0.06796116504854369,0.9660194174757282
W1_web,15,L0,concurrent,pin_scope16,1.0,0.8888888888888888,0.9411764705882353,0.02912621359223301,0.9854368932038835
W1_web,15,L0,concurrent,pin_useragent,1.0,0.7272727272727273,0.8421052631578948,0.08737864077669903,0.9563106796116505
W1_web,15,L0,concurrent,pin_useragent_core,0.9583333333333334,1.0,0.9787234042553191,0.0,0.9791666666666666
W1_web,15,L0,concurrent,pin_ip_or_useragent,1.0,0.6,0.7499999999999999,0.1553398058252427,0.9223300970873787
W1_web,15,L0,concurrent,pin_ip_and_useragent,1.0,0.8571428571428571,0.923076923076923,0.038834951456310676,0.9805825242718447
W1_web,15,L0,concurrent,score_distinct_bindings,1.0,0.7741935483870968,0.8727272727272727,0.06796116504854369,0.9702669902912622
W1_web,15,L0,concurrent,score_max_request_rate,0.5416666666666666,0.18840579710144928,0.27956989247311825,0.5436893203883495,0.511326860841424
W1_web,15,L0,concurrent,score_burstiness,0.041666666666666664,0.5,0.07692307692307693,0.009708737864077669,0.48058252427184467
W1_web,16,L0,concurrent,SICA (proposed),1.0,0.9047619047619048,0.9500000000000001,0.018518518518518517,0.9995126705653021
W1_web,16,L0,concurrent,pin_ip,1.0,0.5757575757575758,0.7307692307692308,0.12962962962962962,0.9351851851851852
W1_web,16,L0,concurrent,pin_prefix24,1.0,0.6785714285714286,0.8085106382978724,0.08333333333333333,0.9583333333333334
W1_web,16,L0,concurrent,pin_scope16,1.0,0.8260869565217391,0.9047619047619047,0.037037037037037035,0.9814814814814815
W1_web,16,L0,concurrent,pin_useragent,0.9473684210526315,0.72,0.8181818181818181,0.06481481481481481,0.9412768031189084
W1_web,16,L0,concurrent,pin_useragent_core,0.8947368421052632,1.0,0.9444444444444444,0.0,0.9473684210526315
W1_web,16,L0,concurrent,pin_ip_or_useragent,1.0,0.5428571428571428,0.7037037037037037,0.14814814814814814,0.9259259259259259
W1_web,16,L0,concurrent,pin_ip_and_useragent,0.9473684210526315,0.782608695652174,0.8571428571428571,0.046296296296296294,0.9505360623781677
W1_web,16,L0,concurrent,score_distinct_bindings,1.0,0.6785714285714286,0.8085106382978724,0.08333333333333333,0.9627192982456141
W1_web,16,L0,concurrent,score_max_request_rate,0.6842105263157895,0.19117647058823528,0.29885057471264365,0.5092592592592593,0.6223196881091618
W1_web,16,L0,concurrent,score_burstiness,0.0,0.0,0.0,0.0,0.574317738791423
W1_web,17,L0,concurrent,SICA (proposed),1.0,0.9545454545454546,0.9767441860465117,0.009433962264150943,0.9997753818508536
W1_web,17,L0,concurrent,pin_ip,1.0,0.4883720930232558,0.65625,0.20754716981132076,0.8962264150943396
W1_web,17,L0,concurrent,pin_prefix24,1.0,0.6774193548387096,0.8076923076923077,0.09433962264150944,0.9528301886792453
W1_web,17,L0,concurrent,pin_scope16,1.0,0.875,0.9333333333333333,0.02830188679245283,0.9858490566037735
W1_web,17,L0,concurrent,pin_useragent,0.9523809523809523,0.6451612903225806,0.7692307692307692,0.10377358490566038,0.924303683737646
W1_web,17,L0,concurrent,pin_useragent_core,0.8571428571428571,1.0,0.923076923076923,0.0,0.9285714285714286
W1_web,17,L0,concurrent,pin_ip_or_useragent,1.0,0.4375,0.6086956521739131,0.25471698113207547,0.8726415094339622
W1_web,17,L0,concurrent,pin_ip_and_useragent,0.9523809523809523,0.7692307692307693,0.8510638297872339,0.05660377358490566,0.9478885893980233
W1_web,17,L0,concurrent,score_distinct_bindings,1.0,0.6774193548387096,0.8076923076923077,0.09433962264150944,0.9528301886792453
W1_web,17,L0,concurrent,score_max_request_rate,0.6190476190476191,0.19117647058823528,0.29213483146067415,0.5188679245283019,0.5822102425876011
W1_web,17,L0,concurrent,score_burstiness,0.0,0.0,0.0,0.009433962264150943,0.5402066486972147
W1_web,18,L0,concurrent,SICA (proposed),0.96,0.96,0.96,0.00980392156862745,0.9990196078431373
W1_web,18,L0,concurrent,pin_ip,1.0,0.6756756756756757,0.8064516129032258,0.11764705882352941,0.9411764705882353
W1_web,18,L0,concurrent,pin_prefix24,1.0,0.78125,0.8771929824561403,0.06862745098039216,0.9656862745098039
W1_web,18,L0,concurrent,pin_scope16,1.0,0.8928571428571429,0.9433962264150945,0.029411764705882353,0.9852941176470589
W1_web,18,L0,concurrent,pin_useragent,1.0,0.7352941176470589,0.8474576271186441,0.08823529411764706,0.9558823529411765
W1_web,18,L0,concurrent,pin_useragent_core,0.96,1.0,0.9795918367346939,0.0,0.98
W1_web,18,L0,concurrent,pin_ip_or_useragent,1.0,0.625,0.7692307692307693,0.14705882352941177,0.9264705882352942
W1_web,18,L0,concurrent,pin_ip_and_useragent,1.0,0.8064516129032258,0.8928571428571428,0.058823529411764705,0.9705882352941176
W1_web,18,L0,concurrent,score_distinct_bindings,1.0,0.78125,0.8771929824561403,0.06862745098039216,0.9670588235294117
W1_web,18,L0,concurrent,score_max_request_rate,0.64,0.22535211267605634,0.3333333333333333,0.5392156862745098,0.5725490196078431
W1_web,18,L0,concurrent,score_burstiness,0.0,0.0,0.0,0.00980392156862745,0.49686274509803924
W1_web,19,L0,concurrent,SICA (proposed),1.0,0.8181818181818182,0.9,0.03669724770642202,0.9997451580020388
W1_web,19,L0,concurrent,pin_ip,1.0,0.5294117647058824,0.6923076923076924,0.14678899082568808,0.926605504587156
W1_web,19,L0,concurrent,pin_prefix24,1.0,0.72,0.8372093023255813,0.06422018348623854,0.9678899082568807
W1_web,19,L0,concurrent,pin_scope16,1.0,0.9,0.9473684210526316,0.01834862385321101,0.9908256880733946
W1_web,19,L0,concurrent,pin_useragent,0.9444444444444444,0.6538461538461539,0.7727272727272727,0.08256880733944955,0.9309378185524975
W1_web,19,L0,concurrent,pin_useragent_core,0.8888888888888888,1.0,0.9411764705882353,0.0,0.9444444444444444
W1_web,19,L0,concurrent,pin_ip_or_useragent,1.0,0.46153846153846156,0.631578947368421,0.1926605504587156,0.9036697247706422
W1_web,19,L0,concurrent,pin_ip_and_useragent,0.9444444444444444,0.8095238095238095,0.8717948717948718,0.03669724770642202,0.9538735983690112
W1_web,19,L0,concurrent,score_distinct_bindings,1.0,0.72,0.8372093023255813,0.06422018348623854,0.9696738022426096
W1_web,19,L0,concurrent,score_max_request_rate,0.3333333333333333,0.0967741935483871,0.15000000000000002,0.5137614678899083,0.4536187563710499
W1_web,19,L0,concurrent,score_burstiness,0.0,0.0,0.0,0.009174311926605505,0.36926605504587157
W1_web,0,L1,takeover,SICA (proposed),0.0,0.0,0.0,0.018867924528301886,0.9597933513027853
W1_web,0,L1,takeover,pin_ip,1.0,0.5,0.6666666666666666,0.19811320754716982,0.9009433962264151
W1_web,0,L1,takeover,pin_prefix24,1.0,0.6774193548387096,0.8076923076923077,0.09433962264150944,0.9528301886792453
W1_web,0,L1,takeover,pin_scope16,1.0,0.875,0.9333333333333333,0.02830188679245283,0.9858490566037735
W1_web,0,L1,takeover,pin_useragent,0.09523809523809523,0.125,0.1081081081081081,0.1320754716981132,0.481581311769991
W1_web,0,L1,takeover,pin_useragent_core,0.0,0.0,0.0,0.0,0.5
W1_web,0,L1,takeover,pin_ip_or_useragent,1.0,0.42857142857142855,0.6,0.2641509433962264,0.8679245283018868
W1_web,0,L1,takeover,pin_ip_and_useragent,0.09523809523809523,0.2222222222222222,0.13333333333333333,0.0660377358490566,0.5146001796945193
W1_web,0,L1,takeover,score_distinct_bindings,1.0,0.6774193548387096,0.8076923076923077,0.09433962264150944,0.9550763701707098
W1_web,0,L1,takeover,score_max_request_rate,0.3333333333333333,0.10606060606060606,0.16091954022988506,0.5566037735849056,0.405884995507637
W1_web,0,L1,takeover,score_burstiness,0.0,0.0,0.0,0.0,0.37848158131177
W1_web,1,L1,takeover,SICA (proposed),0.13043478260869565,0.6,0.21428571428571427,0.019230769230769232,0.949623745819398
W1_web,1,L1,takeover,pin_ip,1.0,0.6052631578947368,0.7540983606557378,0.14423076923076922,0.9278846153846154
W1_web,1,L1,takeover,pin_prefix24,1.0,0.8518518518518519,0.92,0.038461538461538464,0.9807692307692307
W1_web,1,L1,takeover,pin_scope16,1.0,0.9583333333333334,0.9787234042553191,0.009615384615384616,0.9951923076923077
W1_web,1,L1,takeover,pin_useragent,0.08695652173913043,0.125,0.10256410256410256,0.1346153846153846,0.4761705685618729
W1_web,1,L1,takeover,pin_useragent_core,0.0,0.0,0.0,0.0,0.5
W1_web,1,L1,takeover,pin_ip_or_useragent,1.0,0.48936170212765956,0.6571428571428571,0.23076923076923078,0.8846153846153846
W1_web,1,L1,takeover,pin_ip_and_useragent,0.08695652173913043,0.2857142857142857,0.13333333333333333,0.04807692307692308,0.5194397993311036
W1_web,1,L1,takeover,score_distinct_bindings,1.0,0.8518518518518519,0.92,0.038461538461538464,0.9816053511705686
W1_web,1,L1,takeover,score_max_request_rate,0.4782608695652174,0.15492957746478872,0.23404255319148937,0.5769230769230769,0.46864548494983277
W1_web,1,L1,takeover,score_burstiness,0.0,0.0,0.0,0.009615384615384616,0.4092809364548495
W1_web,2,L1,takeover,SICA (proposed),0.0,0.0,0.0,0.021052631578947368,0.9685855263157894
W1_web,2,L1,takeover,pin_ip,1.0,0.6808510638297872,0.810126582278481,0.15789473684210525,0.9210526315789473
W1_web,2,L1,takeover,pin_prefix24,1.0,0.8648648648648649,0.927536231884058,0.05263157894736842,0.9736842105263158
W1_web,2,L1,takeover,pin_scope16,1.0,0.9411764705882353,0.9696969696969697,0.021052631578947368,0.9894736842105263
W1_web,2,L1,takeover,pin_useragent,0.03125,0.1111111111111111,0.04878048780487805,0.08421052631578947,0.47351973684210524
W1_web,2,L1,takeover,pin_useragent_core,0.0,0.0,0.0,0.0,0.5
W1_web,2,L1,takeover,pin_ip_or_useragent,1.0,0.6530612244897959,0.7901234567901235,0.17894736842105263,0.9105263157894737
W1_web,2,L1,takeover,pin_ip_and_useragent,0.03125,0.14285714285714285,0.05128205128205128,0.06315789473684211,0.48404605263157896
W1_web,2,L1,takeover,score_distinct_bindings,1.0,0.8648648648648649,0.927536231884058,0.05263157894736842,0.975328947368421
W1_web,2,L1,takeover,score_max_request_rate,0.46875,0.22058823529411764,0.3,0.5578947368421052,0.459375
W1_web,2,L1,takeover,score_burstiness,0.0,0.0,0.0,0.010526315789473684,0.48289473684210527
W1_web,3,L1,takeover,SICA (proposed),0.0,0.0,0.0,0.01020408163265306,0.9285714285714286
W1_web,3,L1,takeover,pin_ip,1.0,0.6744186046511628,0.8055555555555556,0.14285714285714285,0.9285714285714286
W1_web,3,L1,takeover,pin_prefix24,1.0,0.7837837837837838,0.8787878787878788,0.08163265306122448,0.9591836734693877
W1_web,3,L1,takeover,pin_scope16,1.0,0.8787878787878788,0.9354838709677419,0.04081632653061224,0.9795918367346939
W1_web,3,L1,takeover,pin_useragent,0.0,0.0,0.0,0.09183673469387756,0.45408163265306123
W1_web,3,L1,takeover,pin_useragent_core,0.0,0.0,0.0,0.0,0.5
W1_web,3,L1,takeover,pin_ip_or_useragent,1.0,0.6041666666666666,0.7532467532467533,0.19387755102040816,0.9030612244897959
W1_web,3,L1,takeover,pin_ip_and_useragent,0.0,0.0,0.0,0.04081632653061224,0.47959183673469385
W1_web,3,L1,takeover,score_distinct_bindings,1.0,0.7837837837837838,0.8787878787878788,0.08163265306122448,0.9591836734693877
W1_web,3,L1,takeover,score_max_request_rate,0.27586206896551724,0.12307692307692308,0.17021276595744683,0.5816326530612245,0.34658691062631947
W1_web,3,L1,takeover,score_burstiness,0.0,0.0,0.0,0.01020408163265306,0.29908515130190005
W1_web,4,L1,takeover,SICA (proposed),0.0,0.0,0.0,0.0,0.929004854368932
W1_web,4,L1,takeover,pin_ip,1.0,0.5853658536585366,0.7384615384615384,0.1650485436893204,0.9174757281553398
W1_web,4,L1,takeover,pin_prefix24,1.0,0.75,0.8571428571428571,0.07766990291262135,0.9611650485436893
W1_web,4,L1,takeover,pin_scope16,1.0,0.7741935483870968,0.8727272727272727,0.06796116504854369,0.9660194174757282
W1_web,4,L1,takeover,pin_useragent,0.08333333333333333,0.2,0.11764705882352941,0.07766990291262135,0.502831715210356
W1_web,4,L1,takeover,pin_useragent_core,0.0,0.0,0.0,0.0,0.5
W1_web,4,L1,takeover,pin_ip_or_useragent,1.0,0.5714285714285714,0.7272727272727273,0.17475728155339806,0.912621359223301
W1_web,4,L1,takeover,pin_ip_and_useragent,0.08333333333333333,0.2222222222222222,0.12121212121212122,0.06796116504854369,0.5076860841423948
W1_web,4,L1,takeover,score_distinct_bindings,1.0,0.75,0.8571428571428571,0.07766990291262135,0.9627831715210357
W1_web,4,L1,takeover,score_max_request_rate,0.5833333333333334,0.2028985507246377,0.3010752688172043,0.5339805825242718,0.5182038834951457
W1_web,4,L1,takeover,score_burstiness,0.0,0.0,0.0,0.0,0.5246763754045307
W1_web,5,L1,takeover,SICA (proposed),0.0,0.0,0.0,0.010101010101010102,0.9507575757575758
W1_web,5,L1,takeover,pin_ip,1.0,0.6666666666666666,0.8,0.1414141414141414,0.9292929292929293
W1_web,5,L1,takeover,pin_prefix24,1.0,0.8235294117647058,0.9032258064516129,0.06060606060606061,0.9696969696969697
W1_web,5,L1,takeover,pin_scope16,1.0,0.9333333333333333,0.9655172413793104,0.020202020202020204,0.98989898989899
W1_web,5,L1,takeover,pin_useragent,0.03571428571428571,0.07142857142857142,0.047619047619047616,0.13131313131313133,0.4522005772005772
W1_web,5,L1,takeover,pin_useragent_core,0.0,0.0,0.0,0.0,0.5
W1_web,5,L1,takeover,pin_ip_or_useragent,1.0,0.5283018867924528,0.6913580246913581,0.25252525252525254,0.8737373737373737
W1_web,5,L1,takeover,pin_ip_and_useragent,0.03571428571428571,0.3333333333333333,0.06451612903225806,0.020202020202020204,0.5077561327561327
W1_web,5,L1,takeover,score_distinct_bindings,1.0,0.8235294117647058,0.9032258064516129,0.06060606060606061,0.9696969696969697
W1_web,5,L1,takeover,score_max_request_rate,0.4642857142857143,0.20967741935483872,0.2888888888888889,0.494949494949495,0.474025974025974
W1_web,5,L1,takeover,score_burstiness,0.0,0.0,0.0,0.010101010101010102,0.41955266955266957
W1_web,6,L1,takeover,SICA (proposed),0.1,0.6666666666666666,0.1739130434782609,0.009345794392523364,0.9654205607476636
W1_web,6,L1,takeover,pin_ip,1.0,0.6451612903225806,0.7843137254901961,0.102803738317757,0.9485981308411215
W1_web,6,L1,takeover,pin_prefix24,1.0,0.8695652173913043,0.9302325581395349,0.028037383177570093,0.985981308411215
W1_web,6,L1,takeover,pin_scope16,1.0,0.9523809523809523,0.975609756097561,0.009345794392523364,0.9953271028037384
W1_web,6,L1,takeover,pin_useragent,0.15,0.23076923076923078,0.18181818181818185,0.09345794392523364,0.5282710280373831
W1_web,6,L1,takeover,pin_useragent_core,0.0,0.0,0.0,0.0,0.5
W1_web,6,L1,takeover,pin_ip_or_useragent,1.0,0.5263157894736842,0.6896551724137931,0.16822429906542055,0.9158878504672897
W1_web,6,L1,takeover,pin_ip_and_useragent,0.15,0.5,0.23076923076923075,0.028037383177570093,0.560981308411215
W1_web,6,L1,takeover,score_distinct_bindings,1.0,0.8695652173913043,0.9302325581395349,0.028037383177570093,0.985981308411215
W1_web,6,L1,takeover,score_max_request_rate,0.5,0.14492753623188406,0.22471910112359553,0.5514018691588785,0.47546728971962615
W1_web,6,L1,takeover,score_burstiness,0.0,0.0,0.0,0.009345794392523364,0.43177570093457945
W1_web,7,L1,takeover,SICA (proposed),0.0,0.0,0.0,0.00909090909090909,0.9649732620320856
W1_web,7,L1,takeover,pin_ip,1.0,0.5483870967741935,0.7083333333333333,0.12727272727272726,0.9363636363636364
W1_web,7,L1,takeover,pin_prefix24,1.0,0.68,0.8095238095238095,0.07272727272727272,0.9636363636363636
W1_web,7,L1,takeover,pin_scope16,1.0,0.8095238095238095,0.8947368421052632,0.03636363636363636,0.9818181818181818
W1_web,7,L1,takeover,pin_useragent,0.058823529411764705,0.07142857142857142,0.06451612903225808,0.11818181818181818,0.4703208556149733
W1_web,7,L1,takeover,pin_useragent_core,0.0,0.0,0.0,0.0,0.5
W1_web,7,L1,takeover,pin_ip_or_useragent,1.0,0.425,0.5964912280701754,0.20909090909090908,0.8954545454545455
W1_web,7,L1,takeover,pin_ip_and_useragent,0.058823529411764705,0.2,0.0909090909090909,0.03636363636363636,0.5112299465240642
W1_web,7,L1,takeover,score_distinct_bindings,1.0,0.68,0.8095238095238095,0.07272727272727272,0.9636363636363636
W1_web,7,L1,takeover,score_max_request_rate,0.4117647058823529,0.10606060606060606,0.1686746987951807,0.5363636363636364,0.49866310160427807
W1_web,7,L1,takeover,score_burstiness,0.0,0.0,0.0,0.0,0.4203208556149733
W1_web,8,L1,takeover,SICA (proposed),0.0,0.0,0.0,0.0,0.9454901960784313
W1_web,8,L1,takeover,pin_ip,1.0,0.5952380952380952,0.7462686567164178,0.16666666666666666,0.9166666666666666
W1_web,8,L1,takeover,pin_prefix24,1.0,0.78125,0.8771929824561403,0.06862745098039216,0.9656862745098039
W1_web,8,L1,takeover,pin_scope16,1.0,0.8928571428571429,0.9433962264150945,0.029411764705882353,0.9852941176470589
W1_web,8,L1,takeover,pin_useragent,0.08,0.15384615384615385,0.10526315789473685,0.10784313725490197,0.486078431372549
W1_web,8,L1,takeover,pin_useragent_core,0.0,0.0,0.0,0.0,0.5
W1_web,8,L1,takeover,pin_ip_or_useragent,1.0,0.5434782608695652,0.704225352112676,0.20588235294117646,0.8970588235294118
W1_web,8,L1,takeover,pin_ip_and_useragent,0.08,0.2222222222222222,0.11764705882352941,0.06862745098039216,0.505686274509804
W1_web,8,L1,takeover,score_distinct_bindings,1.0,0.78125,0.8771929824561403,0.06862745098039216,0.9670588235294117
W1_web,8,L1,takeover,score_max_request_rate,0.52,0.19117647058823528,0.27956989247311825,0.5392156862745098,0.4907843137254902
W1_web,8,L1,takeover,score_burstiness,0.0,0.0,0.0,0.00980392156862745,0.44
W1_web,9,L1,takeover,SICA (proposed),0.07692307692307693,0.5,0.13333333333333336,0.019801980198019802,0.9619192688499619
W1_web,9,L1,takeover,pin_ip,1.0,0.6046511627906976,0.7536231884057971,0.16831683168316833,0.9158415841584159
W1_web,9,L1,takeover,pin_prefix24,1.0,0.7647058823529411,0.8666666666666666,0.07920792079207921,0.9603960396039604
W1_web,9,L1,takeover,pin_scope16,1.0,0.896551724137931,0.9454545454545454,0.0297029702970297,0.9851485148514851
W1_web,9,L1,takeover,pin_useragent,0.11538461538461539,0.23076923076923078,0.15384615384615388,0.09900990099009901,0.5081873571972582
W1_web,9,L1,takeover,pin_useragent_core,0.0,0.0,0.0,0.0,0.5
W1_web,9,L1,takeover,pin_ip_or_useragent,1.0,0.5416666666666666,0.7027027027027027,0.21782178217821782,0.8910891089108911
W1_web,9,L1,takeover,pin_ip_and_useragent,0.11538461538461539,0.375,0.1764705882352941,0.04950495049504951,0.5329398324447829
W1_web,9,L1,takeover,score_distinct_bindings,1.0,0.7647058823529411,0.8666666666666666,0.07920792079207921,0.9603960396039604
W1_web,9,L1,takeover,score_max_request_rate,0.6153846153846154,0.2222222222222222,0.326530612244898,0.5544554455445545,0.5297029702970297
W1_web,9,L1,takeover,score_burstiness,0.0,0.0,0.0,0.009900990099009901,0.5338918507235338
W1_web,10,L1,takeover,SICA (proposed),0.0,0.0,0.0,0.04854368932038835,0.9077669902912622
W1_web,10,L1,takeover,pin_ip,1.0,0.5,0.6666666666666666,0.23300970873786409,0.883495145631068
W1_web,10,L1,takeover,pin_prefix24,1.0,0.6486486486486487,0.7868852459016393,0.1262135922330097,0.9368932038834952
W1_web,10,L1,takeover,pin_scope16,1.0,0.8,0.888888888888889,0.05825242718446602,0.970873786407767
W1_web,10,L1,takeover,pin_useragent,0.041666666666666664,0.08333333333333333,0.05555555555555555,0.10679611650485436,0.46743527508090615
W1_web,10,L1,takeover,pin_useragent_core,0.0,0.0,0.0,0.0,0.5
W1_web,10,L1,takeover,pin_ip_or_useragent,1.0,0.47058823529411764,0.6399999999999999,0.2621359223300971,0.8689320388349514
W1_web,10,L1,takeover,pin_ip_and_useragent,0.041666666666666664,0.1111111111111111,0.06060606060606061,0.07766990291262135,0.48199838187702265
W1_web,10,L1,takeover,score_distinct_bindings,1.0,0.6486486486486487,0.7868852459016393,0.1262135922330097,0.9368932038834952
W1_web,10,L1,takeover,score_max_request_rate,0.625,0.2112676056338028,0.3157894736842105,0.5436893203883495,0.5271035598705501
W1_web,10,L1,takeover,score_burstiness,0.0,0.0,0.0,0.009708737864077669,0.5054611650485437
W1_web,11,L1,takeover,SICA (proposed),0.05263157894736842,0.25,0.08695652173913043,0.027777777777777776,0.9597953216374269
W1_web,11,L1,takeover,pin_ip,1.0,0.5428571428571428,0.7037037037037037,0.14814814814814814,0.9259259259259259
W1_web,11,L1,takeover,pin_prefix24,1.0,0.7916666666666666,0.8837209302325582,0.046296296296296294,0.9768518518518519
W1_web,11,L1,takeover,pin_scope16,1.0,0.8636363636363636,0.9268292682926829,0.027777777777777776,0.9861111111111112
W1_web,11,L1,takeover,pin_useragent,0.0,0.0,0.0,0.09259259259259259,0.4537037037037037
W1_web,11,L1,takeover,pin_useragent_core,0.0,0.0,0.0,0.0,0.5
W1_web,11,L1,takeover,pin_ip_or_useragent,1.0,0.48717948717948717,0.6551724137931034,0.18518518518518517,0.9074074074074074
W1_web,11,L1,takeover,pin_ip_and_useragent,0.0,0.0,0.0,0.05555555555555555,0.4722222222222222
W1_web,11,L1,takeover,score_distinct_bindings,1.0,0.7916666666666666,0.8837209302325582,0.046296296296296294,0.9768518518518519
W1_web,11,L1,takeover,score_max_request_rate,0.631578947368421,0.17391304347826086,0.2727272727272727,0.5277777777777778,0.5726120857699805
W1_web,11,L1,takeover,score_burstiness,0.0,0.0,0.0,0.009259259259259259,0.5073099415204678
W1_web,12,L1,takeover,SICA (proposed),0.0,0.0,0.0,0.020833333333333332,0.9378360215053764
W1_web,12,L1,takeover,pin_ip,1.0,0.6326530612244898,0.775,0.1875,0.90625
W1_web,12,L1,takeover,pin_prefix24,1.0,0.7045454545454546,0.8266666666666667,0.13541666666666666,0.9322916666666666
W1_web,12,L1,takeover,pin_scope16,1.0,0.8857142857142857,0.9393939393939393,0.041666666666666664,0.9791666666666666
W1_web,12,L1,takeover,pin_useragent,0.03225806451612903,0.07692307692307693,0.045454545454545456,0.125,0.4536290322580645
W1_web,12,L1,takeover,pin_useragent_core,0.0,0.0,0.0,0.0,0.5
W1_web,12,L1,takeover,pin_ip_or_useragent,1.0,0.5849056603773585,0.738095238095238,0.22916666666666666,0.8854166666666666
W1_web,12,L1,takeover,pin_ip_and_useragent,0.03225806451612903,0.1111111111111111,0.049999999999999996,0.08333333333333333,0.47446236559139787
W1_web,12,L1,takeover,score_distinct_bindings,1.0,0.7045454545454546,0.8266666666666667,0.13541666666666666,0.9344758064516129
W1_web,12,L1,takeover,score_max_request_rate,0.6129032258064516,0.2638888888888889,0.36893203883495146,0.5520833333333334,0.5287298387096774
W1_web,12,L1,takeover,score_burstiness,0.0,0.0,0.0,0.0,0.4895833333333333
W1_web,13,L1,takeover,SICA (proposed),0.08,0.3333333333333333,0.12903225806451613,0.0392156862745098,0.9537254901960784
W1_web,13,L1,takeover,pin_ip,1.0,0.5813953488372093,0.7352941176470588,0.17647058823529413,0.9117647058823529
W1_web,13,L1,takeover,pin_prefix24,1.0,0.78125,0.8771929824561403,0.06862745098039216,0.9656862745098039
W1_web,13,L1,takeover,pin_scope16,1.0,0.8620689655172413,0.9259259259259259,0.0392156862745098,0.9803921568627451
W1_web,13,L1,takeover,pin_useragent,0.08,0.16666666666666666,0.10810810810810811,0.09803921568627451,0.49098039215686273
W1_web,13,L1,takeover,pin_useragent_core,0.0,0.0,0.0,0.0,0.5
W1_web,13,L1,takeover,pin_ip_or_useragent,1.0,0.5319148936170213,0.6944444444444444,0.21568627450980393,0.8921568627450981
W1_web,13,L1,takeover,pin_ip_and_useragent,0.08,0.25,0.12121212121212122,0.058823529411764705,0.5105882352941177
W1_web,13,L1,takeover,score_distinct_bindings,1.0,0.78125,0.8771929824561403,0.06862745098039216,0.9656862745098039
W1_web,13,L1,takeover,score_max_request_rate,0.4,0.15151515151515152,0.21978021978021978,0.5490196078431373,0.4464705882352941
W1_web,13,L1,takeover,score_burstiness,0.0,0.0,0.0,0.00980392156862745,0.3835294117647059
W1_web,14,L1,takeover,SICA (proposed),0.0,0.0,0.0,0.0297029702970297,0.9464965727341965
W1_web,14,L1,takeover,pin_ip,1.0,0.6842105263157895,0.8125000000000001,0.1188118811881188,0.9405940594059405
W1_web,14,L1,takeover,pin_prefix24,1.0,0.7647058823529411,0.8666666666666666,0.07920792079207921,0.9603960396039604
W1_web,14,L1,takeover,pin_scope16,1.0,0.8666666666666667,0.9285714285714286,0.039603960396039604,0.9801980198019802
W1_web,14,L1,takeover,pin_useragent,0.038461538461538464,0.125,0.058823529411764705,0.06930693069306931,0.4845773038842346
W1_web,14,L1,takeover,pin_useragent_core,0.0,0.0,0.0,0.0,0.5
W1_web,14,L1,takeover,pin_ip_or_useragent,1.0,0.6046511627906976,0.7536231884057971,0.16831683168316833,0.9158415841584159
W1_web,14,L1,takeover,pin_ip_and_useragent,0.038461538461538464,0.3333333333333333,0.06896551724137931,0.019801980198019802,0.5093297791317594
W1_web,14,L1,takeover,score_distinct_bindings,1.0,0.7647058823529411,0.8666666666666666,0.07920792079207921,0.9603960396039604
W1_web,14,L1,takeover,score_max_request_rate,0.4230769230769231,0.16417910447761194,0.23655913978494625,0.5544554455445545,0.43107387661843105
W1_web,14,L1,takeover,score_burstiness,0.0,0.0,0.0,0.009900990099009901,0.3747143945163747
W1_web,15,L1,takeover,SICA (proposed),0.0,0.0,0.0,0.010101010101010102,0.9567099567099567
W1_web,15,L1,takeover,pin_ip,1.0,0.717948717948718,0.835820895522388,0.1111111111111111,0.9444444444444444
W1_web,15,L1,takeover,pin_prefix24,1.0,0.8,0.888888888888889,0.0707070707070707,0.9646464646464646
W1_web,15,L1,takeover,pin_scope16,1.0,0.9032258064516129,0.9491525423728813,0.030303030303030304,0.9848484848484849
W1_web,15,L1,takeover,pin_useragent,0.10714285714285714,0.25,0.15,0.09090909090909091,0.5081168831168831
W1_web,15,L1,takeover,pin_useragent_core,0.0,0.0,0.0,0.0,0.5
W1_web,15,L1,takeover,pin_ip_or_useragent,1.0,0.6363636363636364,0.7777777777777778,0.16161616161616163,0.9191919191919192
W1_web,15,L1,takeover,pin_ip_and_useragent,0.10714285714285714,0.42857142857142855,0.17142857142857143,0.04040404040404041,0.5333694083694084
W1_web,15,L1,takeover,score_distinct_bindings,1.0,0.8,0.888888888888889,0.0707070707070707,0.9671717171717171
W1_web,15,L1,takeover,score_max_request_rate,0.5714285714285714,0.2222222222222222,0.32,0.5656565656565656,0.5378787878787878
W1_web,15,L1,takeover,score_burstiness,0.0,0.0,0.0,0.010101010101010102,0.4754689754689755
W1_web,16,L1,takeover,SICA (proposed),0.0,0.0,0.0,0.019230769230769232,0.9623745819397993
W1_web,16,L1,takeover,pin_ip,1.0,0.6216216216216216,0.7666666666666667,0.1346153846153846,0.9326923076923077
W1_web,16,L1,takeover,pin_prefix24,1.0,0.71875,0.8363636363636363,0.08653846153846154,0.9567307692307693
W1_web,16,L1,takeover,pin_scope16,1.0,0.8518518518518519,0.92,0.038461538461538464,0.9807692307692307
W1_web,16,L1,takeover,pin_useragent,0.043478260869565216,0.125,0.06451612903225806,0.0673076923076923,0.48808528428093645
W1_web,16,L1,takeover,pin_useragent_core,0.0,0.0,0.0,0.0,0.5
W1_web,16,L1,takeover,pin_ip_or_useragent,1.0,0.5897435897435898,0.7419354838709677,0.15384615384615385,0.9230769230769231
W1_web,16,L1,takeover,pin_ip_and_useragent,0.043478260869565216,0.16666666666666666,0.06896551724137931,0.04807692307692308,0.4977006688963211
W1_web,16,L1,takeover,score_distinct_bindings,1.0,0.71875,0.8363636363636363,0.08653846153846154,0.9586120401337793
W1_web,16,L1,takeover,score_max_request_rate,0.5217391304347826,0.18181818181818182,0.2696629213483146,0.5192307692307693,0.5135869565217391
W1_web,16,L1,takeover,score_burstiness,0.0,0.0,0.0,0.0,0.45505852842809363
W1_web,17,L1,takeover,SICA (proposed),0.0,0.0,0.0,0.009708737864077669,0.9563106796116505
W1_web,17,L1,takeover,pin_ip,1.0,0.5333333333333333,0.6956521739130436,0.20388349514563106,0.8980582524271845
W1_web,17,L1,takeover,pin_prefix24,1.0,0.7058823529411765,0.8275862068965517,0.0970873786407767,0.9514563106796117
W1_web,17,L1,takeover,pin_scope16,1.0,0.8888888888888888,0.9411764705882353,0.02912621359223301,0.9854368932038835
W1_web,17,L1,takeover,pin_useragent,0.0,0.0,0.0,0.10679611650485436,0.44660194174757284
W1_web,17,L1,takeover,pin_useragent_core,0.0,0.0,0.0,0.0,0.5
W1_web,17,L1,takeover,pin_ip_or_useragent,1.0,0.48,0.6486486486486487,0.2524271844660194,0.8737864077669902
W1_web,17,L1,takeover,pin_ip_and_useragent,0.0,0.0,0.0,0.05825242718446602,0.470873786407767
W1_web,17,L1,takeover,score_distinct_bindings,1.0,0.7058823529411765,0.8275862068965517,0.0970873786407767,0.9514563106796117
W1_web,17,L1,takeover,score_max_request_rate,0.4583333333333333,0.16923076923076924,0.24719101123595508,0.5242718446601942,0.5010113268608414
W1_web,17,L1,takeover,score_burstiness,0.0,0.0,0.0,0.009708737864077669,0.4563106796116505
W1_web,18,L1,takeover,SICA (proposed),0.0,0.0,0.0,0.01020408163265306,0.9751935256861365
W1_web,18,L1,takeover,pin_ip,1.0,0.725,0.8405797101449275,0.11224489795918367,0.9438775510204082
W1_web,18,L1,takeover,pin_prefix24,1.0,0.8055555555555556,0.8923076923076924,0.07142857142857142,0.9642857142857143
W1_web,18,L1,takeover,pin_scope16,1.0,0.90625,0.9508196721311475,0.030612244897959183,0.9846938775510204
W1_web,18,L1,takeover,pin_useragent,0.06896551724137931,0.2,0.10256410256410257,0.08163265306122448,0.49366643209007743
W1_web,18,L1,takeover,pin_useragent_core,0.0,0.0,0.0,0.0,0.5
W1_web,18,L1,takeover,pin_ip_or_useragent,1.0,0.6744186046511628,0.8055555555555556,0.14285714285714285,0.9285714285714286
W1_web,18,L1,takeover,pin_ip_and_useragent,0.06896551724137931,0.2857142857142857,0.1111111111111111,0.05102040816326531,0.508972554539057
W1_web,18,L1,takeover,score_distinct_bindings,1.0,0.8055555555555556,0.8923076923076924,0.07142857142857142,0.9642857142857143
W1_web,18,L1,takeover,score_max_request_rate,0.4482758620689655,0.19696969696969696,0.27368421052631575,0.5408163265306123,0.47413793103448276
W1_web,18,L1,takeover,score_burstiness,0.0,0.0,0.0,0.01020408163265306,0.4100985221674877
W1_web,19,L1,takeover,SICA (proposed),0.08333333333333333,0.3333333333333333,0.13333333333333333,0.038834951456310676,0.9631877022653722
W1_web,19,L1,takeover,pin_ip,1.0,0.6,0.7499999999999999,0.1553398058252427,0.9223300970873787
W1_web,19,L1,takeover,pin_prefix24,1.0,0.7741935483870968,0.8727272727272727,0.06796116504854369,0.9660194174757282
W1_web,19,L1,takeover,pin_scope16,1.0,0.9230769230769231,0.9600000000000001,0.019417475728155338,0.9902912621359223
W1_web,19,L1,takeover,pin_useragent,0.08333333333333333,0.18181818181818182,0.1142857142857143,0.08737864077669903,0.49797734627831713
W1_web,19,L1,takeover,pin_useragent_core,0.0,0.0,0.0,0.0,0.5
W1_web,19,L1,takeover,pin_ip_or_useragent,1.0,0.5333333333333333,0.6956521739130436,0.20388349514563106,0.8980582524271845
W1_web,19,L1,takeover,pin_ip_and_useragent,0.08333333333333333,0.3333333333333333,0.13333333333333333,0.038834951456310676,0.5222491909385113
W1_web,19,L1,takeover,score_distinct_bindings,1.0,0.7741935483870968,0.8727272727272727,0.06796116504854369,0.9660194174757282
W1_web,19,L1,takeover,score_max_request_rate,0.4166666666666667,0.15151515151515152,0.2222222222222222,0.5436893203883495,0.4334546925566343
W1_web,19,L1,takeover,score_burstiness,0.0,0.0,0.0,0.009708737864077669,0.41322815533980584
W1_web,0,L1,concurrent,SICA (proposed),1.0,0.8571428571428571,0.923076923076923,0.017391304347826087,0.9927536231884058
W1_web,0,L1,concurrent,pin_ip,1.0,0.36363636363636365,0.5333333333333333,0.1826086956521739,0.908695652173913
W1_web,0,L1,concurrent,pin_prefix24,1.0,0.5454545454545454,0.7058823529411764,0.08695652173913043,0.9565217391304348
W1_web,0,L1,concurrent,pin_scope16,1.0,0.8,0.888888888888889,0.02608695652173913,0.9869565217391304
W1_web,0,L1,concurrent,pin_useragent,0.16666666666666666,0.125,0.14285714285714288,0.12173913043478261,0.5224637681159421
W1_web,0,L1,concurrent,pin_useragent_core,0.0,0.0,0.0,0.0,0.5
W1_web,0,L1,concurrent,pin_ip_or_useragent,1.0,0.3,0.4615384615384615,0.24347826086956523,0.8782608695652174
W1_web,0,L1,concurrent,pin_ip_and_useragent,0.16666666666666666,0.2222222222222222,0.1904761904761905,0.06086956521739131,0.5528985507246377
W1_web,0,L1,concurrent,score_distinct_bindings,1.0,0.5454545454545454,0.7058823529411764,0.08695652173913043,0.9601449275362319
W1_web,0,L1,concurrent,score_max_request_rate,0.5,0.08955223880597014,0.15189873417721517,0.5304347826086957,0.538768115942029
W1_web,0,L1,concurrent,score_burstiness,0.0,0.0,0.0,0.008695652173913044,0.4652173913043478
W1_web,1,L1,concurrent,SICA (proposed),1.0,0.8888888888888888,0.9411764705882353,0.018018018018018018,0.995777027027027
W1_web,1,L1,concurrent,pin_ip,1.0,0.5,0.6666666666666666,0.14414414414414414,0.9279279279279279
W1_web,1,L1,concurrent,pin_prefix24,1.0,0.8,0.888888888888889,0.036036036036036036,0.9819819819819819
W1_web,1,L1,concurrent,pin_scope16,1.0,0.9411764705882353,0.9696969696969697,0.009009009009009009,0.9954954954954955
W1_web,1,L1,concurrent,pin_useragent,0.1875,0.15,0.16666666666666663,0.15315315315315314,0.5171734234234234
W1_web,1,L1,concurrent,pin_useragent_core,0.0625,1.0,0.11764705882352941,0.0,0.53125
W1_web,1,L1,concurrent,pin_ip_or_useragent,1.0,0.37209302325581395,0.5423728813559322,0.24324324324324326,0.8783783783783784
W1_web,1,L1,concurrent,pin_ip_and_useragent,0.1875,0.3333333333333333,0.24000000000000005,0.05405405405405406,0.566722972972973
W1_web,1,L1,concurrent,score_distinct_bindings,1.0,0.8,0.888888888888889,0.036036036036036036,0.9853603603603603
W1_web,1,L1,concurrent,score_max_request_rate,0.375,0.08823529411764706,0.14285714285714285,0.5585585585585585,0.48620495495495497
W1_web,1,L1,concurrent,score_burstiness,0.0,0.0,0.0,0.009009009009009009,0.4132882882882883
W1_web,2,L1,concurrent,SICA (proposed),1.0,0.9285714285714286,0.962962962962963,0.019801980198019802,0.995049504950495
W1_web,2,L1,concurrent,pin_ip,1.0,0.6341463414634146,0.7761194029850745,0.1485148514851485,0.9257425742574258
W1_web,2,L1,concurrent,pin_prefix24,1.0,0.8387096774193549,0.9122807017543859,0.04950495049504951,0.9752475247524752
W1_web,2,L1,concurrent,pin_scope16,1.0,0.9285714285714286,0.962962962962963,0.019801980198019802,0.9900990099009901
W1_web,2,L1,concurrent,pin_useragent,0.038461538461538464,0.09090909090909091,0.05405405405405406,0.09900990099009901,0.4697258187357197
W1_web,2,L1,concurrent,pin_useragent_core,0.0,0.0,0.0,0.0,0.5
W1_web,2,L1,concurrent,pin_ip_or_useragent,1.0,0.5777777777777777,0.732394366197183,0.18811881188118812,0.905940594059406
W1_web,2,L1,concurrent,pin_ip_and_useragent,0.038461538461538464,0.14285714285714285,0.060606060606060615,0.0594059405940594,0.48952779893373954
W1_web,2,L1,concurrent,score_distinct_bindings,1.0,0.8387096774193549,0.9122807017543859,0.04950495049504951,0.9781035795887281
W1_web,2,L1,concurrent,score_max_request_rate,0.5,0.19402985074626866,0.2795698924731183,0.5346534653465347,0.5059025133282559
W1_web,2,L1,concurrent,score_burstiness,0.0,0.0,0.0,0.009900990099009901,0.4623000761614623
W1_web,3,L1,concurrent,SICA (proposed),0.9,0.9473684210526315,0.9230769230769231,0.009345794392523364,0.9934579439252337
W1_web,3,L1,concurrent,pin_ip,1.0,0.5714285714285714,0.7272727272727273,0.14018691588785046,0.9299065420560748
W1_web,3,L1,concurrent,pin_prefix24,1.0,0.6896551724137931,0.8163265306122449,0.08411214953271028,0.9579439252336449
W1_web,3,L1,concurrent,pin_scope16,1.0,0.8333333333333334,0.9090909090909091,0.037383177570093455,0.9813084112149533
W1_web,3,L1,concurrent,pin_useragent,0.05,0.09090909090909091,0.06451612903225806,0.09345794392523364,0.4782710280373832
W1_web,3,L1,concurrent,pin_useragent_core,0.0,0.0,0.0,0.0,0.5
W1_web,3,L1,concurrent,pin_ip_or_useragent,1.0,0.4878048780487805,0.6557377049180327,0.19626168224299065,0.9018691588785047
W1_web,3,L1,concurrent,pin_ip_and_useragent,0.05,0.2,0.08000000000000002,0.037383177570093455,0.5063084112149533
W1_web,3,L1,concurrent,score_distinct_bindings,1.0,0.6896551724137931,0.8163265306122449,0.08411214953271028,0.9621495327102804
W1_web,3,L1,concurrent,score_max_request_rate,0.3,0.09090909090909091,0.13953488372093023,0.5607476635514018,0.41238317757009346
W1_web,3,L1,concurrent,score_burstiness,0.0,0.0,0.0,0.009345794392523364,0.3219626168224299
W1_web,4,L1,concurrent,SICA (proposed),1.0,1.0,1.0,0.0,1.0
W1_web,4,L1,concurrent,pin_ip,1.0,0.45714285714285713,0.6274509803921569,0.17117117117117117,0.9144144144144144
W1_web,4,L1,concurrent,pin_prefix24,1.0,0.6666666666666666,0.8,0.07207207207207207,0.963963963963964
W1_web,4,L1,concurrent,pin_scope16,1.0,0.6956521739130435,0.8205128205128205,0.06306306306306306,0.9684684684684685
W1_web,4,L1,concurrent,pin_useragent,0.125,0.18181818181818182,0.14814814814814814,0.08108108108108109,0.5219594594594594
W1_web,4,L1,concurrent,pin_useragent_core,0.0,0.0,0.0,0.0,0.5
W1_web,4,L1,concurrent,pin_ip_or_useragent,1.0,0.4444444444444444,0.6153846153846153,0.18018018018018017,0.9099099099099099
W1_web,4,L1,concurrent,pin_ip_and_useragent,0.125,0.2,0.15384615384615385,0.07207207207207207,0.526463963963964
W1_web,4,L1,concurrent,score_distinct_bindings,1.0,0.6666666666666666,0.8,0.07207207207207207,0.9662162162162162
W1_web,4,L1,concurrent,score_max_request_rate,0.75,0.17142857142857143,0.2790697674418604,0.5225225225225225,0.6143018018018018
W1_web,4,L1,concurrent,score_burstiness,0.0,0.0,0.0,0.009009009009009009,0.6010698198198198
W1_web,5,L1,concurrent,SICA (proposed),0.9565217391304348,0.9565217391304348,0.9565217391304348,0.009615384615384616,0.9935200668896321
W1_web,5,L1,concurrent,pin_ip,1.0,0.6216216216216216,0.7666666666666667,0.1346153846153846,0.9326923076923077
W1_web,5,L1,concurrent,pin_prefix24,1.0,0.7931034482758621,0.8846153846153846,0.057692307692307696,0.9711538461538461
W1_web,5,L1,concurrent,pin_scope16,1.0,0.92,0.9583333333333334,0.019230769230769232,0.9903846153846154
W1_web,5,L1,concurrent,pin_useragent,0.043478260869565216,0.07142857142857142,0.05405405405405405,0.125,0.4592391304347826
W1_web,5,L1,concurrent,pin_useragent_core,0.0,0.0,0.0,0.0,0.5
W1_web,5,L1,concurrent,pin_ip_or_useragent,1.0,0.4791666666666667,0.647887323943662,0.2403846153846154,0.8798076923076923
W1_web,5,L1,concurrent,pin_ip_and_useragent,0.043478260869565216,0.3333333333333333,0.07692307692307691,0.019230769230769232,0.512123745819398
W1_web,5,L1,concurrent,score_distinct_bindings,1.0,0.7931034482758621,0.8846153846153846,0.057692307692307696,0.9724080267558528
W1_web,5,L1,concurrent,score_max_request_rate,0.6521739130434783,0.23076923076923078,0.3409090909090909,0.4807692307692308,0.6043060200668896
W1_web,5,L1,concurrent,score_burstiness,0.0,0.0,0.0,0.009615384615384616,0.5491220735785953
W1_web,6,L1,concurrent,SICA (proposed),0.9473684210526315,0.9473684210526315,0.9473684210526315,0.009259259259259259,0.9941520467836257
W1_web,6,L1,concurrent,pin_ip,1.0,0.6333333333333333,0.7755102040816326,0.10185185185185185,0.9490740740740741
W1_web,6,L1,concurrent,pin_prefix24,1.0,0.8636363636363636,0.9268292682926829,0.027777777777777776,0.9861111111111112
W1_web,6,L1,concurrent,pin_scope16,1.0,0.95,0.9743589743589743,0.009259259259259259,0.9953703703703703
W1_web,6,L1,concurrent,pin_useragent,0.15789473684210525,0.23076923076923078,0.18749999999999997,0.09259259259259259,0.5326510721247564
W1_web,6,L1,concurrent,pin_useragent_core,0.0,0.0,0.0,0.0,0.5
W1_web,6,L1,concurrent,pin_ip_or_useragent,1.0,0.5135135135135135,0.6785714285714285,0.16666666666666666,0.9166666666666666
W1_web,6,L1,concurrent,pin_ip_and_useragent,0.15789473684210525,0.5,0.23999999999999996,0.027777777777777776,0.5650584795321637
W1_web,6,L1,concurrent,score_distinct_bindings,1.0,0.8636363636363636,0.9268292682926829,0.027777777777777776,0.9868421052631579
W1_web,6,L1,concurrent,score_max_request_rate,0.6842105263157895,0.18055555555555555,0.2857142857142857,0.5462962962962963,0.5616471734892787
W1_web,6,L1,concurrent,score_burstiness,0.05263157894736842,0.5,0.09523809523809525,0.009259259259259259,0.5694444444444444
W1_web,7,L1,concurrent,SICA (proposed),0.9333333333333333,0.9333333333333333,0.9333333333333333,0.008928571428571428,0.993452380952381
W1_web,7,L1,concurrent,pin_ip,1.0,0.5172413793103449,0.6818181818181819,0.125,0.9375
W1_web,7,L1,concurrent,pin_prefix24,1.0,0.6521739130434783,0.7894736842105263,0.07142857142857142,0.9642857142857143
W1_web,7,L1,concurrent,pin_scope16,1.0,0.7894736842105263,0.8823529411764706,0.03571428571428571,0.9821428571428571
W1_web,7,L1,concurrent,pin_useragent,0.0,0.0,0.0,0.125,0.4375
W1_web,7,L1,concurrent,pin_useragent_core,0.0,0.0,0.0,0.0,0.5
W1_web,7,L1,concurrent,pin_ip_or_useragent,1.0,0.38461538461538464,0.5555555555555556,0.21428571428571427,0.8928571428571429
W1_web,7,L1,concurrent,pin_ip_and_useragent,0.0,0.0,0.0,0.03571428571428571,0.48214285714285715
W1_web,7,L1,concurrent,score_distinct_bindings,1.0,0.6521739130434783,0.7894736842105263,0.07142857142857142,0.9642857142857143
W1_web,7,L1,concurrent,score_max_request_rate,0.4666666666666667,0.10294117647058823,0.1686746987951807,0.5446428571428571,0.5139880952380952
W1_web,7,L1,concurrent,score_burstiness,0.0,0.0,0.0,0.008928571428571428,0.44226190476190474
W1_web,8,L1,concurrent,SICA (proposed),1.0,1.0,1.0,0.0,1.0
W1_web,8,L1,concurrent,pin_ip,1.0,0.5277777777777778,0.6909090909090909,0.1574074074074074,0.9212962962962963
W1_web,8,L1,concurrent,pin_prefix24,1.0,0.7307692307692307,0.8444444444444443,0.06481481481481481,0.9675925925925926
W1_web,8,L1,concurrent,pin_scope16,1.0,0.8636363636363636,0.9268292682926829,0.027777777777777776,0.9861111111111112
W1_web,8,L1,concurrent,pin_useragent,0.15789473684210525,0.21428571428571427,0.18181818181818182,0.10185185185185185,0.5280214424951267
W1_web,8,L1,concurrent,pin_useragent_core,0.0,0.0,0.0,0.0,0.5
W1_web,8,L1,concurrent,pin_ip_or_useragent,1.0,0.475,0.6440677966101694,0.19444444444444445,0.9027777777777778
W1_web,8,L1,concurrent,pin_ip_and_useragent,0.15789473684210525,0.3,0.20689655172413793,0.06481481481481481,0.5465399610136452
W1_web,8,L1,concurrent,score_distinct_bindings,1.0,0.7307692307692307,0.8444444444444443,0.06481481481481481,0.9692982456140351
W1_web,8,L1,concurrent,score_max_request_rate,0.47368421052631576,0.13846153846153847,0.2142857142857143,0.5185185185185185,0.5428849902534113
W1_web,8,L1,concurrent,score_burstiness,0.0,0.0,0.0,0.009259259259259259,0.4800194931773879
W1_web,9,L1,concurrent,SICA (proposed),0.9473684210526315,0.9,0.9230769230769231,0.018518518518518517,0.993421052631579
W1_web,9,L1,concurrent,pin_ip,1.0,0.5135135135135135,0.6785714285714285,0.16666666666666666,0.9166666666666666
W1_web,9,L1,concurrent,pin_prefix24,1.0,0.7037037037037037,0.8260869565217391,0.07407407407407407,0.9629629629629629
W1_web,9,L1,concurrent,pin_scope16,1.0,0.8636363636363636,0.9268292682926829,0.027777777777777776,0.9861111111111112
W1_web,9,L1,concurrent,pin_useragent,0.10526315789473684,0.15384615384615385,0.125,0.10185185185185185,0.5017056530214425
W1_web,9,L1,concurrent,pin_useragent_core,0.0,0.0,0.0,0.0,0.5
W1_web,9,L1,concurrent,pin_ip_or_useragent,1.0,0.4418604651162791,0.6129032258064516,0.2222222222222222,0.8888888888888888
W1_web,9,L1,concurrent,pin_ip_and_useragent,0.10526315789473684,0.2857142857142857,0.15384615384615385,0.046296296296296294,0.5294834307992202
W1_web,9,L1,concurrent,score_distinct_bindings,1.0,0.7037037037037037,0.8260869565217391,0.07407407407407407,0.9649122807017544
W1_web,9,L1,concurrent,score_max_request_rate,0.5263157894736842,0.14705882352941177,0.22988505747126434,0.5370370370370371,0.5214424951267057
W1_web,9,L1,concurrent,score_burstiness,0.0,0.0,0.0,0.009259259259259259,0.4615009746588694
W1_web,10,L1,concurrent,SICA (proposed),1.0,0.8076923076923077,0.8936170212765957,0.04716981132075472,0.9752920035938903
W1_web,10,L1,concurrent,pin_ip,1.0,0.45652173913043476,0.626865671641791,0.2358490566037736,0.8820754716981132
W1_web,10,L1,concurrent,pin_prefix24,1.0,0.6,0.7499999999999999,0.1320754716981132,0.9339622641509434
W1_web,10,L1,concurrent,pin_scope16,1.0,0.7777777777777778,0.8750000000000001,0.05660377358490566,0.9716981132075472
W1_web,10,L1,concurrent,pin_useragent,0.09523809523809523,0.15384615384615385,0.11764705882352941,0.10377358490566038,0.49573225516621744
W1_web,10,L1,concurrent,pin_useragent_core,0.0,0.0,0.0,0.0,0.5
W1_web,10,L1,concurrent,pin_ip_or_useragent,1.0,0.42857142857142855,0.6,0.2641509433962264,0.8679245283018868
W1_web,10,L1,concurrent,pin_ip_and_useragent,0.09523809523809523,0.2,0.12903225806451613,0.07547169811320754,0.5098831985624438
W1_web,10,L1,concurrent,score_distinct_bindings,1.0,0.6,0.7499999999999999,0.1320754716981132,0.9339622641509434
W1_web,10,L1,concurrent,score_max_request_rate,0.6666666666666666,0.19718309859154928,0.3043478260869565,0.5377358490566038,0.577717879604672
W1_web,10,L1,concurrent,score_burstiness,0.0,0.0,0.0,0.009433962264150943,0.5624438454627134
W1_web,11,L1,concurrent,SICA (proposed),1.0,0.7894736842105263,0.8823529411764706,0.03571428571428571,1.0
W1_web,11,L1,concurrent,pin_ip,1.0,0.45454545454545453,0.625,0.16071428571428573,0.9196428571428571
W1_web,11,L1,concurrent,pin_prefix24,1.0,0.7142857142857143,0.8333333333333333,0.05357142857142857,0.9732142857142857
W1_web,11,L1,concurrent,pin_scope16,1.0,0.8333333333333334,0.9090909090909091,0.026785714285714284,0.9866071428571429
W1_web,11,L1,concurrent,pin_useragent,0.13333333333333333,0.16666666666666666,0.14814814814814814,0.08928571428571429,0.5220238095238096
W1_web,11,L1,concurrent,pin_useragent_core,0.0,0.0,0.0,0.0,0.5
W1_web,11,L1,concurrent,pin_ip_or_useragent,1.0,0.40540540540540543,0.5769230769230769,0.19642857142857142,0.9017857142857143
W1_web,11,L1,concurrent,pin_ip_and_useragent,0.13333333333333333,0.25,0.1739130434782609,0.05357142857142857,0.5398809523809524
W1_web,11,L1,concurrent,score_distinct_bindings,1.0,0.7142857142857143,0.8333333333333333,0.05357142857142857,0.975
W1_web,11,L1,concurrent,score_max_request_rate,0.6666666666666666,0.14925373134328357,0.24390243902439024,0.5089285714285714,0.569047619047619
W1_web,11,L1,concurrent,score_burstiness,0.0,0.0,0.0,0.008928571428571428,0.518154761904762
W1_web,12,L1,concurrent,SICA (proposed),0.9130434782608695,0.9130434782608695,0.9130434782608695,0.019230769230769232,0.9862040133779264
W1_web,12,L1,concurrent,pin_ip,1.0,0.5476190476190477,0.7076923076923077,0.18269230769230768,0.9086538461538461
W1_web,12,L1,concurrent,pin_prefix24,1.0,0.6216216216216216,0.7666666666666667,0.1346153846153846,0.9326923076923077
W1_web,12,L1,concurrent,pin_scope16,1.0,0.8518518518518519,0.92,0.038461538461538464,0.9807692307692307
W1_web,12,L1,concurrent,pin_useragent,0.043478260869565216,0.06666666666666667,0.052631578947368425,0.1346153846153846,0.4544314381270903
W1_web,12,L1,concurrent,pin_useragent_core,0.0,0.0,0.0,0.0,0.5
W1_web,12,L1,concurrent,pin_ip_or_useragent,1.0,0.48936170212765956,0.6571428571428571,0.23076923076923078,0.8846153846153846
W1_web,12,L1,concurrent,pin_ip_and_useragent,0.043478260869565216,0.1,0.06060606060606061,0.08653846153846154,0.4784698996655518
W1_web,12,L1,concurrent,score_distinct_bindings,1.0,0.6216216216216216,0.7666666666666667,0.1346153846153846,0.9326923076923077
W1_web,12,L1,concurrent,score_max_request_rate,0.6521739130434783,0.21428571428571427,0.32258064516129026,0.5288461538461539,0.5821488294314381
W1_web,12,L1,concurrent,score_burstiness,0.0,0.0,0.0,0.0,0.5263377926421404
W1_web,13,L1,concurrent,SICA (proposed),0.9,0.8181818181818182,0.8571428571428572,0.037383177570093455,0.991588785046729
W1_web,13,L1,concurrent,pin_ip,1.0,0.5128205128205128,0.6779661016949152,0.17757009345794392,0.9112149532710281
W1_web,13,L1,concurrent,pin_prefix24,1.0,0.7407407407407407,0.851063829787234,0.06542056074766354,0.9672897196261683
W1_web,13,L1,concurrent,pin_scope16,1.0,0.8333333333333334,0.9090909090909091,0.037383177570093455,0.9813084112149533
W1_web,13,L1,concurrent,pin_useragent,0.15,0.23076923076923078,0.18181818181818185,0.09345794392523364,0.5282710280373831
W1_web,13,L1,concurrent,pin_useragent_core,0.0,0.0,0.0,0.0,0.5
W1_web,13,L1,concurrent,pin_ip_or_useragent,1.0,0.46511627906976744,0.6349206349206349,0.21495327102803738,0.8925233644859814
W1_web,13,L1,concurrent,pin_ip_and_useragent,0.15,0.3333333333333333,0.20689655172413793,0.056074766355140186,0.5469626168224299
W1_web,13,L1,concurrent,score_distinct_bindings,1.0,0.7407407407407407,0.851063829787234,0.06542056074766354,0.9705607476635514
W1_web,13,L1,concurrent,score_max_request_rate,0.6,0.17647058823529413,0.2727272727272727,0.5233644859813084,0.525
W1_web,13,L1,concurrent,score_burstiness,0.0,0.0,0.0,0.009345794392523364,0.48411214953271026
W1_web,14,L1,concurrent,SICA (proposed),1.0,0.8636363636363636,0.9268292682926829,0.027777777777777776,0.9868421052631579
W1_web,14,L1,concurrent,pin_ip,1.0,0.6129032258064516,0.76,0.1111111111111111,0.9444444444444444
W1_web,14,L1,concurrent,pin_prefix24,1.0,0.7037037037037037,0.8260869565217391,0.07407407407407407,0.9629629629629629
W1_web,14,L1,concurrent,pin_scope16,1.0,0.8260869565217391,0.9047619047619047,0.037037037037037035,0.9814814814814815
W1_web,14,L1,concurrent,pin_useragent,0.05263157894736842,0.125,0.07407407407407407,0.06481481481481481,0.4939083820662768
W1_web,14,L1,concurrent,pin_useragent_core,0.0,0.0,0.0,0.0,0.5
W1_web,14,L1,concurrent,pin_ip_or_useragent,1.0,0.5277777777777778,0.6909090909090909,0.1574074074074074,0.9212962962962963
W1_web,14,L1,concurrent,pin_ip_and_useragent,0.05263157894736842,0.3333333333333333,0.09090909090909091,0.018518518518518517,0.517056530214425
W1_web,14,L1,concurrent,score_distinct_bindings,1.0,0.7037037037037037,0.8260869565217391,0.07407407407407407,0.9629629629629629
W1_web,14,L1,concurrent,score_max_request_rate,0.5789473684210527,0.16417910447761194,0.2558139534883721,0.5185185185185185,0.5701754385964912
W1_web,14,L1,concurrent,score_burstiness,0.0,0.0,0.0,0.009259259259259259,0.48221247563352826
W1_web,15,L1,concurrent,SICA (proposed),0.875,0.9545454545454546,0.9130434782608695,0.009708737864077669,0.9931229773462783
W1_web,15,L1,concurrent,pin_ip,1.0,0.6857142857142857,0.8135593220338984,0.10679611650485436,0.9466019417475728
W1_web,15,L1,concurrent,pin_prefix24,1.0,0.7741935483870968,0.8727272727272727,0.06796116504854369,0.9660194174757282
W1_web,15,L1,concurrent,pin_scope16,1.0,0.8888888888888888,0.9411764705882353,0.02912621359223301,0.9854368932038835
W1_web,15,L1,concurrent,pin_useragent,0.20833333333333334,0.35714285714285715,0.2631578947368421,0.08737864077669903,0.5604773462783171
W1_web,15,L1,concurrent,pin_useragent_core,0.0,0.0,0.0,0.0,0.5
W1_web,15,L1,concurrent,pin_ip_or_useragent,1.0,0.6,0.7499999999999999,0.1553398058252427,0.9223300970873787
W1_web,15,L1,concurrent,pin_ip_and_useragent,0.20833333333333334,0.5555555555555556,0.30303030303030304,0.038834951456310676,0.5847491909385113
W1_web,15,L1,concurrent,score_distinct_bindings,1.0,0.7741935483870968,0.8727272727272727,0.06796116504854369,0.9702669902912622
W1_web,15,L1,concurrent,score_max_request_rate,0.5416666666666666,0.18840579710144928,0.27956989247311825,0.5436893203883495,0.511326860841424
W1_web,15,L1,concurrent,score_burstiness,0.041666666666666664,0.5,0.07692307692307693,0.009708737864077669,0.48058252427184467
W1_web,16,L1,concurrent,SICA (proposed),0.8947368421052632,0.8947368421052632,0.8947368421052632,0.018518518518518517,0.9883040935672515
W1_web,16,L1,concurrent,pin_ip,1.0,0.5757575757575758,0.7307692307692308,0.12962962962962962,0.9351851851851852
W1_web,16,L1,concurrent,pin_prefix24,1.0,0.6785714285714286,0.8085106382978724,0.08333333333333333,0.9583333333333334
W1_web,16,L1,concurrent,pin_scope16,1.0,0.8260869565217391,0.9047619047619047,0.037037037037037035,0.9814814814814815
W1_web,16,L1,concurrent,pin_useragent,0.05263157894736842,0.125,0.07407407407407407,0.06481481481481481,0.4939083820662768
W1_web,16,L1,concurrent,pin_useragent_core,0.0,0.0,0.0,0.0,0.5
W1_web,16,L1,concurrent,pin_ip_or_useragent,1.0,0.5428571428571428,0.7037037037037037,0.14814814814814814,0.9259259259259259
W1_web,16,L1,concurrent,pin_ip_and_useragent,0.05263157894736842,0.16666666666666666,0.08,0.046296296296296294,0.503167641325536
W1_web,16,L1,concurrent,score_distinct_bindings,1.0,0.6785714285714286,0.8085106382978724,0.08333333333333333,0.9627192982456141
W1_web,16,L1,concurrent,score_max_request_rate,0.6842105263157895,0.19117647058823528,0.29885057471264365,0.5092592592592593,0.6223196881091618
W1_web,16,L1,concurrent,score_burstiness,0.0,0.0,0.0,0.0,0.574317738791423
W1_web,17,L1,concurrent,SICA (proposed),1.0,0.9545454545454546,0.9767441860465117,0.009433962264150943,0.9952830188679245
W1_web,17,L1,concurrent,pin_ip,1.0,0.4883720930232558,0.65625,0.20754716981132076,0.8962264150943396
W1_web,17,L1,concurrent,pin_prefix24,1.0,0.6774193548387096,0.8076923076923077,0.09433962264150944,0.9528301886792453
W1_web,17,L1,concurrent,pin_scope16,1.0,0.875,0.9333333333333333,0.02830188679245283,0.9858490566037735
W1_web,17,L1,concurrent,pin_useragent,0.0,0.0,0.0,0.10377358490566038,0.4481132075471698
W1_web,17,L1,concurrent,pin_useragent_core,0.0,0.0,0.0,0.0,0.5
W1_web,17,L1,concurrent,pin_ip_or_useragent,1.0,0.4375,0.6086956521739131,0.25471698113207547,0.8726415094339622
W1_web,17,L1,concurrent,pin_ip_and_useragent,0.0,0.0,0.0,0.05660377358490566,0.4716981132075472
W1_web,17,L1,concurrent,score_distinct_bindings,1.0,0.6774193548387096,0.8076923076923077,0.09433962264150944,0.9528301886792453
W1_web,17,L1,concurrent,score_max_request_rate,0.6190476190476191,0.19117647058823528,0.29213483146067415,0.5188679245283019,0.5822102425876011
W1_web,17,L1,concurrent,score_burstiness,0.0,0.0,0.0,0.009433962264150943,0.5402066486972147
W1_web,18,L1,concurrent,SICA (proposed),0.88,0.9565217391304348,0.9166666666666666,0.00980392156862745,0.9931372549019608
W1_web,18,L1,concurrent,pin_ip,1.0,0.6756756756756757,0.8064516129032258,0.11764705882352941,0.9411764705882353
W1_web,18,L1,concurrent,pin_prefix24,1.0,0.78125,0.8771929824561403,0.06862745098039216,0.9656862745098039
W1_web,18,L1,concurrent,pin_scope16,1.0,0.8928571428571429,0.9433962264150945,0.029411764705882353,0.9852941176470589
W1_web,18,L1,concurrent,pin_useragent,0.16,0.3076923076923077,0.2105263157894737,0.08823529411764706,0.5358823529411765
W1_web,18,L1,concurrent,pin_useragent_core,0.0,0.0,0.0,0.0,0.5
W1_web,18,L1,concurrent,pin_ip_or_useragent,1.0,0.625,0.7692307692307693,0.14705882352941177,0.9264705882352942
W1_web,18,L1,concurrent,pin_ip_and_useragent,0.16,0.4,0.22857142857142856,0.058823529411764705,0.5505882352941176
W1_web,18,L1,concurrent,score_distinct_bindings,1.0,0.78125,0.8771929824561403,0.06862745098039216,0.9670588235294117
W1_web,18,L1,concurrent,score_max_request_rate,0.64,0.22535211267605634,0.3333333333333333,0.5392156862745098,0.5725490196078431
W1_web,18,L1,concurrent,score_burstiness,0.0,0.0,0.0,0.00980392156862745,0.49686274509803924
W1_web,19,L1,concurrent,SICA (proposed),0.9444444444444444,0.8095238095238095,0.8717948717948718,0.03669724770642202,0.994138634046891
W1_web,19,L1,concurrent,pin_ip,1.0,0.5294117647058824,0.6923076923076924,0.14678899082568808,0.926605504587156
W1_web,19,L1,concurrent,pin_prefix24,1.0,0.72,0.8372093023255813,0.06422018348623854,0.9678899082568807
W1_web,19,L1,concurrent,pin_scope16,1.0,0.9,0.9473684210526316,0.01834862385321101,0.9908256880733946
W1_web,19,L1,concurrent,pin_useragent,0.1111111111111111,0.18181818181818182,0.13793103448275862,0.08256880733944955,0.5142711518858308
W1_web,19,L1,concurrent,pin_useragent_core,0.0,0.0,0.0,0.0,0.5
W1_web,19,L1,concurrent,pin_ip_or_useragent,1.0,0.46153846153846156,0.631578947368421,0.1926605504587156,0.9036697247706422
W1_web,19,L1,concurrent,pin_ip_and_useragent,0.1111111111111111,0.3333333333333333,0.16666666666666666,0.03669724770642202,0.5372069317023446
W1_web,19,L1,concurrent,score_distinct_bindings,1.0,0.72,0.8372093023255813,0.06422018348623854,0.9696738022426096
W1_web,19,L1,concurrent,score_max_request_rate,0.3333333333333333,0.0967741935483871,0.15000000000000002,0.5137614678899083,0.4536187563710499
W1_web,19,L1,concurrent,score_burstiness,0.0,0.0,0.0,0.009174311926605505,0.36926605504587157
W1_web,0,L2,takeover,SICA (proposed),0.047619047619047616,0.3333333333333333,0.08333333333333333,0.018867924528301886,0.9804582210242587
W1_web,0,L2,takeover,pin_ip,1.0,0.5,0.6666666666666666,0.19811320754716982,0.9009433962264151
W1_web,0,L2,takeover,pin_prefix24,1.0,0.6774193548387096,0.8076923076923077,0.09433962264150944,0.9528301886792453
W1_web,0,L2,takeover,pin_scope16,0.047619047619047616,0.25,0.08,0.02830188679245283,0.5096585804132974
W1_web,0,L2,takeover,pin_useragent,1.0,0.6,0.7499999999999999,0.1320754716981132,0.9339622641509434
W1_web,0,L2,takeover,pin_useragent_core,0.9523809523809523,1.0,0.975609756097561,0.0,0.9761904761904762
W1_web,0,L2,takeover,pin_ip_or_useragent,1.0,0.42857142857142855,0.6,0.2641509433962264,0.8679245283018868
W1_web,0,L2,takeover,pin_ip_and_useragent,1.0,0.75,0.8571428571428571,0.0660377358490566,0.9669811320754716
W1_web,0,L2,takeover,score_distinct_bindings,1.0,0.6774193548387096,0.8076923076923077,0.09433962264150944,0.9550763701707098
W1_web,0,L2,takeover,score_max_request_rate,0.5238095238095238,0.15714285714285714,0.24175824175824173,0.5566037735849056,0.4665318957771788
W1_web,0,L2,takeover,score_burstiness,0.0,0.0,0.0,0.0,0.44294699011680144
W1_web,1,L2,takeover,SICA (proposed),0.9130434782608695,0.9130434782608695,0.9130434782608695,0.019230769230769232,0.9862040133779264
W1_web,1,L2,takeover,pin_ip,1.0,0.6052631578947368,0.7540983606557378,0.14423076923076922,0.9278846153846154
W1_web,1,L2,takeover,pin_prefix24,1.0,0.8518518518518519,0.92,0.038461538461538464,0.9807692307692307
W1_web,1,L2,takeover,pin_scope16,0.043478260869565216,0.5,0.08,0.009615384615384616,0.5169314381270903
W1_web,1,L2,takeover,pin_useragent,1.0,0.6216216216216216,0.7666666666666667,0.1346153846153846,0.9326923076923077
W1_web,1,L2,takeover,pin_useragent_core,0.9130434782608695,1.0,0.9545454545454545,0.0,0.9565217391304348
W1_web,1,L2,takeover,pin_ip_or_useragent,1.0,0.48936170212765956,0.6571428571428571,0.23076923076923078,0.8846153846153846
W1_web,1,L2,takeover,pin_ip_and_useragent,1.0,0.8214285714285714,0.9019607843137255,0.04807692307692308,0.9759615384615384
W1_web,1,L2,takeover,score_distinct_bindings,1.0,0.8518518518518519,0.92,0.038461538461538464,0.9816053511705686
W1_web,1,L2,takeover,score_max_request_rate,0.391304347826087,0.13043478260869565,0.1956521739130435,0.5769230769230769,0.4414715719063545
W1_web,1,L2,takeover,score_burstiness,0.0,0.0,0.0,0.009615384615384616,0.391304347826087
W1_web,2,L2,takeover,SICA (proposed),0.90625,0.9354838709677419,0.9206349206349206,0.021052631578947368,0.984703947368421
W1_web,2,L2,takeover,pin_ip,1.0,0.6808510638297872,0.810126582278481,0.15789473684210525,0.9210526315789473
W1_web,2,L2,takeover,pin_prefix24,1.0,0.8648648648648649,0.927536231884058,0.05263157894736842,0.9736842105263158
W1_web,2,L2,takeover,pin_scope16,0.03125,0.3333333333333333,0.05714285714285714,0.021052631578947368,0.5050986842105263
W1_web,2,L2,takeover,pin_useragent,0.96875,0.7948717948717948,0.8732394366197183,0.08421052631578947,0.9422697368421052
W1_web,2,L2,takeover,pin_useragent_core,0.90625,1.0,0.9508196721311475,0.0,0.953125
W1_web,2,L2,takeover,pin_ip_or_useragent,1.0,0.6530612244897959,0.7901234567901235,0.17894736842105263,0.9105263157894737
W1_web,2,L2,takeover,pin_ip_and_useragent,0.96875,0.8378378378378378,0.8985507246376812,0.06315789473684211,0.952796052631579
W1_web,2,L2,takeover,score_distinct_bindings,1.0,0.8648648648648649,0.927536231884058,0.05263157894736842,0.975328947368421
W1_web,2,L2,takeover,score_max_request_rate,0.4375,0.208955223880597,0.2828282828282829,0.5578947368421052,0.4419407894736842
W1_web,2,L2,takeover,score_burstiness,0.0,0.0,0.0,0.010526315789473684,0.4049342105263158
W1_web,3,L2,takeover,SICA (proposed),0.8275862068965517,0.96,0.888888888888889,0.01020408163265306,0.9806474313863477
W1_web,3,L2,takeover,pin_ip,1.0,0.6744186046511628,0.8055555555555556,0.14285714285714285,0.9285714285714286
W1_web,3,L2,takeover,pin_prefix24,1.0,0.7837837837837838,0.8787878787878788,0.08163265306122448,0.9591836734693877
W1_web,3,L2,takeover,pin_scope16,0.0,0.0,0.0,0.04081632653061224,0.47959183673469385
W1_web,3,L2,takeover,pin_useragent,0.9310344827586207,0.75,0.8307692307692308,0.09183673469387756,0.9195988740323716
W1_web,3,L2,takeover,pin_useragent_core,0.8275862068965517,1.0,0.9056603773584906,0.0,0.9137931034482759
W1_web,3,L2,takeover,pin_ip_or_useragent,1.0,0.6041666666666666,0.7532467532467533,0.19387755102040816,0.9030612244897959
W1_web,3,L2,takeover,pin_ip_and_useragent,0.9310344827586207,0.8709677419354839,0.9,0.04081632653061224,0.9451090781140042
W1_web,3,L2,takeover,score_distinct_bindings,1.0,0.7837837837837838,0.8787878787878788,0.08163265306122448,0.9605911330049262
W1_web,3,L2,takeover,score_max_request_rate,0.41379310344827586,0.17391304347826086,0.24489795918367344,0.5816326530612245,0.4190710767065447
W1_web,3,L2,takeover,score_burstiness,0.0,0.0,0.0,0.01020408163265306,0.3793103448275862
W1_web,4,L2,takeover,SICA (proposed),1.0,1.0,1.0,0.0,1.0
W1_web,4,L2,takeover,pin_ip,1.0,0.5853658536585366,0.7384615384615384,0.1650485436893204,0.9174757281553398
W1_web,4,L2,takeover,pin_prefix24,1.0,0.75,0.8571428571428571,0.07766990291262135,0.9611650485436893
W1_web,4,L2,takeover,pin_scope16,0.0,0.0,0.0,0.06796116504854369,0.46601941747572817
W1_web,4,L2,takeover,pin_useragent,1.0,0.75,0.8571428571428571,0.07766990291262135,0.9611650485436893
W1_web,4,L2,takeover,pin_useragent_core,1.0,1.0,1.0,0.0,1.0
W1_web,4,L2,takeover,pin_ip_or_useragent,1.0,0.5714285714285714,0.7272727272727273,0.17475728155339806,0.912621359223301
W1_web,4,L2,takeover,pin_ip_and_useragent,1.0,0.7741935483870968,0.8727272727272727,0.06796116504854369,0.9660194174757282
W1_web,4,L2,takeover,score_distinct_bindings,1.0,0.75,0.8571428571428571,0.07766990291262135,0.9627831715210357
W1_web,4,L2,takeover,score_max_request_rate,0.5833333333333334,0.2028985507246377,0.3010752688172043,0.5339805825242718,0.5473300970873787
W1_web,4,L2,takeover,score_burstiness,0.0,0.0,0.0,0.0,0.5279126213592233
W1_web,5,L2,takeover,SICA (proposed),0.0,0.0,0.0,0.010101010101010102,0.9884559884559885
W1_web,5,L2,takeover,pin_ip,1.0,0.6666666666666666,0.8,0.1414141414141414,0.9292929292929293
W1_web,5,L2,takeover,pin_prefix24,1.0,0.8235294117647058,0.9032258064516129,0.06060606060606061,0.9696969696969697
W1_web,5,L2,takeover,pin_scope16,0.0,0.0,0.0,0.020202020202020204,0.4898989898989899
W1_web,5,L2,takeover,pin_useragent,1.0,0.6829268292682927,0.8115942028985507,0.13131313131313133,0.9343434343434344
W1_web,5,L2,takeover,pin_useragent_core,0.9642857142857143,1.0,0.9818181818181818,0.0,0.9821428571428571
W1_web,5,L2,takeover,pin_ip_or_useragent,1.0,0.5283018867924528,0.6913580246913581,0.25252525252525254,0.8737373737373737
W1_web,5,L2,takeover,pin_ip_and_useragent,1.0,0.9333333333333333,0.9655172413793104,0.020202020202020204,0.98989898989899
W1_web,5,L2,takeover,score_distinct_bindings,1.0,0.8235294117647058,0.9032258064516129,0.06060606060606061,0.9696969696969697
W1_web,5,L2,takeover,score_max_request_rate,0.6785714285714286,0.27941176470588236,0.39583333333333337,0.494949494949495,0.6055194805194806
W1_web,5,L2,takeover,score_burstiness,0.0,0.0,0.0,0.010101010101010102,0.5817099567099567
W1_web,6,L2,takeover,SICA (proposed),0.85,0.9444444444444444,0.8947368421052632,0.009345794392523364,0.9848130841121495
W1_web,6,L2,takeover,pin_ip,1.0,0.6451612903225806,0.7843137254901961,0.102803738317757,0.9485981308411215
W1_web,6,L2,takeover,pin_prefix24,1.0,0.8695652173913043,0.9302325581395349,0.028037383177570093,0.985981308411215
W1_web,6,L2,takeover,pin_scope16,0.0,0.0,0.0,0.009345794392523364,0.4953271028037383
W1_web,6,L2,takeover,pin_useragent,0.9,0.6428571428571429,0.75,0.09345794392523364,0.9032710280373831
W1_web,6,L2,takeover,pin_useragent_core,0.85,1.0,0.9189189189189189,0.0,0.925
W1_web,6,L2,takeover,pin_ip_or_useragent,1.0,0.5263157894736842,0.6896551724137931,0.16822429906542055,0.9158878504672897
W1_web,6,L2,takeover,pin_ip_and_useragent,0.9,0.8571428571428571,0.8780487804878048,0.028037383177570093,0.935981308411215
W1_web,6,L2,takeover,score_distinct_bindings,1.0,0.8695652173913043,0.9302325581395349,0.028037383177570093,0.985981308411215
W1_web,6,L2,takeover,score_max_request_rate,0.55,0.15714285714285714,0.24444444444444446,0.5514018691588785,0.513785046728972
W1_web,6,L2,takeover,score_burstiness,0.05,0.5,0.09090909090909091,0.009345794392523364,0.4679906542056075
W1_web,7,L2,takeover,SICA (proposed),0.0,0.0,0.0,0.00909090909090909,0.9810160427807486
W1_web,7,L2,takeover,pin_ip,1.0,0.5483870967741935,0.7083333333333333,0.12727272727272726,0.9363636363636364
W1_web,7,L2,takeover,pin_prefix24,1.0,0.68,0.8095238095238095,0.07272727272727272,0.9636363636363636
W1_web,7,L2,takeover,pin_scope16,0.0,0.0,0.0,0.03636363636363636,0.4818181818181818
W1_web,7,L2,takeover,pin_useragent,1.0,0.5666666666666667,0.7234042553191489,0.11818181818181818,0.9409090909090909
W1_web,7,L2,takeover,pin_useragent_core,0.8235294117647058,1.0,0.9032258064516129,0.0,0.9117647058823529
W1_web,7,L2,takeover,pin_ip_or_useragent,1.0,0.425,0.5964912280701754,0.20909090909090908,0.8954545454545455
W1_web,7,L2,takeover,pin_ip_and_useragent,1.0,0.8095238095238095,0.8947368421052632,0.03636363636363636,0.9818181818181818
W1_web,7,L2,takeover,score_distinct_bindings,1.0,0.68,0.8095238095238095,0.07272727272727272,0.9636363636363636
W1_web,7,L2,takeover,score_max_request_rate,0.5882352941176471,0.14492753623188406,0.23255813953488372,0.5363636363636364,0.5299465240641711
W1_web,7,L2,takeover,score_burstiness,0.0,0.0,0.0,0.0,0.5192513368983958
W1_web,8,L2,takeover,SICA (proposed),0.8,1.0,0.888888888888889,0.0,0.9829411764705882
W1_web,8,L2,takeover,pin_ip,1.0,0.5952380952380952,0.7462686567164178,0.16666666666666666,0.9166666666666666
W1_web,8,L2,takeover,pin_prefix24,1.0,0.78125,0.8771929824561403,0.06862745098039216,0.9656862745098039
W1_web,8,L2,takeover,pin_scope16,0.0,0.0,0.0,0.029411764705882353,0.4852941176470588
W1_web,8,L2,takeover,pin_useragent,1.0,0.6944444444444444,0.819672131147541,0.10784313725490197,0.946078431372549
W1_web,8,L2,takeover,pin_useragent_core,0.8,1.0,0.888888888888889,0.0,0.9
W1_web,8,L2,takeover,pin_ip_or_useragent,1.0,0.5434782608695652,0.704225352112676,0.20588235294117646,0.8970588235294118
W1_web,8,L2,takeover,pin_ip_and_useragent,1.0,0.78125,0.8771929824561403,0.06862745098039216,0.9656862745098039
W1_web,8,L2,takeover,score_distinct_bindings,1.0,0.78125,0.8771929824561403,0.06862745098039216,0.9670588235294117
W1_web,8,L2,takeover,score_max_request_rate,0.52,0.19117647058823528,0.27956989247311825,0.5392156862745098,0.5015686274509804
W1_web,8,L2,takeover,score_burstiness,0.0,0.0,0.0,0.00980392156862745,0.4837254901960784
W1_web,9,L2,takeover,SICA (proposed),1.0,0.9285714285714286,0.962962962962963,0.019801980198019802,0.9900990099009901
W1_web,9,L2,takeover,pin_ip,1.0,0.6046511627906976,0.7536231884057971,0.16831683168316833,0.9158415841584159
W1_web,9,L2,takeover,pin_prefix24,1.0,0.7647058823529411,0.8666666666666666,0.07920792079207921,0.9603960396039604
W1_web,9,L2,takeover,pin_scope16,0.0,0.0,0.0,0.0297029702970297,0.48514851485148514
W1_web,9,L2,takeover,pin_useragent,1.0,0.7222222222222222,0.8387096774193548,0.09900990099009901,0.9504950495049505
W1_web,9,L2,takeover,pin_useragent_core,1.0,1.0,1.0,0.0,1.0
W1_web,9,L2,takeover,pin_ip_or_useragent,1.0,0.5416666666666666,0.7027027027027027,0.21782178217821782,0.8910891089108911
W1_web,9,L2,takeover,pin_ip_and_useragent,1.0,0.8387096774193549,0.9122807017543859,0.04950495049504951,0.9752475247524752
W1_web,9,L2,takeover,score_distinct_bindings,1.0,0.7647058823529411,0.8666666666666666,0.07920792079207921,0.9603960396039604
W1_web,9,L2,takeover,score_max_request_rate,0.6923076923076923,0.24324324324324326,0.36000000000000004,0.5544554455445545,0.5765422696115765
W1_web,9,L2,takeover,score_burstiness,0.0,0.0,0.0,0.009900990099009901,0.5833968012185834
W1_web,10,L2,takeover,SICA (proposed),0.9166666666666666,0.8148148148148148,0.8627450980392156,0.04854368932038835,0.9433656957928802
W1_web,10,L2,takeover,pin_ip,1.0,0.5,0.6666666666666666,0.23300970873786409,0.883495145631068
W1_web,10,L2,takeover,pin_prefix24,1.0,0.6486486486486487,0.7868852459016393,0.1262135922330097,0.9368932038834952
W1_web,10,L2,takeover,pin_scope16,0.0,0.0,0.0,0.05825242718446602,0.470873786407767
W1_web,10,L2,takeover,pin_useragent,0.9583333333333334,0.6764705882352942,0.7931034482758621,0.10679611650485436,0.9257686084142395
W1_web,10,L2,takeover,pin_useragent_core,0.9166666666666666,1.0,0.9565217391304348,0.0,0.9583333333333334
W1_web,10,L2,takeover,pin_ip_or_useragent,1.0,0.47058823529411764,0.6399999999999999,0.2621359223300971,0.8689320388349514
W1_web,10,L2,takeover,pin_ip_and_useragent,0.9583333333333334,0.7419354838709677,0.8363636363636364,0.07766990291262135,0.940331715210356
W1_web,10,L2,takeover,score_distinct_bindings,1.0,0.6486486486486487,0.7868852459016393,0.1262135922330097,0.9368932038834952
W1_web,10,L2,takeover,score_max_request_rate,0.625,0.2112676056338028,0.3157894736842105,0.5436893203883495,0.5396440129449838
W1_web,10,L2,takeover,score_burstiness,0.0,0.0,0.0,0.009708737864077669,0.5351941747572816
W1_web,11,L2,takeover,SICA (proposed),0.8947368421052632,0.85,0.8717948717948718,0.027777777777777776,0.9917153996101364
W1_web,11,L2,takeover,pin_ip,1.0,0.5428571428571428,0.7037037037037037,0.14814814814814814,0.9259259259259259
W1_web,11,L2,takeover,pin_prefix24,1.0,0.7916666666666666,0.8837209302325582,0.046296296296296294,0.9768518518518519
W1_web,11,L2,takeover,pin_scope16,0.0,0.0,0.0,0.027777777777777776,0.4861111111111111
W1_web,11,L2,takeover,pin_useragent,1.0,0.6551724137931034,0.7916666666666666,0.09259259259259259,0.9537037037037037
W1_web,11,L2,takeover,pin_useragent_core,0.8947368421052632,1.0,0.9444444444444444,0.0,0.9473684210526315
W1_web,11,L2,takeover,pin_ip_or_useragent,1.0,0.48717948717948717,0.6551724137931034,0.18518518518518517,0.9074074074074074
W1_web,11,L2,takeover,pin_ip_and_useragent,1.0,0.76,0.8636363636363636,0.05555555555555555,0.9722222222222222
W1_web,11,L2,takeover,score_distinct_bindings,1.0,0.7916666666666666,0.8837209302325582,0.046296296296296294,0.9768518518518519
W1_web,11,L2,takeover,score_max_request_rate,0.6842105263157895,0.18571428571428572,0.29213483146067415,0.5277777777777778,0.5923489278752436
W1_web,11,L2,takeover,score_burstiness,0.0,0.0,0.0,0.009259259259259259,0.5516569200779727
W1_web,12,L2,takeover,SICA (proposed),0.0,0.0,0.0,0.020833333333333332,0.9741263440860215
W1_web,12,L2,takeover,pin_ip,1.0,0.6326530612244898,0.775,0.1875,0.90625
W1_web,12,L2,takeover,pin_prefix24,1.0,0.7045454545454546,0.8266666666666667,0.13541666666666666,0.9322916666666666
W1_web,12,L2,takeover,pin_scope16,0.0,0.0,0.0,0.041666666666666664,0.4791666666666667
W1_web,12,L2,takeover,pin_useragent,1.0,0.7209302325581395,0.8378378378378378,0.125,0.9375
W1_web,12,L2,takeover,pin_useragent_core,0.9032258064516129,1.0,0.9491525423728813,0.0,0.9516129032258065
W1_web,12,L2,takeover,pin_ip_or_useragent,1.0,0.5849056603773585,0.738095238095238,0.22916666666666666,0.8854166666666666
W1_web,12,L2,takeover,pin_ip_and_useragent,1.0,0.7948717948717948,0.8857142857142858,0.08333333333333333,0.9583333333333334
W1_web,12,L2,takeover,score_distinct_bindings,1.0,0.7045454545454546,0.8266666666666667,0.13541666666666666,0.9322916666666666
W1_web,12,L2,takeover,score_max_request_rate,0.4838709677419355,0.22058823529411764,0.30303030303030304,0.5520833333333334,0.4845430107526882
W1_web,12,L2,takeover,score_burstiness,0.03225806451612903,1.0,0.0625,0.0,0.47076612903225806
W1_web,13,L2,takeover,SICA (proposed),0.96,0.8571428571428571,0.9056603773584904,0.0392156862745098,0.9880392156862745
W1_web,13,L2,takeover,pin_ip,1.0,0.5813953488372093,0.7352941176470588,0.17647058823529413,0.9117647058823529
W1_web,13,L2,takeover,pin_prefix24,1.0,0.78125,0.8771929824561403,0.06862745098039216,0.9656862745098039
W1_web,13,L2,takeover,pin_scope16,0.0,0.0,0.0,0.0392156862745098,0.4803921568627451
W1_web,13,L2,takeover,pin_useragent,1.0,0.7142857142857143,0.8333333333333333,0.09803921568627451,0.9509803921568627
W1_web,13,L2,takeover,pin_useragent_core,0.96,1.0,0.9795918367346939,0.0,0.98
W1_web,13,L2,takeover,pin_ip_or_useragent,1.0,0.5319148936170213,0.6944444444444444,0.21568627450980393,0.8921568627450981
W1_web,13,L2,takeover,pin_ip_and_useragent,1.0,0.8064516129032258,0.8928571428571428,0.058823529411764705,0.9705882352941176
W1_web,13,L2,takeover,score_distinct_bindings,1.0,0.78125,0.8771929824561403,0.06862745098039216,0.9656862745098039
W1_web,13,L2,takeover,score_max_request_rate,0.52,0.18840579710144928,0.2765957446808511,0.5490196078431373,0.4835294117647059
W1_web,13,L2,takeover,score_burstiness,0.0,0.0,0.0,0.00980392156862745,0.4454901960784314
W1_web,14,L2,takeover,SICA (proposed),0.0,0.0,0.0,0.0297029702970297,0.9657273419649657
W1_web,14,L2,takeover,pin_ip,1.0,0.6842105263157895,0.8125000000000001,0.1188118811881188,0.9405940594059405
W1_web,14,L2,takeover,pin_prefix24,1.0,0.7647058823529411,0.8666666666666666,0.07920792079207921,0.9603960396039604
W1_web,14,L2,takeover,pin_scope16,0.0,0.0,0.0,0.039603960396039604,0.4801980198019802
W1_web,14,L2,takeover,pin_useragent,1.0,0.7878787878787878,0.8813559322033898,0.06930693069306931,0.9653465346534653
W1_web,14,L2,takeover,pin_useragent_core,0.8846153846153846,1.0,0.9387755102040816,0.0,0.9423076923076923
W1_web,14,L2,takeover,pin_ip_or_useragent,1.0,0.6046511627906976,0.7536231884057971,0.16831683168316833,0.9158415841584159
W1_web,14,L2,takeover,pin_ip_and_useragent,1.0,0.9285714285714286,0.962962962962963,0.019801980198019802,0.9900990099009901
W1_web,14,L2,takeover,score_distinct_bindings,1.0,0.7647058823529411,0.8666666666666666,0.07920792079207921,0.9603960396039604
W1_web,14,L2,takeover,score_max_request_rate,0.46153846153846156,0.17647058823529413,0.25531914893617025,0.5544554455445545,0.44021325209444023
W1_web,14,L2,takeover,score_burstiness,0.038461538461538464,0.5,0.07142857142857144,0.009900990099009901,0.41241431835491243
W1_web,15,L2,takeover,SICA (proposed),0.03571428571428571,0.5,0.06666666666666667,0.010101010101010102,0.9848484848484849
W1_web,15,L2,takeover,pin_ip,1.0,0.717948717948718,0.835820895522388,0.1111111111111111,0.9444444444444444
W1_web,15,L2,takeover,pin_prefix24,1.0,0.8,0.888888888888889,0.0707070707070707,0.9646464646464646
W1_web,15,L2,takeover,pin_scope16,0.03571428571428571,0.25,0.0625,0.030303030303030304,0.5027056277056277
W1_web,15,L2,takeover,pin_useragent,0.9642857142857143,0.75,0.8437499999999999,0.09090909090909091,0.9366883116883117
W1_web,15,L2,takeover,pin_useragent_core,0.9285714285714286,1.0,0.962962962962963,0.0,0.9642857142857143
W1_web,15,L2,takeover,pin_ip_or_useragent,1.0,0.6363636363636364,0.7777777777777778,0.16161616161616163,0.9191919191919192
W1_web,15,L2,takeover,pin_ip_and_useragent,0.9642857142857143,0.8709677419354839,0.9152542372881356,0.04040404040404041,0.961940836940837
W1_web,15,L2,takeover,score_distinct_bindings,1.0,0.8,0.888888888888889,0.0707070707070707,0.9671717171717171
W1_web,15,L2,takeover,score_max_request_rate,0.5714285714285714,0.2222222222222222,0.32,0.5656565656565656,0.5158730158730159
W1_web,15,L2,takeover,score_burstiness,0.0,0.0,0.0,0.010101010101010102,0.48953823953823955
W1_web,16,L2,takeover,SICA (proposed),0.0,0.0,0.0,0.019230769230769232,0.9742892976588629
W1_web,16,L2,takeover,pin_ip,1.0,0.6216216216216216,0.7666666666666667,0.1346153846153846,0.9326923076923077
W1_web,16,L2,takeover,pin_prefix24,1.0,0.71875,0.8363636363636363,0.08653846153846154,0.9567307692307693
W1_web,16,L2,takeover,pin_scope16,0.0,0.0,0.0,0.038461538461538464,0.4807692307692308
W1_web,16,L2,takeover,pin_useragent,1.0,0.7666666666666667,0.8679245283018869,0.0673076923076923,0.9663461538461539
W1_web,16,L2,takeover,pin_useragent_core,0.8695652173913043,1.0,0.9302325581395349,0.0,0.9347826086956522
W1_web,16,L2,takeover,pin_ip_or_useragent,1.0,0.5897435897435898,0.7419354838709677,0.15384615384615385,0.9230769230769231
W1_web,16,L2,takeover,pin_ip_and_useragent,1.0,0.8214285714285714,0.9019607843137255,0.04807692307692308,0.9759615384615384
W1_web,16,L2,takeover,score_distinct_bindings,1.0,0.71875,0.8363636363636363,0.08653846153846154,0.9586120401337793
W1_web,16,L2,takeover,score_max_request_rate,0.6086956521739131,0.20588235294117646,0.3076923076923077,0.5192307692307693,0.5698160535117057
W1_web,16,L2,takeover,score_burstiness,0.0,0.0,0.0,0.0,0.5489130434782609
W1_web,17,L2,takeover,SICA (proposed),0.0,0.0,0.0,0.009708737864077669,0.9702669902912622
W1_web,17,L2,takeover,pin_ip,1.0,0.5333333333333333,0.6956521739130436,0.20388349514563106,0.8980582524271845
W1_web,17,L2,takeover,pin_prefix24,1.0,0.7058823529411765,0.8275862068965517,0.0970873786407767,0.9514563106796117
W1_web,17,L2,takeover,pin_scope16,0.0,0.0,0.0,0.02912621359223301,0.4854368932038835
W1_web,17,L2,takeover,pin_useragent,0.9166666666666666,0.6666666666666666,0.7719298245614035,0.10679611650485436,0.9049352750809061
W1_web,17,L2,takeover,pin_useragent_core,0.8333333333333334,1.0,0.9090909090909091,0.0,0.9166666666666666
W1_web,17,L2,takeover,pin_ip_or_useragent,1.0,0.48,0.6486486486486487,0.2524271844660194,0.8737864077669902
W1_web,17,L2,takeover,pin_ip_and_useragent,0.9166666666666666,0.7857142857142857,0.8461538461538461,0.05825242718446602,0.9292071197411004
W1_web,17,L2,takeover,score_distinct_bindings,1.0,0.7058823529411765,0.8275862068965517,0.0970873786407767,0.9514563106796117
W1_web,17,L2,takeover,score_max_request_rate,0.5416666666666666,0.19402985074626866,0.2857142857142857,0.5242718446601942,0.5082928802588996
W1_web,17,L2,takeover,score_burstiness,0.0,0.0,0.0,0.009708737864077669,0.46601941747572817
W1_web,18,L2,takeover,SICA (proposed),0.0,0.0,0.0,0.01020408163265306,0.9746657283603096
W1_web,18,L2,takeover,pin_ip,1.0,0.725,0.8405797101449275,0.11224489795918367,0.9438775510204082
W1_web,18,L2,takeover,pin_prefix24,1.0,0.8055555555555556,0.8923076923076924,0.07142857142857142,0.9642857142857143
W1_web,18,L2,takeover,pin_scope16,0.0,0.0,0.0,0.030612244897959183,0.4846938775510204
W1_web,18,L2,takeover,pin_useragent,1.0,0.7837837837837838,0.8787878787878788,0.08163265306122448,0.9591836734693877
W1_web,18,L2,takeover,pin_useragent_core,0.7931034482758621,1.0,0.8846153846153846,0.0,0.896551724137931
W1_web,18,L2,takeover,pin_ip_or_useragent,1.0,0.6744186046511628,0.8055555555555556,0.14285714285714285,0.9285714285714286
W1_web,18,L2,takeover,pin_ip_and_useragent,1.0,0.8529411764705882,0.9206349206349206,0.05102040816326531,0.9744897959183674
W1_web,18,L2,takeover,score_distinct_bindings,1.0,0.8055555555555556,0.8923076923076924,0.07142857142857142,0.9642857142857143
W1_web,18,L2,takeover,score_max_request_rate,0.5517241379310345,0.2318840579710145,0.32653061224489793,0.5408163265306123,0.5302603800140746
W1_web,18,L2,takeover,score_burstiness,0.0,0.0,0.0,0.01020408163265306,0.4788881069669247
W1_web,19,L2,takeover,SICA (proposed),0.9166666666666666,0.8461538461538461,0.8799999999999999,0.038834951456310676,0.9862459546925566
W1_web,19,L2,takeover,pin_ip,1.0,0.6,0.7499999999999999,0.1553398058252427,0.9223300970873787
W1_web,19,L2,takeover,pin_prefix24,1.0,0.7741935483870968,0.8727272727272727,0.06796116504854369,0.9660194174757282
W1_web,19,L2,takeover,pin_scope16,0.0,0.0,0.0,0.019417475728155338,0.49029126213592233
W1_web,19,L2,takeover,pin_useragent,1.0,0.7272727272727273,0.8421052631578948,0.08737864077669903,0.9563106796116505
W1_web,19,L2,takeover,pin_useragent_core,0.9166666666666666,1.0,0.9565217391304348,0.0,0.9583333333333334
W1_web,19,L2,takeover,pin_ip_or_useragent,1.0,0.5333333333333333,0.6956521739130436,0.20388349514563106,0.8980582524271845
W1_web,19,L2,takeover,pin_ip_and_useragent,1.0,0.8571428571428571,0.923076923076923,0.038834951456310676,0.9805825242718447
W1_web,19,L2,takeover,score_distinct_bindings,1.0,0.7741935483870968,0.8727272727272727,0.06796116504854369,0.9660194174757282
W1_web,19,L2,takeover,score_max_request_rate,0.4583333333333333,0.16417910447761194,0.2417582417582418,0.5436893203883495,0.4811893203883495
W1_web,19,L2,takeover,score_burstiness,0.0,0.0,0.0,0.009708737864077669,0.4455906148867314
W1_web,0,L2,concurrent,SICA (proposed),0.8235294117647058,0.875,0.8484848484848485,0.01818181818181818,0.9962566844919786
W1_web,0,L2,concurrent,pin_ip,1.0,0.4473684210526316,0.6181818181818182,0.19090909090909092,0.9045454545454545
W1_web,0,L2,concurrent,pin_prefix24,1.0,0.6296296296296297,0.7727272727272727,0.09090909090909091,0.9545454545454546
W1_web,0,L2,concurrent,pin_scope16,0.058823529411764705,0.25,0.09523809523809523,0.02727272727272727,0.5157754010695187
W1_web,0,L2,concurrent,pin_useragent,0.9411764705882353,0.5161290322580645,0.6666666666666666,0.13636363636363635,0.9024064171122995
W1_web,0,L2,concurrent,pin_useragent_core,0.8235294117647058,1.0,0.9032258064516129,0.0,0.9117647058823529
W1_web,0,L2,concurrent,pin_ip_or_useragent,1.0,0.3695652173913043,0.5396825396825397,0.2636363636363636,0.8681818181818182
W1_web,0,L2,concurrent,pin_ip_and_useragent,0.9411764705882353,0.6956521739130435,0.7999999999999999,0.06363636363636363,0.9387700534759358
W1_web,0,L2,concurrent,score_distinct_bindings,1.0,0.6296296296296297,0.7727272727272727,0.09090909090909091,0.9572192513368984
W1_web,0,L2,concurrent,score_max_request_rate,0.35294117647058826,0.08955223880597014,0.14285714285714288,0.5545454545454546,0.42005347593582887
W1_web,0,L2,concurrent,score_burstiness,0.0,0.0,0.0,0.0,0.40080213903743317
W1_web,1,L2,concurrent,SICA (proposed),1.0,0.8947368421052632,0.9444444444444444,0.01818181818181818,0.9957219251336898
W1_web,1,L2,concurrent,pin_ip,1.0,0.5151515151515151,0.6799999999999999,0.14545454545454545,0.9272727272727272
W1_web,1,L2,concurrent,pin_prefix24,1.0,0.7727272727272727,0.8717948717948718,0.045454545454545456,0.9772727272727273
W1_web,1,L2,concurrent,pin_scope16,0.058823529411764705,0.5,0.10526315789473684,0.00909090909090909,0.5248663101604278
W1_web,1,L2,concurrent,pin_useragent,0.8823529411764706,0.5,0.6382978723404256,0.13636363636363635,0.8729946524064172
W1_web,1,L2,concurrent,pin_useragent_core,0.7647058823529411,1.0,0.8666666666666666,0.0,0.8823529411764706
W1_web,1,L2,concurrent,pin_ip_or_useragent,1.0,0.40476190476190477,0.576271186440678,0.22727272727272727,0.8863636363636364
W1_web,1,L2,concurrent,pin_ip_and_useragent,0.8823529411764706,0.7142857142857143,0.7894736842105262,0.05454545454545454,0.913903743315508
W1_web,1,L2,concurrent,score_distinct_bindings,1.0,0.7727272727272727,0.8717948717948718,0.045454545454545456,0.9799465240641712
W1_web,1,L2,concurrent,score_max_request_rate,0.4117647058823529,0.10294117647058823,0.16470588235294117,0.5545454545454546,0.4294117647058823
W1_web,1,L2,concurrent,score_burstiness,0.0,0.0,0.0,0.00909090909090909,0.4310160427807487
W1_web,2,L2,concurrent,SICA (proposed),0.9583333333333334,0.92,0.9387755102040817,0.019417475728155338,0.9981796116504854
W1_web,2,L2,concurrent,pin_ip,1.0,0.6153846153846154,0.761904761904762,0.14563106796116504,0.9271844660194175
W1_web,2,L2,concurrent,pin_prefix24,1.0,0.8275862068965517,0.9056603773584906,0.04854368932038835,0.9757281553398058
W1_web,2,L2,concurrent,pin_scope16,0.041666666666666664,0.3333333333333333,0.07407407407407407,0.019417475728155338,0.5111245954692557
W1_web,2,L2,concurrent,pin_useragent,1.0,0.7272727272727273,0.8421052631578948,0.08737864077669903,0.9563106796116505
W1_web,2,L2,concurrent,pin_useragent_core,0.9166666666666666,1.0,0.9565217391304348,0.0,0.9583333333333334
W1_web,2,L2,concurrent,pin_ip_or_useragent,1.0,0.5714285714285714,0.7272727272727273,0.17475728155339806,0.912621359223301
W1_web,2,L2,concurrent,pin_ip_and_useragent,1.0,0.8,0.888888888888889,0.05825242718446602,0.970873786407767
W1_web,2,L2,concurrent,score_distinct_bindings,1.0,0.8275862068965517,0.9056603773584906,0.04854368932038835,0.9787621359223301
W1_web,2,L2,concurrent,score_max_request_rate,0.5833333333333334,0.20588235294117646,0.3043478260869565,0.5242718446601942,0.5485436893203883
W1_web,2,L2,concurrent,score_burstiness,0.0,0.0,0.0,0.009708737864077669,0.5064724919093851
W1_web,3,L2,concurrent,SICA (proposed),1.0,0.9523809523809523,0.975609756097561,0.009345794392523364,0.999766355140187
W1_web,3,L2,concurrent,pin_ip,1.0,0.5714285714285714,0.7272727272727273,0.14018691588785046,0.9299065420560748
W1_web,3,L2,concurrent,pin_prefix24,1.0,0.6896551724137931,0.8163265306122449,0.08411214953271028,0.9579439252336449
W1_web,3,L2,concurrent,pin_scope16,0.0,0.0,0.0,0.037383177570093455,0.48130841121495327
W1_web,3,L2,concurrent,pin_useragent,1.0,0.6666666666666666,0.8,0.09345794392523364,0.9532710280373832
W1_web,3,L2,concurrent,pin_useragent_core,0.9,1.0,0.9473684210526316,0.0,0.95
W1_web,3,L2,concurrent,pin_ip_or_useragent,1.0,0.4878048780487805,0.6557377049180327,0.19626168224299065,0.9018691588785047
W1_web,3,L2,concurrent,pin_ip_and_useragent,1.0,0.8333333333333334,0.9090909090909091,0.037383177570093455,0.9813084112149533
W1_web,3,L2,concurrent,score_distinct_bindings,1.0,0.6896551724137931,0.8163265306122449,0.08411214953271028,0.9621495327102804
W1_web,3,L2,concurrent,score_max_request_rate,0.55,0.15942028985507245,0.24719101123595502,0.5420560747663551,0.533411214953271
W1_web,3,L2,concurrent,score_burstiness,0.0,0.0,0.0,0.009345794392523364,0.5348130841121496
W1_web,4,L2,concurrent,SICA (proposed),1.0,1.0,1.0,0.0,1.0
W1_web,4,L2,concurrent,pin_ip,1.0,0.5142857142857142,0.6792452830188679,0.1559633027522936,0.9220183486238532
W1_web,4,L2,concurrent,pin_prefix24,1.0,0.6923076923076923,0.8181818181818181,0.07339449541284404,0.963302752293578
W1_web,4,L2,concurrent,pin_scope16,0.0,0.0,0.0,0.06422018348623854,0.46788990825688076
W1_web,4,L2,concurrent,pin_useragent,0.7777777777777778,0.6363636363636364,0.7000000000000001,0.07339449541284404,0.8521916411824668
W1_web,4,L2,concurrent,pin_useragent_core,0.7222222222222222,1.0,0.8387096774193548,0.0,0.8611111111111112
W1_web,4,L2,concurrent,pin_ip_or_useragent,1.0,0.5,0.6666666666666666,0.1651376146788991,0.9174311926605505
W1_web,4,L2,concurrent,pin_ip_and_useragent,0.7777777777777778,0.6666666666666666,0.717948717948718,0.06422018348623854,0.8567787971457697
W1_web,4,L2,concurrent,score_distinct_bindings,1.0,0.6923076923076923,0.8181818181818181,0.07339449541284404,0.9653414882772681
W1_web,4,L2,concurrent,score_max_request_rate,0.6111111111111112,0.16417910447761194,0.25882352941176473,0.5137614678899083,0.5937818552497451
W1_web,4,L2,concurrent,score_burstiness,0.0,0.0,0.0,0.009174311926605505,0.5458715596330275
W1_web,5,L2,concurrent,SICA (proposed),0.9545454545454546,0.9545454545454546,0.9545454545454546,0.009523809523809525,0.9995670995670995
W1_web,5,L2,concurrent,pin_ip,1.0,0.6111111111111112,0.7586206896551725,0.13333333333333333,0.9333333333333333
W1_web,5,L2,concurrent,pin_prefix24,1.0,0.7857142857142857,0.88,0.05714285714285714,0.9714285714285714
W1_web,5,L2,concurrent,pin_scope16,0.045454545454545456,0.3333333333333333,0.08,0.01904761904761905,0.5132034632034632
W1_web,5,L2,concurrent,pin_useragent,1.0,0.6285714285714286,0.7719298245614035,0.12380952380952381,0.9380952380952381
W1_web,5,L2,concurrent,pin_useragent_core,1.0,1.0,1.0,0.0,1.0
W1_web,5,L2,concurrent,pin_ip_or_useragent,1.0,0.46808510638297873,0.6376811594202899,0.23809523809523808,0.8809523809523809
W1_web,5,L2,concurrent,pin_ip_and_useragent,1.0,0.9166666666666666,0.9565217391304348,0.01904761904761905,0.9904761904761905
W1_web,5,L2,concurrent,score_distinct_bindings,1.0,0.7857142857142857,0.88,0.05714285714285714,0.9727272727272728
W1_web,5,L2,concurrent,score_max_request_rate,0.6363636363636364,0.21212121212121213,0.3181818181818182,0.49523809523809526,0.5930735930735931
W1_web,5,L2,concurrent,score_burstiness,0.045454545454545456,0.5,0.08333333333333334,0.009523809523809525,0.5632034632034632
W1_web,6,L2,concurrent,SICA (proposed),0.9375,0.9375,0.9375,0.009009009009009009,0.9988738738738738
W1_web,6,L2,concurrent,pin_ip,1.0,0.5925925925925926,0.7441860465116279,0.0990990990990991,0.9504504504504504
W1_web,6,L2,concurrent,pin_prefix24,1.0,0.8421052631578947,0.9142857142857143,0.02702702702702703,0.9864864864864865
W1_web,6,L2,concurrent,pin_scope16,0.0625,0.5,0.1111111111111111,0.009009009009009009,0.5267454954954955
W1_web,6,L2,concurrent,pin_useragent,1.0,0.6153846153846154,0.761904761904762,0.09009009009009009,0.954954954954955
W1_web,6,L2,concurrent,pin_useragent_core,0.875,1.0,0.9333333333333333,0.0,0.9375
W1_web,6,L2,concurrent,pin_ip_or_useragent,1.0,0.47058823529411764,0.6399999999999999,0.16216216216216217,0.918918918918919
W1_web,6,L2,concurrent,pin_ip_and_useragent,1.0,0.8421052631578947,0.9142857142857143,0.02702702702702703,0.9864864864864865
W1_web,6,L2,concurrent,score_distinct_bindings,1.0,0.8421052631578947,0.9142857142857143,0.02702702702702703,0.987331081081081
W1_web,6,L2,concurrent,score_max_request_rate,0.4375,0.10606060606060606,0.17073170731707316,0.5315315315315315,0.5242117117117117
W1_web,6,L2,concurrent,score_burstiness,0.0,0.0,0.0,0.009009009009009009,0.42173423423423423
W1_web,7,L2,concurrent,SICA (proposed),0.9285714285714286,0.9285714285714286,0.9285714285714286,0.008849557522123894,0.9993678887484198
W1_web,7,L2,concurrent,pin_ip,1.0,0.5,0.6666666666666666,0.12389380530973451,0.9380530973451328
W1_web,7,L2,concurrent,pin_prefix24,1.0,0.6363636363636364,0.7777777777777778,0.07079646017699115,0.9646017699115044
W1_web,7,L2,concurrent,pin_scope16,0.0,0.0,0.0,0.035398230088495575,0.4823008849557522
W1_web,7,L2,concurrent,pin_useragent,1.0,0.5,0.6666666666666666,0.12389380530973451,0.9380530973451328
W1_web,7,L2,concurrent,pin_useragent_core,1.0,1.0,1.0,0.0,1.0
W1_web,7,L2,concurrent,pin_ip_or_useragent,1.0,0.3684210526315789,0.5384615384615384,0.21238938053097345,0.8938053097345132
W1_web,7,L2,concurrent,pin_ip_and_useragent,1.0,0.7777777777777778,0.8750000000000001,0.035398230088495575,0.9823008849557522
W1_web,7,L2,concurrent,score_distinct_bindings,1.0,0.6363636363636364,0.7777777777777778,0.07079646017699115,0.9646017699115044
W1_web,7,L2,concurrent,score_max_request_rate,0.42857142857142855,0.09090909090909091,0.15000000000000002,0.5309734513274337,0.4943109987357775
W1_web,7,L2,concurrent,score_burstiness,0.0,0.0,0.0,0.0,0.4254108723135272
W1_web,8,L2,concurrent,SICA (proposed),1.0,1.0,1.0,0.0,1.0
W1_web,8,L2,concurrent,pin_ip,1.0,0.5526315789473685,0.711864406779661,0.16037735849056603,0.9198113207547169
W1_web,8,L2,concurrent,pin_prefix24,1.0,0.75,0.8571428571428571,0.0660377358490566,0.9669811320754716
W1_web,8,L2,concurrent,pin_scope16,0.0,0.0,0.0,0.02830188679245283,0.4858490566037736
W1_web,8,L2,concurrent,pin_useragent,1.0,0.65625,0.7924528301886793,0.10377358490566038,0.9481132075471698
W1_web,8,L2,concurrent,pin_useragent_core,0.9047619047619048,1.0,0.9500000000000001,0.0,0.9523809523809523
W1_web,8,L2,concurrent,pin_ip_or_useragent,1.0,0.5,0.6666666666666666,0.19811320754716982,0.9009433962264151
W1_web,8,L2,concurrent,pin_ip_and_useragent,1.0,0.75,0.8571428571428571,0.0660377358490566,0.9669811320754716
W1_web,8,L2,concurrent,score_distinct_bindings,1.0,0.75,0.8571428571428571,0.0660377358490566,0.9685534591194969
W1_web,8,L2,concurrent,score_max_request_rate,0.5238095238095238,0.16176470588235295,0.24719101123595508,0.5377358490566038,0.4997753818508536
W1_web,8,L2,concurrent,score_burstiness,0.0,0.0,0.0,0.009433962264150943,0.4752920035938904
W1_web,9,L2,concurrent,SICA (proposed),1.0,0.9,0.9473684210526316,0.01834862385321101,0.9989806320081549
W1_web,9,L2,concurrent,pin_ip,1.0,0.5,0.6666666666666666,0.1651376146788991,0.9174311926605505
W1_web,9,L2,concurrent,pin_prefix24,1.0,0.6666666666666666,0.8,0.08256880733944955,0.9587155963302753
W1_web,9,L2,concurrent,pin_scope16,0.0,0.0,0.0,0.027522935779816515,0.48623853211009177
W1_web,9,L2,concurrent,pin_useragent,1.0,0.6428571428571429,0.782608695652174,0.09174311926605505,0.9541284403669725
W1_web,9,L2,concurrent,pin_useragent_core,0.9444444444444444,1.0,0.9714285714285714,0.0,0.9722222222222222
W1_web,9,L2,concurrent,pin_ip_or_useragent,1.0,0.43902439024390244,0.6101694915254238,0.21100917431192662,0.8944954128440367
W1_web,9,L2,concurrent,pin_ip_and_useragent,1.0,0.782608695652174,0.878048780487805,0.045871559633027525,0.9770642201834863
W1_web,9,L2,concurrent,score_distinct_bindings,1.0,0.6666666666666666,0.8,0.08256880733944955,0.9587155963302753
W1_web,9,L2,concurrent,score_max_request_rate,0.3888888888888889,0.1076923076923077,0.16867469879518074,0.5321100917431193,0.4441896024464832
W1_web,9,L2,concurrent,score_burstiness,0.0,0.0,0.0,0.009174311926605505,0.37869520897043835
W1_web,10,L2,concurrent,SICA (proposed),0.9411764705882353,0.7619047619047619,0.8421052631578947,0.045454545454545456,0.9863636363636363
W1_web,10,L2,concurrent,pin_ip,1.0,0.40476190476190477,0.576271186440678,0.22727272727272727,0.8863636363636364
W1_web,10,L2,concurrent,pin_prefix24,1.0,0.5666666666666667,0.7234042553191489,0.11818181818181818,0.9409090909090909
W1_web,10,L2,concurrent,pin_scope16,0.0,0.0,0.0,0.05454545454545454,0.4727272727272727
W1_web,10,L2,concurrent,pin_useragent,0.9411764705882353,0.5714285714285714,0.7111111111111111,0.10909090909090909,0.9160427807486631
W1_web,10,L2,concurrent,pin_useragent_core,0.7647058823529411,1.0,0.8666666666666666,0.0,0.8823529411764706
W1_web,10,L2,concurrent,pin_ip_or_useragent,1.0,0.37777777777777777,0.5483870967741935,0.2545454545454545,0.8727272727272727
W1_web,10,L2,concurrent,pin_ip_and_useragent,0.9411764705882353,0.64,0.7619047619047621,0.08181818181818182,0.9296791443850267
W1_web,10,L2,concurrent,score_distinct_bindings,1.0,0.5666666666666667,0.7234042553191489,0.11818181818181818,0.9443850267379679
W1_web,10,L2,concurrent,score_max_request_rate,0.8235294117647058,0.19718309859154928,0.3181818181818182,0.5181818181818182,0.6759358288770053
W1_web,10,L2,concurrent,score_burstiness,0.0,0.0,0.0,0.00909090909090909,0.6794117647058824
W1_web,11,L2,concurrent,SICA (proposed),1.0,0.8333333333333334,0.9090909090909091,0.026785714285714284,1.0
W1_web,11,L2,concurrent,pin_ip,1.0,0.46875,0.6382978723404256,0.15178571428571427,0.9241071428571429
W1_web,11,L2,concurrent,pin_prefix24,1.0,0.75,0.8571428571428571,0.044642857142857144,0.9776785714285714
W1_web,11,L2,concurrent,pin_scope16,0.0,0.0,0.0,0.026785714285714284,0.48660714285714285
W1_web,11,L2,concurrent,pin_useragent,1.0,0.6,0.7499999999999999,0.08928571428571429,0.9553571428571429
W1_web,11,L2,concurrent,pin_useragent_core,1.0,1.0,1.0,0.0,1.0
W1_web,11,L2,concurrent,pin_ip_or_useragent,1.0,0.4166666666666667,0.5882352941176471,0.1875,0.90625
W1_web,11,L2,concurrent,pin_ip_and_useragent,1.0,0.7142857142857143,0.8333333333333333,0.05357142857142857,0.9732142857142857
W1_web,11,L2,concurrent,score_distinct_bindings,1.0,0.75,0.8571428571428571,0.044642857142857144,0.9806547619047619
W1_web,11,L2,concurrent,score_max_request_rate,0.7333333333333333,0.15714285714285714,0.2588235294117647,0.5267857142857143,0.6205357142857143
W1_web,11,L2,concurrent,score_burstiness,0.0,0.0,0.0,0.008928571428571428,0.5866071428571429
W1_web,12,L2,concurrent,SICA (proposed),0.7857142857142857,0.9166666666666666,0.8461538461538461,0.020202020202020204,0.9942279942279942
W1_web,12,L2,concurrent,pin_ip,1.0,0.5957446808510638,0.7466666666666666,0.1919191919191919,0.9040404040404041
W1_web,12,L2,concurrent,pin_prefix24,1.0,0.6666666666666666,0.8,0.1414141414141414,0.9292929292929293
W1_web,12,L2,concurrent,pin_scope16,0.0,0.0,0.0,0.04040404040404041,0.4797979797979798
W1_web,12,L2,concurrent,pin_useragent,0.9642857142857143,0.675,0.7941176470588236,0.13131313131313133,0.9164862914862915
W1_web,12,L2,concurrent,pin_useragent_core,0.8571428571428571,1.0,0.923076923076923,0.0,0.9285714285714286
W1_web,12,L2,concurrent,pin_ip_or_useragent,1.0,0.5490196078431373,0.7088607594936709,0.23232323232323232,0.8838383838383839
W1_web,12,L2,concurrent,pin_ip_and_useragent,0.9642857142857143,0.75,0.8437499999999999,0.09090909090909091,0.9366883116883117
W1_web,12,L2,concurrent,score_distinct_bindings,1.0,0.6666666666666666,0.8,0.1414141414141414,0.9292929292929293
W1_web,12,L2,concurrent,score_max_request_rate,0.4642857142857143,0.19117647058823528,0.27083333333333337,0.5555555555555556,0.49837662337662336
W1_web,12,L2,concurrent,score_burstiness,0.0,0.0,0.0,0.0,0.4375901875901876
W1_web,13,L2,concurrent,SICA (proposed),0.9523809523809523,0.8333333333333334,0.888888888888889,0.03773584905660377,0.9937106918238994
W1_web,13,L2,concurrent,pin_ip,1.0,0.5384615384615384,0.7000000000000001,0.16981132075471697,0.9150943396226415
W1_web,13,L2,concurrent,pin_prefix24,1.0,0.75,0.8571428571428571,0.0660377358490566,0.9669811320754716
W1_web,13,L2,concurrent,pin_scope16,0.0,0.0,0.0,0.03773584905660377,0.4811320754716981
W1_web,13,L2,concurrent,pin_useragent,0.9047619047619048,0.6551724137931034,0.7599999999999999,0.09433962264150944,0.9052111410601976
W1_web,13,L2,concurrent,pin_useragent_core,0.8571428571428571,1.0,0.923076923076923,0.0,0.9285714285714286
W1_web,13,L2,concurrent,pin_ip_or_useragent,1.0,0.4883720930232558,0.65625,0.20754716981132076,0.8962264150943396
W1_web,13,L2,concurrent,pin_ip_and_useragent,0.9047619047619048,0.76,0.8260869565217391,0.05660377358490566,0.9240790655884995
W1_web,13,L2,concurrent,score_distinct_bindings,1.0,0.75,0.8571428571428571,0.0660377358490566,0.970125786163522
W1_web,13,L2,concurrent,score_max_request_rate,0.5714285714285714,0.17647058823529413,0.2696629213483146,0.5283018867924528,0.5844564240790656
W1_web,13,L2,concurrent,score_burstiness,0.0,0.0,0.0,0.009433962264150943,0.5215633423180593
W1_web,14,L2,concurrent,SICA (proposed),0.875,0.8235294117647058,0.8484848484848485,0.02702702702702703,0.9963400900900901
W1_web,14,L2,concurrent,pin_ip,1.0,0.5517241379310345,0.7111111111111111,0.11711711711711711,0.9414414414414415
W1_web,14,L2,concurrent,pin_prefix24,1.0,0.6666666666666666,0.8,0.07207207207207207,0.963963963963964
W1_web,14,L2,concurrent,pin_scope16,0.0,0.0,0.0,0.036036036036036036,0.481981981981982
W1_web,14,L2,concurrent,pin_useragent,0.9375,0.6818181818181818,0.7894736842105263,0.06306306306306306,0.9372184684684685
W1_web,14,L2,concurrent,pin_useragent_core,0.875,1.0,0.9333333333333333,0.0,0.9375
W1_web,14,L2,concurrent,pin_ip_or_useragent,1.0,0.47058823529411764,0.6399999999999999,0.16216216216216217,0.918918918918919
W1_web,14,L2,concurrent,pin_ip_and_useragent,0.9375,0.8823529411764706,0.9090909090909091,0.018018018018018018,0.959740990990991
W1_web,14,L2,concurrent,score_distinct_bindings,1.0,0.6666666666666666,0.8,0.07207207207207207,0.963963963963964
W1_web,14,L2,concurrent,score_max_request_rate,0.625,0.14925373134328357,0.24096385542168672,0.5135135135135135,0.5503941441441441
W1_web,14,L2,concurrent,score_burstiness,0.0,0.0,0.0,0.009009009009009009,0.47775900900900903
W1_web,15,L2,concurrent,SICA (proposed),0.7727272727272727,0.9444444444444444,0.85,0.009523809523809525,0.9965367965367965
W1_web,15,L2,concurrent,pin_ip,1.0,0.6666666666666666,0.8,0.10476190476190476,0.9476190476190476
W1_web,15,L2,concurrent,pin_prefix24,1.0,0.7586206896551724,0.8627450980392156,0.06666666666666667,0.9666666666666667
W1_web,15,L2,concurrent,pin_scope16,0.09090909090909091,0.4,0.14814814814814814,0.02857142857142857,0.5311688311688312
W1_web,15,L2,concurrent,pin_useragent,1.0,0.7096774193548387,0.8301886792452831,0.08571428571428572,0.9571428571428572
W1_web,15,L2,concurrent,pin_useragent_core,0.9090909090909091,1.0,0.9523809523809523,0.0,0.9545454545454546
W1_web,15,L2,concurrent,pin_ip_or_useragent,1.0,0.5789473684210527,0.7333333333333334,0.1523809523809524,0.9238095238095239
W1_web,15,L2,concurrent,pin_ip_and_useragent,1.0,0.8461538461538461,0.9166666666666666,0.0380952380952381,0.9809523809523809
W1_web,15,L2,concurrent,score_distinct_bindings,1.0,0.7586206896551724,0.8627450980392156,0.06666666666666667,0.9712121212121212
W1_web,15,L2,concurrent,score_max_request_rate,0.6363636363636364,0.19718309859154928,0.3010752688172043,0.5428571428571428,0.5536796536796537
W1_web,15,L2,concurrent,score_burstiness,0.0,0.0,0.0,0.009523809523809525,0.5218614718614719
W1_web,16,L2,concurrent,SICA (proposed),0.9375,0.8823529411764706,0.9090909090909091,0.018018018018018018,0.9988738738738738
W1_web,16,L2,concurrent,pin_ip,1.0,0.5333333333333333,0.6956521739130436,0.12612612612612611,0.9369369369369369
W1_web,16,L2,concurrent,pin_prefix24,1.0,0.64,0.7804878048780487,0.08108108108108109,0.9594594594594594
W1_web,16,L2,concurrent,pin_scope16,0.0625,0.2,0.09523809523809523,0.036036036036036036,0.5132319819819819
W1_web,16,L2,concurrent,pin_useragent,1.0,0.6956521739130435,0.8205128205128205,0.06306306306306306,0.9684684684684685
W1_web,16,L2,concurrent,pin_useragent_core,0.9375,1.0,0.967741935483871,0.0,0.96875
W1_web,16,L2,concurrent,pin_ip_or_useragent,1.0,0.5,0.6666666666666666,0.14414414414414414,0.9279279279279279
W1_web,16,L2,concurrent,pin_ip_and_useragent,1.0,0.7619047619047619,0.8648648648648648,0.04504504504504504,0.9774774774774775
W1_web,16,L2,concurrent,score_distinct_bindings,1.0,0.64,0.7804878048780487,0.08108108108108109,0.964527027027027
W1_web,16,L2,concurrent,score_max_request_rate,0.5,0.12307692307692308,0.19753086419753088,0.5135135135135135,0.5540540540540541
W1_web,16,L2,concurrent,score_burstiness,0.0,0.0,0.0,0.009009009009009009,0.45382882882882886
W1_web,17,L2,concurrent,SICA (proposed),0.85,0.9444444444444444,0.8947368421052632,0.009345794392523364,0.9967289719626168
W1_web,17,L2,concurrent,pin_ip,1.0,0.47619047619047616,0.6451612903225806,0.205607476635514,0.897196261682243
W1_web,17,L2,concurrent,pin_prefix24,1.0,0.6666666666666666,0.8,0.09345794392523364,0.9532710280373832
W1_web,17,L2,concurrent,pin_scope16,0.0,0.0,0.0,0.028037383177570093,0.48598130841121495
W1_web,17,L2,concurrent,pin_useragent,0.95,0.6333333333333333,0.7599999999999999,0.102803738317757,0.9235981308411215
W1_web,17,L2,concurrent,pin_useragent_core,0.85,1.0,0.9189189189189189,0.0,0.925
W1_web,17,L2,concurrent,pin_ip_or_useragent,1.0,0.425531914893617,0.5970149253731344,0.2523364485981308,0.8738317757009346
W1_web,17,L2,concurrent,pin_ip_and_useragent,0.95,0.76,0.8444444444444444,0.056074766355140186,0.9469626168224299
W1_web,17,L2,concurrent,score_distinct_bindings,1.0,0.6666666666666666,0.8,0.09345794392523364,0.9532710280373832
W1_web,17,L2,concurrent,score_max_request_rate,0.55,0.16923076923076924,0.2588235294117647,0.5046728971962616,0.5448598130841121
W1_web,17,L2,concurrent,score_burstiness,0.05,0.5,0.09090909090909091,0.009345794392523364,0.5014018691588785
W1_web,18,L2,concurrent,SICA (proposed),0.8260869565217391,0.95,0.8837209302325583,0.009615384615384616,0.9943561872909699
W1_web,18,L2,concurrent,pin_ip,1.0,0.6571428571428571,0.7931034482758621,0.11538461538461539,0.9423076923076923
W1_web,18,L2,concurrent,pin_prefix24,1.0,0.7666666666666667,0.8679245283018869,0.0673076923076923,0.9663461538461539
W1_web,18,L2,concurrent,pin_scope16,0.043478260869565216,0.25,0.07407407407407408,0.028846153846153848,0.5073160535117057
W1_web,18,L2,concurrent,pin_useragent,1.0,0.71875,0.8363636363636363,0.08653846153846154,0.9567307692307693
W1_web,18,L2,concurrent,pin_useragent_core,0.8695652173913043,1.0,0.9302325581395349,0.0,0.9347826086956522
W1_web,18,L2,concurrent,pin_ip_or_useragent,1.0,0.6052631578947368,0.7540983606557378,0.14423076923076922,0.9278846153846154
W1_web,18,L2,concurrent,pin_ip_and_useragent,1.0,0.7931034482758621,0.8846153846153846,0.057692307692307696,0.9711538461538461
W1_web,18,L2,concurrent,score_distinct_bindings,1.0,0.7666666666666667,0.8679245283018869,0.0673076923076923,0.967809364548495
W1_web,18,L2,concurrent,score_max_request_rate,0.7391304347826086,0.24285714285714285,0.3655913978494624,0.5096153846153846,0.6396321070234113
W1_web,18,L2,concurrent,score_burstiness,0.0,0.0,0.0,0.009615384615384616,0.5871655518394648
W1_web,19,L2,concurrent,SICA (proposed),1.0,0.8,0.888888888888889,0.036036036036036036,0.9977477477477478
W1_web,19,L2,concurrent,pin_ip,1.0,0.48484848484848486,0.653061224489796,0.15315315315315314,0.9234234234234234
W1_web,19,L2,concurrent,pin_prefix24,1.0,0.6666666666666666,0.8,0.07207207207207207,0.963963963963964
W1_web,19,L2,concurrent,pin_scope16,0.0,0.0,0.0,0.02702702702702703,0.4864864864864865
W1_web,19,L2,concurrent,pin_useragent,0.9375,0.625,0.75,0.08108108108108109,0.9282094594594594
W1_web,19,L2,concurrent,pin_useragent_core,0.9375,1.0,0.967741935483871,0.0,0.96875
W1_web,19,L2,concurrent,pin_ip_or_useragent,1.0,0.42105263157894735,0.5925925925925926,0.1981981981981982,0.9009009009009009
W1_web,19,L2,concurrent,pin_ip_and_useragent,0.9375,0.7894736842105263,0.8571428571428572,0.036036036036036036,0.9507319819819819
W1_web,19,L2,concurrent,score_distinct_bindings,1.0,0.6666666666666666,0.8,0.07207207207207207,0.963963963963964
W1_web,19,L2,concurrent,score_max_request_rate,0.5,0.125,0.2,0.5045045045045045,0.49155405405405406
W1_web,19,L2,concurrent,score_burstiness,0.0,0.0,0.0,0.009009009009009009,0.44425675675675674
W1_web,0,L3,takeover,SICA (proposed),0.0,0.0,0.0,0.018867924528301886,0.8014375561545373
W1_web,0,L3,takeover,pin_ip,1.0,0.5,0.6666666666666666,0.19811320754716982,0.9009433962264151
W1_web,0,L3,takeover,pin_prefix24,0.047619047619047616,0.09090909090909091,0.0625,0.09433962264150944,0.4766397124887691
W1_web,0,L3,takeover,pin_scope16,0.047619047619047616,0.25,0.08,0.02830188679245283,0.5096585804132974
W1_web,0,L3,takeover,pin_useragent,0.047619047619047616,0.06666666666666667,0.05555555555555555,0.1320754716981132,0.4577717879604672
W1_web,0,L3,takeover,pin_useragent_core,0.0,0.0,0.0,0.0,0.5
W1_web,0,L3,takeover,pin_ip_or_useragent,1.0,0.42857142857142855,0.6,0.2641509433962264,0.8679245283018868
W1_web,0,L3,takeover,pin_ip_and_useragent,0.047619047619047616,0.125,0.06896551724137931,0.0660377358490566,0.4907906558849955
W1_web,0,L3,takeover,score_distinct_bindings,0.047619047619047616,0.09090909090909091,0.0625,0.09433962264150944,0.4766397124887691
W1_web,0,L3,takeover,score_max_request_rate,0.47619047619047616,0.14492753623188406,0.22222222222222224,0.5566037735849056,0.48225516621743036
W1_web,0,L3,takeover,score_burstiness,0.0,0.0,0.0,0.0,0.4579964061096137
W1_web,1,L3,takeover,SICA (proposed),0.043478260869565216,0.3333333333333333,0.07692307692307691,0.019230769230769232,0.8198160535117057
W1_web,1,L3,takeover,pin_ip,1.0,0.6052631578947368,0.7540983606557378,0.14423076923076922,0.9278846153846154
W1_web,1,L3,takeover,pin_prefix24,0.043478260869565216,0.2,0.07142857142857142,0.038461538461538464,0.5025083612040134
W1_web,1,L3,takeover,pin_scope16,0.043478260869565216,0.5,0.08,0.009615384615384616,0.5169314381270903
W1_web,1,L3,takeover,pin_useragent,0.08695652173913043,0.125,0.10256410256410256,0.1346153846153846,0.4761705685618729
W1_web,1,L3,takeover,pin_useragent_core,0.0,0.0,0.0,0.0,0.5
W1_web,1,L3,takeover,pin_ip_or_useragent,1.0,0.48936170212765956,0.6571428571428571,0.23076923076923078,0.8846153846153846
W1_web,1,L3,takeover,pin_ip_and_useragent,0.08695652173913043,0.2857142857142857,0.13333333333333333,0.04807692307692308,0.5194397993311036
W1_web,1,L3,takeover,score_distinct_bindings,0.043478260869565216,0.2,0.07142857142857142,0.038461538461538464,0.5025083612040134
W1_web,1,L3,takeover,score_max_request_rate,0.391304347826087,0.13043478260869565,0.1956521739130435,0.5769230769230769,0.4306020066889632
W1_web,1,L3,takeover,score_burstiness,0.0,0.0,0.0,0.009615384615384616,0.3959030100334448
W1_web,2,L3,takeover,SICA (proposed),0.0,0.0,0.0,0.021052631578947368,0.8694078947368421
W1_web,2,L3,takeover,pin_ip,1.0,0.6808510638297872,0.810126582278481,0.15789473684210525,0.9210526315789473
W1_web,2,L3,takeover,pin_prefix24,0.0625,0.2857142857142857,0.10256410256410256,0.05263157894736842,0.5049342105263158
W1_web,2,L3,takeover,pin_scope16,0.03125,0.3333333333333333,0.05714285714285714,0.021052631578947368,0.5050986842105263
W1_web,2,L3,takeover,pin_useragent,0.03125,0.1111111111111111,0.04878048780487805,0.08421052631578947,0.47351973684210524
W1_web,2,L3,takeover,pin_useragent_core,0.0,0.0,0.0,0.0,0.5
W1_web,2,L3,takeover,pin_ip_or_useragent,1.0,0.6530612244897959,0.7901234567901235,0.17894736842105263,0.9105263157894737
W1_web,2,L3,takeover,pin_ip_and_useragent,0.03125,0.14285714285714285,0.05128205128205128,0.06315789473684211,0.48404605263157896
W1_web,2,L3,takeover,score_distinct_bindings,0.0625,0.2857142857142857,0.10256410256410256,0.05263157894736842,0.5049342105263158
W1_web,2,L3,takeover,score_max_request_rate,0.5625,0.2535211267605634,0.34951456310679613,0.5578947368421052,0.5046052631578948
W1_web,2,L3,takeover,score_burstiness,0.03125,0.5,0.058823529411764705,0.010526315789473684,0.509375
W1_web,3,L3,takeover,SICA (proposed),0.0,0.0,0.0,0.01020408163265306,0.8214285714285714
W1_web,3,L3,takeover,pin_ip,1.0,0.6744186046511628,0.8055555555555556,0.14285714285714285,0.9285714285714286
W1_web,3,L3,takeover,pin_prefix24,0.0,0.0,0.0,0.08163265306122448,0.45918367346938777
W1_web,3,L3,takeover,pin_scope16,0.0,0.0,0.0,0.04081632653061224,0.47959183673469385
W1_web,3,L3,takeover,pin_useragent,0.0,0.0,0.0,0.09183673469387756,0.45408163265306123
W1_web,3,L3,takeover,pin_useragent_core,0.0,0.0,0.0,0.0,0.5
W1_web,3,L3,takeover,pin_ip_or_useragent,1.0,0.6041666666666666,0.7532467532467533,0.19387755102040816,0.9030612244897959
W1_web,3,L3,takeover,pin_ip_and_useragent,0.0,0.0,0.0,0.04081632653061224,0.47959183673469385
W1_web,3,L3,takeover,score_distinct_bindings,0.0,0.0,0.0,0.08163265306122448,0.45918367346938777
W1_web,3,L3,takeover,score_max_request_rate,0.3448275862068966,0.14925373134328357,0.20833333333333331,0.5816326530612245,0.3970795214637579
W1_web,3,L3,takeover,score_burstiness,0.0,0.0,0.0,0.01020408163265306,0.3851161154116819
W1_web,4,L3,takeover,SICA (proposed),0.0,0.0,0.0,0.0,0.8586165048543689
W1_web,4,L3,takeover,pin_ip,1.0,0.5853658536585366,0.7384615384615384,0.1650485436893204,0.9174757281553398
W1_web,4,L3,takeover,pin_prefix24,0.041666666666666664,0.1111111111111111,0.06060606060606061,0.07766990291262135,0.48199838187702265
W1_web,4,L3,takeover,pin_scope16,0.0,0.0,0.0,0.06796116504854369,0.46601941747572817
W1_web,4,L3,takeover,pin_useragent,0.08333333333333333,0.2,0.11764705882352941,0.07766990291262135,0.502831715210356
W1_web,4,L3,takeover,pin_useragent_core,0.0,0.0,0.0,0.0,0.5
W1_web,4,L3,takeover,pin_ip_or_useragent,1.0,0.5714285714285714,0.7272727272727273,0.17475728155339806,0.912621359223301
W1_web,4,L3,takeover,pin_ip_and_useragent,0.08333333333333333,0.2222222222222222,0.12121212121212122,0.06796116504854369,0.5076860841423948
W1_web,4,L3,takeover,score_distinct_bindings,0.041666666666666664,0.1111111111111111,0.06060606060606061,0.07766990291262135,0.48199838187702265
W1_web,4,L3,takeover,score_max_request_rate,0.7083333333333334,0.2361111111111111,0.3541666666666667,0.5339805825242718,0.6084142394822006
W1_web,4,L3,takeover,score_burstiness,0.0,0.0,0.0,0.0,0.5889967637540453
W1_web,5,L3,takeover,SICA (proposed),0.0,0.0,0.0,0.010101010101010102,0.8082611832611832
W1_web,5,L3,takeover,pin_ip,1.0,0.6666666666666666,0.8,0.1414141414141414,0.9292929292929293
W1_web,5,L3,takeover,pin_prefix24,0.0,0.0,0.0,0.06060606060606061,0.4696969696969697
W1_web,5,L3,takeover,pin_scope16,0.0,0.0,0.0,0.020202020202020204,0.4898989898989899
W1_web,5,L3,takeover,pin_useragent,0.03571428571428571,0.07142857142857142,0.047619047619047616,0.13131313131313133,0.4522005772005772
W1_web,5,L3,takeover,pin_useragent_core,0.0,0.0,0.0,0.0,0.5
W1_web,5,L3,takeover,pin_ip_or_useragent,1.0,0.5283018867924528,0.6913580246913581,0.25252525252525254,0.8737373737373737
W1_web,5,L3,takeover,pin_ip_and_useragent,0.03571428571428571,0.3333333333333333,0.06451612903225806,0.020202020202020204,0.5077561327561327
W1_web,5,L3,takeover,score_distinct_bindings,0.0,0.0,0.0,0.06060606060606061,0.4696969696969697
W1_web,5,L3,takeover,score_max_request_rate,0.6785714285714286,0.27941176470588236,0.39583333333333337,0.494949494949495,0.5737734487734488
W1_web,5,L3,takeover,score_burstiness,0.0,0.0,0.0,0.010101010101010102,0.5692640692640693
W1_web,6,L3,takeover,SICA (proposed),0.0,0.0,0.0,0.009345794392523364,0.8733644859813084
W1_web,6,L3,takeover,pin_ip,1.0,0.6451612903225806,0.7843137254901961,0.102803738317757,0.9485981308411215
W1_web,6,L3,takeover,pin_prefix24,0.0,0.0,0.0,0.028037383177570093,0.48598130841121495
W1_web,6,L3,takeover,pin_scope16,0.0,0.0,0.0,0.009345794392523364,0.4953271028037383
W1_web,6,L3,takeover,pin_useragent,0.15,0.23076923076923078,0.18181818181818185,0.09345794392523364,0.5282710280373831
W1_web,6,L3,takeover,pin_useragent_core,0.0,0.0,0.0,0.0,0.5
W1_web,6,L3,takeover,pin_ip_or_useragent,1.0,0.5263157894736842,0.6896551724137931,0.16822429906542055,0.9158878504672897
W1_web,6,L3,takeover,pin_ip_and_useragent,0.15,0.5,0.23076923076923075,0.028037383177570093,0.560981308411215
W1_web,6,L3,takeover,score_distinct_bindings,0.0,0.0,0.0,0.028037383177570093,0.48598130841121495
W1_web,6,L3,takeover,score_max_request_rate,0.5,0.14492753623188406,0.22471910112359553,0.5514018691588785,0.5095794392523364
W1_web,6,L3,takeover,score_burstiness,0.0,0.0,0.0,0.009345794392523364,0.461214953271028
W1_web,7,L3,takeover,SICA (proposed),0.0,0.0,0.0,0.00909090909090909,0.8296791443850268
W1_web,7,L3,takeover,pin_ip,1.0,0.5483870967741935,0.7083333333333333,0.12727272727272726,0.9363636363636364
W1_web,7,L3,takeover,pin_prefix24,0.0,0.0,0.0,0.07272727272727272,0.4636363636363636
W1_web,7,L3,takeover,pin_scope16,0.0,0.0,0.0,0.03636363636363636,0.4818181818181818
W1_web,7,L3,takeover,pin_useragent,0.058823529411764705,0.07142857142857142,0.06451612903225808,0.11818181818181818,0.4703208556149733
W1_web,7,L3,takeover,pin_useragent_core,0.0,0.0,0.0,0.0,0.5
W1_web,7,L3,takeover,pin_ip_or_useragent,1.0,0.425,0.5964912280701754,0.20909090909090908,0.8954545454545455
W1_web,7,L3,takeover,pin_ip_and_useragent,0.058823529411764705,0.2,0.0909090909090909,0.03636363636363636,0.5112299465240642
W1_web,7,L3,takeover,score_distinct_bindings,0.0,0.0,0.0,0.07272727272727272,0.4636363636363636
W1_web,7,L3,takeover,score_max_request_rate,0.5294117647058824,0.1323529411764706,0.21176470588235297,0.5363636363636364,0.5419786096256685
W1_web,7,L3,takeover,score_burstiness,0.0,0.0,0.0,0.0,0.531283422459893
W1_web,8,L3,takeover,SICA (proposed),0.0,0.0,0.0,0.0,0.821764705882353
W1_web,8,L3,takeover,pin_ip,1.0,0.5952380952380952,0.7462686567164178,0.16666666666666666,0.9166666666666666
W1_web,8,L3,takeover,pin_prefix24,0.04,0.125,0.06060606060606061,0.06862745098039216,0.4856862745098039
W1_web,8,L3,takeover,pin_scope16,0.0,0.0,0.0,0.029411764705882353,0.4852941176470588
W1_web,8,L3,takeover,pin_useragent,0.08,0.15384615384615385,0.10526315789473685,0.10784313725490197,0.486078431372549
W1_web,8,L3,takeover,pin_useragent_core,0.0,0.0,0.0,0.0,0.5
W1_web,8,L3,takeover,pin_ip_or_useragent,1.0,0.5434782608695652,0.704225352112676,0.20588235294117646,0.8970588235294118
W1_web,8,L3,takeover,pin_ip_and_useragent,0.08,0.2222222222222222,0.11764705882352941,0.06862745098039216,0.505686274509804
W1_web,8,L3,takeover,score_distinct_bindings,0.04,0.125,0.06060606060606061,0.06862745098039216,0.4856862745098039
W1_web,8,L3,takeover,score_max_request_rate,0.56,0.2028985507246377,0.29787234042553196,0.5392156862745098,0.5266666666666666
W1_web,8,L3,takeover,score_burstiness,0.0,0.0,0.0,0.00980392156862745,0.4590196078431373
W1_web,9,L3,takeover,SICA (proposed),0.0,0.0,0.0,0.019801980198019802,0.8385376999238385
W1_web,9,L3,takeover,pin_ip,1.0,0.6046511627906976,0.7536231884057971,0.16831683168316833,0.9158415841584159
W1_web,9,L3,takeover,pin_prefix24,0.0,0.0,0.0,0.07920792079207921,0.4603960396039604
W1_web,9,L3,takeover,pin_scope16,0.0,0.0,0.0,0.0297029702970297,0.48514851485148514
W1_web,9,L3,takeover,pin_useragent,0.11538461538461539,0.23076923076923078,0.15384615384615388,0.09900990099009901,0.5081873571972582
W1_web,9,L3,takeover,pin_useragent_core,0.0,0.0,0.0,0.0,0.5
W1_web,9,L3,takeover,pin_ip_or_useragent,1.0,0.5416666666666666,0.7027027027027027,0.21782178217821782,0.8910891089108911
W1_web,9,L3,takeover,pin_ip_and_useragent,0.11538461538461539,0.375,0.1764705882352941,0.04950495049504951,0.5329398324447829
W1_web,9,L3,takeover,score_distinct_bindings,0.0,0.0,0.0,0.07920792079207921,0.4603960396039604
W1_web,9,L3,takeover,score_max_request_rate,0.7307692307692307,0.25333333333333335,0.3762376237623763,0.5544554455445545,0.5837776085300838
W1_web,9,L3,takeover,score_burstiness,0.0,0.0,0.0,0.009900990099009901,0.6353769992383854
W1_web,10,L3,takeover,SICA (proposed),0.0,0.0,0.0,0.04854368932038835,0.7572815533980582
W1_web,10,L3,takeover,pin_ip,1.0,0.5,0.6666666666666666,0.23300970873786409,0.883495145631068
W1_web,10,L3,takeover,pin_prefix24,0.0,0.0,0.0,0.1262135922330097,0.4368932038834951
W1_web,10,L3,takeover,pin_scope16,0.0,0.0,0.0,0.05825242718446602,0.470873786407767
W1_web,10,L3,takeover,pin_useragent,0.041666666666666664,0.08333333333333333,0.05555555555555555,0.10679611650485436,0.46743527508090615
W1_web,10,L3,takeover,pin_useragent_core,0.0,0.0,0.0,0.0,0.5
W1_web,10,L3,takeover,pin_ip_or_useragent,1.0,0.47058823529411764,0.6399999999999999,0.2621359223300971,0.8689320388349514
W1_web,10,L3,takeover,pin_ip_and_useragent,0.041666666666666664,0.1111111111111111,0.06060606060606061,0.07766990291262135,0.48199838187702265
W1_web,10,L3,takeover,score_distinct_bindings,0.0,0.0,0.0,0.1262135922330097,0.4368932038834951
W1_web,10,L3,takeover,score_max_request_rate,0.75,0.24324324324324326,0.3673469387755103,0.5436893203883495,0.6063915857605178
W1_web,10,L3,takeover,score_burstiness,0.0,0.0,0.0,0.009708737864077669,0.5995145631067961
W1_web,11,L3,takeover,SICA (proposed),0.05263157894736842,0.25,0.08695652173913043,0.027777777777777776,0.85453216374269
W1_web,11,L3,takeover,pin_ip,1.0,0.5428571428571428,0.7037037037037037,0.14814814814814814,0.9259259259259259
W1_web,11,L3,takeover,pin_prefix24,0.0,0.0,0.0,0.046296296296296294,0.47685185185185186
W1_web,11,L3,takeover,pin_scope16,0.0,0.0,0.0,0.027777777777777776,0.4861111111111111
W1_web,11,L3,takeover,pin_useragent,0.0,0.0,0.0,0.09259259259259259,0.4537037037037037
W1_web,11,L3,takeover,pin_useragent_core,0.0,0.0,0.0,0.0,0.5
W1_web,11,L3,takeover,pin_ip_or_useragent,1.0,0.48717948717948717,0.6551724137931034,0.18518518518518517,0.9074074074074074
W1_web,11,L3,takeover,pin_ip_and_useragent,0.0,0.0,0.0,0.05555555555555555,0.4722222222222222
W1_web,11,L3,takeover,score_distinct_bindings,0.0,0.0,0.0,0.046296296296296294,0.47685185185185186
W1_web,11,L3,takeover,score_max_request_rate,0.5789473684210527,0.16176470588235295,0.25287356321839083,0.5277777777777778,0.5587231968810916
W1_web,11,L3,takeover,score_burstiness,0.0,0.0,0.0,0.009259259259259259,0.47076023391812866
W1_web,12,L3,takeover,SICA (proposed),0.0,0.0,0.0,0.020833333333333332,0.805611559139785
W1_web,12,L3,takeover,pin_ip,1.0,0.6326530612244898,0.775,0.1875,0.90625
W1_web,12,L3,takeover,pin_prefix24,0.03225806451612903,0.07142857142857142,0.044444444444444446,0.13541666666666666,0.4484206989247312
W1_web,12,L3,takeover,pin_scope16,0.0,0.0,0.0,0.041666666666666664,0.4791666666666667
W1_web,12,L3,takeover,pin_useragent,0.03225806451612903,0.07692307692307693,0.045454545454545456,0.125,0.4536290322580645
W1_web,12,L3,takeover,pin_useragent_core,0.0,0.0,0.0,0.0,0.5
W1_web,12,L3,takeover,pin_ip_or_useragent,1.0,0.5849056603773585,0.738095238095238,0.22916666666666666,0.8854166666666666
W1_web,12,L3,takeover,pin_ip_and_useragent,0.03225806451612903,0.1111111111111111,0.049999999999999996,0.08333333333333333,0.47446236559139787
W1_web,12,L3,takeover,score_distinct_bindings,0.03225806451612903,0.07142857142857142,0.044444444444444446,0.13541666666666666,0.4484206989247312
W1_web,12,L3,takeover,score_max_request_rate,0.5483870967741935,0.24285714285714285,0.33663366336633666,0.5520833333333334,0.5314180107526881
W1_web,12,L3,takeover,score_burstiness,0.0,0.0,0.0,0.0,0.4632056451612903
W1_web,13,L3,takeover,SICA (proposed),0.0,0.0,0.0,0.0392156862745098,0.8272549019607843
W1_web,13,L3,takeover,pin_ip,1.0,0.5813953488372093,0.7352941176470588,0.17647058823529413,0.9117647058823529
W1_web,13,L3,takeover,pin_prefix24,0.0,0.0,0.0,0.06862745098039216,0.46568627450980393
W1_web,13,L3,takeover,pin_scope16,0.0,0.0,0.0,0.0392156862745098,0.4803921568627451
W1_web,13,L3,takeover,pin_useragent,0.04,0.09090909090909091,0.05555555555555555,0.09803921568627451,0.47098039215686277
W1_web,13,L3,takeover,pin_useragent_core,0.0,0.0,0.0,0.0,0.5
W1_web,13,L3,takeover,pin_ip_or_useragent,1.0,0.5319148936170213,0.6944444444444444,0.21568627450980393,0.8921568627450981
W1_web,13,L3,takeover,pin_ip_and_useragent,0.04,0.14285714285714285,0.0625,0.058823529411764705,0.49058823529411766
W1_web,13,L3,takeover,score_distinct_bindings,0.0,0.0,0.0,0.06862745098039216,0.46568627450980393
W1_web,13,L3,takeover,score_max_request_rate,0.48,0.17647058823529413,0.25806451612903225,0.5490196078431373,0.4584313725490196
W1_web,13,L3,takeover,score_burstiness,0.0,0.0,0.0,0.00980392156862745,0.45372549019607844
W1_web,14,L3,takeover,SICA (proposed),0.0,0.0,0.0,0.0297029702970297,0.8688118811881188
W1_web,14,L3,takeover,pin_ip,1.0,0.6842105263157895,0.8125000000000001,0.1188118811881188,0.9405940594059405
W1_web,14,L3,takeover,pin_prefix24,0.0,0.0,0.0,0.07920792079207921,0.4603960396039604
W1_web,14,L3,takeover,pin_scope16,0.0,0.0,0.0,0.039603960396039604,0.4801980198019802
W1_web,14,L3,takeover,pin_useragent,0.038461538461538464,0.125,0.058823529411764705,0.06930693069306931,0.4845773038842346
W1_web,14,L3,takeover,pin_useragent_core,0.0,0.0,0.0,0.0,0.5
W1_web,14,L3,takeover,pin_ip_or_useragent,1.0,0.6046511627906976,0.7536231884057971,0.16831683168316833,0.9158415841584159
W1_web,14,L3,takeover,pin_ip_and_useragent,0.038461538461538464,0.3333333333333333,0.06896551724137931,0.019801980198019802,0.5093297791317594
W1_web,14,L3,takeover,score_distinct_bindings,0.0,0.0,0.0,0.07920792079207921,0.4603960396039604
W1_web,14,L3,takeover,score_max_request_rate,0.5,0.18840579710144928,0.2736842105263158,0.5544554455445545,0.4737242955064737
W1_web,14,L3,takeover,score_burstiness,0.038461538461538464,0.5,0.07142857142857144,0.009900990099009901,0.4190784463061691
W1_web,15,L3,takeover,SICA (proposed),0.0,0.0,0.0,0.010101010101010102,0.8773448773448773
W1_web,15,L3,takeover,pin_ip,1.0,0.717948717948718,0.835820895522388,0.1111111111111111,0.9444444444444444
W1_web,15,L3,takeover,pin_prefix24,0.07142857142857142,0.2222222222222222,0.10810810810810811,0.0707070707070707,0.5003607503607503
W1_web,15,L3,takeover,pin_scope16,0.03571428571428571,0.25,0.0625,0.030303030303030304,0.5027056277056277
W1_web,15,L3,takeover,pin_useragent,0.10714285714285714,0.25,0.15,0.09090909090909091,0.5081168831168831
W1_web,15,L3,takeover,pin_useragent_core,0.0,0.0,0.0,0.0,0.5
W1_web,15,L3,takeover,pin_ip_or_useragent,1.0,0.6363636363636364,0.7777777777777778,0.16161616161616163,0.9191919191919192
W1_web,15,L3,takeover,pin_ip_and_useragent,0.10714285714285714,0.42857142857142855,0.17142857142857143,0.04040404040404041,0.5333694083694084
W1_web,15,L3,takeover,score_distinct_bindings,0.07142857142857142,0.2222222222222222,0.10810810810810811,0.0707070707070707,0.5003607503607503
W1_web,15,L3,takeover,score_max_request_rate,0.5714285714285714,0.2222222222222222,0.32,0.5656565656565656,0.5432900432900433
W1_web,15,L3,takeover,score_burstiness,0.03571428571428571,0.5,0.06666666666666667,0.010101010101010102,0.5182178932178932
W1_web,16,L3,takeover,SICA (proposed),0.0,0.0,0.0,0.019230769230769232,0.8641304347826086
W1_web,16,L3,takeover,pin_ip,1.0,0.6216216216216216,0.7666666666666667,0.1346153846153846,0.9326923076923077
W1_web,16,L3,takeover,pin_prefix24,0.043478260869565216,0.1,0.06060606060606061,0.08653846153846154,0.4784698996655518
W1_web,16,L3,takeover,pin_scope16,0.0,0.0,0.0,0.038461538461538464,0.4807692307692308
W1_web,16,L3,takeover,pin_useragent,0.043478260869565216,0.125,0.06451612903225806,0.0673076923076923,0.48808528428093645
W1_web,16,L3,takeover,pin_useragent_core,0.0,0.0,0.0,0.0,0.5
W1_web,16,L3,takeover,pin_ip_or_useragent,1.0,0.5897435897435898,0.7419354838709677,0.15384615384615385,0.9230769230769231
W1_web,16,L3,takeover,pin_ip_and_useragent,0.043478260869565216,0.16666666666666666,0.06896551724137931,0.04807692307692308,0.4977006688963211
W1_web,16,L3,takeover,score_distinct_bindings,0.043478260869565216,0.1,0.06060606060606061,0.08653846153846154,0.4784698996655518
W1_web,16,L3,takeover,score_max_request_rate,0.4782608695652174,0.16923076923076924,0.25000000000000006,0.5192307692307693,0.5236204013377926
W1_web,16,L3,takeover,score_burstiness,0.0,0.0,0.0,0.0,0.453804347826087
W1_web,17,L3,takeover,SICA (proposed),0.0,0.0,0.0,0.009708737864077669,0.7912621359223301
W1_web,17,L3,takeover,pin_ip,1.0,0.5333333333333333,0.6956521739130436,0.20388349514563106,0.8980582524271845
W1_web,17,L3,takeover,pin_prefix24,0.0,0.0,0.0,0.0970873786407767,0.45145631067961167
W1_web,17,L3,takeover,pin_scope16,0.0,0.0,0.0,0.02912621359223301,0.4854368932038835
W1_web,17,L3,takeover,pin_useragent,0.0,0.0,0.0,0.10679611650485436,0.44660194174757284
W1_web,17,L3,takeover,pin_useragent_core,0.0,0.0,0.0,0.0,0.5
W1_web,17,L3,takeover,pin_ip_or_useragent,1.0,0.48,0.6486486486486487,0.2524271844660194,0.8737864077669902
W1_web,17,L3,takeover,pin_ip_and_useragent,0.0,0.0,0.0,0.05825242718446602,0.470873786407767
W1_web,17,L3,takeover,score_distinct_bindings,0.0,0.0,0.0,0.0970873786407767,0.45145631067961167
W1_web,17,L3,takeover,score_max_request_rate,0.5416666666666666,0.19402985074626866,0.2857142857142857,0.5242718446601942,0.5105177993527508
W1_web,17,L3,takeover,score_burstiness,0.0,0.0,0.0,0.009708737864077669,0.46743527508090615
W1_web,18,L3,takeover,SICA (proposed),0.0,0.0,0.0,0.01020408163265306,0.8768472906403941
W1_web,18,L3,takeover,pin_ip,1.0,0.725,0.8405797101449275,0.11224489795918367,0.9438775510204082
W1_web,18,L3,takeover,pin_prefix24,0.0,0.0,0.0,0.07142857142857142,0.4642857142857143
W1_web,18,L3,takeover,pin_scope16,0.0,0.0,0.0,0.030612244897959183,0.4846938775510204
W1_web,18,L3,takeover,pin_useragent,0.10344827586206896,0.2727272727272727,0.15,0.08163265306122448,0.5109078114004222
W1_web,18,L3,takeover,pin_useragent_core,0.0,0.0,0.0,0.0,0.5
W1_web,18,L3,takeover,pin_ip_or_useragent,1.0,0.6744186046511628,0.8055555555555556,0.14285714285714285,0.9285714285714286
W1_web,18,L3,takeover,pin_ip_and_useragent,0.10344827586206896,0.375,0.16216216216216217,0.05102040816326531,0.5262139338494018
W1_web,18,L3,takeover,score_distinct_bindings,0.0,0.0,0.0,0.07142857142857142,0.4642857142857143
W1_web,18,L3,takeover,score_max_request_rate,0.5862068965517241,0.24285714285714285,0.3434343434343434,0.5408163265306123,0.5455665024630542
W1_web,18,L3,takeover,score_burstiness,0.0,0.0,0.0,0.01020408163265306,0.47765657987332866
W1_web,19,L3,takeover,SICA (proposed),0.0,0.0,0.0,0.038834951456310676,0.8398058252427184
W1_web,19,L3,takeover,pin_ip,1.0,0.6,0.7499999999999999,0.1553398058252427,0.9223300970873787
W1_web,19,L3,takeover,pin_prefix24,0.0,0.0,0.0,0.06796116504854369,0.46601941747572817
W1_web,19,L3,takeover,pin_scope16,0.0,0.0,0.0,0.019417475728155338,0.49029126213592233
W1_web,19,L3,takeover,pin_useragent,0.08333333333333333,0.18181818181818182,0.1142857142857143,0.08737864077669903,0.49797734627831713
W1_web,19,L3,takeover,pin_useragent_core,0.0,0.0,0.0,0.0,0.5
W1_web,19,L3,takeover,pin_ip_or_useragent,1.0,0.5333333333333333,0.6956521739130436,0.20388349514563106,0.8980582524271845
W1_web,19,L3,takeover,pin_ip_and_useragent,0.08333333333333333,0.3333333333333333,0.13333333333333333,0.038834951456310676,0.5222491909385113
W1_web,19,L3,takeover,score_distinct_bindings,0.0,0.0,0.0,0.06796116504854369,0.46601941747572817
W1_web,19,L3,takeover,score_max_request_rate,0.5,0.17647058823529413,0.2608695652173913,0.5436893203883495,0.5064724919093851
W1_web,19,L3,takeover,score_burstiness,0.0,0.0,0.0,0.009708737864077669,0.49211165048543687
W1_web,0,L3,concurrent,SICA (proposed),0.05555555555555555,0.3333333333333333,0.09523809523809525,0.01834862385321101,0.9663608562691132
W1_web,0,L3,concurrent,pin_ip,1.0,0.46153846153846156,0.631578947368421,0.1926605504587156,0.9036697247706422
W1_web,0,L3,concurrent,pin_prefix24,0.05555555555555555,0.09090909090909091,0.06896551724137931,0.09174311926605505,0.48190621814475026
W1_web,0,L3,concurrent,pin_scope16,0.05555555555555555,0.25,0.0909090909090909,0.027522935779816515,0.5140163098878695
W1_web,0,L3,concurrent,pin_useragent,0.1111111111111111,0.125,0.11764705882352941,0.12844036697247707,0.49133537206931704
W1_web,0,L3,concurrent,pin_useragent_core,0.0,0.0,0.0,0.0,0.5
W1_web,0,L3,concurrent,pin_ip_or_useragent,1.0,0.391304347826087,0.5625,0.25688073394495414,0.8715596330275229
W1_web,0,L3,concurrent,pin_ip_and_useragent,0.1111111111111111,0.2222222222222222,0.14814814814814814,0.06422018348623854,0.5234454638124363
W1_web,0,L3,concurrent,score_distinct_bindings,0.05555555555555555,0.09090909090909091,0.06896551724137931,0.09174311926605505,0.48190621814475026
W1_web,0,L3,concurrent,score_max_request_rate,0.3333333333333333,0.09230769230769231,0.14457831325301207,0.5412844036697247,0.41106014271151886
W1_web,0,L3,concurrent,score_burstiness,0.0,0.0,0.0,0.0,0.37640163098878693
W1_web,1,L3,concurrent,SICA (proposed),0.21428571428571427,0.6,0.3157894736842105,0.017699115044247787,0.963653603034134
W1_web,1,L3,concurrent,pin_ip,1.0,0.45161290322580644,0.6222222222222222,0.1504424778761062,0.9247787610619469
W1_web,1,L3,concurrent,pin_prefix24,0.07142857142857142,0.16666666666666666,0.1,0.04424778761061947,0.5135903919089759
W1_web,1,L3,concurrent,pin_scope16,0.07142857142857142,0.5,0.125,0.008849557522123894,0.5312895069532237
W1_web,1,L3,concurrent,pin_useragent,0.14285714285714285,0.1,0.11764705882352941,0.1592920353982301,0.4917825537294564
W1_web,1,L3,concurrent,pin_useragent_core,0.0,0.0,0.0,0.008849557522123894,0.49557522123893805
W1_web,1,L3,concurrent,pin_ip_or_useragent,1.0,0.3333333333333333,0.5,0.24778761061946902,0.8761061946902655
W1_web,1,L3,concurrent,pin_ip_and_useragent,0.14285714285714285,0.2222222222222222,0.17391304347826086,0.061946902654867256,0.5404551201011378
W1_web,1,L3,concurrent,score_distinct_bindings,0.07142857142857142,0.14285714285714285,0.09523809523809523,0.05309734513274336,0.5091656131479141
W1_web,1,L3,concurrent,score_max_request_rate,0.6428571428571429,0.1267605633802817,0.21176470588235297,0.5486725663716814,0.5730088495575221
W1_web,1,L3,concurrent,score_burstiness,0.0,0.0,0.0,0.008849557522123894,0.5584702907711757
W1_web,2,L3,concurrent,SICA (proposed),0.07407407407407407,0.5,0.12903225806451613,0.02,0.9705555555555555
W1_web,2,L3,concurrent,pin_ip,1.0,0.6428571428571429,0.782608695652174,0.15,0.925
W1_web,2,L3,concurrent,pin_prefix24,0.1111111111111111,0.375,0.17142857142857143,0.05,0.5305555555555556
W1_web,2,L3,concurrent,pin_scope16,0.037037037037037035,0.3333333333333333,0.06666666666666667,0.02,0.5085185185185185
W1_web,2,L3,concurrent,pin_useragent,0.07407407407407407,0.18181818181818182,0.10526315789473684,0.09,0.49203703703703705
W1_web,2,L3,concurrent,pin_useragent_core,0.0,0.0,0.0,0.0,0.5
W1_web,2,L3,concurrent,pin_ip_or_useragent,1.0,0.6,0.7499999999999999,0.18,0.91
W1_web,2,L3,concurrent,pin_ip_and_useragent,0.07407407407407407,0.25,0.11428571428571428,0.06,0.5070370370370371
W1_web,2,L3,concurrent,score_distinct_bindings,0.1111111111111111,0.375,0.17142857142857143,0.05,0.5305555555555556
W1_web,2,L3,concurrent,score_max_request_rate,0.48148148148148145,0.19696969696969696,0.27956989247311825,0.53,0.49462962962962964
W1_web,2,L3,concurrent,score_burstiness,0.0,0.0,0.0,0.01,0.4311111111111111
W1_web,3,L3,concurrent,SICA (proposed),0.0,0.0,0.0,0.009259259259259259,0.9629629629629629
W1_web,3,L3,concurrent,pin_ip,1.0,0.5428571428571428,0.7037037037037037,0.14814814814814814,0.9259259259259259
W1_web,3,L3,concurrent,pin_prefix24,0.10526315789473684,0.18181818181818182,0.13333333333333333,0.08333333333333333,0.5109649122807017
W1_web,3,L3,concurrent,pin_scope16,0.0,0.0,0.0,0.037037037037037035,0.48148148148148145
W1_web,3,L3,concurrent,pin_useragent,0.05263157894736842,0.09090909090909091,0.06666666666666667,0.09259259259259259,0.4800194931773879
W1_web,3,L3,concurrent,pin_useragent_core,0.0,0.0,0.0,0.0,0.5
W1_web,3,L3,concurrent,pin_ip_or_useragent,1.0,0.4634146341463415,0.6333333333333334,0.2037037037037037,0.8981481481481481
W1_web,3,L3,concurrent,pin_ip_and_useragent,0.05263157894736842,0.2,0.08333333333333333,0.037037037037037035,0.5077972709551657
W1_web,3,L3,concurrent,score_distinct_bindings,0.10526315789473684,0.18181818181818182,0.13333333333333333,0.08333333333333333,0.5109649122807017
W1_web,3,L3,concurrent,score_max_request_rate,0.3684210526315789,0.10294117647058823,0.16091954022988503,0.5648148148148148,0.4668615984405458
W1_web,3,L3,concurrent,score_burstiness,0.05263157894736842,0.5,0.09523809523809525,0.009259259259259259,0.4378654970760234
W1_web,4,L3,concurrent,SICA (proposed),0.15789473684210525,1.0,0.2727272727272727,0.0,0.9615009746588694
W1_web,4,L3,concurrent,pin_ip,1.0,0.5277777777777778,0.6909090909090909,0.1574074074074074,0.9212962962962963
W1_web,4,L3,concurrent,pin_prefix24,0.05263157894736842,0.1111111111111111,0.07142857142857142,0.07407407407407407,0.48927875243664715
W1_web,4,L3,concurrent,pin_scope16,0.0,0.0,0.0,0.06481481481481481,0.4675925925925926
W1_web,4,L3,concurrent,pin_useragent,0.15789473684210525,0.2727272727272727,0.19999999999999998,0.07407407407407407,0.5419103313840156
W1_web,4,L3,concurrent,pin_useragent_core,0.0,0.0,0.0,0.0,0.5
W1_web,4,L3,concurrent,pin_ip_or_useragent,1.0,0.5135135135135135,0.6785714285714285,0.16666666666666666,0.9166666666666666
W1_web,4,L3,concurrent,pin_ip_and_useragent,0.15789473684210525,0.3,0.20689655172413793,0.06481481481481481,0.5465399610136452
W1_web,4,L3,concurrent,score_distinct_bindings,0.05263157894736842,0.1111111111111111,0.07142857142857142,0.07407407407407407,0.48927875243664715
W1_web,4,L3,concurrent,score_max_request_rate,0.5789473684210527,0.16176470588235295,0.25287356321839083,0.5277777777777778,0.5353313840155945
W1_web,4,L3,concurrent,score_burstiness,0.0,0.0,0.0,0.009259259259259259,0.48806042884990253
W1_web,5,L3,concurrent,SICA (proposed),0.0,0.0,0.0,0.009615384615384616,0.967391304347826
W1_web,5,L3,concurrent,pin_ip,1.0,0.6052631578947368,0.7540983606557378,0.14423076923076922,0.9278846153846154
W1_web,5,L3,concurrent,pin_prefix24,0.0,0.0,0.0,0.0673076923076923,0.46634615384615385
W1_web,5,L3,concurrent,pin_scope16,0.0,0.0,0.0,0.028846153846153848,0.4855769230769231
W1_web,5,L3,concurrent,pin_useragent,0.043478260869565216,0.07142857142857142,0.05405405405405405,0.125,0.4592391304347826
W1_web,5,L3,concurrent,pin_useragent_core,0.0,0.0,0.0,0.0,0.5
W1_web,5,L3,concurrent,pin_ip_or_useragent,1.0,0.46938775510204084,0.6388888888888888,0.25,0.875
W1_web,5,L3,concurrent,pin_ip_and_useragent,0.043478260869565216,0.3333333333333333,0.07692307692307691,0.019230769230769232,0.512123745819398
W1_web,5,L3,concurrent,score_distinct_bindings,0.0,0.0,0.0,0.0673076923076923,0.46634615384615385
W1_web,5,L3,concurrent,score_max_request_rate,0.4782608695652174,0.1746031746031746,0.2558139534883721,0.5,0.5033444816053512
W1_web,5,L3,concurrent,score_burstiness,0.0,0.0,0.0,0.009615384615384616,0.47408026755852845
W1_web,6,L3,concurrent,SICA (proposed),0.13333333333333333,0.6666666666666666,0.2222222222222222,0.008928571428571428,0.9785714285714285
W1_web,6,L3,concurrent,pin_ip,1.0,0.5769230769230769,0.7317073170731707,0.09821428571428571,0.9508928571428571
W1_web,6,L3,concurrent,pin_prefix24,0.06666666666666667,0.25,0.10526315789473685,0.026785714285714284,0.5199404761904762
W1_web,6,L3,concurrent,pin_scope16,0.06666666666666667,0.5,0.11764705882352941,0.008928571428571428,0.5288690476190476
W1_web,6,L3,concurrent,pin_useragent,0.2,0.23076923076923078,0.21428571428571427,0.08928571428571429,0.5553571428571429
W1_web,6,L3,concurrent,pin_useragent_core,0.0,0.0,0.0,0.0,0.5
W1_web,6,L3,concurrent,pin_ip_or_useragent,1.0,0.45454545454545453,0.625,0.16071428571428573,0.9196428571428571
W1_web,6,L3,concurrent,pin_ip_and_useragent,0.2,0.5,0.28571428571428575,0.026785714285714284,0.5866071428571429
W1_web,6,L3,concurrent,score_distinct_bindings,0.06666666666666667,0.25,0.10526315789473685,0.026785714285714284,0.5199404761904762
W1_web,6,L3,concurrent,score_max_request_rate,0.6,0.13043478260869565,0.21428571428571427,0.5357142857142857,0.59375
W1_web,6,L3,concurrent,score_burstiness,0.0,0.0,0.0,0.008928571428571428,0.5238095238095238
W1_web,7,L3,concurrent,SICA (proposed),0.0,0.0,0.0,0.008695652173913044,0.9565217391304348
W1_web,7,L3,concurrent,pin_ip,1.0,0.4444444444444444,0.6153846153846153,0.13043478260869565,0.9347826086956522
W1_web,7,L3,concurrent,pin_prefix24,0.0,0.0,0.0,0.06956521739130435,0.4652173913043478
W1_web,7,L3,concurrent,pin_scope16,0.0,0.0,0.0,0.034782608695652174,0.4826086956521739
W1_web,7,L3,concurrent,pin_useragent,0.0,0.0,0.0,0.12173913043478261,0.4391304347826087
W1_web,7,L3,concurrent,pin_useragent_core,0.0,0.0,0.0,0.0,0.5
W1_web,7,L3,concurrent,pin_ip_or_useragent,1.0,0.32432432432432434,0.489795918367347,0.21739130434782608,0.8913043478260869
W1_web,7,L3,concurrent,pin_ip_and_useragent,0.0,0.0,0.0,0.034782608695652174,0.4826086956521739
W1_web,7,L3,concurrent,score_distinct_bindings,0.0,0.0,0.0,0.06956521739130435,0.4652173913043478
W1_web,7,L3,concurrent,score_max_request_rate,0.4166666666666667,0.07575757575757576,0.12820512820512822,0.5304347826086957,0.5409420289855073
W1_web,7,L3,concurrent,score_burstiness,0.0,0.0,0.0,0.008695652173913044,0.425
W1_web,8,L3,concurrent,SICA (proposed),0.14285714285714285,1.0,0.25,0.0,0.97724399494311
W1_web,8,L3,concurrent,pin_ip,1.0,0.45161290322580644,0.6222222222222222,0.1504424778761062,0.9247787610619469
W1_web,8,L3,concurrent,pin_prefix24,0.07142857142857142,0.125,0.09090909090909091,0.061946902654867256,0.5047408343868521
W1_web,8,L3,concurrent,pin_scope16,0.0,0.0,0.0,0.02654867256637168,0.48672566371681414
W1_web,8,L3,concurrent,pin_useragent,0.21428571428571427,0.21428571428571427,0.21428571428571427,0.09734513274336283,0.5584702907711757
W1_web,8,L3,concurrent,pin_useragent_core,0.0,0.0,0.0,0.0,0.5
W1_web,8,L3,concurrent,pin_ip_or_useragent,1.0,0.4,0.5714285714285715,0.18584070796460178,0.9070796460176991
W1_web,8,L3,concurrent,pin_ip_and_useragent,0.21428571428571427,0.3,0.25,0.061946902654867256,0.5761694058154235
W1_web,8,L3,concurrent,score_distinct_bindings,0.07142857142857142,0.125,0.09090909090909091,0.061946902654867256,0.5047408343868521
W1_web,8,L3,concurrent,score_max_request_rate,0.6428571428571429,0.1323529411764706,0.21951219512195122,0.5221238938053098,0.5976611883691529
W1_web,8,L3,concurrent,score_burstiness,0.0,0.0,0.0,0.008849557522123894,0.5192793931731985
W1_web,9,L3,concurrent,SICA (proposed),0.11764705882352941,0.5,0.19047619047619047,0.01818181818181818,0.9705882352941176
W1_web,9,L3,concurrent,pin_ip,1.0,0.4857142857142857,0.6538461538461539,0.16363636363636364,0.9181818181818182
W1_web,9,L3,concurrent,pin_prefix24,0.0,0.0,0.0,0.08181818181818182,0.4590909090909091
W1_web,9,L3,concurrent,pin_scope16,0.0,0.0,0.0,0.02727272727272727,0.4863636363636364
W1_web,9,L3,concurrent,pin_useragent,0.17647058823529413,0.23076923076923078,0.20000000000000004,0.09090909090909091,0.5427807486631016
W1_web,9,L3,concurrent,pin_useragent_core,0.0,0.0,0.0,0.0,0.5
W1_web,9,L3,concurrent,pin_ip_or_useragent,1.0,0.425,0.5964912280701754,0.20909090909090908,0.8954545454545455
W1_web,9,L3,concurrent,pin_ip_and_useragent,0.17647058823529413,0.375,0.24,0.045454545454545456,0.5655080213903744
W1_web,9,L3,concurrent,score_distinct_bindings,0.0,0.0,0.0,0.08181818181818182,0.4590909090909091
W1_web,9,L3,concurrent,score_max_request_rate,0.5294117647058824,0.1323529411764706,0.21176470588235297,0.5363636363636364,0.536096256684492
W1_web,9,L3,concurrent,score_burstiness,0.0,0.0,0.0,0.00909090909090909,0.45240641711229945
W1_web,10,L3,concurrent,SICA (proposed),0.0,0.0,0.0,0.04716981132075472,0.9258760107816711
W1_web,10,L3,concurrent,pin_ip,1.0,0.45652173913043476,0.626865671641791,0.2358490566037736,0.8820754716981132
W1_web,10,L3,concurrent,pin_prefix24,0.0,0.0,0.0,0.1320754716981132,0.4339622641509434
W1_web,10,L3,concurrent,pin_scope16,0.0,0.0,0.0,0.05660377358490566,0.4716981132075472
W1_web,10,L3,concurrent,pin_useragent,0.09523809523809523,0.15384615384615385,0.11764705882352941,0.10377358490566038,0.49573225516621744
W1_web,10,L3,concurrent,pin_useragent_core,0.0,0.0,0.0,0.0,0.5
W1_web,10,L3,concurrent,pin_ip_or_useragent,1.0,0.42857142857142855,0.6,0.2641509433962264,0.8679245283018868
W1_web,10,L3,concurrent,pin_ip_and_useragent,0.09523809523809523,0.2,0.12903225806451613,0.07547169811320754,0.5098831985624438
W1_web,10,L3,concurrent,score_distinct_bindings,0.0,0.0,0.0,0.1320754716981132,0.4339622641509434
W1_web,10,L3,concurrent,score_max_request_rate,0.6190476190476191,0.18840579710144928,0.2888888888888889,0.5283018867924528,0.5882749326145552
W1_web,10,L3,concurrent,score_burstiness,0.0,0.0,0.0,0.009433962264150943,0.5880503144654088
W1_web,11,L3,concurrent,SICA (proposed),0.8461538461538461,0.7333333333333333,0.7857142857142856,0.03508771929824561,0.9699730094466936
W1_web,11,L3,concurrent,pin_ip,1.0,0.41935483870967744,0.5909090909090909,0.15789473684210525,0.9210526315789473
W1_web,11,L3,concurrent,pin_prefix24,0.07692307692307693,0.14285714285714285,0.1,0.05263157894736842,0.5121457489878543
W1_web,11,L3,concurrent,pin_scope16,0.0,0.0,0.0,0.02631578947368421,0.4868421052631579
W1_web,11,L3,concurrent,pin_useragent,0.15384615384615385,0.16666666666666666,0.16,0.08771929824561403,0.5330634278002699
W1_web,11,L3,concurrent,pin_useragent_core,0.0,0.0,0.0,0.0,0.5
W1_web,11,L3,concurrent,pin_ip_or_useragent,1.0,0.37142857142857144,0.5416666666666666,0.19298245614035087,0.9035087719298246
W1_web,11,L3,concurrent,pin_ip_and_useragent,0.15384615384615385,0.25,0.1904761904761905,0.05263157894736842,0.5506072874493927
W1_web,11,L3,concurrent,score_distinct_bindings,0.07692307692307693,0.14285714285714285,0.1,0.05263157894736842,0.5121457489878543
W1_web,11,L3,concurrent,score_max_request_rate,0.8461538461538461,0.15714285714285714,0.26506024096385544,0.5175438596491229,0.6562078272604588
W1_web,11,L3,concurrent,score_burstiness,0.0,0.0,0.0,0.008771929824561403,0.6153846153846154
W1_web,12,L3,concurrent,SICA (proposed),0.0,0.0,0.0,0.020202020202020204,0.9282106782106783
W1_web,12,L3,concurrent,pin_ip,1.0,0.5957446808510638,0.7466666666666666,0.1919191919191919,0.9040404040404041
W1_web,12,L3,concurrent,pin_prefix24,0.0,0.0,0.0,0.1414141414141414,0.4292929292929293
W1_web,12,L3,concurrent,pin_scope16,0.0,0.0,0.0,0.04040404040404041,0.4797979797979798
W1_web,12,L3,concurrent,pin_useragent,0.03571428571428571,0.06666666666666667,0.046511627906976744,0.1414141414141414,0.44715007215007213
W1_web,12,L3,concurrent,pin_useragent_core,0.0,0.0,0.0,0.0,0.5
W1_web,12,L3,concurrent,pin_ip_or_useragent,1.0,0.5384615384615384,0.7000000000000001,0.24242424242424243,0.8787878787878788
W1_web,12,L3,concurrent,pin_ip_and_useragent,0.03571428571428571,0.1,0.05263157894736841,0.09090909090909091,0.4724025974025974
W1_web,12,L3,concurrent,score_distinct_bindings,0.0,0.0,0.0,0.1414141414141414,0.4292929292929293
W1_web,12,L3,concurrent,score_max_request_rate,0.5357142857142857,0.21739130434782608,0.30927835051546393,0.5454545454545454,0.5122655122655123
W1_web,12,L3,concurrent,score_burstiness,0.0,0.0,0.0,0.0,0.4514790764790765
W1_web,13,L3,concurrent,SICA (proposed),0.9130434782608695,0.84,0.8749999999999999,0.038461538461538464,0.9661371237458194
W1_web,13,L3,concurrent,pin_ip,1.0,0.5609756097560976,0.71875,0.17307692307692307,0.9134615384615384
W1_web,13,L3,concurrent,pin_prefix24,0.08695652173913043,0.2222222222222222,0.125,0.0673076923076923,0.509824414715719
W1_web,13,L3,concurrent,pin_scope16,0.0,0.0,0.0,0.038461538461538464,0.4807692307692308
W1_web,13,L3,concurrent,pin_useragent,0.13043478260869565,0.23076923076923078,0.16666666666666669,0.09615384615384616,0.5171404682274248
W1_web,13,L3,concurrent,pin_useragent_core,0.0,0.0,0.0,0.0,0.5
W1_web,13,L3,concurrent,pin_ip_or_useragent,1.0,0.5111111111111111,0.676470588235294,0.21153846153846154,0.8942307692307693
W1_web,13,L3,concurrent,pin_ip_and_useragent,0.13043478260869565,0.3333333333333333,0.18750000000000003,0.057692307692307696,0.5363712374581939
W1_web,13,L3,concurrent,score_distinct_bindings,0.08695652173913043,0.2222222222222222,0.125,0.0673076923076923,0.509824414715719
W1_web,13,L3,concurrent,score_max_request_rate,0.5652173913043478,0.18840579710144928,0.2826086956521739,0.5384615384615384,0.518185618729097
W1_web,13,L3,concurrent,score_burstiness,0.0,0.0,0.0,0.009615384615384616,0.48265050167224083
W1_web,14,L3,concurrent,SICA (proposed),0.0,0.0,0.0,0.02830188679245283,0.9582210242587601
W1_web,14,L3,concurrent,pin_ip,1.0,0.6363636363636364,0.7777777777777778,0.11320754716981132,0.9433962264150944
W1_web,14,L3,concurrent,pin_prefix24,0.0,0.0,0.0,0.07547169811320754,0.46226415094339623
W1_web,14,L3,concurrent,pin_scope16,0.0,0.0,0.0,0.03773584905660377,0.4811320754716981
W1_web,14,L3,concurrent,pin_useragent,0.047619047619047616,0.125,0.06896551724137931,0.0660377358490566,0.4907906558849955
W1_web,14,L3,concurrent,pin_useragent_core,0.0,0.0,0.0,0.0,0.5
W1_web,14,L3,concurrent,pin_ip_or_useragent,1.0,0.5526315789473685,0.711864406779661,0.16037735849056603,0.9198113207547169
W1_web,14,L3,concurrent,pin_ip_and_useragent,0.047619047619047616,0.3333333333333333,0.08333333333333333,0.018867924528301886,0.5143755615453729
W1_web,14,L3,concurrent,score_distinct_bindings,0.0,0.0,0.0,0.07547169811320754,0.46226415094339623
W1_web,14,L3,concurrent,score_max_request_rate,0.5238095238095238,0.16176470588235295,0.24719101123595508,0.5377358490566038,0.5260557053009883
W1_web,14,L3,concurrent,score_burstiness,0.047619047619047616,0.5,0.08695652173913042,0.009433962264150943,0.472596585804133
W1_web,15,L3,concurrent,SICA (proposed),0.043478260869565216,0.5,0.08,0.009615384615384616,0.9621655518394648
W1_web,15,L3,concurrent,pin_ip,1.0,0.6571428571428571,0.7931034482758621,0.11538461538461539,0.9423076923076923
W1_web,15,L3,concurrent,pin_prefix24,0.13043478260869565,0.3,0.18181818181818182,0.0673076923076923,0.5315635451505016
W1_web,15,L3,concurrent,pin_scope16,0.08695652173913043,0.4,0.14285714285714285,0.028846153846153848,0.5290551839464883
W1_web,15,L3,concurrent,pin_useragent,0.17391304347826086,0.2857142857142857,0.2162162162162162,0.09615384615384616,0.5388795986622074
W1_web,15,L3,concurrent,pin_useragent_core,0.0,0.0,0.0,0.0,0.5
W1_web,15,L3,concurrent,pin_ip_or_useragent,1.0,0.575,0.7301587301587301,0.16346153846153846,0.9182692307692307
W1_web,15,L3,concurrent,pin_ip_and_useragent,0.17391304347826086,0.4444444444444444,0.25,0.04807692307692308,0.5629180602006689
W1_web,15,L3,concurrent,score_distinct_bindings,0.13043478260869565,0.3,0.18181818181818182,0.0673076923076923,0.5315635451505016
W1_web,15,L3,concurrent,score_max_request_rate,0.5652173913043478,0.18571428571428572,0.27956989247311825,0.5480769230769231,0.5608277591973244
W1_web,15,L3,concurrent,score_burstiness,0.0,0.0,0.0,0.009615384615384616,0.509824414715719
W1_web,16,L3,concurrent,SICA (proposed),0.0,0.0,0.0,0.018691588785046728,0.9759345794392523
W1_web,16,L3,concurrent,pin_ip,1.0,0.5882352941176471,0.7407407407407407,0.1308411214953271,0.9345794392523364
W1_web,16,L3,concurrent,pin_prefix24,0.1,0.18181818181818182,0.12903225806451613,0.08411214953271028,0.5079439252336448
W1_web,16,L3,concurrent,pin_scope16,0.05,0.2,0.08000000000000002,0.037383177570093455,0.5063084112149533
W1_web,16,L3,concurrent,pin_useragent,0.05,0.125,0.07142857142857144,0.06542056074766354,0.49228971962616824
W1_web,16,L3,concurrent,pin_useragent_core,0.0,0.0,0.0,0.0,0.5
W1_web,16,L3,concurrent,pin_ip_or_useragent,1.0,0.5555555555555556,0.7142857142857143,0.14953271028037382,0.9252336448598131
W1_web,16,L3,concurrent,pin_ip_and_useragent,0.05,0.16666666666666666,0.07692307692307691,0.04672897196261682,0.5016355140186916
W1_web,16,L3,concurrent,score_distinct_bindings,0.1,0.18181818181818182,0.12903225806451613,0.08411214953271028,0.5079439252336448
W1_web,16,L3,concurrent,score_max_request_rate,0.45,0.140625,0.2142857142857143,0.514018691588785,0.544392523364486
W1_web,16,L3,concurrent,score_burstiness,0.0,0.0,0.0,0.0,0.47757009345794393
W1_web,17,L3,concurrent,SICA (proposed),0.0,0.0,0.0,0.009259259259259259,0.9351851851851852
W1_web,17,L3,concurrent,pin_ip,1.0,0.4634146341463415,0.6333333333333334,0.2037037037037037,0.8981481481481481
W1_web,17,L3,concurrent,pin_prefix24,0.0,0.0,0.0,0.09259259259259259,0.4537037037037037
W1_web,17,L3,concurrent,pin_scope16,0.0,0.0,0.0,0.027777777777777776,0.4861111111111111
W1_web,17,L3,concurrent,pin_useragent,0.0,0.0,0.0,0.10185185185185185,0.44907407407407407
W1_web,17,L3,concurrent,pin_useragent_core,0.0,0.0,0.0,0.0,0.5
W1_web,17,L3,concurrent,pin_ip_or_useragent,1.0,0.41304347826086957,0.5846153846153846,0.25,0.875
W1_web,17,L3,concurrent,pin_ip_and_useragent,0.0,0.0,0.0,0.05555555555555555,0.4722222222222222
W1_web,17,L3,concurrent,score_distinct_bindings,0.0,0.0,0.0,0.09259259259259259,0.4537037037037037
W1_web,17,L3,concurrent,score_max_request_rate,0.5263157894736842,0.15384615384615385,0.2380952380952381,0.5092592592592593,0.5297270955165692
W1_web,17,L3,concurrent,score_burstiness,0.05263157894736842,0.5,0.09523809523809525,0.009259259259259259,0.472953216374269
W1_web,18,L3,concurrent,SICA (proposed),0.0,0.0,0.0,0.009615384615384616,0.9546404682274248
W1_web,18,L3,concurrent,pin_ip,1.0,0.6571428571428571,0.7931034482758621,0.11538461538461539,0.9423076923076923
W1_web,18,L3,concurrent,pin_prefix24,0.043478260869565216,0.125,0.06451612903225806,0.0673076923076923,0.48808528428093645
W1_web,18,L3,concurrent,pin_scope16,0.043478260869565216,0.25,0.07407407407407408,0.028846153846153848,0.5073160535117057
W1_web,18,L3,concurrent,pin_useragent,0.17391304347826086,0.3076923076923077,0.2222222222222222,0.08653846153846154,0.5436872909698997
W1_web,18,L3,concurrent,pin_useragent_core,0.0,0.0,0.0,0.0,0.5
W1_web,18,L3,concurrent,pin_ip_or_useragent,1.0,0.6052631578947368,0.7540983606557378,0.14423076923076922,0.9278846153846154
W1_web,18,L3,concurrent,pin_ip_and_useragent,0.17391304347826086,0.4,0.24242424242424243,0.057692307692307696,0.5581103678929766
W1_web,18,L3,concurrent,score_distinct_bindings,0.043478260869565216,0.125,0.06451612903225806,0.0673076923076923,0.48808528428093645
W1_web,18,L3,concurrent,score_max_request_rate,0.6086956521739131,0.2028985507246377,0.30434782608695654,0.5288461538461539,0.5543478260869565
W1_web,18,L3,concurrent,score_burstiness,0.0,0.0,0.0,0.009615384615384616,0.48808528428093645
W1_web,19,L3,concurrent,SICA (proposed),0.10526315789473684,0.3333333333333333,0.16,0.037037037037037035,0.9483430799220273
W1_web,19,L3,concurrent,pin_ip,1.0,0.5277777777777778,0.6909090909090909,0.1574074074074074,0.9212962962962963
W1_web,19,L3,concurrent,pin_prefix24,0.0,0.0,0.0,0.07407407407407407,0.46296296296296297
W1_web,19,L3,concurrent,pin_scope16,0.0,0.0,0.0,0.027777777777777776,0.4861111111111111
W1_web,19,L3,concurrent,pin_useragent,0.10526315789473684,0.18181818181818182,0.13333333333333333,0.08333333333333333,0.5109649122807017
W1_web,19,L3,concurrent,pin_useragent_core,0.0,0.0,0.0,0.0,0.5
W1_web,19,L3,concurrent,pin_ip_or_useragent,1.0,0.4634146341463415,0.6333333333333334,0.2037037037037037,0.8981481481481481
W1_web,19,L3,concurrent,pin_ip_and_useragent,0.10526315789473684,0.3333333333333333,0.16,0.037037037037037035,0.5341130604288499
W1_web,19,L3,concurrent,score_distinct_bindings,0.0,0.0,0.0,0.07407407407407407,0.46296296296296297
W1_web,19,L3,concurrent,score_max_request_rate,0.5263157894736842,0.15151515151515152,0.23529411764705885,0.5185185185185185,0.5358187134502924
W1_web,19,L3,concurrent,score_burstiness,0.0,0.0,0.0,0.009259259259259259,0.4939083820662768
W1_web,0,L4,takeover,SICA (proposed),0.047619047619047616,0.3333333333333333,0.08333333333333333,0.018867924528301886,0.4391284815813118
W1_web,0,L4,takeover,pin_ip,0.047619047619047616,0.045454545454545456,0.046511627906976744,0.19811320754716982,0.4247529200359389
W1_web,0,L4,takeover,pin_prefix24,0.047619047619047616,0.09090909090909091,0.0625,0.09433962264150944,0.4766397124887691
W1_web,0,L4,takeover,pin_scope16,0.047619047619047616,0.25,0.08,0.02830188679245283,0.5096585804132974
W1_web,0,L4,takeover,pin_useragent,0.09523809523809523,0.125,0.1081081081081081,0.1320754716981132,0.481581311769991
W1_web,0,L4,takeover,pin_useragent_core,0.0,0.0,0.0,0.0,0.5
W1_web,0,L4,takeover,pin_ip_or_useragent,0.09523809523809523,0.06666666666666667,0.0784313725490196,0.2641509433962264,0.41554357592093444
W1_web,0,L4,takeover,pin_ip_and_useragent,0.047619047619047616,0.125,0.06896551724137931,0.0660377358490566,0.4907906558849955
W1_web,0,L4,takeover,score_distinct_bindings,0.047619047619047616,0.09090909090909091,0.0625,0.09433962264150944,0.4766397124887691
W1_web,0,L4,takeover,score_max_request_rate,0.3333333333333333,0.10606060606060606,0.16091954022988506,0.5566037735849056,0.405884995507637
W1_web,0,L4,takeover,score_burstiness,0.0,0.0,0.0,0.0,0.37848158131177
W1_web,1,L4,takeover,SICA (proposed),0.13043478260869565,0.6,0.21428571428571427,0.019230769230769232,0.49289297658862874
W1_web,1,L4,takeover,pin_ip,0.17391304347826086,0.21052631578947367,0.1904761904761905,0.14423076923076922,0.5148411371237458
W1_web,1,L4,takeover,pin_prefix24,0.043478260869565216,0.2,0.07142857142857142,0.038461538461538464,0.5025083612040134
W1_web,1,L4,takeover,pin_scope16,0.043478260869565216,0.5,0.08,0.009615384615384616,0.5169314381270903
W1_web,1,L4,takeover,pin_useragent,0.08695652173913043,0.125,0.10256410256410256,0.1346153846153846,0.4761705685618729
W1_web,1,L4,takeover,pin_useragent_core,0.0,0.0,0.0,0.0,0.5
W1_web,1,L4,takeover,pin_ip_or_useragent,0.17391304347826086,0.14285714285714285,0.1568627450980392,0.23076923076923078,0.47157190635451507
W1_web,1,L4,takeover,pin_ip_and_useragent,0.08695652173913043,0.2857142857142857,0.13333333333333333,0.04807692307692308,0.5194397993311036
W1_web,1,L4,takeover,score_distinct_bindings,0.043478260869565216,0.2,0.07142857142857142,0.038461538461538464,0.5025083612040134
W1_web,1,L4,takeover,score_max_request_rate,0.4782608695652174,0.15492957746478872,0.23404255319148937,0.5769230769230769,0.46864548494983277
W1_web,1,L4,takeover,score_burstiness,0.0,0.0,0.0,0.009615384615384616,0.4092809364548495
W1_web,2,L4,takeover,SICA (proposed),0.0625,0.5,0.1111111111111111,0.021052631578947368,0.48157894736842105
W1_web,2,L4,takeover,pin_ip,0.09375,0.16666666666666666,0.12000000000000002,0.15789473684210525,0.46792763157894735
W1_web,2,L4,takeover,pin_prefix24,0.0625,0.2857142857142857,0.10256410256410256,0.05263157894736842,0.5049342105263158
W1_web,2,L4,takeover,pin_scope16,0.03125,0.3333333333333333,0.05714285714285714,0.021052631578947368,0.5050986842105263
W1_web,2,L4,takeover,pin_useragent,0.03125,0.1111111111111111,0.04878048780487805,0.08421052631578947,0.47351973684210524
W1_web,2,L4,takeover,pin_useragent_core,0.0,0.0,0.0,0.0,0.5
W1_web,2,L4,takeover,pin_ip_or_useragent,0.125,0.19047619047619047,0.1509433962264151,0.17894736842105263,0.4730263157894737
W1_web,2,L4,takeover,pin_ip_and_useragent,0.0,0.0,0.0,0.06315789473684211,0.46842105263157896
W1_web,2,L4,takeover,score_distinct_bindings,0.0625,0.2857142857142857,0.10256410256410256,0.05263157894736842,0.5049342105263158
W1_web,2,L4,takeover,score_max_request_rate,0.46875,0.22058823529411764,0.3,0.5578947368421052,0.459375
W1_web,2,L4,takeover,score_burstiness,0.0,0.0,0.0,0.010526315789473684,0.48289473684210527
W1_web,3,L4,takeover,SICA (proposed),0.0,0.0,0.0,0.01020408163265306,0.4275158339197748
W1_web,3,L4,takeover,pin_ip,0.034482758620689655,0.06666666666666667,0.045454545454545456,0.14285714285714285,0.4458128078817734
W1_web,3,L4,takeover,pin_prefix24,0.0,0.0,0.0,0.08163265306122448,0.45918367346938777
W1_web,3,L4,takeover,pin_scope16,0.0,0.0,0.0,0.04081632653061224,0.47959183673469385
W1_web,3,L4,takeover,pin_useragent,0.0,0.0,0.0,0.09183673469387756,0.45408163265306123
W1_web,3,L4,takeover,pin_useragent_core,0.0,0.0,0.0,0.0,0.5
W1_web,3,L4,takeover,pin_ip_or_useragent,0.034482758620689655,0.05,0.04081632653061224,0.19387755102040816,0.42030260380014073
W1_web,3,L4,takeover,pin_ip_and_useragent,0.0,0.0,0.0,0.04081632653061224,0.47959183673469385
W1_web,3,L4,takeover,score_distinct_bindings,0.0,0.0,0.0,0.08163265306122448,0.45918367346938777
W1_web,3,L4,takeover,score_max_request_rate,0.27586206896551724,0.12307692307692308,0.17021276595744683,0.5816326530612245,0.34658691062631947
W1_web,3,L4,takeover,score_burstiness,0.0,0.0,0.0,0.01020408163265306,0.29908515130190005
W1_web,4,L4,takeover,SICA (proposed),0.08333333333333333,1.0,0.15384615384615385,0.0,0.5086974110032363
W1_web,4,L4,takeover,pin_ip,0.125,0.15,0.13636363636363635,0.1650485436893204,0.4799757281553398
W1_web,4,L4,takeover,pin_prefix24,0.041666666666666664,0.1111111111111111,0.06060606060606061,0.07766990291262135,0.48199838187702265
W1_web,4,L4,takeover,pin_scope16,0.0,0.0,0.0,0.06796116504854369,0.46601941747572817
W1_web,4,L4,takeover,pin_useragent,0.08333333333333333,0.2,0.11764705882352941,0.07766990291262135,0.502831715210356
W1_web,4,L4,takeover,pin_useragent_core,0.0,0.0,0.0,0.0,0.5
W1_web,4,L4,takeover,pin_ip_or_useragent,0.16666666666666666,0.18181818181818182,0.17391304347826086,0.17475728155339806,0.4959546925566343
W1_web,4,L4,takeover,pin_ip_and_useragent,0.041666666666666664,0.125,0.0625,0.06796116504854369,0.4868527508090615
W1_web,4,L4,takeover,score_distinct_bindings,0.041666666666666664,0.1111111111111111,0.06060606060606061,0.07766990291262135,0.48199838187702265
W1_web,4,L4,takeover,score_max_request_rate,0.5833333333333334,0.2028985507246377,0.3010752688172043,0.5339805825242718,0.5182038834951457
W1_web,4,L4,takeover,score_burstiness,0.0,0.0,0.0,0.0,0.5246763754045307
W1_web,5,L4,takeover,SICA (proposed),0.0,0.0,0.0,0.010101010101010102,0.41035353535353536
W1_web,5,L4,takeover,pin_ip,0.03571428571428571,0.06666666666666667,0.046511627906976744,0.1414141414141414,0.44715007215007213
W1_web,5,L4,takeover,pin_prefix24,0.0,0.0,0.0,0.06060606060606061,0.4696969696969697
W1_web,5,L4,takeover,pin_scope16,0.0,0.0,0.0,0.020202020202020204,0.4898989898989899
W1_web,5,L4,takeover,pin_useragent,0.03571428571428571,0.07142857142857142,0.047619047619047616,0.13131313131313133,0.4522005772005772
W1_web,5,L4,takeover,pin_useragent_core,0.0,0.0,0.0,0.0,0.5
W1_web,5,L4,takeover,pin_ip_or_useragent,0.03571428571428571,0.038461538461538464,0.03703703703703704,0.25252525252525254,0.3915945165945166
W1_web,5,L4,takeover,pin_ip_and_useragent,0.03571428571428571,0.3333333333333333,0.06451612903225806,0.020202020202020204,0.5077561327561327
W1_web,5,L4,takeover,score_distinct_bindings,0.0,0.0,0.0,0.06060606060606061,0.4696969696969697
W1_web,5,L4,takeover,score_max_request_rate,0.4642857142857143,0.20967741935483872,0.2888888888888889,0.494949494949495,0.474025974025974
W1_web,5,L4,takeover,score_burstiness,0.0,0.0,0.0,0.010101010101010102,0.41955266955266957
W1_web,6,L4,takeover,SICA (proposed),0.1,0.6666666666666666,0.1739130434782609,0.009345794392523364,0.47757009345794393
W1_web,6,L4,takeover,pin_ip,0.1,0.15384615384615385,0.12121212121212123,0.102803738317757,0.4985981308411215
W1_web,6,L4,takeover,pin_prefix24,0.0,0.0,0.0,0.028037383177570093,0.48598130841121495
W1_web,6,L4,takeover,pin_scope16,0.0,0.0,0.0,0.009345794392523364,0.4953271028037383
W1_web,6,L4,takeover,pin_useragent,0.15,0.23076923076923078,0.18181818181818185,0.09345794392523364,0.5282710280373831
W1_web,6,L4,takeover,pin_useragent_core,0.0,0.0,0.0,0.0,0.5
W1_web,6,L4,takeover,pin_ip_or_useragent,0.15,0.14285714285714285,0.14634146341463414,0.16822429906542055,0.4908878504672897
W1_web,6,L4,takeover,pin_ip_and_useragent,0.1,0.4,0.16000000000000003,0.028037383177570093,0.5359813084112149
W1_web,6,L4,takeover,score_distinct_bindings,0.0,0.0,0.0,0.028037383177570093,0.48598130841121495
W1_web,6,L4,takeover,score_max_request_rate,0.5,0.14492753623188406,0.22471910112359553,0.5514018691588785,0.47546728971962615
W1_web,6,L4,takeover,score_burstiness,0.0,0.0,0.0,0.009345794392523364,0.43177570093457945
W1_web,7,L4,takeover,SICA (proposed),0.0,0.0,0.0,0.00909090909090909,0.43368983957219254
W1_web,7,L4,takeover,pin_ip,0.0,0.0,0.0,0.12727272727272726,0.43636363636363634
W1_web,7,L4,takeover,pin_prefix24,0.0,0.0,0.0,0.07272727272727272,0.4636363636363636
W1_web,7,L4,takeover,pin_scope16,0.0,0.0,0.0,0.03636363636363636,0.4818181818181818
W1_web,7,L4,takeover,pin_useragent,0.058823529411764705,0.07142857142857142,0.06451612903225808,0.11818181818181818,0.4703208556149733
W1_web,7,L4,takeover,pin_useragent_core,0.0,0.0,0.0,0.0,0.5
W1_web,7,L4,takeover,pin_ip_or_useragent,0.058823529411764705,0.041666666666666664,0.048780487804878044,0.20909090909090908,0.4248663101604278
W1_web,7,L4,takeover,pin_ip_and_useragent,0.0,0.0,0.0,0.03636363636363636,0.4818181818181818
W1_web,7,L4,takeover,score_distinct_bindings,0.0,0.0,0.0,0.07272727272727272,0.4636363636363636
W1_web,7,L4,takeover,score_max_request_rate,0.4117647058823529,0.10606060606060606,0.1686746987951807,0.5363636363636364,0.49866310160427807
W1_web,7,L4,takeover,score_burstiness,0.0,0.0,0.0,0.0,0.4203208556149733
W1_web,8,L4,takeover,SICA (proposed),0.04,1.0,0.07692307692307693,0.0,0.44941176470588234
W1_web,8,L4,takeover,pin_ip,0.04,0.05555555555555555,0.046511627906976744,0.16666666666666666,0.43666666666666665
W1_web,8,L4,takeover,pin_prefix24,0.04,0.125,0.06060606060606061,0.06862745098039216,0.4856862745098039
W1_web,8,L4,takeover,pin_scope16,0.0,0.0,0.0,0.029411764705882353,0.4852941176470588
W1_web,8,L4,takeover,pin_useragent,0.08,0.15384615384615385,0.10526315789473685,0.10784313725490197,0.486078431372549
W1_web,8,L4,takeover,pin_useragent_core,0.0,0.0,0.0,0.0,0.5
W1_web,8,L4,takeover,pin_ip_or_useragent,0.08,0.08695652173913043,0.08333333333333333,0.20588235294117646,0.4370588235294118
W1_web,8,L4,takeover,pin_ip_and_useragent,0.04,0.125,0.06060606060606061,0.06862745098039216,0.4856862745098039
W1_web,8,L4,takeover,score_distinct_bindings,0.04,0.125,0.06060606060606061,0.06862745098039216,0.4856862745098039
W1_web,8,L4,takeover,score_max_request_rate,0.52,0.19117647058823528,0.27956989247311825,0.5392156862745098,0.4907843137254902
W1_web,8,L4,takeover,score_burstiness,0.0,0.0,0.0,0.00980392156862745,0.44
W1_web,9,L4,takeover,SICA (proposed),0.038461538461538464,0.3333333333333333,0.06896551724137931,0.019801980198019802,0.4504950495049505
W1_web,9,L4,takeover,pin_ip,0.038461538461538464,0.05555555555555555,0.04545454545454546,0.16831683168316833,0.4350723533891851
W1_web,9,L4,takeover,pin_prefix24,0.0,0.0,0.0,0.07920792079207921,0.4603960396039604
W1_web,9,L4,takeover,pin_scope16,0.0,0.0,0.0,0.0297029702970297,0.48514851485148514
W1_web,9,L4,takeover,pin_useragent,0.11538461538461539,0.23076923076923078,0.15384615384615388,0.09900990099009901,0.5081873571972582
W1_web,9,L4,takeover,pin_useragent_core,0.0,0.0,0.0,0.0,0.5
W1_web,9,L4,takeover,pin_ip_or_useragent,0.11538461538461539,0.12,0.11764705882352941,0.21782178217821782,0.44878141660319876
W1_web,9,L4,takeover,pin_ip_and_useragent,0.038461538461538464,0.16666666666666666,0.0625,0.04950495049504951,0.4944782939832445
W1_web,9,L4,takeover,score_distinct_bindings,0.0,0.0,0.0,0.07920792079207921,0.4603960396039604
W1_web,9,L4,takeover,score_max_request_rate,0.6153846153846154,0.2222222222222222,0.326530612244898,0.5544554455445545,0.5297029702970297
W1_web,9,L4,takeover,score_burstiness,0.0,0.0,0.0,0.009900990099009901,0.5338918507235338
W1_web,10,L4,takeover,SICA (proposed),0.0,0.0,0.0,0.04854368932038835,0.3921925566343042
W1_web,10,L4,takeover,pin_ip,0.041666666666666664,0.04,0.04081632653061224,0.23300970873786409,0.40432847896440127
W1_web,10,L4,takeover,pin_prefix24,0.0,0.0,0.0,0.1262135922330097,0.4368932038834951
W1_web,10,L4,takeover,pin_scope16,0.0,0.0,0.0,0.05825242718446602,0.470873786407767
W1_web,10,L4,takeover,pin_useragent,0.041666666666666664,0.08333333333333333,0.05555555555555555,0.10679611650485436,0.46743527508090615
W1_web,10,L4,takeover,pin_useragent_core,0.0,0.0,0.0,0.0,0.5
W1_web,10,L4,takeover,pin_ip_or_useragent,0.08333333333333333,0.06896551724137931,0.07547169811320754,0.2621359223300971,0.41059870550161814
W1_web,10,L4,takeover,pin_ip_and_useragent,0.0,0.0,0.0,0.07766990291262135,0.46116504854368934
W1_web,10,L4,takeover,score_distinct_bindings,0.0,0.0,0.0,0.1262135922330097,0.4368932038834951
W1_web,10,L4,takeover,score_max_request_rate,0.625,0.2112676056338028,0.3157894736842105,0.5436893203883495,0.5271035598705501
W1_web,10,L4,takeover,score_burstiness,0.0,0.0,0.0,0.009708737864077669,0.5054611650485437
W1_web,11,L4,takeover,SICA (proposed),0.05263157894736842,0.25,0.08695652173913043,0.027777777777777776,0.4422514619883041
W1_web,11,L4,takeover,pin_ip,0.05263157894736842,0.058823529411764705,0.05555555555555555,0.14814814814814814,0.4522417153996101
W1_web,11,L4,takeover,pin_prefix24,0.0,0.0,0.0,0.046296296296296294,0.47685185185185186
W1_web,11,L4,takeover,pin_scope16,0.0,0.0,0.0,0.027777777777777776,0.4861111111111111
W1_web,11,L4,takeover,pin_useragent,0.0,0.0,0.0,0.09259259259259259,0.4537037037037037
W1_web,11,L4,takeover,pin_useragent_core,0.0,0.0,0.0,0.0,0.5
W1_web,11,L4,takeover,pin_ip_or_useragent,0.05263157894736842,0.047619047619047616,0.05,0.18518518518518517,0.4337231968810916
W1_web,11,L4,takeover,pin_ip_and_useragent,0.0,0.0,0.0,0.05555555555555555,0.4722222222222222
W1_web,11,L4,takeover,score_distinct_bindings,0.0,0.0,0.0,0.046296296296296294,0.47685185185185186
W1_web,11,L4,takeover,score_max_request_rate,0.631578947368421,0.17391304347826086,0.2727272727272727,0.5277777777777778,0.5726120857699805
W1_web,11,L4,takeover,score_burstiness,0.0,0.0,0.0,0.009259259259259259,0.5073099415204678
W1_web,12,L4,takeover,SICA (proposed),0.0,0.0,0.0,0.020833333333333332,0.44489247311827956
W1_web,12,L4,takeover,pin_ip,0.0967741935483871,0.14285714285714285,0.11538461538461538,0.1875,0.45463709677419356
W1_web,12,L4,takeover,pin_prefix24,0.03225806451612903,0.07142857142857142,0.044444444444444446,0.13541666666666666,0.4484206989247312
W1_web,12,L4,takeover,pin_scope16,0.0,0.0,0.0,0.041666666666666664,0.4791666666666667
W1_web,12,L4,takeover,pin_useragent,0.03225806451612903,0.07692307692307693,0.045454545454545456,0.125,0.4536290322580645
W1_web,12,L4,takeover,pin_useragent_core,0.0,0.0,0.0,0.0,0.5
W1_web,12,L4,takeover,pin_ip_or_useragent,0.0967741935483871,0.12,0.10714285714285714,0.22916666666666666,0.4338037634408602
W1_web,12,L4,takeover,pin_ip_and_useragent,0.03225806451612903,0.1111111111111111,0.049999999999999996,0.08333333333333333,0.47446236559139787
W1_web,12,L4,takeover,score_distinct_bindings,0.03225806451612903,0.07142857142857142,0.044444444444444446,0.13541666666666666,0.4484206989247312
W1_web,12,L4,takeover,score_max_request_rate,0.6129032258064516,0.2638888888888889,0.36893203883495146,0.5520833333333334,0.5287298387096774
W1_web,12,L4,takeover,score_burstiness,0.0,0.0,0.0,0.0,0.4895833333333333
W1_web,13,L4,takeover,SICA (proposed),0.12,0.42857142857142855,0.1875,0.0392156862745098,0.4666666666666667
W1_web,13,L4,takeover,pin_ip,0.04,0.05263157894736842,0.04545454545454545,0.17647058823529413,0.43176470588235294
W1_web,13,L4,takeover,pin_prefix24,0.0,0.0,0.0,0.06862745098039216,0.46568627450980393
W1_web,13,L4,takeover,pin_scope16,0.0,0.0,0.0,0.0392156862745098,0.4803921568627451
W1_web,13,L4,takeover,pin_useragent,0.08,0.16666666666666666,0.10810810810810811,0.09803921568627451,0.49098039215686273
W1_web,13,L4,takeover,pin_useragent_core,0.0,0.0,0.0,0.0,0.5
W1_web,13,L4,takeover,pin_ip_or_useragent,0.12,0.12,0.12,0.21568627450980393,0.45215686274509803
W1_web,13,L4,takeover,pin_ip_and_useragent,0.0,0.0,0.0,0.058823529411764705,0.47058823529411764
W1_web,13,L4,takeover,score_distinct_bindings,0.0,0.0,0.0,0.06862745098039216,0.46568627450980393
W1_web,13,L4,takeover,score_max_request_rate,0.4,0.15151515151515152,0.21978021978021978,0.5490196078431373,0.4464705882352941
W1_web,13,L4,takeover,score_burstiness,0.0,0.0,0.0,0.00980392156862745,0.3835294117647059
W1_web,14,L4,takeover,SICA (proposed),0.0,0.0,0.0,0.0297029702970297,0.4666793602437167
W1_web,14,L4,takeover,pin_ip,0.038461538461538464,0.07692307692307693,0.05128205128205129,0.1188118811881188,0.4598248286367098
W1_web,14,L4,takeover,pin_prefix24,0.0,0.0,0.0,0.07920792079207921,0.4603960396039604
W1_web,14,L4,takeover,pin_scope16,0.0,0.0,0.0,0.039603960396039604,0.4801980198019802
W1_web,14,L4,takeover,pin_useragent,0.038461538461538464,0.125,0.058823529411764705,0.06930693069306931,0.4845773038842346
W1_web,14,L4,takeover,pin_useragent_core,0.0,0.0,0.0,0.0,0.5
W1_web,14,L4,takeover,pin_ip_or_useragent,0.07692307692307693,0.10526315789473684,0.08888888888888889,0.16831683168316833,0.4543031226199543
W1_web,14,L4,takeover,pin_ip_and_useragent,0.0,0.0,0.0,0.019801980198019802,0.4900990099009901
W1_web,14,L4,takeover,score_distinct_bindings,0.0,0.0,0.0,0.07920792079207921,0.4603960396039604
W1_web,14,L4,takeover,score_max_request_rate,0.4230769230769231,0.16417910447761194,0.23655913978494625,0.5544554455445545,0.43107387661843105
W1_web,14,L4,takeover,score_burstiness,0.0,0.0,0.0,0.009900990099009901,0.3747143945163747
W1_web,15,L4,takeover,SICA (proposed),0.03571428571428571,0.5,0.06666666666666667,0.010101010101010102,0.5266955266955267
W1_web,15,L4,takeover,pin_ip,0.10714285714285714,0.21428571428571427,0.14285714285714285,0.1111111111111111,0.498015873015873
W1_web,15,L4,takeover,pin_prefix24,0.07142857142857142,0.2222222222222222,0.10810810810810811,0.0707070707070707,0.5003607503607503
W1_web,15,L4,takeover,pin_scope16,0.03571428571428571,0.25,0.0625,0.030303030303030304,0.5027056277056277
W1_web,15,L4,takeover,pin_useragent,0.10714285714285714,0.25,0.15,0.09090909090909091,0.5081168831168831
W1_web,15,L4,takeover,pin_useragent_core,0.0,0.0,0.0,0.0,0.5
W1_web,15,L4,takeover,pin_ip_or_useragent,0.17857142857142858,0.23809523809523808,0.20408163265306123,0.16161616161616163,0.5084776334776335
W1_web,15,L4,takeover,pin_ip_and_useragent,0.03571428571428571,0.2,0.06060606060606061,0.04040404040404041,0.49765512265512263
W1_web,15,L4,takeover,score_distinct_bindings,0.07142857142857142,0.2222222222222222,0.10810810810810811,0.0707070707070707,0.5003607503607503
W1_web,15,L4,takeover,score_max_request_rate,0.5714285714285714,0.2222222222222222,0.32,0.5656565656565656,0.5378787878787878
W1_web,15,L4,takeover,score_burstiness,0.0,0.0,0.0,0.010101010101010102,0.4754689754689755
W1_web,16,L4,takeover,SICA (proposed),0.0,0.0,0.0,0.019230769230769232,0.44732441471571904
W1_web,16,L4,takeover,pin_ip,0.043478260869565216,0.06666666666666667,0.052631578947368425,0.1346153846153846,0.4544314381270903
W1_web,16,L4,takeover,pin_prefix24,0.043478260869565216,0.1,0.06060606060606061,0.08653846153846154,0.4784698996655518
W1_web,16,L4,takeover,pin_scope16,0.0,0.0,0.0,0.038461538461538464,0.4807692307692308
W1_web,16,L4,takeover,pin_useragent,0.043478260869565216,0.125,0.06451612903225806,0.0673076923076923,0.48808528428093645
W1_web,16,L4,takeover,pin_useragent_core,0.0,0.0,0.0,0.0,0.5
W1_web,16,L4,takeover,pin_ip_or_useragent,0.043478260869565216,0.058823529411764705,0.049999999999999996,0.15384615384615385,0.44481605351170567
W1_web,16,L4,takeover,pin_ip_and_useragent,0.043478260869565216,0.16666666666666666,0.06896551724137931,0.04807692307692308,0.4977006688963211
W1_web,16,L4,takeover,score_distinct_bindings,0.043478260869565216,0.1,0.06060606060606061,0.08653846153846154,0.4784698996655518
W1_web,16,L4,takeover,score_max_request_rate,0.5217391304347826,0.18181818181818182,0.2696629213483146,0.5192307692307693,0.5135869565217391
W1_web,16,L4,takeover,score_burstiness,0.0,0.0,0.0,0.0,0.45505852842809363
W1_web,17,L4,takeover,SICA (proposed),0.0,0.0,0.0,0.009708737864077669,0.40635113268608414
W1_web,17,L4,takeover,pin_ip,0.041666666666666664,0.045454545454545456,0.043478260869565216,0.20388349514563106,0.4188915857605178
W1_web,17,L4,takeover,pin_prefix24,0.0,0.0,0.0,0.0970873786407767,0.45145631067961167
W1_web,17,L4,takeover,pin_scope16,0.0,0.0,0.0,0.02912621359223301,0.4854368932038835
W1_web,17,L4,takeover,pin_useragent,0.0,0.0,0.0,0.10679611650485436,0.44660194174757284
W1_web,17,L4,takeover,pin_useragent_core,0.0,0.0,0.0,0.0,0.5
W1_web,17,L4,takeover,pin_ip_or_useragent,0.041666666666666664,0.037037037037037035,0.03921568627450981,0.2524271844660194,0.3946197411003236
W1_web,17,L4,takeover,pin_ip_and_useragent,0.0,0.0,0.0,0.05825242718446602,0.470873786407767
W1_web,17,L4,takeover,score_distinct_bindings,0.0,0.0,0.0,0.0970873786407767,0.45145631067961167
W1_web,17,L4,takeover,score_max_request_rate,0.4583333333333333,0.16923076923076924,0.24719101123595508,0.5242718446601942,0.5010113268608414
W1_web,17,L4,takeover,score_burstiness,0.0,0.0,0.0,0.009708737864077669,0.4563106796116505
W1_web,18,L4,takeover,SICA (proposed),0.0,0.0,0.0,0.01020408163265306,0.5075650950035187
W1_web,18,L4,takeover,pin_ip,0.13793103448275862,0.26666666666666666,0.18181818181818182,0.11224489795918367,0.5128430682617875
W1_web,18,L4,takeover,pin_prefix24,0.0,0.0,0.0,0.07142857142857142,0.4642857142857143
W1_web,18,L4,takeover,pin_scope16,0.0,0.0,0.0,0.030612244897959183,0.4846938775510204
W1_web,18,L4,takeover,pin_useragent,0.06896551724137931,0.2,0.10256410256410257,0.08163265306122448,0.49366643209007743
W1_web,18,L4,takeover,pin_useragent_core,0.0,0.0,0.0,0.0,0.5
W1_web,18,L4,takeover,pin_ip_or_useragent,0.13793103448275862,0.2222222222222222,0.1702127659574468,0.14285714285714285,0.4975369458128079
W1_web,18,L4,takeover,pin_ip_and_useragent,0.06896551724137931,0.2857142857142857,0.1111111111111111,0.05102040816326531,0.508972554539057
W1_web,18,L4,takeover,score_distinct_bindings,0.0,0.0,0.0,0.07142857142857142,0.4642857142857143
W1_web,18,L4,takeover,score_max_request_rate,0.4482758620689655,0.19696969696969696,0.27368421052631575,0.5408163265306123,0.47413793103448276
W1_web,18,L4,takeover,score_burstiness,0.0,0.0,0.0,0.01020408163265306,0.4100985221674877
W1_web,19,L4,takeover,SICA (proposed),0.08333333333333333,0.3333333333333333,0.13333333333333333,0.038834951456310676,0.4696601941747573
W1_web,19,L4,takeover,pin_ip,0.125,0.15789473684210525,0.13953488372093023,0.1553398058252427,0.4848300970873786
W1_web,19,L4,takeover,pin_prefix24,0.0,0.0,0.0,0.06796116504854369,0.46601941747572817
W1_web,19,L4,takeover,pin_scope16,0.0,0.0,0.0,0.019417475728155338,0.49029126213592233
W1_web,19,L4,takeover,pin_useragent,0.08333333333333333,0.18181818181818182,0.1142857142857143,0.08737864077669903,0.49797734627831713
W1_web,19,L4,takeover,pin_useragent_core,0.0,0.0,0.0,0.0,0.5
W1_web,19,L4,takeover,pin_ip_or_useragent,0.125,0.125,0.125,0.20388349514563106,0.46055825242718446
W1_web,19,L4,takeover,pin_ip_and_useragent,0.08333333333333333,0.3333333333333333,0.13333333333333333,0.038834951456310676,0.5222491909385113
W1_web,19,L4,takeover,score_distinct_bindings,0.0,0.0,0.0,0.06796116504854369,0.46601941747572817
W1_web,19,L4,takeover,score_max_request_rate,0.4166666666666667,0.15151515151515152,0.2222222222222222,0.5436893203883495,0.4334546925566343
W1_web,19,L4,takeover,score_burstiness,0.0,0.0,0.0,0.009708737864077669,0.41322815533980584
W1_web,0,L4,concurrent,SICA (proposed),0.08333333333333333,0.3333333333333333,0.13333333333333333,0.017391304347826087,0.48985507246376814
W1_web,0,L4,concurrent,pin_ip,0.08333333333333333,0.045454545454545456,0.05882352941176471,0.1826086956521739,0.4503623188405797
W1_web,0,L4,concurrent,pin_prefix24,0.08333333333333333,0.09090909090909091,0.08695652173913043,0.08695652173913043,0.49818840579710144
W1_web,0,L4,concurrent,pin_scope16,0.08333333333333333,0.25,0.125,0.02608695652173913,0.5286231884057971
W1_web,0,L4,concurrent,pin_useragent,0.16666666666666666,0.125,0.14285714285714288,0.12173913043478261,0.5224637681159421
W1_web,0,L4,concurrent,pin_useragent_core,0.0,0.0,0.0,0.0,0.5
W1_web,0,L4,concurrent,pin_ip_or_useragent,0.16666666666666666,0.06666666666666667,0.09523809523809522,0.24347826086956523,0.46159420289855074
W1_web,0,L4,concurrent,pin_ip_and_useragent,0.08333333333333333,0.125,0.1,0.06086956521739131,0.511231884057971
W1_web,0,L4,concurrent,score_distinct_bindings,0.08333333333333333,0.09090909090909091,0.08695652173913043,0.08695652173913043,0.49818840579710144
W1_web,0,L4,concurrent,score_max_request_rate,0.5,0.08955223880597014,0.15189873417721517,0.5304347826086957,0.538768115942029
W1_web,0,L4,concurrent,score_burstiness,0.0,0.0,0.0,0.008695652173913044,0.4652173913043478
W1_web,1,L4,concurrent,SICA (proposed),0.125,0.5,0.2,0.018018018018018018,0.5678490990990991
W1_web,1,L4,concurrent,pin_ip,0.3125,0.23809523809523808,0.27027027027027023,0.14414414414414414,0.5841779279279279
W1_web,1,L4,concurrent,pin_prefix24,0.125,0.3333333333333333,0.18181818181818182,0.036036036036036036,0.5444819819819819
W1_web,1,L4,concurrent,pin_scope16,0.0625,0.5,0.1111111111111111,0.009009009009009009,0.5267454954954955
W1_web,1,L4,concurrent,pin_useragent,0.1875,0.15,0.16666666666666663,0.15315315315315314,0.5171734234234234
W1_web,1,L4,concurrent,pin_useragent_core,0.0625,1.0,0.11764705882352941,0.0,0.53125
W1_web,1,L4,concurrent,pin_ip_or_useragent,0.3125,0.15625,0.20833333333333334,0.24324324324324326,0.5346283783783784
W1_web,1,L4,concurrent,pin_ip_and_useragent,0.1875,0.3333333333333333,0.24000000000000005,0.05405405405405406,0.566722972972973
W1_web,1,L4,concurrent,score_distinct_bindings,0.1875,0.42857142857142855,0.26086956521739124,0.036036036036036036,0.5757319819819819
W1_web,1,L4,concurrent,score_max_request_rate,0.375,0.08823529411764706,0.14285714285714285,0.5585585585585585,0.48620495495495497
W1_web,1,L4,concurrent,score_burstiness,0.0,0.0,0.0,0.009009009009009009,0.4132882882882883
W1_web,2,L4,concurrent,SICA (proposed),0.07692307692307693,0.5,0.13333333333333336,0.019801980198019802,0.5158035034272658
W1_web,2,L4,concurrent,pin_ip,0.19230769230769232,0.25,0.2173913043478261,0.1485148514851485,0.5218964204112719
W1_web,2,L4,concurrent,pin_prefix24,0.11538461538461539,0.375,0.1764705882352941,0.04950495049504951,0.5329398324447829
W1_web,2,L4,concurrent,pin_scope16,0.038461538461538464,0.3333333333333333,0.06896551724137931,0.019801980198019802,0.5093297791317594
W1_web,2,L4,concurrent,pin_useragent,0.038461538461538464,0.09090909090909091,0.05405405405405406,0.09900990099009901,0.4697258187357197
W1_web,2,L4,concurrent,pin_useragent_core,0.0,0.0,0.0,0.0,0.5
W1_web,2,L4,concurrent,pin_ip_or_useragent,0.19230769230769232,0.20833333333333334,0.2,0.18811881188118812,0.5020944402132521
W1_web,2,L4,concurrent,pin_ip_and_useragent,0.038461538461538464,0.14285714285714285,0.060606060606060615,0.0594059405940594,0.48952779893373954
W1_web,2,L4,concurrent,score_distinct_bindings,0.11538461538461539,0.375,0.1764705882352941,0.04950495049504951,0.5329398324447829
W1_web,2,L4,concurrent,score_max_request_rate,0.5,0.19402985074626866,0.2795698924731183,0.5346534653465347,0.5059025133282559
W1_web,2,L4,concurrent,score_burstiness,0.0,0.0,0.0,0.009900990099009901,0.4623000761614623
W1_web,3,L4,concurrent,SICA (proposed),0.05,0.5,0.09090909090909091,0.009345794392523364,0.5128504672897196
W1_web,3,L4,concurrent,pin_ip,0.2,0.21052631578947367,0.20512820512820512,0.14018691588785046,0.5299065420560748
W1_web,3,L4,concurrent,pin_prefix24,0.1,0.18181818181818182,0.12903225806451613,0.08411214953271028,0.5079439252336448
W1_web,3,L4,concurrent,pin_scope16,0.0,0.0,0.0,0.037383177570093455,0.48130841121495327
W1_web,3,L4,concurrent,pin_useragent,0.05,0.09090909090909091,0.06451612903225806,0.09345794392523364,0.4782710280373832
W1_web,3,L4,concurrent,pin_useragent_core,0.0,0.0,0.0,0.0,0.5
W1_web,3,L4,concurrent,pin_ip_or_useragent,0.2,0.16,0.17777777777777778,0.19626168224299065,0.5018691588785047
W1_web,3,L4,concurrent,pin_ip_and_useragent,0.05,0.2,0.08000000000000002,0.037383177570093455,0.5063084112149533
W1_web,3,L4,concurrent,score_distinct_bindings,0.1,0.18181818181818182,0.12903225806451613,0.08411214953271028,0.5079439252336448
W1_web,3,L4,concurrent,score_max_request_rate,0.3,0.09090909090909091,0.13953488372093023,0.5607476635514018,0.41238317757009346
W1_web,3,L4,concurrent,score_burstiness,0.0,0.0,0.0,0.009345794392523364,0.3219626168224299
W1_web,4,L4,concurrent,SICA (proposed),0.125,1.0,0.2222222222222222,0.0,0.5548986486486487
W1_web,4,L4,concurrent,pin_ip,0.1875,0.13636363636363635,0.15789473684210525,0.17117117117117117,0.5081644144144144
W1_web,4,L4,concurrent,pin_prefix24,0.0625,0.1111111111111111,0.08,0.07207207207207207,0.49521396396396394
W1_web,4,L4,concurrent,pin_scope16,0.0,0.0,0.0,0.06306306306306306,0.46846846846846846
W1_web,4,L4,concurrent,pin_useragent,0.125,0.18181818181818182,0.14814814814814814,0.08108108108108109,0.5219594594594594
W1_web,4,L4,concurrent,pin_useragent_core,0.0,0.0,0.0,0.0,0.5
W1_web,4,L4,concurrent,pin_ip_or_useragent,0.25,0.16666666666666666,0.2,0.18018018018018017,0.5349099099099099
W1_web,4,L4,concurrent,pin_ip_and_useragent,0.0625,0.1111111111111111,0.08,0.07207207207207207,0.49521396396396394
W1_web,4,L4,concurrent,score_distinct_bindings,0.0625,0.1111111111111111,0.08,0.07207207207207207,0.49521396396396394
W1_web,4,L4,concurrent,score_max_request_rate,0.6875,0.15942028985507245,0.2588235294117647,0.5225225225225225,0.5878378378378378
W1_web,4,L4,concurrent,score_burstiness,0.0,0.0,0.0,0.009009009009009009,0.5664414414414415
W1_web,5,L4,concurrent,SICA (proposed),0.0,0.0,0.0,0.009615384615384616,0.4874581939799331
W1_web,5,L4,concurrent,pin_ip,0.17391304347826086,0.2222222222222222,0.1951219512195122,0.1346153846153846,0.5196488294314381
W1_web,5,L4,concurrent,pin_prefix24,0.043478260869565216,0.14285714285714285,0.06666666666666667,0.057692307692307696,0.49289297658862874
W1_web,5,L4,concurrent,pin_scope16,0.043478260869565216,0.3333333333333333,0.07692307692307691,0.019230769230769232,0.512123745819398
W1_web,5,L4,concurrent,pin_useragent,0.043478260869565216,0.07142857142857142,0.05405405405405405,0.125,0.4592391304347826
W1_web,5,L4,concurrent,pin_useragent_core,0.0,0.0,0.0,0.0,0.5
W1_web,5,L4,concurrent,pin_ip_or_useragent,0.17391304347826086,0.13793103448275862,0.15384615384615385,0.2403846153846154,0.4667642140468227
W1_web,5,L4,concurrent,pin_ip_and_useragent,0.043478260869565216,0.3333333333333333,0.07692307692307691,0.019230769230769232,0.512123745819398
W1_web,5,L4,concurrent,score_distinct_bindings,0.043478260869565216,0.14285714285714285,0.06666666666666667,0.057692307692307696,0.49289297658862874
W1_web,5,L4,concurrent,score_max_request_rate,0.6521739130434783,0.23076923076923078,0.3409090909090909,0.4807692307692308,0.6043060200668896
W1_web,5,L4,concurrent,score_burstiness,0.0,0.0,0.0,0.009615384615384616,0.5491220735785953
W1_web,6,L4,concurrent,SICA (proposed),0.10526315789473684,0.6666666666666666,0.18181818181818182,0.009259259259259259,0.5097465886939572
W1_web,6,L4,concurrent,pin_ip,0.15789473684210525,0.21428571428571427,0.18181818181818182,0.10185185185185185,0.5280214424951267
W1_web,6,L4,concurrent,pin_prefix24,0.05263157894736842,0.25,0.08695652173913043,0.027777777777777776,0.5124269005847953
W1_web,6,L4,concurrent,pin_scope16,0.05263157894736842,0.5,0.09523809523809525,0.009259259259259259,0.5216861598440545
W1_web,6,L4,concurrent,pin_useragent,0.15789473684210525,0.23076923076923078,0.18749999999999997,0.09259259259259259,0.5326510721247564
W1_web,6,L4,concurrent,pin_useragent_core,0.0,0.0,0.0,0.0,0.5
W1_web,6,L4,concurrent,pin_ip_or_useragent,0.21052631578947367,0.18181818181818182,0.1951219512195122,0.16666666666666666,0.5219298245614035
W1_web,6,L4,concurrent,pin_ip_and_useragent,0.10526315789473684,0.4,0.16666666666666666,0.027777777777777776,0.5387426900584795
W1_web,6,L4,concurrent,score_distinct_bindings,0.05263157894736842,0.25,0.08695652173913043,0.027777777777777776,0.5124269005847953
W1_web,6,L4,concurrent,score_max_request_rate,0.6842105263157895,0.18055555555555555,0.2857142857142857,0.5462962962962963,0.5616471734892787
W1_web,6,L4,concurrent,score_burstiness,0.05263157894736842,0.5,0.09523809523809525,0.009259259259259259,0.5694444444444444
W1_web,7,L4,concurrent,SICA (proposed),0.0,0.0,0.0,0.008928571428571428,0.42529761904761904
W1_web,7,L4,concurrent,pin_ip,0.06666666666666667,0.06666666666666667,0.06666666666666667,0.125,0.4708333333333333
W1_web,7,L4,concurrent,pin_prefix24,0.0,0.0,0.0,0.07142857142857142,0.4642857142857143
W1_web,7,L4,concurrent,pin_scope16,0.0,0.0,0.0,0.03571428571428571,0.48214285714285715
W1_web,7,L4,concurrent,pin_useragent,0.0,0.0,0.0,0.125,0.4375
W1_web,7,L4,concurrent,pin_useragent_core,0.0,0.0,0.0,0.0,0.5
W1_web,7,L4,concurrent,pin_ip_or_useragent,0.06666666666666667,0.04,0.05,0.21428571428571427,0.4261904761904762
W1_web,7,L4,concurrent,pin_ip_and_useragent,0.0,0.0,0.0,0.03571428571428571,0.48214285714285715
W1_web,7,L4,concurrent,score_distinct_bindings,0.0,0.0,0.0,0.07142857142857142,0.4642857142857143
W1_web,7,L4,concurrent,score_max_request_rate,0.4666666666666667,0.10294117647058823,0.1686746987951807,0.5446428571428571,0.5139880952380952
W1_web,7,L4,concurrent,score_burstiness,0.0,0.0,0.0,0.008928571428571428,0.44226190476190474
W1_web,8,L4,concurrent,SICA (proposed),0.10526315789473684,1.0,0.1904761904761905,0.0,0.5004873294346979
W1_web,8,L4,concurrent,pin_ip,0.10526315789473684,0.10526315789473684,0.10526315789473684,0.1574074074074074,0.4739278752436647
W1_web,8,L4,concurrent,pin_prefix24,0.05263157894736842,0.125,0.07407407407407407,0.06481481481481481,0.4939083820662768
W1_web,8,L4,concurrent,pin_scope16,0.0,0.0,0.0,0.027777777777777776,0.4861111111111111
W1_web,8,L4,concurrent,pin_useragent,0.15789473684210525,0.21428571428571427,0.18181818181818182,0.10185185185185185,0.5280214424951267
W1_web,8,L4,concurrent,pin_useragent_core,0.0,0.0,0.0,0.0,0.5
W1_web,8,L4,concurrent,pin_ip_or_useragent,0.15789473684210525,0.125,0.13953488372093023,0.19444444444444445,0.4817251461988304
W1_web,8,L4,concurrent,pin_ip_and_useragent,0.10526315789473684,0.2222222222222222,0.14285714285714285,0.06481481481481481,0.520224171539961
W1_web,8,L4,concurrent,score_distinct_bindings,0.05263157894736842,0.125,0.07407407407407407,0.06481481481481481,0.4939083820662768
W1_web,8,L4,concurrent,score_max_request_rate,0.47368421052631576,0.13846153846153847,0.2142857142857143,0.5185185185185185,0.5428849902534113
W1_web,8,L4,concurrent,score_burstiness,0.0,0.0,0.0,0.009259259259259259,0.4800194931773879
W1_web,9,L4,concurrent,SICA (proposed),0.05263157894736842,0.3333333333333333,0.09090909090909091,0.018518518518518517,0.4590643274853801
W1_web,9,L4,concurrent,pin_ip,0.10526315789473684,0.1,0.10256410256410256,0.16666666666666666,0.4692982456140351
W1_web,9,L4,concurrent,pin_prefix24,0.05263157894736842,0.1111111111111111,0.07142857142857142,0.07407407407407407,0.48927875243664715
W1_web,9,L4,concurrent,pin_scope16,0.0,0.0,0.0,0.027777777777777776,0.4861111111111111
W1_web,9,L4,concurrent,pin_useragent,0.10526315789473684,0.15384615384615385,0.125,0.10185185185185185,0.5017056530214425
W1_web,9,L4,concurrent,pin_useragent_core,0.0,0.0,0.0,0.0,0.5
W1_web,9,L4,concurrent,pin_ip_or_useragent,0.15789473684210525,0.1111111111111111,0.13043478260869565,0.2222222222222222,0.4678362573099415
W1_web,9,L4,concurrent,pin_ip_and_useragent,0.05263157894736842,0.16666666666666666,0.08,0.046296296296296294,0.503167641325536
W1_web,9,L4,concurrent,score_distinct_bindings,0.05263157894736842,0.1111111111111111,0.07142857142857142,0.07407407407407407,0.48927875243664715
W1_web,9,L4,concurrent,score_max_request_rate,0.5263157894736842,0.14705882352941177,0.22988505747126434,0.5370370370370371,0.5214424951267057
W1_web,9,L4,concurrent,score_burstiness,0.0,0.0,0.0,0.009259259259259259,0.4615009746588694
W1_web,10,L4,concurrent,SICA (proposed),0.0,0.0,0.0,0.04716981132075472,0.41801437556154536
W1_web,10,L4,concurrent,pin_ip,0.09523809523809523,0.07407407407407407,0.08333333333333333,0.2358490566037736,0.42969451931716085
W1_web,10,L4,concurrent,pin_prefix24,0.0,0.0,0.0,0.1320754716981132,0.4339622641509434
W1_web,10,L4,concurrent,pin_scope16,0.0,0.0,0.0,0.05660377358490566,0.4716981132075472
W1_web,10,L4,concurrent,pin_useragent,0.09523809523809523,0.15384615384615385,0.11764705882352941,0.10377358490566038,0.49573225516621744
W1_web,10,L4,concurrent,pin_useragent_core,0.0,0.0,0.0,0.0,0.5
W1_web,10,L4,concurrent,pin_ip_or_useragent,0.14285714285714285,0.0967741935483871,0.11538461538461538,0.2641509433962264,0.4393530997304582
W1_web,10,L4,concurrent,pin_ip_and_useragent,0.047619047619047616,0.1111111111111111,0.06666666666666667,0.07547169811320754,0.48607367475292
W1_web,10,L4,concurrent,score_distinct_bindings,0.0,0.0,0.0,0.1320754716981132,0.4339622641509434
W1_web,10,L4,concurrent,score_max_request_rate,0.6666666666666666,0.19718309859154928,0.3043478260869565,0.5377358490566038,0.577717879604672
W1_web,10,L4,concurrent,score_burstiness,0.0,0.0,0.0,0.009433962264150943,0.5624438454627134
W1_web,11,L4,concurrent,SICA (proposed),0.13333333333333333,0.3333333333333333,0.19047619047619044,0.03571428571428571,0.5491071428571429
W1_web,11,L4,concurrent,pin_ip,0.2,0.14285714285714285,0.16666666666666666,0.16071428571428573,0.5196428571428572
W1_web,11,L4,concurrent,pin_prefix24,0.06666666666666667,0.14285714285714285,0.09090909090909091,0.05357142857142857,0.506547619047619
W1_web,11,L4,concurrent,pin_scope16,0.0,0.0,0.0,0.026785714285714284,0.48660714285714285
W1_web,11,L4,concurrent,pin_useragent,0.13333333333333333,0.16666666666666666,0.14814814814814814,0.08928571428571429,0.5220238095238096
W1_web,11,L4,concurrent,pin_useragent_core,0.0,0.0,0.0,0.0,0.5
W1_web,11,L4,concurrent,pin_ip_or_useragent,0.26666666666666666,0.15384615384615385,0.1951219512195122,0.19642857142857142,0.5351190476190476
W1_web,11,L4,concurrent,pin_ip_and_useragent,0.06666666666666667,0.14285714285714285,0.09090909090909091,0.05357142857142857,0.506547619047619
W1_web,11,L4,concurrent,score_distinct_bindings,0.06666666666666667,0.14285714285714285,0.09090909090909091,0.05357142857142857,0.506547619047619
W1_web,11,L4,concurrent,score_max_request_rate,0.6666666666666666,0.14925373134328357,0.24390243902439024,0.5089285714285714,0.569047619047619
W1_web,11,L4,concurrent,score_burstiness,0.0,0.0,0.0,0.008928571428571428,0.518154761904762
W1_web,12,L4,concurrent,SICA (proposed),0.0,0.0,0.0,0.019230769230769232,0.47261705685618727
W1_web,12,L4,concurrent,pin_ip,0.17391304347826086,0.17391304347826086,0.17391304347826086,0.18269230769230768,0.4956103678929766
W1_web,12,L4,concurrent,pin_prefix24,0.0,0.0,0.0,0.1346153846153846,0.4326923076923077
W1_web,12,L4,concurrent,pin_scope16,0.0,0.0,0.0,0.038461538461538464,0.4807692307692308
W1_web,12,L4,concurrent,pin_useragent,0.043478260869565216,0.06666666666666667,0.052631578947368425,0.1346153846153846,0.4544314381270903
W1_web,12,L4,concurrent,pin_useragent_core,0.0,0.0,0.0,0.0,0.5
W1_web,12,L4,concurrent,pin_ip_or_useragent,0.17391304347826086,0.14285714285714285,0.1568627450980392,0.23076923076923078,0.47157190635451507
W1_web,12,L4,concurrent,pin_ip_and_useragent,0.043478260869565216,0.1,0.06060606060606061,0.08653846153846154,0.4784698996655518
W1_web,12,L4,concurrent,score_distinct_bindings,0.0,0.0,0.0,0.1346153846153846,0.4326923076923077
W1_web,12,L4,concurrent,score_max_request_rate,0.6956521739130435,0.22535211267605634,0.3404255319148936,0.5288461538461539,0.6005434782608695
W1_web,12,L4,concurrent,score_burstiness,0.0,0.0,0.0,0.0,0.5572742474916388
W1_web,13,L4,concurrent,SICA (proposed),0.1,0.3333333333333333,0.15384615384615383,0.037383177570093455,0.5271028037383177
W1_web,13,L4,concurrent,pin_ip,0.15,0.13636363636363635,0.14285714285714282,0.17757009345794392,0.48621495327102804
W1_web,13,L4,concurrent,pin_prefix24,0.1,0.2222222222222222,0.13793103448275865,0.06542056074766354,0.5172897196261682
W1_web,13,L4,concurrent,pin_scope16,0.0,0.0,0.0,0.037383177570093455,0.48130841121495327
W1_web,13,L4,concurrent,pin_useragent,0.15,0.23076923076923078,0.18181818181818185,0.09345794392523364,0.5282710280373831
W1_web,13,L4,concurrent,pin_useragent_core,0.0,0.0,0.0,0.0,0.5
W1_web,13,L4,concurrent,pin_ip_or_useragent,0.25,0.17857142857142858,0.20833333333333331,0.21495327102803738,0.5175233644859814
W1_web,13,L4,concurrent,pin_ip_and_useragent,0.05,0.14285714285714285,0.07407407407407408,0.056074766355140186,0.4969626168224299
W1_web,13,L4,concurrent,score_distinct_bindings,0.1,0.2222222222222222,0.13793103448275865,0.06542056074766354,0.5172897196261682
W1_web,13,L4,concurrent,score_max_request_rate,0.6,0.17647058823529413,0.2727272727272727,0.5233644859813084,0.525
W1_web,13,L4,concurrent,score_burstiness,0.0,0.0,0.0,0.009345794392523364,0.48411214953271026
W1_web,14,L4,concurrent,SICA (proposed),0.0,0.0,0.0,0.027777777777777776,0.48635477582846004
W1_web,14,L4,concurrent,pin_ip,0.05263157894736842,0.07692307692307693,0.0625,0.1111111111111111,0.47076023391812866
W1_web,14,L4,concurrent,pin_prefix24,0.0,0.0,0.0,0.07407407407407407,0.46296296296296297
W1_web,14,L4,concurrent,pin_scope16,0.0,0.0,0.0,0.037037037037037035,0.48148148148148145
W1_web,14,L4,concurrent,pin_useragent,0.05263157894736842,0.125,0.07407407407407407,0.06481481481481481,0.4939083820662768
W1_web,14,L4,concurrent,pin_useragent_core,0.0,0.0,0.0,0.0,0.5
W1_web,14,L4,concurrent,pin_ip_or_useragent,0.10526315789473684,0.10526315789473684,0.10526315789473684,0.1574074074074074,0.4739278752436647
W1_web,14,L4,concurrent,pin_ip_and_useragent,0.0,0.0,0.0,0.018518518518518517,0.49074074074074076
W1_web,14,L4,concurrent,score_distinct_bindings,0.0,0.0,0.0,0.07407407407407407,0.46296296296296297
W1_web,14,L4,concurrent,score_max_request_rate,0.5789473684210527,0.16417910447761194,0.2558139534883721,0.5185185185185185,0.5701754385964912
W1_web,14,L4,concurrent,score_burstiness,0.0,0.0,0.0,0.009259259259259259,0.48221247563352826
W1_web,15,L4,concurrent,SICA (proposed),0.041666666666666664,0.5,0.07692307692307693,0.009708737864077669,0.6258090614886731
W1_web,15,L4,concurrent,pin_ip,0.2916666666666667,0.3888888888888889,0.3333333333333333,0.10679611650485436,0.5924352750809061
W1_web,15,L4,concurrent,pin_prefix24,0.125,0.3,0.17647058823529413,0.06796116504854369,0.5285194174757282
W1_web,15,L4,concurrent,pin_scope16,0.08333333333333333,0.4,0.13793103448275862,0.02912621359223301,0.5271035598705501
W1_web,15,L4,concurrent,pin_useragent,0.20833333333333334,0.35714285714285715,0.2631578947368421,0.08737864077669903,0.5604773462783171
W1_web,15,L4,concurrent,pin_useragent_core,0.0,0.0,0.0,0.0,0.5
W1_web,15,L4,concurrent,pin_ip_or_useragent,0.375,0.36,0.3673469387755102,0.1553398058252427,0.6098300970873787
W1_web,15,L4,concurrent,pin_ip_and_useragent,0.125,0.42857142857142855,0.19354838709677416,0.038834951456310676,0.5430825242718447
W1_web,15,L4,concurrent,score_distinct_bindings,0.125,0.3,0.17647058823529413,0.06796116504854369,0.5285194174757282
W1_web,15,L4,concurrent,score_max_request_rate,0.5416666666666666,0.18840579710144928,0.27956989247311825,0.5436893203883495,0.5194174757281553
W1_web,15,L4,concurrent,score_burstiness,0.041666666666666664,0.5,0.07692307692307693,0.009708737864077669,0.4898867313915858
W1_web,16,L4,concurrent,SICA (proposed),0.0,0.0,0.0,0.018518518518518517,0.506578947368421
W1_web,16,L4,concurrent,pin_ip,0.15789473684210525,0.17647058823529413,0.16666666666666669,0.12962962962962962,0.5141325536062378
W1_web,16,L4,concurrent,pin_prefix24,0.10526315789473684,0.18181818181818182,0.13333333333333333,0.08333333333333333,0.5109649122807017
W1_web,16,L4,concurrent,pin_scope16,0.05263157894736842,0.2,0.08333333333333333,0.037037037037037035,0.5077972709551657
W1_web,16,L4,concurrent,pin_useragent,0.05263157894736842,0.125,0.07407407407407407,0.06481481481481481,0.4939083820662768
W1_web,16,L4,concurrent,pin_useragent_core,0.0,0.0,0.0,0.0,0.5
W1_web,16,L4,concurrent,pin_ip_or_useragent,0.15789473684210525,0.15789473684210525,0.15789473684210525,0.14814814814814814,0.5048732943469786
W1_web,16,L4,concurrent,pin_ip_and_useragent,0.05263157894736842,0.16666666666666666,0.08,0.046296296296296294,0.503167641325536
W1_web,16,L4,concurrent,score_distinct_bindings,0.10526315789473684,0.18181818181818182,0.13333333333333333,0.08333333333333333,0.5109649122807017
W1_web,16,L4,concurrent,score_max_request_rate,0.6842105263157895,0.19117647058823528,0.29885057471264365,0.5092592592592593,0.6223196881091618
W1_web,16,L4,concurrent,score_burstiness,0.0,0.0,0.0,0.0,0.574317738791423
W1_web,17,L4,concurrent,SICA (proposed),0.0,0.0,0.0,0.009433962264150943,0.38207547169811323
W1_web,17,L4,concurrent,pin_ip,0.0,0.0,0.0,0.20754716981132076,0.39622641509433965
W1_web,17,L4,concurrent,pin_prefix24,0.0,0.0,0.0,0.09433962264150944,0.4528301886792453
W1_web,17,L4,concurrent,pin_scope16,0.0,0.0,0.0,0.02830188679245283,0.4858490566037736
W1_web,17,L4,concurrent,pin_useragent,0.0,0.0,0.0,0.10377358490566038,0.4481132075471698
W1_web,17,L4,concurrent,pin_useragent_core,0.0,0.0,0.0,0.0,0.5
W1_web,17,L4,concurrent,pin_ip_or_useragent,0.0,0.0,0.0,0.25471698113207547,0.37264150943396224
W1_web,17,L4,concurrent,pin_ip_and_useragent,0.0,0.0,0.0,0.05660377358490566,0.4716981132075472
W1_web,17,L4,concurrent,score_distinct_bindings,0.0,0.0,0.0,0.09433962264150944,0.4528301886792453
W1_web,17,L4,concurrent,score_max_request_rate,0.6190476190476191,0.19117647058823528,0.29213483146067415,0.5188679245283019,0.5822102425876011
W1_web,17,L4,concurrent,score_burstiness,0.0,0.0,0.0,0.009433962264150943,0.5402066486972147
W1_web,18,L4,concurrent,SICA (proposed),0.0,0.0,0.0,0.00980392156862745,0.573921568627451
W1_web,18,L4,concurrent,pin_ip,0.24,0.3333333333333333,0.27906976744186046,0.11764705882352941,0.5611764705882353
W1_web,18,L4,concurrent,pin_prefix24,0.04,0.125,0.06060606060606061,0.06862745098039216,0.4856862745098039
W1_web,18,L4,concurrent,pin_scope16,0.04,0.25,0.06896551724137932,0.029411764705882353,0.5052941176470588
W1_web,18,L4,concurrent,pin_useragent,0.16,0.3076923076923077,0.2105263157894737,0.08823529411764706,0.5358823529411765
W1_web,18,L4,concurrent,pin_useragent_core,0.0,0.0,0.0,0.0,0.5
W1_web,18,L4,concurrent,pin_ip_or_useragent,0.28,0.3181818181818182,0.29787234042553196,0.14705882352941177,0.5664705882352942
W1_web,18,L4,concurrent,pin_ip_and_useragent,0.12,0.3333333333333333,0.1764705882352941,0.058823529411764705,0.5305882352941177
W1_web,18,L4,concurrent,score_distinct_bindings,0.04,0.125,0.06060606060606061,0.06862745098039216,0.4856862745098039
W1_web,18,L4,concurrent,score_max_request_rate,0.64,0.22535211267605634,0.3333333333333333,0.5392156862745098,0.5725490196078431
W1_web,18,L4,concurrent,score_burstiness,0.0,0.0,0.0,0.00980392156862745,0.49686274509803924
W1_web,19,L4,concurrent,SICA (proposed),0.1111111111111111,0.3333333333333333,0.16666666666666666,0.03669724770642202,0.5295616717635067
W1_web,19,L4,concurrent,pin_ip,0.2222222222222222,0.2,0.2105263157894737,0.14678899082568808,0.5377166156982671
W1_web,19,L4,concurrent,pin_prefix24,0.05555555555555555,0.125,0.07692307692307691,0.06422018348623854,0.4956676860346585
W1_web,19,L4,concurrent,pin_scope16,0.05555555555555555,0.3333333333333333,0.09523809523809525,0.01834862385321101,0.5186034658511722
W1_web,19,L4,concurrent,pin_useragent,0.1111111111111111,0.18181818181818182,0.13793103448275862,0.08256880733944955,0.5142711518858308
W1_web,19,L4,concurrent,pin_useragent_core,0.0,0.0,0.0,0.0,0.5
W1_web,19,L4,concurrent,pin_ip_or_useragent,0.2222222222222222,0.16,0.18604651162790697,0.1926605504587156,0.5147808358817533
W1_web,19,L4,concurrent,pin_ip_and_useragent,0.1111111111111111,0.3333333333333333,0.16666666666666666,0.03669724770642202,0.5372069317023446
W1_web,19,L4,concurrent,score_distinct_bindings,0.05555555555555555,0.125,0.07692307692307691,0.06422018348623854,0.4956676860346585
W1_web,19,L4,concurrent,score_max_request_rate,0.3333333333333333,0.0967741935483871,0.15000000000000002,0.5137614678899083,0.4536187563710499
W1_web,19,L4,concurrent,score_burstiness,0.0,0.0,0.0,0.009174311926605505,0.36926605504587157
W2_apt,0,L0,takeover,SICA (proposed),0.41515151515151516,0.9647887323943662,0.5805084745762712,0.0040551500405515,0.9715623387156234
W2_apt,0,L0,takeover,pin_ip,1.0,0.6457925636007827,0.7847800237812129,0.1467964314679643,0.9266017842660178
W2_apt,0,L0,takeover,pin_prefix24,1.0,0.7971014492753623,0.8870967741935484,0.0681265206812652,0.9659367396593674
W2_apt,0,L0,takeover,pin_scope16,1.0,0.9166666666666666,0.9565217391304348,0.024330900243309004,0.9878345498783455
W2_apt,0,L0,takeover,pin_useragent,0.8515151515151516,0.678743961352657,0.7553763440860216,0.10786699107866991,0.8718240802182408
W2_apt,0,L0,takeover,pin_useragent_core,0.41515151515151516,1.0,0.5867237687366168,0.0,0.7075757575757575
W2_apt,0,L0,takeover,pin_ip_or_useragent,1.0,0.5631399317406144,0.7205240174672489,0.20762368207623683,0.8961881589618816
W2_apt,0,L0,takeover,pin_ip_and_useragent,0.8515151515151516,0.8289085545722714,0.8400597907324365,0.047039740470397405,0.902237705522377
W2_apt,0,L0,takeover,score_distinct_bindings,1.0,0.7971014492753623,0.8870967741935484,0.0681265206812652,0.9668657376686574
W2_apt,0,L0,takeover,score_max_request_rate,0.6757575757575758,0.21401151631477927,0.32507288629737613,0.6642335766423357,0.5102730467693971
W2_apt,0,L0,takeover,score_burstiness,0.0,0.0,0.0,0.0227088402270884,0.49725232863918994
W2_apt,1,L0,takeover,SICA (proposed),0.43666666666666665,0.8451612903225807,0.5758241758241759,0.019002375296912115,0.9664133016627079
W2_apt,1,L0,takeover,pin_ip,1.0,0.5905511811023622,0.7425742574257426,0.16468725257323832,0.9176563737133808
W2_apt,1,L0,takeover,pin_prefix24,1.0,0.7334963325183375,0.846262341325811,0.08630245447347586,0.9568487727632621
W2_apt,1,L0,takeover,pin_scope16,1.0,0.8797653958944281,0.9360374414976599,0.03246239113222486,0.9837688044338876
W2_apt,1,L0,takeover,pin_useragent,0.8466666666666667,0.671957671957672,0.7492625368731564,0.09817893903404593,0.8742438638163104
W2_apt,1,L0,takeover,pin_useragent_core,0.43666666666666665,1.0,0.6078886310904873,0.0,0.7183333333333334
W2_apt,1,L0,takeover,pin_ip_or_useragent,1.0,0.5385996409335727,0.7001166861143524,0.2034837688044339,0.898258115597783
W2_apt,1,L0,takeover,pin_ip_and_useragent,0.8466666666666667,0.7720364741641338,0.8076311605723371,0.05938242280285035,0.8936421219319082
W2_apt,1,L0,takeover,score_distinct_bindings,1.0,0.7334963325183375,0.846262341325811,0.08630245447347586,0.9585748218527316
W2_apt,1,L0,takeover,score_max_request_rate,0.6533333333333333,0.1895551257253385,0.2938530734632684,0.6634996041171813,0.5001253628925838
W2_apt,1,L0,takeover,score_burstiness,0.006666666666666667,0.07142857142857142,0.012195121951219513,0.02058590657165479,0.48058722618105043
W2_apt,2,L0,takeover,SICA (proposed),0.4117647058823529,0.8344370860927153,0.5514223194748359,0.01988862370723946,0.9720454344559356
W2_apt,2,L0,takeover,pin_ip,1.0,0.6415094339622641,0.7816091954022989,0.1360381861575179,0.931980906921241
W2_apt,2,L0,takeover,pin_prefix24,1.0,0.7806122448979592,0.8767908309455587,0.06841686555290374,0.9657915672235481
W2_apt,2,L0,takeover,pin_scope16,1.0,0.9107142857142857,0.9532710280373832,0.02386634844868735,0.9880668257756563
W2_apt,2,L0,takeover,pin_useragent,0.8823529411764706,0.6870229007633588,0.7725321888412018,0.09785202863961814,0.8922504562684263
W2_apt,2,L0,takeover,pin_useragent_core,0.4084967320261438,1.0,0.580046403712297,0.0,0.704248366013072
W2_apt,2,L0,takeover,pin_ip_or_useragent,1.0,0.5614678899082569,0.719153936545241,0.19013524264120923,0.9049323786793954
W2_apt,2,L0,takeover,pin_ip_and_useragent,0.8823529411764706,0.8307692307692308,0.8557844690966719,0.04375497215592681,0.9192989845102719
W2_apt,2,L0,takeover,score_distinct_bindings,1.0,0.7806122448979592,0.8767908309455587,0.06841686555290374,0.9672448666552275
W2_apt,2,L0,takeover,score_max_request_rate,0.6666666666666666,0.19786614936954414,0.3051608077786088,0.6579156722354813,0.5078228586581809
W2_apt,2,L0,takeover,score_burstiness,0.0032679738562091504,0.03571428571428571,0.005988023952095808,0.021479713603818614,0.4765665215967055
W2_apt,3,L0,takeover,SICA (proposed),0.4473684210526316,0.8947368421052632,0.5964912280701755,0.012708498808578236,0.96249895489319
W2_apt,3,L0,takeover,pin_ip,1.0,0.608,0.7562189054726367,0.1556791104050834,0.9221604447974583
W2_apt,3,L0,takeover,pin_prefix24,1.0,0.7543424317617866,0.85997171145686,0.07863383637807785,0.9606830818109611
W2_apt,3,L0,takeover,pin_scope16,1.0,0.8636363636363636,0.9268292682926829,0.03812549642573471,0.9809372517871326
W2_apt,3,L0,takeover,pin_useragent,0.8355263157894737,0.6846361185983828,0.7525925925925927,0.09293089753772836,0.8712977091258727
W2_apt,3,L0,takeover,pin_useragent_core,0.4473684210526316,1.0,0.6181818181818182,0.0,0.7236842105263158
W2_apt,3,L0,takeover,pin_ip_or_useragent,1.0,0.5477477477477477,0.7077997671711291,0.1993645750595711,0.9003177124702144
W2_apt,3,L0,takeover,pin_ip_and_useragent,0.8355263157894737,0.8037974683544303,0.8193548387096773,0.04924543288324067,0.8931404414531166
W2_apt,3,L0,takeover,score_distinct_bindings,1.0,0.7543424317617866,0.85997171145686,0.07863383637807785,0.9612004096818695
W2_apt,3,L0,takeover,score_max_request_rate,0.6743421052631579,0.19806763285024154,0.3061986557132188,0.659253375694996,0.5109527193679194
W2_apt,3,L0,takeover,score_burstiness,0.003289473684210526,0.038461538461538464,0.006060606060606061,0.019857029388403495,0.5195892207683626
W2_apt,4,L0,takeover,SICA (proposed),0.4217252396166134,0.7810650887573964,0.5477178423236514,0.0296,0.9646568690095847
W2_apt,4,L0,takeover,pin_ip,1.0,0.6149312377210217,0.7615571776155718,0.1568,0.9216
W2_apt,4,L0,takeover,pin_prefix24,1.0,0.7452380952380953,0.8540245566166439,0.0856,0.9572
W2_apt,4,L0,takeover,pin_scope16,1.0,0.886685552407932,0.93993993993994,0.032,0.984
W2_apt,4,L0,takeover,pin_useragent,0.853035143769968,0.6828644501278772,0.7585227272727273,0.0992,0.876917571884984
W2_apt,4,L0,takeover,pin_useragent_core,0.4185303514376997,1.0,0.5900900900900901,0.0,0.7092651757188498
W2_apt,4,L0,takeover,pin_ip_or_useragent,1.0,0.5434027777777778,0.704161979752531,0.2104,0.8948
W2_apt,4,L0,takeover,pin_ip_and_useragent,0.853035143769968,0.8240740740740741,0.8383045525902668,0.0456,0.903717571884984
W2_apt,4,L0,takeover,score_distinct_bindings,1.0,0.7452380952380953,0.8540245566166439,0.0856,0.9587041533546325
W2_apt,4,L0,takeover,score_max_request_rate,0.6517571884984026,0.19883040935672514,0.30470500373412995,0.6576,0.5003539936102236
W2_apt,4,L0,takeover,score_burstiness,0.006389776357827476,0.09523809523809523,0.011976047904191616,0.0152,0.4894223642172524
W2_apt,5,L0,takeover,SICA (proposed),0.42356687898089174,0.8364779874213837,0.5623678646934461,0.020816653322658127,0.9819167435859516
W2_apt,5,L0,takeover,pin_ip,1.0,0.6144814090019569,0.7612121212121212,0.1577261809447558,0.9211369095276221
W2_apt,5,L0,takeover,pin_prefix24,1.0,0.7810945273631841,0.877094972067039,0.07045636509207366,0.9647718174539631
W2_apt,5,L0,takeover,pin_scope16,1.0,0.9048991354466859,0.9500756429652043,0.02642113690952762,0.9867894315452362
W2_apt,5,L0,takeover,pin_useragent,0.8343949044585988,0.6533665835411472,0.732867132867133,0.11128903122497999,0.8615529366168093
W2_apt,5,L0,takeover,pin_useragent_core,0.4171974522292994,1.0,0.5887640449438203,0.0,0.7085987261146497
W2_apt,5,L0,takeover,pin_ip_or_useragent,1.0,0.5460869565217391,0.7064116985376828,0.20896717373899118,0.8955164131305045
W2_apt,5,L0,takeover,pin_ip_and_useragent,0.8343949044585988,0.7774480712166172,0.8049155145929339,0.0600480384307446,0.887173433013927
W2_apt,5,L0,takeover,score_distinct_bindings,1.0,0.7810945273631841,0.877094972067039,0.07045636509207366,0.966005925759716
W2_apt,5,L0,takeover,score_max_request_rate,0.6687898089171974,0.20608439646712462,0.31507876969242304,0.6477181745396317,0.518973140295676
W2_apt,5,L0,takeover,score_burstiness,0.0031847133757961785,0.038461538461538464,0.005882352941176471,0.020016012810248198,0.49601592101706843
W2_apt,6,L0,takeover,SICA (proposed),0.4171779141104294,0.8888888888888888,0.5678496868475991,0.0137429264349232,0.9635001562259772
W2_apt,6,L0,takeover,pin_ip,1.0,0.63671875,0.7780429594272077,0.15036378334680678,0.9248181083265966
W2_apt,6,L0,takeover,pin_prefix24,1.0,0.7581395348837209,0.8624338624338624,0.08407437348423606,0.957962813257882
W2_apt,6,L0,takeover,pin_scope16,1.0,0.8931506849315068,0.94356005788712,0.03152789005658852,0.9842360549717057
W2_apt,6,L0,takeover,pin_useragent,0.8619631901840491,0.6904176904176904,0.766712141882674,0.10185933710590138,0.8800519265390738
W2_apt,6,L0,takeover,pin_useragent_core,0.4171779141104294,1.0,0.5887445887445887,0.0,0.7085889570552147
W2_apt,6,L0,takeover,pin_ip_or_useragent,1.0,0.5544217687074829,0.7133479212253828,0.211802748585287,0.8940986257073565
W2_apt,6,L0,takeover,pin_ip_and_useragent,0.8619631901840491,0.8489425981873112,0.8554033485540335,0.04042037186742118,0.910771409158314
W2_apt,6,L0,takeover,score_distinct_bindings,1.0,0.7581395348837209,0.8624338624338624,0.08407437348423606,0.9591233490881859
W2_apt,6,L0,takeover,score_max_request_rate,0.6196319018404908,0.19842829076620824,0.3005952380952381,0.6596604688763137,0.48495023086727734
W2_apt,6,L0,takeover,score_burstiness,0.0,0.0,0.0,0.02021018593371059,0.46903749919407234
W2_apt,7,L0,takeover,SICA (proposed),0.4174454828660436,0.8427672955974843,0.5583333333333332,0.020128824476650563,0.9688761970693435
W2_apt,7,L0,takeover,pin_ip,1.0,0.6458752515090543,0.784841075794621,0.14170692431561996,0.92914653784219
W2_apt,7,L0,takeover,pin_prefix24,1.0,0.784841075794621,0.8794520547945206,0.07085346215780998,0.964573268921095
W2_apt,7,L0,takeover,pin_scope16,1.0,0.8991596638655462,0.9469026548672567,0.028985507246376812,0.9855072463768116
W2_apt,7,L0,takeover,pin_useragent,0.8878504672897196,0.7037037037037037,0.7851239669421488,0.0966183574879227,0.8956160549008985
W2_apt,7,L0,takeover,pin_useragent_core,0.4174454828660436,1.0,0.589010989010989,0.0,0.7087227414330218
W2_apt,7,L0,takeover,pin_ip_or_useragent,1.0,0.5701598579040853,0.7262443438914027,0.19484702093397746,0.9025764895330113
W2_apt,7,L0,takeover,pin_ip_and_useragent,0.8878504672897196,0.8407079646017699,0.8636363636363636,0.043478260869565216,0.9221861032100772
W2_apt,7,L0,takeover,score_distinct_bindings,1.0,0.784841075794621,0.8794520547945206,0.07085346215780998,0.9660079963479665
W2_apt,7,L0,takeover,score_max_request_rate,0.7040498442367601,0.21751684311838307,0.33235294117647063,0.6545893719806763,0.5302471644067202
W2_apt,7,L0,takeover,score_burstiness,0.003115264797507788,0.038461538461538464,0.005763688760806916,0.020128824476650563,0.5049437897873493
W2_apt,8,L0,takeover,SICA (proposed),0.4334470989761092,0.8141025641025641,0.5657015590200445,0.02283464566929134,0.9708889844400849
W2_apt,8,L0,takeover,pin_ip,1.0,0.6301075268817204,0.7730870712401056,0.13543307086614173,0.9322834645669291
W2_apt,8,L0,takeover,pin_prefix24,1.0,0.7730870712401056,0.8720238095238095,0.06771653543307087,0.9661417322834646
W2_apt,8,L0,takeover,pin_scope16,1.0,0.9071207430340558,0.9512987012987013,0.023622047244094488,0.9881889763779528
W2_apt,8,L0,takeover,pin_useragent,0.8464163822525598,0.6946778711484594,0.7630769230769231,0.08582677165354331,0.8802948052995082
W2_apt,8,L0,takeover,pin_useragent_core,0.4300341296928328,1.0,0.6014319809069213,0.0,0.7150170648464164
W2_apt,8,L0,takeover,pin_ip_or_useragent,1.0,0.5580952380952381,0.7163814180929096,0.1826771653543307,0.9086614173228347
W2_apt,8,L0,takeover,pin_ip_and_useragent,0.8464163822525598,0.835016835016835,0.8406779661016951,0.03858267716535433,0.9039168525436027
W2_apt,8,L0,takeover,score_distinct_bindings,1.0,0.7730870712401056,0.8720238095238095,0.06771653543307087,0.9669506328773749
W2_apt,8,L0,takeover,score_max_request_rate,0.6757679180887372,0.1935483870967742,0.3009118541033435,0.6496062992125984,0.5210529144607777
W2_apt,8,L0,takeover,score_burstiness,0.0034129692832764505,0.041666666666666664,0.006309148264984227,0.01811023622047244,0.5147792319475424
W2_apt,9,L0,takeover,SICA (proposed),0.39244186046511625,0.8598726114649682,0.5389221556886227,0.01804757998359311,0.9699036095159967
W2_apt,9,L0,takeover,pin_ip,1.0,0.6417910447761194,0.7818181818181819,0.15750615258408532,0.9212469237079574
W2_apt,9,L0,takeover,pin_prefix24,1.0,0.8210023866348448,0.9017038007863696,0.06152584085315833,0.9692370795734209
W2_apt,9,L0,takeover,pin_scope16,1.0,0.9347826086956522,0.9662921348314606,0.019688269073010665,0.9901558654634947
W2_apt,9,L0,takeover,pin_useragent,0.872093023255814,0.6976744186046512,0.7751937984496123,0.1066447908121411,0.8827241162218364
W2_apt,9,L0,takeover,pin_useragent_core,0.39244186046511625,1.0,0.5636743215031315,0.0,0.6962209302325582
W2_apt,9,L0,takeover,pin_ip_or_useragent,1.0,0.5771812080536913,0.7319148936170213,0.20672682526661199,0.896636587366694
W2_apt,9,L0,takeover,pin_ip_and_useragent,0.872093023255814,0.8108108108108109,0.8403361344537815,0.05742411812961444,0.9073344525630997
W2_apt,9,L0,takeover,score_distinct_bindings,1.0,0.8210023866348448,0.9017038007863696,0.06152584085315833,0.9695053608562108
W2_apt,9,L0,takeover,score_max_request_rate,0.6831395348837209,0.22274881516587677,0.33595425303788423,0.6726825266611977,0.5083250662952858
W2_apt,9,L0,takeover,score_burstiness,0.011627906976744186,0.13333333333333333,0.021390374331550804,0.02132895816242822,0.49436847778392506
W2_apt,10,L0,takeover,SICA (proposed),0.40955631399317405,0.8695652173913043,0.5568445475638051,0.014173228346456693,0.9761884926500228
W2_apt,10,L0,takeover,pin_ip,1.0,0.6341991341991342,0.776158940397351,0.13307086614173227,0.9334645669291338
W2_apt,10,L0,takeover,pin_prefix24,1.0,0.7918918918918919,0.8838612368024132,0.06062992125984252,0.9696850393700788
W2_apt,10,L0,takeover,pin_scope16,1.0,0.9213836477987422,0.9590834697217675,0.01968503937007874,0.9901574803149606
W2_apt,10,L0,takeover,pin_useragent,0.8668941979522184,0.6701846965699209,0.7559523809523809,0.0984251968503937,0.8842345005509124
W2_apt,10,L0,takeover,pin_useragent_core,0.3993174061433447,1.0,0.5707317073170732,0.0,0.6996587030716723
W2_apt,10,L0,takeover,pin_ip_or_useragent,1.0,0.5591603053435115,0.7172582619339045,0.18188976377952756,0.9090551181102362
W2_apt,10,L0,takeover,pin_ip_and_useragent,0.8668941979522184,0.8012618296529969,0.8327868852459017,0.049606299212598425,0.90864394936981
W2_apt,10,L0,takeover,score_distinct_bindings,1.0,0.7918918918918919,0.8838612368024132,0.06062992125984252,0.9712369998118836
W2_apt,10,L0,takeover,score_max_request_rate,0.7064846416382252,0.1977077363896848,0.30895522388059704,0.6614173228346457,0.5285426352422671
W2_apt,10,L0,takeover,score_burstiness,0.013651877133105802,0.13333333333333333,0.024767801857585137,0.02047244094488189,0.5161148585095805
W2_apt,11,L0,takeover,SICA (proposed),0.3954983922829582,0.803921568627451,0.5301724137931034,0.023961661341853034,0.969807793061648
W2_apt,11,L0,takeover,pin_ip,1.0,0.6452282157676349,0.7843631778058009,0.1365814696485623,0.9317092651757188
W2_apt,11,L0,takeover,pin_prefix24,1.0,0.7853535353535354,0.8797736916548797,0.06789137380191693,0.9660543130990416
W2_apt,11,L0,takeover,pin_scope16,1.0,0.9040697674418605,0.9496183206106871,0.026357827476038338,0.9868210862619808
W2_apt,11,L0,takeover,pin_useragent,0.8327974276527331,0.6744791666666666,0.7453237410071942,0.09984025559105432,0.8664785860308394
W2_apt,11,L0,takeover,pin_useragent_core,0.39228295819935693,1.0,0.5635103926096998,0.0,0.6961414790996785
W2_apt,11,L0,takeover,pin_ip_or_useragent,1.0,0.5603603603603604,0.7182448036951502,0.19488817891373802,0.902555910543131
W2_apt,11,L0,takeover,pin_ip_and_useragent,0.8327974276527331,0.8327974276527331,0.8327974276527331,0.04153354632587859,0.8956319406634272
W2_apt,11,L0,takeover,score_distinct_bindings,1.0,0.7853535353535354,0.8797736916548797,0.06789137380191693,0.9666000636923046
W2_apt,11,L0,takeover,score_max_request_rate,0.6688102893890675,0.20332355816226785,0.3118440779610195,0.6509584664536742,0.5142036407343107
W2_apt,11,L0,takeover,score_burstiness,0.003215434083601286,0.037037037037037035,0.0059171597633136085,0.020766773162939296,0.5027724130137761
W2_apt,12,L0,takeover,SICA (proposed),0.4012539184952978,0.8648648648648649,0.5481798715203426,0.01607717041800643,0.9659859488554465
W2_apt,12,L0,takeover,pin_ip,1.0,0.6444444444444445,0.7837837837837839,0.1414790996784566,0.9292604501607717
W2_apt,12,L0,takeover,pin_prefix24,1.0,0.7915632754342432,0.8836565096952909,0.06752411575562701,0.9662379421221865
W2_apt,12,L0,takeover,pin_scope16,1.0,0.8836565096952909,0.9382352941176471,0.03376205787781351,0.9831189710610932
W2_apt,12,L0,takeover,pin_useragent,0.8338557993730408,0.7,0.7610872675250359,0.09163987138263666,0.8711079639952021
W2_apt,12,L0,takeover,pin_useragent_core,0.3981191222570533,1.0,0.5695067264573992,0.0,0.6990595611285266
W2_apt,12,L0,takeover,pin_ip_or_useragent,1.0,0.5768535262206148,0.7316513761467889,0.18810289389067525,0.9059485530546624
W2_apt,12,L0,takeover,pin_ip_and_useragent,0.8338557993730408,0.8260869565217391,0.8299531981279251,0.04501607717041801,0.8944198611013113
W2_apt,12,L0,takeover,score_distinct_bindings,1.0,0.7915632754342432,0.8836565096952909,0.06752411575562701,0.9670846394984326
W2_apt,12,L0,takeover,score_max_request_rate,0.6426332288401254,0.2011776251226693,0.30642750373692085,0.6543408360128617,0.5005228860284853
W2_apt,12,L0,takeover,score_burstiness,0.003134796238244514,0.043478260869565216,0.005847953216374269,0.017684887459807074,0.4890571923918193
W2_apt,13,L0,takeover,SICA (proposed),0.40924092409240925,0.8104575163398693,0.5438596491228069,0.023015873015873017,0.96507019749594
W2_apt,13,L0,takeover,pin_ip,1.0,0.6234567901234568,0.768060836501901,0.14523809523809525,0.9273809523809524
W2_apt,13,L0,takeover,pin_prefix24,1.0,0.7651515151515151,0.8669527896995708,0.07380952380952381,0.9630952380952381
W2_apt,13,L0,takeover,pin_scope16,1.0,0.8833819241982507,0.9380804953560371,0.031746031746031744,0.9841269841269841
W2_apt,13,L0,takeover,pin_useragent,0.8613861386138614,0.7229916897506925,0.786144578313253,0.07936507936507936,0.891010529624391
W2_apt,13,L0,takeover,pin_useragent_core,0.40924092409240925,1.0,0.5807962529274004,0.0,0.7046204620462047
W2_apt,13,L0,takeover,pin_ip_or_useragent,1.0,0.5611111111111111,0.7188612099644128,0.1880952380952381,0.905952380952381
W2_apt,13,L0,takeover,pin_ip_and_useragent,0.8613861386138614,0.8501628664495114,0.8557377049180329,0.03650793650793651,0.9124391010529624
W2_apt,13,L0,takeover,score_distinct_bindings,1.0,0.7651515151515151,0.8669527896995708,0.07380952380952381,0.9644350149300644
W2_apt,13,L0,takeover,score_max_request_rate,0.6105610561056105,0.18172888015717092,0.2800908402725208,0.6611111111111111,0.4815914924825816
W2_apt,13,L0,takeover,score_burstiness,0.0,0.0,0.0,0.01746031746031746,0.4648148148148148
W2_apt,14,L0,takeover,SICA (proposed),0.4155405405405405,0.9044117647058824,0.5694444444444444,0.010260457774269928,0.9672347959640777
W2_apt,14,L0,takeover,pin_ip,1.0,0.5896414342629482,0.7418546365914788,0.16258879242304658,0.9187056037884768
W2_apt,14,L0,takeover,pin_prefix24,1.0,0.7272727272727273,0.8421052631578948,0.08760852407261246,0.9561957379636937
W2_apt,14,L0,takeover,pin_scope16,1.0,0.8505747126436781,0.9192546583850931,0.04104183109707971,0.9794790844514601
W2_apt,14,L0,takeover,pin_useragent,0.8581081081081081,0.6512820512820513,0.7405247813411078,0.10734017363851618,0.875383967234796
W2_apt,14,L0,takeover,pin_useragent_core,0.4155405405405405,1.0,0.5871121718377088,0.0,0.7077702702702703
W2_apt,14,L0,takeover,pin_ip_or_useragent,1.0,0.5285714285714286,0.691588785046729,0.20836621941594316,0.8958168902920284
W2_apt,14,L0,takeover,pin_ip_and_useragent,0.8581081081081081,0.7650602409638554,0.8089171974522293,0.06156274664561957,0.8982726807312442
W2_apt,14,L0,takeover,score_distinct_bindings,1.0,0.7272727272727273,0.8421052631578948,0.08760852407261246,0.9579715864246251
W2_apt,14,L0,takeover,score_max_request_rate,0.6486486486486487,0.186952288218111,0.29024943310657597,0.659037095501184,0.4970162546129397
W2_apt,14,L0,takeover,score_burstiness,0.0033783783783783786,0.04,0.006230529595015576,0.018942383583267563,0.4856438917212398
W2_apt,15,L0,takeover,SICA (proposed),0.39864864864864863,0.8027210884353742,0.5327313769751693,0.022888713496448304,0.9653016275944453
W2_apt,15,L0,takeover,pin_ip,1.0,0.5849802371541502,0.7381546134663342,0.16574585635359115,0.9171270718232044
W2_apt,15,L0,takeover,pin_prefix24,1.0,0.7326732673267327,0.8457142857142858,0.08524072612470403,0.9573796369376479
W2_apt,15,L0,takeover,pin_scope16,1.0,0.8783382789317508,0.9352290679304897,0.03235990528808208,0.983820047355959
W2_apt,15,L0,takeover,pin_useragent,0.831081081081081,0.6259541984732825,0.714078374455733,0.11602209944751381,0.8575294908167836
W2_apt,15,L0,takeover,pin_useragent_core,0.3952702702702703,1.0,0.5665859564164649,0.0,0.6976351351351351
W2_apt,15,L0,takeover,pin_ip_or_useragent,1.0,0.5077186963979416,0.6734926052332195,0.2265193370165746,0.8867403314917127
W2_apt,15,L0,takeover,pin_ip_and_useragent,0.831081081081081,0.7784810126582279,0.803921568627451,0.055248618784530384,0.8879162311482753
W2_apt,15,L0,takeover,score_distinct_bindings,1.0,0.7326732673267327,0.8457142857142858,0.08524072612470403,0.9591074894942299
W2_apt,15,L0,takeover,score_max_request_rate,0.652027027027027,0.18737864077669902,0.2911010558069381,0.6606156274664562,0.503942330254485
W2_apt,15,L0,takeover,score_burstiness,0.02027027027027027,0.2,0.03680981595092024,0.018942383583267563,0.4954110582563621
W2_apt,16,L0,takeover,SICA (proposed),0.43870967741935485,0.8,0.5666666666666668,0.02713487629688747,0.9678500630744278
W2_apt,16,L0,takeover,pin_ip,1.0,0.6313645621181263,0.7740324594257179,0.14445331205107742,0.9277733439744613
W2_apt,16,L0,takeover,pin_prefix24,1.0,0.7434052757793765,0.8528198074277854,0.0853950518754988,0.9573024740622506
W2_apt,16,L0,takeover,pin_scope16,1.0,0.8707865168539326,0.9309309309309309,0.03671189146049481,0.9816440542697525
W2_apt,16,L0,takeover,pin_useragent,0.8354838709677419,0.6675257731958762,0.7421203438395415,0.10295291300877893,0.8662654789794815
W2_apt,16,L0,takeover,pin_useragent_core,0.432258064516129,1.0,0.6036036036036037,0.0,0.7161290322580646
W2_apt,16,L0,takeover,pin_ip_or_useragent,1.0,0.5506216696269982,0.7101947308132874,0.20191540303272146,0.8990422984836393
W2_apt,16,L0,takeover,pin_ip_and_useragent,0.8354838709677419,0.819620253164557,0.8274760383386582,0.04549082202713488,0.8949965244703035
W2_apt,16,L0,takeover,score_distinct_bindings,1.0,0.7434052757793765,0.8528198074277854,0.0853950518754988,0.9588175475632675
W2_apt,16,L0,takeover,score_max_request_rate,0.6387096774193548,0.19186046511627908,0.29508196721311475,0.6656025538707103,0.4913214736245913
W2_apt,16,L0,takeover,score_burstiness,0.0032258064516129032,0.037037037037037035,0.005934718100890208,0.020750199521149242,0.4812334268722807
W2_apt,17,L0,takeover,SICA (proposed),0.42857142857142855,0.8466257668711656,0.5690721649484535,0.020145044319097503,0.9758559766968133
W2_apt,17,L0,takeover,pin_ip,1.0,0.6666666666666666,0.8,0.1297340854149879,0.935132957292506
W2_apt,17,L0,takeover,pin_prefix24,1.0,0.8277634961439588,0.9057665260196905,0.053988718775181306,0.9730056406124094
W2_apt,17,L0,takeover,pin_scope16,1.0,0.9415204678362573,0.9698795180722891,0.016116035455278,0.991941982272361
W2_apt,17,L0,takeover,pin_useragent,0.84472049689441,0.6956521739130435,0.7629733520336606,0.0958904109589041,0.874415042967753
W2_apt,17,L0,takeover,pin_useragent_core,0.4254658385093168,1.0,0.5969498910675382,0.0,0.7127329192546584
W2_apt,17,L0,takeover,pin_ip_or_useragent,1.0,0.5812274368231047,0.7351598173515982,0.18694601128122482,0.9065269943593876
W2_apt,17,L0,takeover,pin_ip_and_useragent,0.84472049689441,0.85,0.8473520249221184,0.038678485092667206,0.9030210059008714
W2_apt,17,L0,takeover,score_distinct_bindings,1.0,0.8277634961439588,0.9057665260196905,0.053988718775181306,0.9739278081691283
W2_apt,17,L0,takeover,score_max_request_rate,0.6428571428571429,0.1977077363896848,0.30241051862673485,0.6768734891216761,0.4860073272906542
W2_apt,17,L0,takeover,score_burstiness,0.003105590062111801,0.05,0.005847953216374269,0.015310233682514102,0.47212726663029714
W2_apt,18,L0,takeover,SICA (proposed),0.4525993883792049,0.9308176100628931,0.609053497942387,0.00889967637540453,0.9730473659729026
W2_apt,18,L0,takeover,pin_ip,1.0,0.6566265060240963,0.7927272727272727,0.1383495145631068,0.9308252427184466
W2_apt,18,L0,takeover,pin_prefix24,1.0,0.8074074074074075,0.8934426229508198,0.06310679611650485,0.9684466019417476
W2_apt,18,L0,takeover,pin_scope16,1.0,0.8983516483516484,0.9464544138929089,0.029935275080906147,0.985032362459547
W2_apt,18,L0,takeover,pin_useragent,0.8685015290519877,0.7047146401985112,0.7780821917808219,0.09627831715210355,0.8861116059499421
W2_apt,18,L0,takeover,pin_useragent_core,0.4525993883792049,1.0,0.623157894736842,0.0,0.7262996941896025
W2_apt,18,L0,takeover,pin_ip_or_useragent,1.0,0.5797872340425532,0.734006734006734,0.19174757281553398,0.904126213592233
W2_apt,18,L0,takeover,pin_ip_and_useragent,0.8685015290519877,0.8427299703264095,0.8554216867469879,0.04288025889967637,0.9128106350761557
W2_apt,18,L0,takeover,score_distinct_bindings,1.0,0.8074074074074075,0.8934426229508198,0.06310679611650485,0.9698940055224013
W2_apt,18,L0,takeover,score_max_request_rate,0.6574923547400612,0.2087378640776699,0.3168754605747973,0.6593851132686084,0.5041727284423463
W2_apt,18,L0,takeover,score_burstiness,0.009174311926605505,0.125,0.017094017094017096,0.01699029126213592,0.47932810783527807
W2_apt,19,L0,takeover,SICA (proposed),0.42033898305084744,0.7848101265822784,0.5474613686534215,0.026813880126182965,0.963666256750254
W2_apt,19,L0,takeover,pin_ip,1.0,0.5784313725490197,0.732919254658385,0.1695583596214511,0.9152208201892744
W2_apt,19,L0,takeover,pin_prefix24,1.0,0.7301980198019802,0.844062947067239,0.0859621451104101,0.957018927444795
W2_apt,19,L0,takeover,pin_scope16,1.0,0.8805970149253731,0.9365079365079364,0.031545741324921134,0.9842271293375394
W2_apt,19,L0,takeover,pin_useragent,0.847457627118644,0.6702412868632708,0.748502994011976,0.09700315457413249,0.8752272362722557
W2_apt,19,L0,takeover,pin_useragent_core,0.41694915254237286,1.0,0.5885167464114833,0.0,0.7084745762711865
W2_apt,19,L0,takeover,pin_ip_or_useragent,1.0,0.5157342657342657,0.6805074971164936,0.21845425867507887,0.8907728706624606
W2_apt,19,L0,takeover,pin_ip_and_useragent,0.847457627118644,0.8038585209003215,0.825082508250825,0.04810725552050473,0.8996751857990697
W2_apt,19,L0,takeover,score_distinct_bindings,1.0,0.7301980198019802,0.844062947067239,0.0859621451104101,0.957747420199968
W2_apt,19,L0,takeover,score_max_request_rate,0.7016949152542373,0.20019342359767892,0.3115124153498871,0.6522082018927445,0.5345773405336043
W2_apt,19,L0,takeover,score_burstiness,0.010169491525423728,0.11538461538461539,0.018691588785046728,0.018138801261829655,0.4982529540715393
W2_apt,0,L0,concurrent,SICA (proposed),0.9741935483870968,0.9837133550488599,0.9789303079416531,0.0039904229848363925,0.9975697036789125
W2_apt,0,L0,concurrent,pin_ip,1.0,0.6275303643724697,0.7711442786069652,0.14684756584197925,0.9265762170790104
W2_apt,0,L0,concurrent,pin_prefix24,1.0,0.7848101265822784,0.8794326241134751,0.06783719074221868,0.9660814046288907
W2_apt,0,L0,concurrent,pin_scope16,1.0,0.9090909090909091,0.9523809523809523,0.024740622505985636,0.9876296887470072
W2_apt,0,L0,concurrent,pin_useragent,0.867741935483871,0.6625615763546798,0.7513966480446927,0.10933758978451716,0.8792021728496769
W2_apt,0,L0,concurrent,pin_useragent_core,0.4064516129032258,1.0,0.5779816513761468,0.0,0.7032258064516129
W2_apt,0,L0,concurrent,pin_ip_or_useragent,1.0,0.541958041958042,0.7029478458049886,0.20909816440542697,0.8954509177972865
W2_apt,0,L0,concurrent,pin_ip_and_useragent,0.867741935483871,0.8201219512195121,0.8432601880877743,0.047086991221069435,0.9103274721314008
W2_apt,0,L0,concurrent,score_distinct_bindings,1.0,0.7848101265822784,0.8794326241134751,0.06783719074221868,0.9692544345184461
W2_apt,0,L0,concurrent,score_max_request_rate,0.6258064516129033,0.1905697445972495,0.2921686746987952,0.6576217079010375,0.5106917591329198
W2_apt,0,L0,concurrent,score_burstiness,0.0,0.0,0.0,0.02314445331205108,0.4676556908580697
W2_apt,1,L0,concurrent,SICA (proposed),0.986013986013986,0.9215686274509803,0.9527027027027026,0.018794048551292093,0.9967280174797795
W2_apt,1,L0,concurrent,pin_ip,1.0,0.5731462925851704,0.7286624203821657,0.1667971808927173,0.9166014095536413
W2_apt,1,L0,concurrent,pin_prefix24,1.0,0.7167919799498746,0.8350364963503649,0.08848864526233359,0.9557556773688332
W2_apt,1,L0,concurrent,pin_scope16,1.0,0.8693009118541033,0.9300813008130081,0.033672670321064996,0.9831636648394675
W2_apt,1,L0,concurrent,pin_useragent,0.8671328671328671,0.6595744680851063,0.7492447129909365,0.10023492560689115,0.883448970762988
W2_apt,1,L0,concurrent,pin_useragent_core,0.36713286713286714,1.0,0.5370843989769821,0.0,0.6835664335664335
W2_apt,1,L0,concurrent,pin_ip_or_useragent,1.0,0.5209471766848816,0.6850299401197605,0.20595144870790916,0.8970242756460454
W2_apt,1,L0,concurrent,pin_ip_and_useragent,0.8671328671328671,0.7607361963190185,0.8104575163398693,0.06108065779169929,0.903026104670584
W2_apt,1,L0,concurrent,score_distinct_bindings,1.0,0.7167919799498746,0.8350364963503649,0.08848864526233359,0.9597778885171211
W2_apt,1,L0,concurrent,score_max_request_rate,0.6293706293706294,0.1761252446183953,0.2752293577981651,0.6593578700078309,0.5056910591366347
W2_apt,1,L0,concurrent,score_burstiness,0.0,0.0,0.0,0.021143304620203602,0.4694665162558663
W2_apt,2,L0,concurrent,SICA (proposed),0.975609756097561,0.9180327868852459,0.9459459459459459,0.019592476489028215,0.9963108800367001
W2_apt,2,L0,concurrent,pin_ip,1.0,0.6252723311546841,0.7694369973190349,0.13479623824451412,0.932601880877743
W2_apt,2,L0,concurrent,pin_prefix24,1.0,0.7694369973190348,0.8696969696969697,0.06739811912225706,0.9663009404388715
W2_apt,2,L0,concurrent,pin_scope16,1.0,0.9053627760252366,0.9503311258278145,0.023510971786833857,0.9882445141065831
W2_apt,2,L0,concurrent,pin_useragent,0.8850174216027874,0.671957671957672,0.7639097744360902,0.09717868338557993,0.8939193691086038
W2_apt,2,L0,concurrent,pin_useragent_core,0.43902439024390244,1.0,0.6101694915254238,0.0,0.7195121951219512
W2_apt,2,L0,concurrent,pin_ip_or_useragent,1.0,0.5435606060606061,0.7042944785276074,0.18887147335423196,0.905564263322884
W2_apt,2,L0,concurrent,pin_ip_and_useragent,0.8850174216027874,0.8220064724919094,0.8523489932885905,0.04310344827586207,0.9209569866634627
W2_apt,2,L0,concurrent,score_distinct_bindings,1.0,0.7694369973190348,0.8696969696969697,0.06739811912225706,0.9687667252848077
W2_apt,2,L0,concurrent,score_max_request_rate,0.6411149825783972,0.1812807881773399,0.28264208909370203,0.6512539184952978,0.5171908621235787
W2_apt,2,L0,concurrent,score_burstiness,0.003484320557491289,0.034482758620689655,0.006329113924050633,0.0219435736677116,0.466194444747851
W2_apt,3,L0,concurrent,SICA (proposed),0.9753521126760564,0.9453924914675768,0.9601386481802426,0.012509773260359656,0.9947141803125241
W2_apt,3,L0,concurrent,pin_ip,1.0,0.5843621399176955,0.7376623376623377,0.15793588741204065,0.9210320562939797
W2_apt,3,L0,concurrent,pin_prefix24,1.0,0.7395833333333334,0.8502994011976047,0.07818608287724785,0.9609069585613761
W2_apt,3,L0,concurrent,pin_scope16,1.0,0.8554216867469879,0.922077922077922,0.03752931978107897,0.9812353401094606
W2_apt,3,L0,concurrent,pin_useragent,0.8485915492957746,0.6713091922005571,0.7496111975116642,0.09225957779515247,0.8781659857503111
W2_apt,3,L0,concurrent,pin_useragent_core,0.4014084507042254,1.0,0.5728643216080401,0.0,0.7007042253521126
W2_apt,3,L0,concurrent,pin_ip_or_useragent,1.0,0.5249537892791127,0.6884848484848485,0.20093823299452698,0.8995308835027365
W2_apt,3,L0,concurrent,pin_ip_and_useragent,0.8485915492957746,0.7927631578947368,0.8197278911564625,0.04925723221266615,0.8996671585415542
W2_apt,3,L0,concurrent,score_distinct_bindings,1.0,0.7395833333333334,0.8502994011976047,0.07818608287724785,0.9629717318767963
W2_apt,3,L0,concurrent,score_max_request_rate,0.6373239436619719,0.17779960707269155,0.27803379416282636,0.6544175136825645,0.513096168881939
W2_apt,3,L0,concurrent,score_burstiness,0.007042253521126761,0.06666666666666667,0.012738853503184712,0.0218921032056294,0.47429494873856115
W2_apt,4,L0,concurrent,SICA (proposed),0.9933774834437086,0.8875739644970414,0.9375,0.03013481363996828,0.9961661878778012
W2_apt,4,L0,concurrent,pin_ip,1.0,0.604,0.7531172069825436,0.1570182394924663,0.9214908802537668
W2_apt,4,L0,concurrent,pin_prefix24,1.0,0.7365853658536585,0.848314606741573,0.08564631245043616,0.957176843774782
W2_apt,4,L0,concurrent,pin_scope16,1.0,0.8830409356725146,0.937888198757764,0.0317208564631245,0.9841395717684377
W2_apt,4,L0,concurrent,pin_useragent,0.8675496688741722,0.6770025839793282,0.7605224963715531,0.09912767644726407,0.884210996213454
W2_apt,4,L0,concurrent,pin_useragent_core,0.41721854304635764,1.0,0.5887850467289719,0.0,0.7086092715231788
W2_apt,4,L0,concurrent,pin_ip_or_useragent,1.0,0.5326278659611993,0.6950517836593785,0.21015067406819984,0.8949246629659001
W2_apt,4,L0,concurrent,pin_ip_and_useragent,0.8675496688741722,0.81875,0.842443729903537,0.045995241871530534,0.9107772135013208
W2_apt,4,L0,concurrent,score_distinct_bindings,1.0,0.7365853658536585,0.848314606741573,0.08564631245043616,0.9600128143857235
W2_apt,4,L0,concurrent,score_max_request_rate,0.6125827814569537,0.18280632411067194,0.2815829528158295,0.6558287073750991,0.49945381306752235
W2_apt,4,L0,concurrent,score_burstiness,0.006622516556291391,0.08695652173913043,0.012307692307692308,0.016653449643140365,0.4543264307209142
W2_apt,5,L0,concurrent,SICA (proposed),0.9625850340136054,0.9158576051779935,0.9386401326699834,0.02048857368006304,0.9973678990902902
W2_apt,5,L0,concurrent,pin_ip,1.0,0.5951417004048583,0.7461928934010152,0.15760441292356187,0.9211977935382191
W2_apt,5,L0,concurrent,pin_prefix24,1.0,0.7696335078534031,0.8698224852071006,0.06934594168636722,0.9653270291568163
W2_apt,5,L0,concurrent,pin_scope16,1.0,0.8990825688073395,0.9468599033816426,0.026004728132387706,0.9869976359338062
W2_apt,5,L0,concurrent,pin_useragent,0.8979591836734694,0.6534653465346535,0.7564469914040115,0.11032308904649331,0.893818047313488
W2_apt,5,L0,concurrent,pin_useragent_core,0.42517006802721086,1.0,0.5966587112171837,0.0,0.7125850340136054
W2_apt,5,L0,concurrent,pin_ip_or_useragent,1.0,0.5259391771019678,0.6893317702227432,0.20882584712371946,0.8955870764381403
W2_apt,5,L0,concurrent,pin_ip_and_useragent,0.8979591836734694,0.7787610619469026,0.8341232227488151,0.0591016548463357,0.9194287644135668
W2_apt,5,L0,concurrent,score_distinct_bindings,1.0,0.7696335078534031,0.8698224852071006,0.06934594168636722,0.9682754110312368
W2_apt,5,L0,concurrent,score_max_request_rate,0.6700680272108843,0.19466403162055335,0.3016845329249617,0.6422379826635146,0.5353336764177696
W2_apt,5,L0,concurrent,score_burstiness,0.0,0.0,0.0,0.02048857368006304,0.48882965321668465
W2_apt,6,L0,concurrent,SICA (proposed),0.993485342019544,0.9472049689440993,0.9697933227344991,0.013535031847133758,0.9958453494885786
W2_apt,6,L0,concurrent,pin_ip,1.0,0.6214574898785425,0.766541822721598,0.14888535031847133,0.9255573248407644
W2_apt,6,L0,concurrent,pin_prefix24,1.0,0.7451456310679612,0.8539638386648123,0.08359872611464968,0.9582006369426752
W2_apt,6,L0,concurrent,pin_scope16,1.0,0.8847262247838616,0.9388379204892966,0.03184713375796178,0.9840764331210191
W2_apt,6,L0,concurrent,pin_useragent,0.8664495114006515,0.6768447837150128,0.76,0.10111464968152867,0.8826674308595615
W2_apt,6,L0,concurrent,pin_useragent_core,0.43973941368078173,1.0,0.6108597285067873,0.0,0.7198697068403909
W2_apt,6,L0,concurrent,pin_ip_or_useragent,1.0,0.5376532399299475,0.6993166287015945,0.21019108280254778,0.8949044585987261
W2_apt,6,L0,concurrent,pin_ip_and_useragent,0.8664495114006515,0.8417721518987342,0.853932584269663,0.03980891719745223,0.9133202971015996
W2_apt,6,L0,concurrent,score_distinct_bindings,1.0,0.7451456310679612,0.8539638386648123,0.08359872611464968,0.961332185315048
W2_apt,6,L0,concurrent,score_max_request_rate,0.6058631921824105,0.18470705064548162,0.2831050228310502,0.6536624203821656,0.5087851926388515
W2_apt,6,L0,concurrent,score_burstiness,0.009771986970684038,0.10714285714285714,0.017910447761194027,0.019904458598726114,0.45610904790555823
W2_apt,7,L0,concurrent,SICA (proposed),0.9732441471571907,0.9208860759493671,0.9463414634146341,0.01977848101265823,0.9961157444646712
W2_apt,7,L0,concurrent,pin_ip,1.0,0.6255230125523012,0.7696267696267696,0.14161392405063292,0.9291930379746836
W2_apt,7,L0,concurrent,pin_prefix24,1.0,0.7666666666666667,0.8679245283018869,0.07199367088607594,0.964003164556962
W2_apt,7,L0,concurrent,pin_scope16,1.0,0.8846153846153846,0.9387755102040816,0.030854430379746837,0.9845727848101266
W2_apt,7,L0,concurrent,pin_useragent,0.8561872909698997,0.6736842105263158,0.7540500736377025,0.0981012658227848,0.8790430125735574
W2_apt,7,L0,concurrent,pin_useragent_core,0.411371237458194,1.0,0.5829383886255924,0.0,0.705685618729097
W2_apt,7,L0,concurrent,pin_ip_or_useragent,1.0,0.5476190476190477,0.7076923076923077,0.19541139240506328,0.9022943037974683
W2_apt,7,L0,concurrent,pin_ip_and_useragent,0.8561872909698997,0.8205128205128205,0.8379705400981995,0.04430379746835443,0.9059417467507727
W2_apt,7,L0,concurrent,score_distinct_bindings,1.0,0.7666666666666667,0.8679245283018869,0.07199367088607594,0.9660498073747936
W2_apt,7,L0,concurrent,score_max_request_rate,0.6220735785953178,0.18452380952380953,0.2846212700841622,0.6503164556962026,0.5092833178104229
W2_apt,7,L0,concurrent,score_burstiness,0.010033444816053512,0.1,0.018237082066869303,0.021360759493670885,0.4596690974133187
W2_apt,8,L0,concurrent,SICA (proposed),0.982078853046595,0.9042904290429042,0.9415807560137457,0.022585669781931463,0.9967521410466843
W2_apt,8,L0,concurrent,pin_ip,1.0,0.6172566371681416,0.7633378932968536,0.13473520249221183,0.932632398753894
W2_apt,8,L0,concurrent,pin_prefix24,1.0,0.7622950819672131,0.8651162790697675,0.06775700934579439,0.9661214953271028
W2_apt,8,L0,concurrent,pin_scope16,1.0,0.9029126213592233,0.9489795918367347,0.02336448598130841,0.9883177570093458
W2_apt,8,L0,concurrent,pin_useragent,0.8709677419354839,0.6864406779661016,0.7677725118483412,0.08644859813084112,0.8922595719023214
W2_apt,8,L0,concurrent,pin_useragent_core,0.43727598566308246,1.0,0.6084788029925188,0.0,0.7186379928315412
W2_apt,8,L0,concurrent,pin_ip_or_useragent,1.0,0.543859649122807,0.7045454545454546,0.1822429906542056,0.9088785046728972
W2_apt,8,L0,concurrent,pin_ip_and_useragent,0.8709677419354839,0.8293515358361775,0.8496503496503497,0.03894080996884735,0.9160134659833182
W2_apt,8,L0,concurrent,score_distinct_bindings,1.0,0.7622950819672131,0.8651162790697675,0.06775700934579439,0.9678214919773557
W2_apt,8,L0,concurrent,score_max_request_rate,0.6379928315412187,0.17676266137040714,0.27682737169517885,0.6456386292834891,0.5219827153049945
W2_apt,8,L0,concurrent,score_burstiness,0.007168458781362007,0.08,0.013157894736842105,0.01791277258566978,0.47703748366998294
W2_apt,9,L0,concurrent,SICA (proposed),0.9846625766871165,0.9358600583090378,0.9596412556053812,0.01778496362166532,0.9981699242675978
W2_apt,9,L0,concurrent,pin_ip,1.0,0.628131021194605,0.7715976331360946,0.15602263540824576,0.9219886822958772
W2_apt,9,L0,concurrent,pin_prefix24,1.0,0.8129675810473815,0.8968363136176066,0.060630557801131774,0.9696847210994342
W2_apt,9,L0,concurrent,pin_scope16,1.0,0.9314285714285714,0.9644970414201183,0.019401778496362168,0.9902991107518189
W2_apt,9,L0,concurrent,pin_useragent,0.8558282208588958,0.6821515892420538,0.7591836734693878,0.10509296685529507,0.8753676270018003
W2_apt,9,L0,concurrent,pin_useragent_core,0.4263803680981595,1.0,0.5978494623655913,0.0,0.7131901840490797
W2_apt,9,L0,concurrent,pin_ip_or_useragent,1.0,0.5630397236614854,0.7204419889502763,0.20452708164915118,0.8977364591754244
W2_apt,9,L0,concurrent,pin_ip_and_useragent,0.8558282208588958,0.7994269340974212,0.8266666666666667,0.056588520614389654,0.899619850122253
W2_apt,9,L0,concurrent,score_distinct_bindings,1.0,0.8129675810473815,0.8968363136176066,0.060630557801131774,0.9712655792016108
W2_apt,9,L0,concurrent,score_max_request_rate,0.5950920245398773,0.19000979431929482,0.28804751299183373,0.6685529506871464,0.4805300276247204
W2_apt,9,L0,concurrent,score_burstiness,0.0,0.0,0.0,0.021827000808407437,0.4345041189102866
W2_apt,10,L0,concurrent,SICA (proposed),0.989247311827957,0.9387755102040817,0.9633507853403142,0.014018691588785047,0.9979315311693967
W2_apt,10,L0,concurrent,pin_ip,1.0,0.621380846325167,0.7664835164835164,0.13239875389408098,0.9338006230529595
W2_apt,10,L0,concurrent,pin_prefix24,1.0,0.7837078651685393,0.878740157480315,0.05996884735202492,0.9700155763239875
W2_apt,10,L0,concurrent,pin_scope16,1.0,0.9177631578947368,0.9571183533447685,0.019470404984423675,0.9902647975077882
W2_apt,10,L0,concurrent,pin_useragent,0.8207885304659498,0.6432584269662921,0.7212598425196849,0.09890965732087227,0.8609394365725388
W2_apt,10,L0,concurrent,pin_useragent_core,0.3870967741935484,1.0,0.5581395348837209,0.0,0.6935483870967742
W2_apt,10,L0,concurrent,pin_ip_or_useragent,1.0,0.544921875,0.7054361567635904,0.18146417445482865,0.9092679127725857
W2_apt,10,L0,concurrent,pin_ip_and_useragent,0.8207885304659498,0.7815699658703071,0.8006993006993006,0.04984423676012461,0.8854721468529126
W2_apt,10,L0,concurrent,score_distinct_bindings,1.0,0.7837078651685393,0.878740157480315,0.05996884735202492,0.9720575263234292
W2_apt,10,L0,concurrent,score_max_request_rate,0.6487455197132617,0.17641325536062377,0.27739463601532566,0.6580996884735203,0.5201305843075514
W2_apt,10,L0,concurrent,score_burstiness,0.0035842293906810036,0.03571428571428571,0.006514657980456026,0.02102803738317757,0.48361694525396665
W2_apt,11,L0,concurrent,SICA (proposed),0.9865319865319865,0.904320987654321,0.9436392914653785,0.02448657187993681,0.9965638480646379
W2_apt,11,L0,concurrent,pin_ip,1.0,0.6319148936170212,0.7744458930899608,0.13665086887835703,0.9316745655608215
W2_apt,11,L0,concurrent,pin_prefix24,1.0,0.7734375,0.8722466960352423,0.06872037914691943,0.9656398104265402
W2_apt,11,L0,concurrent,pin_scope16,1.0,0.9,0.9473684210526316,0.026066350710900472,0.9869668246445498
W2_apt,11,L0,concurrent,pin_useragent,0.8787878787878788,0.6744186046511628,0.7631578947368421,0.0995260663507109,0.889630906218584
W2_apt,11,L0,concurrent,pin_useragent_core,0.40404040404040403,1.0,0.5755395683453237,0.0,0.702020202020202
W2_apt,11,L0,concurrent,pin_ip_or_useragent,1.0,0.5469613259668509,0.7071428571428572,0.1943127962085308,0.9028436018957346
W2_apt,11,L0,concurrent,pin_ip_and_useragent,0.8787878787878788,0.8312101910828026,0.8543371522094927,0.04186413902053712,0.9184618698836708
W2_apt,11,L0,concurrent,score_distinct_bindings,1.0,0.7734375,0.8722466960352423,0.06872037914691943,0.9677222461582651
W2_apt,11,L0,concurrent,score_max_request_rate,0.6632996632996633,0.19389763779527558,0.3000761614623001,0.6469194312796208,0.5253442800836166
W2_apt,11,L0,concurrent,score_burstiness,0.003367003367003367,0.03571428571428571,0.006153846153846154,0.02132701421800948,0.48002670198562775
W2_apt,12,L0,concurrent,SICA (proposed),0.9800664451827242,0.9365079365079365,0.9577922077922079,0.01584786053882726,0.9959788028283956
W2_apt,12,L0,concurrent,pin_ip,1.0,0.6257796257796258,0.7698209718670077,0.14263074484944532,0.9286846275752774
W2_apt,12,L0,concurrent,pin_prefix24,1.0,0.7797927461139896,0.8762736535662299,0.06735340729001585,0.966323296354992
W2_apt,12,L0,concurrent,pin_scope16,1.0,0.8775510204081632,0.9347826086956522,0.03328050713153724,0.9833597464342314
W2_apt,12,L0,concurrent,pin_useragent,0.8438538205980066,0.6864864864864865,0.7570789865871832,0.0919175911251981,0.8759681147364042
W2_apt,12,L0,concurrent,pin_useragent_core,0.4186046511627907,1.0,0.5901639344262295,0.0,0.7093023255813954
W2_apt,12,L0,concurrent,pin_ip_or_useragent,1.0,0.5574074074074075,0.7158145065398336,0.18938193343898574,0.9053090332805072
W2_apt,12,L0,concurrent,pin_ip_and_useragent,0.8438538205980066,0.8167202572347267,0.8300653594771242,0.045166402535657686,0.8993437090311744
W2_apt,12,L0,concurrent,score_distinct_bindings,1.0,0.7797927461139896,0.8762736535662299,0.06735340729001585,0.9686728338185973
W2_apt,12,L0,concurrent,score_max_request_rate,0.5980066445182725,0.18,0.2767102229054573,0.6497622820919176,0.49727532630270993
W2_apt,12,L0,concurrent,score_burstiness,0.006644518272425249,0.07407407407407407,0.012195121951219513,0.019809825673534072,0.4565697542791856
W2_apt,13,L0,concurrent,SICA (proposed),0.9823321554770318,0.9055374592833876,0.9423728813559322,0.02265625,0.9962621466431095
W2_apt,13,L0,concurrent,pin_ip,1.0,0.6047008547008547,0.7536617842876164,0.14453125,0.927734375
W2_apt,13,L0,concurrent,pin_prefix24,1.0,0.7526595744680851,0.8588770864946889,0.07265625,0.963671875
W2_apt,13,L0,concurrent,pin_scope16,1.0,0.8761609907120743,0.9339933993399341,0.03125,0.984375
W2_apt,13,L0,concurrent,pin_useragent,0.901060070671378,0.7183098591549296,0.799373040752351,0.078125,0.911467535335689
W2_apt,13,L0,concurrent,pin_useragent_core,0.44876325088339225,1.0,0.6195121951219512,0.0,0.7243816254416962
W2_apt,13,L0,concurrent,pin_ip_or_useragent,1.0,0.5421455938697318,0.7031055900621118,0.18671875,0.906640625
W2_apt,13,L0,concurrent,pin_ip_and_useragent,0.901060070671378,0.8471760797342193,0.8732876712328768,0.0359375,0.932561285335689
W2_apt,13,L0,concurrent,score_distinct_bindings,1.0,0.7526595744680851,0.8588770864946889,0.07265625,0.9662392336572438
W2_apt,13,L0,concurrent,score_max_request_rate,0.6219081272084805,0.17339901477832512,0.2711864406779661,0.65546875,0.5043148189045936
W2_apt,13,L0,concurrent,score_burstiness,0.0035335689045936395,0.038461538461538464,0.006472491909385114,0.01953125,0.4553693683745583
W2_apt,14,L0,concurrent,SICA (proposed),0.989247311827957,0.9550173010380623,0.9718309859154929,0.010124610591900311,0.9964939313748479
W2_apt,14,L0,concurrent,pin_ip,1.0,0.5728952772073922,0.7284595300261097,0.16199376947040497,0.9190031152647975
W2_apt,14,L0,concurrent,pin_prefix24,1.0,0.7117346938775511,0.8315946348733234,0.08800623052959501,0.9559968847352025
W2_apt,14,L0,concurrent,pin_scope16,1.0,0.8403614457831325,0.9132569558101473,0.04127725856697819,0.9793613707165109
W2_apt,14,L0,concurrent,pin_useragent,0.8745519713261649,0.6421052631578947,0.7405159332321699,0.1059190031152648,0.88431648410545
W2_apt,14,L0,concurrent,pin_useragent_core,0.4157706093189964,1.0,0.5873417721518988,0.0,0.7078853046594982
W2_apt,14,L0,concurrent,pin_ip_or_useragent,1.0,0.5119266055045871,0.6771844660194174,0.2071651090342679,0.8964174454828661
W2_apt,14,L0,concurrent,pin_ip_and_useragent,0.8745519713261649,0.7577639751552795,0.8119800332778703,0.06074766355140187,0.9069021538873815
W2_apt,14,L0,concurrent,score_distinct_bindings,1.0,0.7117346938775511,0.8315946348733234,0.08800623052959501,0.9594666644335019
W2_apt,14,L0,concurrent,score_max_request_rate,0.5770609318996416,0.16051844466600199,0.2511700468018721,0.6557632398753894,0.49017826237452405
W2_apt,14,L0,concurrent,score_burstiness,0.007168458781362007,0.06896551724137931,0.012987012987012988,0.02102803738317757,0.43455571187708664
W2_apt,15,L0,concurrent,SICA (proposed),0.9823321554770318,0.9055374592833876,0.9423728813559322,0.02265625,0.9970282133392226
W2_apt,15,L0,concurrent,pin_ip,1.0,0.5717171717171717,0.7275064267352186,0.165625,0.9171875
W2_apt,15,L0,concurrent,pin_prefix24,1.0,0.7237851662404092,0.8397626112759643,0.084375,0.9578125
W2_apt,15,L0,concurrent,pin_scope16,1.0,0.8734567901234568,0.9324546952224052,0.03203125,0.983984375
W2_apt,15,L0,concurrent,pin_useragent,0.8409893992932862,0.6181818181818182,0.7125748502994012,0.11484375,0.8630728246466431
W2_apt,15,L0,concurrent,pin_useragent_core,0.4275618374558304,1.0,0.599009900990099,0.0,0.7137809187279152
W2_apt,15,L0,concurrent,pin_ip_or_useragent,1.0,0.49475524475524474,0.6619883040935672,0.22578125,0.887109375
W2_apt,15,L0,concurrent,pin_ip_and_useragent,0.8409893992932862,0.7727272727272727,0.8054145516074449,0.0546875,0.8931509496466431
W2_apt,15,L0,concurrent,score_distinct_bindings,1.0,0.7237851662404092,0.8397626112759643,0.084375,0.9609430212014134
W2_apt,15,L0,concurrent,score_max_request_rate,0.6360424028268551,0.1761252446183953,0.27586206896551724,0.6578125,0.5077393440812721
W2_apt,15,L0,concurrent,score_burstiness,0.0035335689045936395,0.038461538461538464,0.006472491909385114,0.01953125,0.46164697438162544
W2_apt,16,L0,concurrent,SICA (proposed),0.9794520547945206,0.89375,0.9346405228758171,0.02675059008654603,0.9960593535453693
W2_apt,16,L0,concurrent,pin_ip,1.0,0.6173361522198731,0.7633986928104576,0.14240755310778913,0.9287962234461055
W2_apt,16,L0,concurrent,pin_prefix24,1.0,0.731829573934837,0.8451519536903038,0.08418568056648308,0.9579071597167584
W2_apt,16,L0,concurrent,pin_scope16,1.0,0.863905325443787,0.926984126984127,0.03619197482297404,0.981904012588513
W2_apt,16,L0,concurrent,pin_useragent,0.8527397260273972,0.6569920844327177,0.7421758569299554,0.1022816679779701,0.8752290290247136
W2_apt,16,L0,concurrent,pin_useragent_core,0.4349315068493151,1.0,0.6062052505966588,0.0,0.7174657534246576
W2_apt,16,L0,concurrent,pin_ip_or_useragent,1.0,0.5347985347985348,0.6968973747016707,0.1998426435877262,0.9000786782061369
W2_apt,16,L0,concurrent,pin_ip_and_useragent,0.8527397260273972,0.8137254901960784,0.8327759197324415,0.044846577498033044,0.9039465742646821
W2_apt,16,L0,concurrent,score_distinct_bindings,1.0,0.731829573934837,0.8451519536903038,0.08418568056648308,0.9617993059073322
W2_apt,16,L0,concurrent,score_max_request_rate,0.613013698630137,0.17583497053045186,0.2732824427480916,0.6601101494885917,0.5031619477706045
W2_apt,16,L0,concurrent,score_burstiness,0.00684931506849315,0.06896551724137931,0.012461059190031152,0.021243115656963022,0.45369706735070003
W2_apt,17,L0,concurrent,SICA (proposed),0.9701986754966887,0.9213836477987422,0.9451612903225806,0.019825535289452814,0.9967740834300539
W2_apt,17,L0,concurrent,pin_ip,1.0,0.648068669527897,0.7864583333333334,0.13005551149881048,0.9349722442505948
W2_apt,17,L0,concurrent,pin_prefix24,1.0,0.8162162162162162,0.8988095238095237,0.05392545598731166,0.9730372720063442
W2_apt,17,L0,concurrent,pin_scope16,1.0,0.937888198757764,0.9679487179487178,0.01586042823156225,0.9920697858842189
W2_apt,17,L0,concurrent,pin_useragent,0.8377483443708609,0.67828418230563,0.7496296296296296,0.09516256938937351,0.8712928874907437
W2_apt,17,L0,concurrent,pin_useragent_core,0.4139072847682119,1.0,0.585480093676815,0.0,0.706953642384106
W2_apt,17,L0,concurrent,pin_ip_or_useragent,1.0,0.5623836126629422,0.7199046483909416,0.18636003172085647,0.9068199841395718
W2_apt,17,L0,concurrent,pin_ip_and_useragent,0.8377483443708609,0.8377483443708609,0.8377483443708609,0.03885804916732752,0.8994451476017667
W2_apt,17,L0,concurrent,score_distinct_bindings,1.0,0.8162162162162162,0.8988095238095237,0.05392545598731166,0.9751800053568334
W2_apt,17,L0,concurrent,score_max_request_rate,0.6225165562913907,0.1821705426356589,0.2818590704647676,0.669310071371927,0.4952983283528788
W2_apt,17,L0,concurrent,score_burstiness,0.0033112582781456954,0.045454545454545456,0.006172839506172839,0.016653449643140365,0.450308805688747
W2_apt,18,L0,concurrent,SICA (proposed),0.9807073954983923,0.9651898734177216,0.9728867623604466,0.00878594249201278,0.9965714021552654
W2_apt,18,L0,concurrent,pin_ip,1.0,0.6412371134020619,0.7814070351758795,0.1389776357827476,0.9305111821086262
W2_apt,18,L0,concurrent,pin_prefix24,1.0,0.7974358974358975,0.8873038516405136,0.06309904153354633,0.9684504792332268
W2_apt,18,L0,concurrent,pin_scope16,1.0,0.8936781609195402,0.9438543247344461,0.029552715654952075,0.985223642172524
W2_apt,18,L0,concurrent,pin_useragent,0.8456591639871383,0.6866840731070496,0.7579250720461096,0.09584664536741214,0.8749062593098631
W2_apt,18,L0,concurrent,pin_useragent_core,0.4212218649517685,1.0,0.5927601809954751,0.0,0.7106109324758842
W2_apt,18,L0,concurrent,pin_ip_or_useragent,1.0,0.5634057971014492,0.7207415990730012,0.19249201277955272,0.9037539936102237
W2_apt,18,L0,concurrent,pin_ip_and_useragent,0.8456591639871383,0.8322784810126582,0.8389154704944178,0.04233226837060703,0.9016634478082656
W2_apt,18,L0,concurrent,score_distinct_bindings,1.0,0.7974358974358975,0.8873038516405136,0.06309904153354633,0.9710880597474908
W2_apt,18,L0,concurrent,score_max_request_rate,0.6237942122186495,0.19113300492610838,0.2926093514328808,0.6557507987220448,0.5014317927329135
W2_apt,18,L0,concurrent,score_burstiness,0.003215434083601286,0.041666666666666664,0.005970149253731343,0.018370607028753993,0.451709419270004
W2_apt,19,L0,concurrent,SICA (proposed),0.9676258992805755,0.8877887788778878,0.9259896729776248,0.026459143968871595,0.9962797077513087
W2_apt,19,L0,concurrent,pin_ip,1.0,0.5593561368209256,0.7174193548387098,0.17042801556420234,0.9147859922178988
W2_apt,19,L0,concurrent,pin_prefix24,1.0,0.7164948453608248,0.8348348348348348,0.08560311284046693,0.9571984435797666
W2_apt,19,L0,concurrent,pin_scope16,1.0,0.8742138364779874,0.9328859060402684,0.0311284046692607,0.9844357976653697
W2_apt,19,L0,concurrent,pin_useragent,0.8705035971223022,0.659400544959128,0.7503875968992247,0.09727626459143969,0.8866136662654313
W2_apt,19,L0,concurrent,pin_useragent_core,0.42805755395683454,1.0,0.5994962216624685,0.0,0.7140287769784173
W2_apt,19,L0,concurrent,pin_ip_or_useragent,1.0,0.49642857142857144,0.6634844868735084,0.21945525291828794,0.890272373540856
W2_apt,19,L0,concurrent,pin_ip_and_useragent,0.8705035971223022,0.7960526315789473,0.8316151202749142,0.04824902723735409,0.9111272849424741
W2_apt,19,L0,concurrent,score_distinct_bindings,1.0,0.7164948453608248,0.8348348348348348,0.08560311284046693,0.9593539176440948
W2_apt,19,L0,concurrent,score_max_request_rate,0.6474820143884892,0.17804154302670624,0.27928626842513576,0.6466926070038911,0.5292220698149651
W2_apt,19,L0,concurrent,score_burstiness,0.0035971223021582736,0.04,0.006600660066006601,0.01867704280155642,0.46573636032807997
W2_apt,0,L1,takeover,SICA (proposed),0.0,0.0,0.0,0.0040551500405515,0.9514512521811792
W2_apt,0,L1,takeover,pin_ip,1.0,0.6457925636007827,0.7847800237812129,0.1467964314679643,0.9266017842660178
W2_apt,0,L1,takeover,pin_prefix24,1.0,0.7971014492753623,0.8870967741935484,0.0681265206812652,0.9659367396593674
W2_apt,0,L1,takeover,pin_scope16,1.0,0.9166666666666666,0.9565217391304348,0.024330900243309004,0.9878345498783455
W2_apt,0,L1,takeover,pin_useragent,0.045454545454545456,0.10135135135135136,0.06276150627615064,0.10786699107866991,0.4687937771879378
W2_apt,0,L1,takeover,pin_useragent_core,0.0,0.0,0.0,0.0,0.5
W2_apt,0,L1,takeover,pin_ip_or_useragent,1.0,0.5631399317406144,0.7205240174672489,0.20762368207623683,0.8961881589618816
W2_apt,0,L1,takeover,pin_ip_and_useragent,0.045454545454545456,0.2054794520547945,0.07444168734491315,0.047039740470397405,0.499207402492074
W2_apt,0,L1,takeover,score_distinct_bindings,1.0,0.7971014492753623,0.8870967741935484,0.0681265206812652,0.9668657376686574
W2_apt,0,L1,takeover,score_max_request_rate,0.6757575757575758,0.21401151631477927,0.32507288629737613,0.6642335766423357,0.5102730467693971
W2_apt,0,L1,takeover,score_burstiness,0.0,0.0,0.0,0.0227088402270884,0.49725232863918994
W2_apt,1,L1,takeover,SICA (proposed),0.0,0.0,0.0,0.019002375296912115,0.9403985220374769
W2_apt,1,L1,takeover,pin_ip,1.0,0.5905511811023622,0.7425742574257426,0.16468725257323832,0.9176563737133808
W2_apt,1,L1,takeover,pin_prefix24,1.0,0.7334963325183375,0.846262341325811,0.08630245447347586,0.9568487727632621
W2_apt,1,L1,takeover,pin_scope16,1.0,0.8797653958944281,0.9360374414976599,0.03246239113222486,0.9837688044338876
W2_apt,1,L1,takeover,pin_useragent,0.05333333333333334,0.11428571428571428,0.07272727272727274,0.09817893903404593,0.4775771971496437
W2_apt,1,L1,takeover,pin_useragent_core,0.0,0.0,0.0,0.0,0.5
W2_apt,1,L1,takeover,pin_ip_or_useragent,1.0,0.5385996409335727,0.7001166861143524,0.2034837688044339,0.898258115597783
W2_apt,1,L1,takeover,pin_ip_and_useragent,0.05333333333333334,0.17582417582417584,0.08184143222506395,0.05938242280285035,0.4969754552652415
W2_apt,1,L1,takeover,score_distinct_bindings,1.0,0.7334963325183375,0.846262341325811,0.08630245447347586,0.9585748218527316
W2_apt,1,L1,takeover,score_max_request_rate,0.6533333333333333,0.1895551257253385,0.2938530734632684,0.6634996041171813,0.5001253628925838
W2_apt,1,L1,takeover,score_burstiness,0.006666666666666667,0.07142857142857142,0.012195121951219513,0.02058590657165479,0.48058722618105043
W2_apt,2,L1,takeover,SICA (proposed),0.0032679738562091504,0.038461538461538464,0.006024096385542169,0.01988862370723946,0.9525467837625636
W2_apt,2,L1,takeover,pin_ip,1.0,0.6415094339622641,0.7816091954022989,0.1360381861575179,0.931980906921241
W2_apt,2,L1,takeover,pin_prefix24,1.0,0.7806122448979592,0.8767908309455587,0.06841686555290374,0.9657915672235481
W2_apt,2,L1,takeover,pin_scope16,1.0,0.9107142857142857,0.9532710280373832,0.02386634844868735,0.9880668257756563
W2_apt,2,L1,takeover,pin_useragent,0.05555555555555555,0.12142857142857143,0.07623318385650224,0.09785202863961814,0.4788517634579687
W2_apt,2,L1,takeover,pin_useragent_core,0.0,0.0,0.0,0.0,0.5
W2_apt,2,L1,takeover,pin_ip_or_useragent,1.0,0.5614678899082569,0.719153936545241,0.19013524264120923,0.9049323786793954
W2_apt,2,L1,takeover,pin_ip_and_useragent,0.05555555555555555,0.2361111111111111,0.08994708994708996,0.04375497215592681,0.5059002916998143
W2_apt,2,L1,takeover,score_distinct_bindings,1.0,0.7806122448979592,0.8767908309455587,0.06841686555290374,0.9672448666552275
W2_apt,2,L1,takeover,score_max_request_rate,0.6666666666666666,0.19786614936954414,0.3051608077786088,0.6579156722354813,0.5078228586581809
W2_apt,2,L1,takeover,score_burstiness,0.0032679738562091504,0.03571428571428571,0.005988023952095808,0.021479713603818614,0.4765665215967055
W2_apt,3,L1,takeover,SICA (proposed),0.0,0.0,0.0,0.012708498808578236,0.9319400317712471
W2_apt,3,L1,takeover,pin_ip,1.0,0.608,0.7562189054726367,0.1556791104050834,0.9221604447974583
W2_apt,3,L1,takeover,pin_prefix24,1.0,0.7543424317617866,0.85997171145686,0.07863383637807785,0.9606830818109611
W2_apt,3,L1,takeover,pin_scope16,1.0,0.8636363636363636,0.9268292682926829,0.03812549642573471,0.9809372517871326
W2_apt,3,L1,takeover,pin_useragent,0.039473684210526314,0.09302325581395349,0.055427251732101605,0.09293089753772836,0.473271393336399
W2_apt,3,L1,takeover,pin_useragent_core,0.0,0.0,0.0,0.0,0.5
W2_apt,3,L1,takeover,pin_ip_or_useragent,1.0,0.5477477477477477,0.7077997671711291,0.1993645750595711,0.9003177124702144
W2_apt,3,L1,takeover,pin_ip_and_useragent,0.039473684210526314,0.16216216216216217,0.06349206349206349,0.04924543288324067,0.4951141256636428
W2_apt,3,L1,takeover,score_distinct_bindings,1.0,0.7543424317617866,0.85997171145686,0.07863383637807785,0.9612004096818695
W2_apt,3,L1,takeover,score_max_request_rate,0.6743421052631579,0.19806763285024154,0.3061986557132188,0.659253375694996,0.5109527193679194
W2_apt,3,L1,takeover,score_burstiness,0.003289473684210526,0.038461538461538464,0.006060606060606061,0.019857029388403495,0.5195892207683626
W2_apt,4,L1,takeover,SICA (proposed),0.006389776357827476,0.05128205128205128,0.011363636363636364,0.0296,0.9392856230031948
W2_apt,4,L1,takeover,pin_ip,1.0,0.6149312377210217,0.7615571776155718,0.1568,0.9216
W2_apt,4,L1,takeover,pin_prefix24,1.0,0.7452380952380953,0.8540245566166439,0.0856,0.9572
W2_apt,4,L1,takeover,pin_scope16,1.0,0.886685552407932,0.93993993993994,0.032,0.984
W2_apt,4,L1,takeover,pin_useragent,0.03514376996805112,0.08148148148148149,0.049107142857142856,0.0992,0.46797188498402553
W2_apt,4,L1,takeover,pin_useragent_core,0.0,0.0,0.0,0.0,0.5
W2_apt,4,L1,takeover,pin_ip_or_useragent,1.0,0.5434027777777778,0.704161979752531,0.2104,0.8948
W2_apt,4,L1,takeover,pin_ip_and_useragent,0.03514376996805112,0.16176470588235295,0.05774278215223098,0.0456,0.4947718849840256
W2_apt,4,L1,takeover,score_distinct_bindings,1.0,0.7452380952380953,0.8540245566166439,0.0856,0.9587041533546325
W2_apt,4,L1,takeover,score_max_request_rate,0.6517571884984026,0.19883040935672514,0.30470500373412995,0.6576,0.5003539936102236
W2_apt,4,L1,takeover,score_burstiness,0.006389776357827476,0.09523809523809523,0.011976047904191616,0.0152,0.4894223642172524
W2_apt,5,L1,takeover,SICA (proposed),0.006369426751592357,0.07142857142857142,0.011695906432748539,0.020816653322658127,0.9688897614907213
W2_apt,5,L1,takeover,pin_ip,1.0,0.6144814090019569,0.7612121212121212,0.1577261809447558,0.9211369095276221
W2_apt,5,L1,takeover,pin_prefix24,1.0,0.7810945273631841,0.877094972067039,0.07045636509207366,0.9647718174539631
W2_apt,5,L1,takeover,pin_scope16,1.0,0.9048991354466859,0.9500756429652043,0.02642113690952762,0.9867894315452362
W2_apt,5,L1,takeover,pin_useragent,0.03503184713375796,0.07333333333333333,0.04741379310344828,0.11128903122497999,0.46187140795438897
W2_apt,5,L1,takeover,pin_useragent_core,0.0,0.0,0.0,0.0,0.5
W2_apt,5,L1,takeover,pin_ip_or_useragent,1.0,0.5460869565217391,0.7064116985376828,0.20896717373899118,0.8955164131305045
W2_apt,5,L1,takeover,pin_ip_and_useragent,0.03503184713375796,0.12790697674418605,0.05499999999999999,0.0600480384307446,0.4874919043515067
W2_apt,5,L1,takeover,score_distinct_bindings,1.0,0.7810945273631841,0.877094972067039,0.07045636509207366,0.966005925759716
W2_apt,5,L1,takeover,score_max_request_rate,0.6687898089171974,0.20608439646712462,0.31507876969242304,0.6477181745396317,0.518973140295676
W2_apt,5,L1,takeover,score_burstiness,0.0031847133757961785,0.038461538461538464,0.005882352941176471,0.020016012810248198,0.49601592101706843
W2_apt,6,L1,takeover,SICA (proposed),0.0,0.0,0.0,0.0137429264349232,0.9372579117298431
W2_apt,6,L1,takeover,pin_ip,1.0,0.63671875,0.7780429594272077,0.15036378334680678,0.9248181083265966
W2_apt,6,L1,takeover,pin_prefix24,1.0,0.7581395348837209,0.8624338624338624,0.08407437348423606,0.957962813257882
W2_apt,6,L1,takeover,pin_scope16,1.0,0.8931506849315068,0.94356005788712,0.03152789005658852,0.9842360549717057
W2_apt,6,L1,takeover,pin_useragent,0.03680981595092025,0.08695652173913043,0.05172413793103448,0.10185933710590138,0.46747523942250946
W2_apt,6,L1,takeover,pin_useragent_core,0.0,0.0,0.0,0.0,0.5
W2_apt,6,L1,takeover,pin_ip_or_useragent,1.0,0.5544217687074829,0.7133479212253828,0.211802748585287,0.8940986257073565
W2_apt,6,L1,takeover,pin_ip_and_useragent,0.03680981595092025,0.1935483870967742,0.061855670103092786,0.04042037186742118,0.4981947220417495
W2_apt,6,L1,takeover,score_distinct_bindings,1.0,0.7581395348837209,0.8624338624338624,0.08407437348423606,0.9591233490881859
W2_apt,6,L1,takeover,score_max_request_rate,0.6196319018404908,0.19842829076620824,0.3005952380952381,0.6596604688763137,0.48495023086727734
W2_apt,6,L1,takeover,score_burstiness,0.0,0.0,0.0,0.02021018593371059,0.46903749919407234
W2_apt,7,L1,takeover,SICA (proposed),0.006230529595015576,0.07407407407407407,0.011494252873563218,0.020128824476650563,0.9467683517189138
W2_apt,7,L1,takeover,pin_ip,1.0,0.6458752515090543,0.784841075794621,0.14170692431561996,0.92914653784219
W2_apt,7,L1,takeover,pin_prefix24,1.0,0.784841075794621,0.8794520547945206,0.07085346215780998,0.964573268921095
W2_apt,7,L1,takeover,pin_scope16,1.0,0.8991596638655462,0.9469026548672567,0.028985507246376812,0.9855072463768116
W2_apt,7,L1,takeover,pin_useragent,0.056074766355140186,0.13043478260869565,0.0784313725490196,0.0966183574879227,0.47972820443360875
W2_apt,7,L1,takeover,pin_useragent_core,0.0,0.0,0.0,0.0,0.5
W2_apt,7,L1,takeover,pin_ip_or_useragent,1.0,0.5701598579040853,0.7262443438914027,0.19484702093397746,0.9025764895330113
W2_apt,7,L1,takeover,pin_ip_and_useragent,0.056074766355140186,0.25,0.0916030534351145,0.043478260869565216,0.5062982527427875
W2_apt,7,L1,takeover,score_distinct_bindings,1.0,0.784841075794621,0.8794520547945206,0.07085346215780998,0.9660079963479665
W2_apt,7,L1,takeover,score_max_request_rate,0.7040498442367601,0.21751684311838307,0.33235294117647063,0.6545893719806763,0.5302471644067202
W2_apt,7,L1,takeover,score_burstiness,0.003115264797507788,0.038461538461538464,0.005763688760806916,0.020128824476650563,0.5049437897873493
W2_apt,8,L1,takeover,SICA (proposed),0.0034129692832764505,0.03333333333333333,0.006191950464396284,0.02283464566929134,0.9487718685334982
W2_apt,8,L1,takeover,pin_ip,1.0,0.6301075268817204,0.7730870712401056,0.13543307086614173,0.9322834645669291
W2_apt,8,L1,takeover,pin_prefix24,1.0,0.7730870712401056,0.8720238095238095,0.06771653543307087,0.9661417322834646
W2_apt,8,L1,takeover,pin_scope16,1.0,0.9071207430340558,0.9512987012987013,0.023622047244094488,0.9881889763779528
W2_apt,8,L1,takeover,pin_useragent,0.030716723549488054,0.07627118644067797,0.0437956204379562,0.08582677165354331,0.47244497594797236
W2_apt,8,L1,takeover,pin_useragent_core,0.0,0.0,0.0,0.0,0.5
W2_apt,8,L1,takeover,pin_ip_or_useragent,1.0,0.5580952380952381,0.7163814180929096,0.1826771653543307,0.9086614173228347
W2_apt,8,L1,takeover,pin_ip_and_useragent,0.030716723549488054,0.15517241379310345,0.05128205128205128,0.03858267716535433,0.49606702319206686
W2_apt,8,L1,takeover,score_distinct_bindings,1.0,0.7730870712401056,0.8720238095238095,0.06771653543307087,0.9669506328773749
W2_apt,8,L1,takeover,score_max_request_rate,0.6757679180887372,0.1935483870967742,0.3009118541033435,0.6496062992125984,0.5210529144607777
W2_apt,8,L1,takeover,score_burstiness,0.0034129692832764505,0.041666666666666664,0.006309148264984227,0.01811023622047244,0.5147792319475424
W2_apt,9,L1,takeover,SICA (proposed),0.0,0.0,0.0,0.01804757998359311,0.9505408550661045
W2_apt,9,L1,takeover,pin_ip,1.0,0.6417910447761194,0.7818181818181819,0.15750615258408532,0.9212469237079574
W2_apt,9,L1,takeover,pin_prefix24,1.0,0.8210023866348448,0.9017038007863696,0.06152584085315833,0.9692370795734209
W2_apt,9,L1,takeover,pin_scope16,1.0,0.9347826086956522,0.9662921348314606,0.019688269073010665,0.9901558654634947
W2_apt,9,L1,takeover,pin_useragent,0.05232558139534884,0.12162162162162163,0.07317073170731707,0.1066447908121411,0.4728403952916039
W2_apt,9,L1,takeover,pin_useragent_core,0.0,0.0,0.0,0.0,0.5
W2_apt,9,L1,takeover,pin_ip_or_useragent,1.0,0.5771812080536913,0.7319148936170213,0.20672682526661199,0.896636587366694
W2_apt,9,L1,takeover,pin_ip_and_useragent,0.05232558139534884,0.20454545454545456,0.08333333333333334,0.05742411812961444,0.4974507316328672
W2_apt,9,L1,takeover,score_distinct_bindings,1.0,0.8210023866348448,0.9017038007863696,0.06152584085315833,0.9695053608562108
W2_apt,9,L1,takeover,score_max_request_rate,0.6831395348837209,0.22274881516587677,0.33595425303788423,0.6726825266611977,0.5083250662952858
W2_apt,9,L1,takeover,score_burstiness,0.011627906976744186,0.13333333333333333,0.021390374331550804,0.02132895816242822,0.49436847778392506
W2_apt,10,L1,takeover,SICA (proposed),0.010238907849829351,0.14285714285714285,0.019108280254777073,0.014173228346456693,0.9602093466985568
W2_apt,10,L1,takeover,pin_ip,1.0,0.6341991341991342,0.776158940397351,0.13307086614173227,0.9334645669291338
W2_apt,10,L1,takeover,pin_prefix24,1.0,0.7918918918918919,0.8838612368024132,0.06062992125984252,0.9696850393700788
W2_apt,10,L1,takeover,pin_scope16,1.0,0.9213836477987422,0.9590834697217675,0.01968503937007874,0.9901574803149606
W2_apt,10,L1,takeover,pin_useragent,0.04778156996587031,0.10071942446043165,0.06481481481481483,0.0984251968503937,0.4746781865577383
W2_apt,10,L1,takeover,pin_useragent_core,0.0,0.0,0.0,0.0,0.5
W2_apt,10,L1,takeover,pin_ip_or_useragent,1.0,0.5591603053435115,0.7172582619339045,0.18188976377952756,0.9090551181102362
W2_apt,10,L1,takeover,pin_ip_and_useragent,0.04778156996587031,0.18181818181818182,0.0756756756756757,0.049606299212598425,0.4990876353766359
W2_apt,10,L1,takeover,score_distinct_bindings,1.0,0.7918918918918919,0.8838612368024132,0.06062992125984252,0.9712369998118836
W2_apt,10,L1,takeover,score_max_request_rate,0.7064846416382252,0.1977077363896848,0.30895522388059704,0.6614173228346457,0.5285426352422671
W2_apt,10,L1,takeover,score_burstiness,0.013651877133105802,0.13333333333333333,0.024767801857585137,0.02047244094488189,0.5161148585095805
W2_apt,11,L1,takeover,SICA (proposed),0.003215434083601286,0.03225806451612903,0.005847953216374269,0.023961661341853034,0.9502801947751764
W2_apt,11,L1,takeover,pin_ip,1.0,0.6452282157676349,0.7843631778058009,0.1365814696485623,0.9317092651757188
W2_apt,11,L1,takeover,pin_prefix24,1.0,0.7853535353535354,0.8797736916548797,0.06789137380191693,0.9660543130990416
W2_apt,11,L1,takeover,pin_scope16,1.0,0.9040697674418605,0.9496183206106871,0.026357827476038338,0.9868210862619808
W2_apt,11,L1,takeover,pin_useragent,0.03536977491961415,0.08088235294117647,0.04921700223713647,0.09984025559105432,0.46776475966427994
W2_apt,11,L1,takeover,pin_useragent_core,0.0,0.0,0.0,0.0,0.5
W2_apt,11,L1,takeover,pin_ip_or_useragent,1.0,0.5603603603603604,0.7182448036951502,0.19488817891373802,0.902555910543131
W2_apt,11,L1,takeover,pin_ip_and_useragent,0.03536977491961415,0.1746031746031746,0.058823529411764705,0.04153354632587859,0.4969181142968678
W2_apt,11,L1,takeover,score_distinct_bindings,1.0,0.7853535353535354,0.8797736916548797,0.06789137380191693,0.9666000636923046
W2_apt,11,L1,takeover,score_max_request_rate,0.6688102893890675,0.20332355816226785,0.3118440779610195,0.6509584664536742,0.5142036407343107
W2_apt,11,L1,takeover,score_burstiness,0.003215434083601286,0.037037037037037035,0.0059171597633136085,0.020766773162939296,0.5027724130137761
W2_apt,12,L1,takeover,SICA (proposed),0.003134796238244514,0.047619047619047616,0.0058823529411764705,0.01607717041800643,0.943186858047153
W2_apt,12,L1,takeover,pin_ip,1.0,0.6444444444444445,0.7837837837837839,0.1414790996784566,0.9292604501607717
W2_apt,12,L1,takeover,pin_prefix24,1.0,0.7915632754342432,0.8836565096952909,0.06752411575562701,0.9662379421221865
W2_apt,12,L1,takeover,pin_scope16,1.0,0.8836565096952909,0.9382352941176471,0.03376205787781351,0.9831189710610932
W2_apt,12,L1,takeover,pin_useragent,0.009404388714733543,0.02564102564102564,0.013761467889908258,0.09163987138263666,0.4588822586660484
W2_apt,12,L1,takeover,pin_useragent_core,0.0,0.0,0.0,0.0,0.5
W2_apt,12,L1,takeover,pin_ip_or_useragent,1.0,0.5768535262206148,0.7316513761467889,0.18810289389067525,0.9059485530546624
W2_apt,12,L1,takeover,pin_ip_and_useragent,0.009404388714733543,0.05084745762711865,0.015873015873015872,0.04501607717041801,0.4821941557721578
W2_apt,12,L1,takeover,score_distinct_bindings,1.0,0.7915632754342432,0.8836565096952909,0.06752411575562701,0.9670846394984326
W2_apt,12,L1,takeover,score_max_request_rate,0.6426332288401254,0.2011776251226693,0.30642750373692085,0.6543408360128617,0.5005228860284853
W2_apt,12,L1,takeover,score_burstiness,0.003134796238244514,0.043478260869565216,0.005847953216374269,0.017684887459807074,0.4890571923918193
W2_apt,13,L1,takeover,SICA (proposed),0.0,0.0,0.0,0.023015873015873017,0.9408730158730159
W2_apt,13,L1,takeover,pin_ip,1.0,0.6234567901234568,0.768060836501901,0.14523809523809525,0.9273809523809524
W2_apt,13,L1,takeover,pin_prefix24,1.0,0.7651515151515151,0.8669527896995708,0.07380952380952381,0.9630952380952381
W2_apt,13,L1,takeover,pin_scope16,1.0,0.8833819241982507,0.9380804953560371,0.031746031746031744,0.9841269841269841
W2_apt,13,L1,takeover,pin_useragent,0.0429042904290429,0.11504424778761062,0.0625,0.07936507936507936,0.4817696055319818
W2_apt,13,L1,takeover,pin_useragent_core,0.0,0.0,0.0,0.0,0.5
W2_apt,13,L1,takeover,pin_ip_or_useragent,1.0,0.5611111111111111,0.7188612099644128,0.1880952380952381,0.905952380952381
W2_apt,13,L1,takeover,pin_ip_and_useragent,0.0429042904290429,0.22033898305084745,0.07182320441988951,0.03650793650793651,0.5031981769605532
W2_apt,13,L1,takeover,score_distinct_bindings,1.0,0.7651515151515151,0.8669527896995708,0.07380952380952381,0.9644350149300644
W2_apt,13,L1,takeover,score_max_request_rate,0.6105610561056105,0.18172888015717092,0.2800908402725208,0.6611111111111111,0.4815914924825816
W2_apt,13,L1,takeover,score_burstiness,0.0,0.0,0.0,0.01746031746031746,0.4648148148148148
W2_apt,14,L1,takeover,SICA (proposed),0.0,0.0,0.0,0.010260457774269928,0.9439501162567461
W2_apt,14,L1,takeover,pin_ip,1.0,0.5896414342629482,0.7418546365914788,0.16258879242304658,0.9187056037884768
W2_apt,14,L1,takeover,pin_prefix24,1.0,0.7272727272727273,0.8421052631578948,0.08760852407261246,0.9561957379636937
W2_apt,14,L1,takeover,pin_scope16,1.0,0.8505747126436781,0.9192546583850931,0.04104183109707971,0.9794790844514601
W2_apt,14,L1,takeover,pin_useragent,0.05067567567567568,0.09933774834437085,0.06711409395973154,0.10734017363851618,0.4716677510185798
W2_apt,14,L1,takeover,pin_useragent_core,0.0,0.0,0.0,0.0,0.5
W2_apt,14,L1,takeover,pin_ip_or_useragent,1.0,0.5285714285714286,0.691588785046729,0.20836621941594316,0.8958168902920284
W2_apt,14,L1,takeover,pin_ip_and_useragent,0.05067567567567568,0.16129032258064516,0.07712082262210797,0.06156274664561957,0.49455646451502805
W2_apt,14,L1,takeover,score_distinct_bindings,1.0,0.7272727272727273,0.8421052631578948,0.08760852407261246,0.9579715864246251
W2_apt,14,L1,takeover,score_max_request_rate,0.6486486486486487,0.186952288218111,0.29024943310657597,0.659037095501184,0.4970162546129397
W2_apt,14,L1,takeover,score_burstiness,0.0033783783783783786,0.04,0.006230529595015576,0.018942383583267563,0.4856438917212398
W2_apt,15,L1,takeover,SICA (proposed),0.006756756756756757,0.06451612903225806,0.012232415902140673,0.022888713496448304,0.9428702084088825
W2_apt,15,L1,takeover,pin_ip,1.0,0.5849802371541502,0.7381546134663342,0.16574585635359115,0.9171270718232044
W2_apt,15,L1,takeover,pin_prefix24,1.0,0.7326732673267327,0.8457142857142858,0.08524072612470403,0.9573796369376479
W2_apt,15,L1,takeover,pin_scope16,1.0,0.8783382789317508,0.9352290679304897,0.03235990528808208,0.983820047355959
W2_apt,15,L1,takeover,pin_useragent,0.033783783783783786,0.06369426751592357,0.044150110375275935,0.11602209944751381,0.45888084216813496
W2_apt,15,L1,takeover,pin_useragent_core,0.0,0.0,0.0,0.0,0.5
W2_apt,15,L1,takeover,pin_ip_or_useragent,1.0,0.5077186963979416,0.6734926052332195,0.2265193370165746,0.8867403314917127
W2_apt,15,L1,takeover,pin_ip_and_useragent,0.033783783783783786,0.125,0.053191489361702135,0.055248618784530384,0.4892675824996267
W2_apt,15,L1,takeover,score_distinct_bindings,1.0,0.7326732673267327,0.8457142857142858,0.08524072612470403,0.9591074894942299
W2_apt,15,L1,takeover,score_max_request_rate,0.652027027027027,0.18737864077669902,0.2911010558069381,0.6606156274664562,0.503942330254485
W2_apt,15,L1,takeover,score_burstiness,0.02027027027027027,0.2,0.03680981595092024,0.018942383583267563,0.4954110582563621
W2_apt,16,L1,takeover,SICA (proposed),0.0064516129032258064,0.05555555555555555,0.011560693641618497,0.02713487629688747,0.9431841000952552
W2_apt,16,L1,takeover,pin_ip,1.0,0.6313645621181263,0.7740324594257179,0.14445331205107742,0.9277733439744613
W2_apt,16,L1,takeover,pin_prefix24,1.0,0.7434052757793765,0.8528198074277854,0.0853950518754988,0.9573024740622506
W2_apt,16,L1,takeover,pin_scope16,1.0,0.8707865168539326,0.9309309309309309,0.03671189146049481,0.9816440542697525
W2_apt,16,L1,takeover,pin_useragent,0.04516129032258064,0.0979020979020979,0.06181015452538632,0.10295291300877893,0.47110418865690085
W2_apt,16,L1,takeover,pin_useragent_core,0.0,0.0,0.0,0.0,0.5
W2_apt,16,L1,takeover,pin_ip_or_useragent,1.0,0.5506216696269982,0.7101947308132874,0.20191540303272146,0.8990422984836393
W2_apt,16,L1,takeover,pin_ip_and_useragent,0.04516129032258064,0.19718309859154928,0.07349081364829395,0.04549082202713488,0.4998352341477229
W2_apt,16,L1,takeover,score_distinct_bindings,1.0,0.7434052757793765,0.8528198074277854,0.0853950518754988,0.9588175475632675
W2_apt,16,L1,takeover,score_max_request_rate,0.6387096774193548,0.19186046511627908,0.29508196721311475,0.6656025538707103,0.4913214736245913
W2_apt,16,L1,takeover,score_burstiness,0.0032258064516129032,0.037037037037037035,0.005934718100890208,0.020750199521149242,0.4812334268722807
W2_apt,17,L1,takeover,SICA (proposed),0.009316770186335404,0.10714285714285714,0.01714285714285714,0.020145044319097503,0.9580757854064794
W2_apt,17,L1,takeover,pin_ip,1.0,0.6666666666666666,0.8,0.1297340854149879,0.935132957292506
W2_apt,17,L1,takeover,pin_prefix24,1.0,0.8277634961439588,0.9057665260196905,0.053988718775181306,0.9730056406124094
W2_apt,17,L1,takeover,pin_scope16,1.0,0.9415204678362573,0.9698795180722891,0.016116035455278,0.991941982272361
W2_apt,17,L1,takeover,pin_useragent,0.027950310559006212,0.0703125,0.04000000000000001,0.0958904109589041,0.466029949800051
W2_apt,17,L1,takeover,pin_useragent_core,0.0,0.0,0.0,0.0,0.5
W2_apt,17,L1,takeover,pin_ip_or_useragent,1.0,0.5812274368231047,0.7351598173515982,0.18694601128122482,0.9065269943593876
W2_apt,17,L1,takeover,pin_ip_and_useragent,0.027950310559006212,0.15789473684210525,0.0474934036939314,0.038678485092667206,0.4946359127331695
W2_apt,17,L1,takeover,score_distinct_bindings,1.0,0.8277634961439588,0.9057665260196905,0.053988718775181306,0.9739278081691283
W2_apt,17,L1,takeover,score_max_request_rate,0.6428571428571429,0.1977077363896848,0.30241051862673485,0.6768734891216761,0.4860073272906542
W2_apt,17,L1,takeover,score_burstiness,0.003105590062111801,0.05,0.005847953216374269,0.015310233682514102,0.47212726663029714
W2_apt,18,L1,takeover,SICA (proposed),0.0030581039755351682,0.08333333333333333,0.005899705014749262,0.00889967637540453,0.9510196154112606
W2_apt,18,L1,takeover,pin_ip,1.0,0.6566265060240963,0.7927272727272727,0.1383495145631068,0.9308252427184466
W2_apt,18,L1,takeover,pin_prefix24,1.0,0.8074074074074075,0.8934426229508198,0.06310679611650485,0.9684466019417476
W2_apt,18,L1,takeover,pin_scope16,1.0,0.8983516483516484,0.9464544138929089,0.029935275080906147,0.985032362459547
W2_apt,18,L1,takeover,pin_useragent,0.0581039755351682,0.13768115942028986,0.08172043010752689,0.09627831715210355,0.48091282919153233
W2_apt,18,L1,takeover,pin_useragent_core,0.0,0.0,0.0,0.0,0.5
W2_apt,18,L1,takeover,pin_ip_or_useragent,1.0,0.5797872340425532,0.734006734006734,0.19174757281553398,0.904126213592233
W2_apt,18,L1,takeover,pin_ip_and_useragent,0.0581039755351682,0.2638888888888889,0.09523809523809523,0.04288025889967637,0.5076118583177459
W2_apt,18,L1,takeover,score_distinct_bindings,1.0,0.8074074074074075,0.8934426229508198,0.06310679611650485,0.9698940055224013
W2_apt,18,L1,takeover,score_max_request_rate,0.6574923547400612,0.2087378640776699,0.3168754605747973,0.6593851132686084,0.5041727284423463
W2_apt,18,L1,takeover,score_burstiness,0.009174311926605505,0.125,0.017094017094017096,0.01699029126213592,0.47932810783527807
W2_apt,19,L1,takeover,SICA (proposed),0.003389830508474576,0.02857142857142857,0.006060606060606061,0.026813880126182965,0.9374431909319361
W2_apt,19,L1,takeover,pin_ip,1.0,0.5784313725490197,0.732919254658385,0.1695583596214511,0.9152208201892744
W2_apt,19,L1,takeover,pin_prefix24,1.0,0.7301980198019802,0.844062947067239,0.0859621451104101,0.957018927444795
W2_apt,19,L1,takeover,pin_scope16,1.0,0.8805970149253731,0.9365079365079364,0.031545741324921134,0.9842271293375394
W2_apt,19,L1,takeover,pin_useragent,0.04406779661016949,0.09558823529411764,0.06032482598607889,0.09700315457413249,0.4735323210180185
W2_apt,19,L1,takeover,pin_useragent_core,0.0,0.0,0.0,0.0,0.5
W2_apt,19,L1,takeover,pin_ip_or_useragent,1.0,0.5157342657342657,0.6805074971164936,0.21845425867507887,0.8907728706624606
W2_apt,19,L1,takeover,pin_ip_and_useragent,0.04406779661016949,0.17567567567567569,0.07046070460704607,0.04810725552050473,0.4979802705448324
W2_apt,19,L1,takeover,score_distinct_bindings,1.0,0.7301980198019802,0.844062947067239,0.0859621451104101,0.957747420199968
W2_apt,19,L1,takeover,score_max_request_rate,0.7016949152542373,0.20019342359767892,0.3115124153498871,0.6522082018927445,0.5345773405336043
W2_apt,19,L1,takeover,score_burstiness,0.010169491525423728,0.11538461538461539,0.018691588785046728,0.018138801261829655,0.4982529540715393
W2_apt,0,L1,concurrent,SICA (proposed),0.9483870967741935,0.9832775919732442,0.9655172413793103,0.0039904229848363925,0.9955127049918905
W2_apt,0,L1,concurrent,pin_ip,1.0,0.6275303643724697,0.7711442786069652,0.14684756584197925,0.9265762170790104
W2_apt,0,L1,concurrent,pin_prefix24,1.0,0.7848101265822784,0.8794326241134751,0.06783719074221868,0.9660814046288907
W2_apt,0,L1,concurrent,pin_scope16,1.0,0.9090909090909091,0.9523809523809523,0.024740622505985636,0.9876296887470072
W2_apt,0,L1,concurrent,pin_useragent,0.07741935483870968,0.14906832298136646,0.10191082802547771,0.10933758978451716,0.48404088252709626
W2_apt,0,L1,concurrent,pin_useragent_core,0.0,0.0,0.0,0.0,0.5
W2_apt,0,L1,concurrent,pin_ip_or_useragent,1.0,0.541958041958042,0.7029478458049886,0.20909816440542697,0.8954509177972865
W2_apt,0,L1,concurrent,pin_ip_and_useragent,0.07741935483870968,0.2891566265060241,0.12213740458015267,0.047086991221069435,0.5151661818088201
W2_apt,0,L1,concurrent,score_distinct_bindings,1.0,0.7848101265822784,0.8794326241134751,0.06783719074221868,0.9692544345184461
W2_apt,0,L1,concurrent,score_max_request_rate,0.6258064516129033,0.1905697445972495,0.2921686746987952,0.6576217079010375,0.5106917591329198
W2_apt,0,L1,concurrent,score_burstiness,0.0,0.0,0.0,0.02314445331205108,0.4676556908580697
W2_apt,1,L1,concurrent,SICA (proposed),0.9685314685314685,0.920265780730897,0.9437819420783646,0.018794048551292093,0.9942979886206198
W2_apt,1,L1,concurrent,pin_ip,1.0,0.5731462925851704,0.7286624203821657,0.1667971808927173,0.9166014095536413
W2_apt,1,L1,concurrent,pin_prefix24,1.0,0.7167919799498746,0.8350364963503649,0.08848864526233359,0.9557556773688332
W2_apt,1,L1,concurrent,pin_scope16,1.0,0.8693009118541033,0.9300813008130081,0.033672670321064996,0.9831636648394675
W2_apt,1,L1,concurrent,pin_useragent,0.12237762237762238,0.2147239263803681,0.155902004454343,0.10023492560689115,0.5110713483853656
W2_apt,1,L1,concurrent,pin_useragent_core,0.0,0.0,0.0,0.0,0.5
W2_apt,1,L1,concurrent,pin_ip_or_useragent,1.0,0.5209471766848816,0.6850299401197605,0.20595144870790916,0.8970242756460454
W2_apt,1,L1,concurrent,pin_ip_and_useragent,0.12237762237762238,0.30973451327433627,0.17543859649122806,0.06108065779169929,0.5306484822929616
W2_apt,1,L1,concurrent,score_distinct_bindings,1.0,0.7167919799498746,0.8350364963503649,0.08848864526233359,0.9597778885171211
W2_apt,1,L1,concurrent,score_max_request_rate,0.6293706293706294,0.1761252446183953,0.2752293577981651,0.6593578700078309,0.5056910591366347
W2_apt,1,L1,concurrent,score_burstiness,0.0,0.0,0.0,0.021143304620203602,0.4694665162558663
W2_apt,2,L1,concurrent,SICA (proposed),0.9512195121951219,0.9161073825503355,0.9333333333333332,0.019592476489028215,0.9931951984096643
W2_apt,2,L1,concurrent,pin_ip,1.0,0.6252723311546841,0.7694369973190349,0.13479623824451412,0.932601880877743
W2_apt,2,L1,concurrent,pin_prefix24,1.0,0.7694369973190348,0.8696969696969697,0.06739811912225706,0.9663009404388715
W2_apt,2,L1,concurrent,pin_scope16,1.0,0.9053627760252366,0.9503311258278145,0.023510971786833857,0.9882445141065831
W2_apt,2,L1,concurrent,pin_useragent,0.11846689895470383,0.21518987341772153,0.15280898876404495,0.09717868338557993,0.5106441077845619
W2_apt,2,L1,concurrent,pin_useragent_core,0.0,0.0,0.0,0.0,0.5
W2_apt,2,L1,concurrent,pin_ip_or_useragent,1.0,0.5435606060606061,0.7042944785276074,0.18887147335423196,0.905564263322884
W2_apt,2,L1,concurrent,pin_ip_and_useragent,0.11846689895470383,0.38202247191011235,0.18085106382978725,0.04310344827586207,0.5376817253394209
W2_apt,2,L1,concurrent,score_distinct_bindings,1.0,0.7694369973190348,0.8696969696969697,0.06739811912225706,0.9687667252848077
W2_apt,2,L1,concurrent,score_max_request_rate,0.6411149825783972,0.1812807881773399,0.28264208909370203,0.6512539184952978,0.5171908621235787
W2_apt,2,L1,concurrent,score_burstiness,0.003484320557491289,0.034482758620689655,0.006329113924050633,0.0219435736677116,0.466194444747851
W2_apt,3,L1,concurrent,SICA (proposed),0.9577464788732394,0.9444444444444444,0.951048951048951,0.012509773260359656,0.9911022035260822
W2_apt,3,L1,concurrent,pin_ip,1.0,0.5843621399176955,0.7376623376623377,0.15793588741204065,0.9210320562939797
W2_apt,3,L1,concurrent,pin_prefix24,1.0,0.7395833333333334,0.8502994011976047,0.07818608287724785,0.9609069585613761
W2_apt,3,L1,concurrent,pin_scope16,1.0,0.8554216867469879,0.922077922077922,0.03752931978107897,0.9812353401094606
W2_apt,3,L1,concurrent,pin_useragent,0.1056338028169014,0.20270270270270271,0.1388888888888889,0.09225957779515247,0.5066871125108745
W2_apt,3,L1,concurrent,pin_useragent_core,0.0,0.0,0.0,0.0,0.5
W2_apt,3,L1,concurrent,pin_ip_or_useragent,1.0,0.5249537892791127,0.6884848484848485,0.20093823299452698,0.8995308835027365
W2_apt,3,L1,concurrent,pin_ip_and_useragent,0.1056338028169014,0.3225806451612903,0.15915119363395222,0.04925723221266615,0.5281882853021176
W2_apt,3,L1,concurrent,score_distinct_bindings,1.0,0.7395833333333334,0.8502994011976047,0.07818608287724785,0.9629717318767963
W2_apt,3,L1,concurrent,score_max_request_rate,0.6373239436619719,0.17779960707269155,0.27803379416282636,0.6544175136825645,0.513096168881939
W2_apt,3,L1,concurrent,score_burstiness,0.007042253521126761,0.06666666666666667,0.012738853503184712,0.0218921032056294,0.47429494873856115
W2_apt,4,L1,concurrent,SICA (proposed),0.9768211920529801,0.8858858858858859,0.9291338582677166,0.03013481363996828,0.9928339224099448
W2_apt,4,L1,concurrent,pin_ip,1.0,0.604,0.7531172069825436,0.1570182394924663,0.9214908802537668
W2_apt,4,L1,concurrent,pin_prefix24,1.0,0.7365853658536585,0.848314606741573,0.08564631245043616,0.957176843774782
W2_apt,4,L1,concurrent,pin_scope16,1.0,0.8830409356725146,0.937888198757764,0.0317208564631245,0.9841395717684377
W2_apt,4,L1,concurrent,pin_useragent,0.06622516556291391,0.13793103448275862,0.0894854586129754,0.09912767644726407,0.4835487445578249
W2_apt,4,L1,concurrent,pin_useragent_core,0.0,0.0,0.0,0.0,0.5
W2_apt,4,L1,concurrent,pin_ip_or_useragent,1.0,0.5326278659611993,0.6950517836593785,0.21015067406819984,0.8949246629659001
W2_apt,4,L1,concurrent,pin_ip_and_useragent,0.06622516556291391,0.2564102564102564,0.10526315789473685,0.045995241871530534,0.5101149618456917
W2_apt,4,L1,concurrent,score_distinct_bindings,1.0,0.7365853658536585,0.848314606741573,0.08564631245043616,0.9600128143857235
W2_apt,4,L1,concurrent,score_max_request_rate,0.6125827814569537,0.18280632411067194,0.2815829528158295,0.6558287073750991,0.49945381306752235
W2_apt,4,L1,concurrent,score_burstiness,0.006622516556291391,0.08695652173913043,0.012307692307692308,0.016653449643140365,0.4543264307209142
W2_apt,5,L1,concurrent,SICA (proposed),0.95578231292517,0.9153094462540716,0.935108153078203,0.02048857368006304,0.995970098047099
W2_apt,5,L1,concurrent,pin_ip,1.0,0.5951417004048583,0.7461928934010152,0.15760441292356187,0.9211977935382191
W2_apt,5,L1,concurrent,pin_prefix24,1.0,0.7696335078534031,0.8698224852071006,0.06934594168636722,0.9653270291568163
W2_apt,5,L1,concurrent,pin_scope16,1.0,0.8990825688073395,0.9468599033816426,0.026004728132387706,0.9869976359338062
W2_apt,5,L1,concurrent,pin_useragent,0.09523809523809523,0.16666666666666666,0.12121212121212123,0.11032308904649331,0.49245750309580094
W2_apt,5,L1,concurrent,pin_useragent_core,0.0,0.0,0.0,0.0,0.5
W2_apt,5,L1,concurrent,pin_ip_or_useragent,1.0,0.5259391771019678,0.6893317702227432,0.20882584712371946,0.8955870764381403
W2_apt,5,L1,concurrent,pin_ip_and_useragent,0.09523809523809523,0.27184466019417475,0.14105793450881612,0.0591016548463357,0.5180682201958797
W2_apt,5,L1,concurrent,score_distinct_bindings,1.0,0.7696335078534031,0.8698224852071006,0.06934594168636722,0.9682754110312368
W2_apt,5,L1,concurrent,score_max_request_rate,0.6700680272108843,0.19466403162055335,0.3016845329249617,0.6422379826635146,0.5353336764177696
W2_apt,5,L1,concurrent,score_burstiness,0.0,0.0,0.0,0.02048857368006304,0.48882965321668465
W2_apt,6,L1,concurrent,SICA (proposed),0.9739413680781759,0.9462025316455697,0.9598715890850722,0.013535031847133758,0.9917801717877964
W2_apt,6,L1,concurrent,pin_ip,1.0,0.6214574898785425,0.766541822721598,0.14888535031847133,0.9255573248407644
W2_apt,6,L1,concurrent,pin_prefix24,1.0,0.7451456310679612,0.8539638386648123,0.08359872611464968,0.9582006369426752
W2_apt,6,L1,concurrent,pin_scope16,1.0,0.8847262247838616,0.9388379204892966,0.03184713375796178,0.9840764331210191
W2_apt,6,L1,concurrent,pin_useragent,0.09771986970684039,0.1910828025477707,0.12931034482758622,0.10111464968152867,0.49830261001265586
W2_apt,6,L1,concurrent,pin_useragent_core,0.0,0.0,0.0,0.0,0.5
W2_apt,6,L1,concurrent,pin_ip_or_useragent,1.0,0.5376532399299475,0.6993166287015945,0.21019108280254778,0.8949044585987261
W2_apt,6,L1,concurrent,pin_ip_and_useragent,0.09771986970684039,0.375,0.1550387596899225,0.03980891719745223,0.5289554762546941
W2_apt,6,L1,concurrent,score_distinct_bindings,1.0,0.7451456310679612,0.8539638386648123,0.08359872611464968,0.961332185315048
W2_apt,6,L1,concurrent,score_max_request_rate,0.6058631921824105,0.18470705064548162,0.2831050228310502,0.6536624203821656,0.5087851926388515
W2_apt,6,L1,concurrent,score_burstiness,0.009771986970684038,0.10714285714285714,0.017910447761194027,0.019904458598726114,0.45610904790555823
W2_apt,7,L1,concurrent,SICA (proposed),0.9565217391304348,0.9196141479099679,0.937704918032787,0.01977848101265823,0.9934988992845349
W2_apt,7,L1,concurrent,pin_ip,1.0,0.6255230125523012,0.7696267696267696,0.14161392405063292,0.9291930379746836
W2_apt,7,L1,concurrent,pin_prefix24,1.0,0.7666666666666667,0.8679245283018869,0.07199367088607594,0.964003164556962
W2_apt,7,L1,concurrent,pin_scope16,1.0,0.8846153846153846,0.9387755102040816,0.030854430379746837,0.9845727848101266
W2_apt,7,L1,concurrent,pin_useragent,0.0802675585284281,0.16216216216216217,0.10738255033557048,0.0981012658227848,0.49108314635282163
W2_apt,7,L1,concurrent,pin_useragent_core,0.0,0.0,0.0,0.0,0.5
W2_apt,7,L1,concurrent,pin_ip_or_useragent,1.0,0.5476190476190477,0.7076923076923077,0.19541139240506328,0.9022943037974683
W2_apt,7,L1,concurrent,pin_ip_and_useragent,0.0802675585284281,0.3,0.1266490765171504,0.04430379746835443,0.5179818805300368
W2_apt,7,L1,concurrent,score_distinct_bindings,1.0,0.7666666666666667,0.8679245283018869,0.07199367088607594,0.9660498073747936
W2_apt,7,L1,concurrent,score_max_request_rate,0.6220735785953178,0.18452380952380953,0.2846212700841622,0.6503164556962026,0.5092833178104229
W2_apt,7,L1,concurrent,score_burstiness,0.010033444816053512,0.1,0.018237082066869303,0.021360759493670885,0.4596690974133187
W2_apt,8,L1,concurrent,SICA (proposed),0.967741935483871,0.903010033444816,0.9342560553633218,0.022585669781931463,0.9942091247110844
W2_apt,8,L1,concurrent,pin_ip,1.0,0.6172566371681416,0.7633378932968536,0.13473520249221183,0.932632398753894
W2_apt,8,L1,concurrent,pin_prefix24,1.0,0.7622950819672131,0.8651162790697675,0.06775700934579439,0.9661214953271028
W2_apt,8,L1,concurrent,pin_scope16,1.0,0.9029126213592233,0.9489795918367347,0.02336448598130841,0.9883177570093458
W2_apt,8,L1,concurrent,pin_useragent,0.06810035842293907,0.14615384615384616,0.09290953545232275,0.08644859813084112,0.490825880146049
W2_apt,8,L1,concurrent,pin_useragent_core,0.0,0.0,0.0,0.0,0.5
W2_apt,8,L1,concurrent,pin_ip_or_useragent,1.0,0.543859649122807,0.7045454545454546,0.1822429906542056,0.9088785046728972
W2_apt,8,L1,concurrent,pin_ip_and_useragent,0.06810035842293907,0.2753623188405797,0.10919540229885058,0.03894080996884735,0.5145797742270458
W2_apt,8,L1,concurrent,score_distinct_bindings,1.0,0.7622950819672131,0.8651162790697675,0.06775700934579439,0.9678214919773557
W2_apt,8,L1,concurrent,score_max_request_rate,0.6379928315412187,0.17676266137040714,0.27682737169517885,0.6456386292834891,0.5219827153049945
W2_apt,8,L1,concurrent,score_burstiness,0.007168458781362007,0.08,0.013157894736842105,0.01791277258566978,0.47703748366998294
W2_apt,9,L1,concurrent,SICA (proposed),0.9693251533742331,0.9349112426035503,0.9518072289156626,0.01778496362166532,0.996576667278345
W2_apt,9,L1,concurrent,pin_ip,1.0,0.628131021194605,0.7715976331360946,0.15602263540824576,0.9219886822958772
W2_apt,9,L1,concurrent,pin_prefix24,1.0,0.8129675810473815,0.8968363136176066,0.060630557801131774,0.9696847210994342
W2_apt,9,L1,concurrent,pin_scope16,1.0,0.9314285714285714,0.9644970414201183,0.019401778496362168,0.9902991107518189
W2_apt,9,L1,concurrent,pin_useragent,0.09202453987730061,0.1875,0.12345679012345676,0.10509296685529507,0.49346578651100276
W2_apt,9,L1,concurrent,pin_useragent_core,0.0,0.0,0.0,0.0,0.5
W2_apt,9,L1,concurrent,pin_ip_or_useragent,1.0,0.5630397236614854,0.7204419889502763,0.20452708164915118,0.8977364591754244
W2_apt,9,L1,concurrent,pin_ip_and_useragent,0.09202453987730061,0.3,0.14084507042253522,0.056588520614389654,0.5177180096314555
W2_apt,9,L1,concurrent,score_distinct_bindings,1.0,0.8129675810473815,0.8968363136176066,0.060630557801131774,0.9712655792016108
W2_apt,9,L1,concurrent,score_max_request_rate,0.5950920245398773,0.19000979431929482,0.28804751299183373,0.6685529506871464,0.4805300276247204
W2_apt,9,L1,concurrent,score_burstiness,0.0,0.0,0.0,0.021827000808407437,0.4345041189102866
W2_apt,10,L1,concurrent,SICA (proposed),0.9713261648745519,0.9377162629757786,0.954225352112676,0.014018691588785047,0.9962720106298641
W2_apt,10,L1,concurrent,pin_ip,1.0,0.621380846325167,0.7664835164835164,0.13239875389408098,0.9338006230529595
W2_apt,10,L1,concurrent,pin_prefix24,1.0,0.7837078651685393,0.878740157480315,0.05996884735202492,0.9700155763239875
W2_apt,10,L1,concurrent,pin_scope16,1.0,0.9177631578947368,0.9571183533447685,0.019470404984423675,0.9902647975077882
W2_apt,10,L1,concurrent,pin_useragent,0.08602150537634409,0.15894039735099338,0.1116279069767442,0.09890965732087227,0.4935559240277359
W2_apt,10,L1,concurrent,pin_useragent_core,0.0,0.0,0.0,0.0,0.5
W2_apt,10,L1,concurrent,pin_ip_or_useragent,1.0,0.544921875,0.7054361567635904,0.18146417445482865,0.9092679127725857
W2_apt,10,L1,concurrent,pin_ip_and_useragent,0.08602150537634409,0.2727272727272727,0.1307901907356948,0.04984423676012461,0.5180886343081097
W2_apt,10,L1,concurrent,score_distinct_bindings,1.0,0.7837078651685393,0.878740157480315,0.05996884735202492,0.9720575263234292
W2_apt,10,L1,concurrent,score_max_request_rate,0.6487455197132617,0.17641325536062377,0.27739463601532566,0.6580996884735203,0.5201305843075514
W2_apt,10,L1,concurrent,score_burstiness,0.0035842293906810036,0.03571428571428571,0.006514657980456026,0.02102803738317757,0.48361694525396665
W2_apt,11,L1,concurrent,SICA (proposed),0.9562289562289562,0.9015873015873016,0.9281045751633986,0.02448657187993681,0.993272642166797
W2_apt,11,L1,concurrent,pin_ip,1.0,0.6319148936170212,0.7744458930899608,0.13665086887835703,0.9316745655608215
W2_apt,11,L1,concurrent,pin_prefix24,1.0,0.7734375,0.8722466960352423,0.06872037914691943,0.9656398104265402
W2_apt,11,L1,concurrent,pin_scope16,1.0,0.9,0.9473684210526316,0.026066350710900472,0.9869668246445498
W2_apt,11,L1,concurrent,pin_useragent,0.08417508417508418,0.16556291390728478,0.11160714285714286,0.0995260663507109,0.49232450891218665
W2_apt,11,L1,concurrent,pin_useragent_core,0.0,0.0,0.0,0.0,0.5
W2_apt,11,L1,concurrent,pin_ip_or_useragent,1.0,0.5469613259668509,0.7071428571428572,0.1943127962085308,0.9028436018957346
W2_apt,11,L1,concurrent,pin_ip_and_useragent,0.08417508417508418,0.32051282051282054,0.13333333333333333,0.04186413902053712,0.5211554725772736
W2_apt,11,L1,concurrent,score_distinct_bindings,1.0,0.7734375,0.8722466960352423,0.06872037914691943,0.9677222461582651
W2_apt,11,L1,concurrent,score_max_request_rate,0.6632996632996633,0.19389763779527558,0.3000761614623001,0.6469194312796208,0.5253442800836166
W2_apt,11,L1,concurrent,score_burstiness,0.003367003367003367,0.03571428571428571,0.006153846153846154,0.02132701421800948,0.48002670198562775
W2_apt,12,L1,concurrent,SICA (proposed),0.9634551495016611,0.9354838709677419,0.9492635024549918,0.01584786053882726,0.9929671828190237
W2_apt,12,L1,concurrent,pin_ip,1.0,0.6257796257796258,0.7698209718670077,0.14263074484944532,0.9286846275752774
W2_apt,12,L1,concurrent,pin_prefix24,1.0,0.7797927461139896,0.8762736535662299,0.06735340729001585,0.966323296354992
W2_apt,12,L1,concurrent,pin_scope16,1.0,0.8775510204081632,0.9347826086956522,0.03328050713153724,0.9833597464342314
W2_apt,12,L1,concurrent,pin_useragent,0.05647840531561462,0.12781954887218044,0.0783410138248848,0.0919175911251981,0.48228040709520825
W2_apt,12,L1,concurrent,pin_useragent_core,0.0,0.0,0.0,0.0,0.5
W2_apt,12,L1,concurrent,pin_ip_or_useragent,1.0,0.5574074074074075,0.7158145065398336,0.18938193343898574,0.9053090332805072
W2_apt,12,L1,concurrent,pin_ip_and_useragent,0.05647840531561462,0.22972972972972974,0.09066666666666666,0.045166402535657686,0.5056560013899785
W2_apt,12,L1,concurrent,score_distinct_bindings,1.0,0.7797927461139896,0.8762736535662299,0.06735340729001585,0.9686728338185973
W2_apt,12,L1,concurrent,score_max_request_rate,0.5980066445182725,0.18,0.2767102229054573,0.6497622820919176,0.49727532630270993
W2_apt,12,L1,concurrent,score_burstiness,0.006644518272425249,0.07407407407407407,0.012195121951219513,0.019809825673534072,0.4565697542791856
W2_apt,13,L1,concurrent,SICA (proposed),0.9717314487632509,0.9046052631578947,0.9369676320272572,0.02265625,0.9934201082155477
W2_apt,13,L1,concurrent,pin_ip,1.0,0.6047008547008547,0.7536617842876164,0.14453125,0.927734375
W2_apt,13,L1,concurrent,pin_prefix24,1.0,0.7526595744680851,0.8588770864946889,0.07265625,0.963671875
W2_apt,13,L1,concurrent,pin_scope16,1.0,0.8761609907120743,0.9339933993399341,0.03125,0.984375
W2_apt,13,L1,concurrent,pin_useragent,0.10247349823321555,0.2248062015503876,0.1407766990291262,0.078125,0.5121742491166078
W2_apt,13,L1,concurrent,pin_useragent_core,0.0,0.0,0.0,0.0,0.5
W2_apt,13,L1,concurrent,pin_ip_or_useragent,1.0,0.5421455938697318,0.7031055900621118,0.18671875,0.906640625
W2_apt,13,L1,concurrent,pin_ip_and_useragent,0.10247349823321555,0.38666666666666666,0.16201117318435754,0.0359375,0.5332679991166078
W2_apt,13,L1,concurrent,score_distinct_bindings,1.0,0.7526595744680851,0.8588770864946889,0.07265625,0.9662392336572438
W2_apt,13,L1,concurrent,score_max_request_rate,0.6219081272084805,0.17339901477832512,0.2711864406779661,0.65546875,0.5043148189045936
W2_apt,13,L1,concurrent,score_burstiness,0.0035335689045936395,0.038461538461538464,0.006472491909385114,0.01953125,0.4553693683745583
W2_apt,14,L1,concurrent,SICA (proposed),0.967741935483871,0.9540636042402827,0.9608540925266903,0.010124610591900311,0.993292131444076
W2_apt,14,L1,concurrent,pin_ip,1.0,0.5728952772073922,0.7284595300261097,0.16199376947040497,0.9190031152647975
W2_apt,14,L1,concurrent,pin_prefix24,1.0,0.7117346938775511,0.8315946348733234,0.08800623052959501,0.9559968847352025
W2_apt,14,L1,concurrent,pin_scope16,1.0,0.8403614457831325,0.9132569558101473,0.04127725856697819,0.9793613707165109
W2_apt,14,L1,concurrent,pin_useragent,0.12186379928315412,0.2,0.1514476614699332,0.1059190031152648,0.5079723980839447
W2_apt,14,L1,concurrent,pin_useragent_core,0.0,0.0,0.0,0.0,0.5
W2_apt,14,L1,concurrent,pin_ip_or_useragent,1.0,0.5119266055045871,0.6771844660194174,0.2071651090342679,0.8964174454828661
W2_apt,14,L1,concurrent,pin_ip_and_useragent,0.12186379928315412,0.30357142857142855,0.17391304347826086,0.06074766355140187,0.5305580678658761
W2_apt,14,L1,concurrent,score_distinct_bindings,1.0,0.7117346938775511,0.8315946348733234,0.08800623052959501,0.9594666644335019
W2_apt,14,L1,concurrent,score_max_request_rate,0.5770609318996416,0.16051844466600199,0.2511700468018721,0.6557632398753894,0.49017826237452405
W2_apt,14,L1,concurrent,score_burstiness,0.007168458781362007,0.06896551724137931,0.012987012987012988,0.02102803738317757,0.43455571187708664
W2_apt,15,L1,concurrent,SICA (proposed),0.9717314487632509,0.9046052631578947,0.9369676320272572,0.02265625,0.9949494810070671
W2_apt,15,L1,concurrent,pin_ip,1.0,0.5717171717171717,0.7275064267352186,0.165625,0.9171875
W2_apt,15,L1,concurrent,pin_prefix24,1.0,0.7237851662404092,0.8397626112759643,0.084375,0.9578125
W2_apt,15,L1,concurrent,pin_scope16,1.0,0.8734567901234568,0.9324546952224052,0.03203125,0.983984375
W2_apt,15,L1,concurrent,pin_useragent,0.08833922261484099,0.14534883720930233,0.1098901098901099,0.11484375,0.4867477363074205
W2_apt,15,L1,concurrent,pin_useragent_core,0.0,0.0,0.0,0.0,0.5
W2_apt,15,L1,concurrent,pin_ip_or_useragent,1.0,0.49475524475524474,0.6619883040935672,0.22578125,0.887109375
W2_apt,15,L1,concurrent,pin_ip_and_useragent,0.08833922261484099,0.2631578947368421,0.13227513227513227,0.0546875,0.5168258613074205
W2_apt,15,L1,concurrent,score_distinct_bindings,1.0,0.7237851662404092,0.8397626112759643,0.084375,0.9609430212014134
W2_apt,15,L1,concurrent,score_max_request_rate,0.6360424028268551,0.1761252446183953,0.27586206896551724,0.6578125,0.5077393440812721
W2_apt,15,L1,concurrent,score_burstiness,0.0035335689045936395,0.038461538461538464,0.006472491909385114,0.01953125,0.46164697438162544
W2_apt,16,L1,concurrent,SICA (proposed),0.9623287671232876,0.8920634920634921,0.9258649093904447,0.02675059008654603,0.9929593783343932
W2_apt,16,L1,concurrent,pin_ip,1.0,0.6173361522198731,0.7633986928104576,0.14240755310778913,0.9287962234461055
W2_apt,16,L1,concurrent,pin_prefix24,1.0,0.731829573934837,0.8451519536903038,0.08418568056648308,0.9579071597167584
W2_apt,16,L1,concurrent,pin_scope16,1.0,0.863905325443787,0.926984126984127,0.03619197482297404,0.981904012588513
W2_apt,16,L1,concurrent,pin_useragent,0.09931506849315068,0.18238993710691823,0.1286031042128603,0.1022816679779701,0.4985167002575903
W2_apt,16,L1,concurrent,pin_useragent_core,0.0,0.0,0.0,0.0,0.5
W2_apt,16,L1,concurrent,pin_ip_or_useragent,1.0,0.5347985347985348,0.6968973747016707,0.1998426435877262,0.9000786782061369
W2_apt,16,L1,concurrent,pin_ip_and_useragent,0.09931506849315068,0.3372093023255814,0.15343915343915343,0.044846577498033044,0.5272342454975588
W2_apt,16,L1,concurrent,score_distinct_bindings,1.0,0.731829573934837,0.8451519536903038,0.08418568056648308,0.9617993059073322
W2_apt,16,L1,concurrent,score_max_request_rate,0.613013698630137,0.17583497053045186,0.2732824427480916,0.6601101494885917,0.5031619477706045
W2_apt,16,L1,concurrent,score_burstiness,0.00684931506849315,0.06896551724137931,0.012461059190031152,0.021243115656963022,0.45369706735070003
W2_apt,17,L1,concurrent,SICA (proposed),0.956953642384106,0.9203821656050956,0.9383116883116883,0.019825535289452814,0.9947928428504655
W2_apt,17,L1,concurrent,pin_ip,1.0,0.648068669527897,0.7864583333333334,0.13005551149881048,0.9349722442505948
W2_apt,17,L1,concurrent,pin_prefix24,1.0,0.8162162162162162,0.8988095238095237,0.05392545598731166,0.9730372720063442
W2_apt,17,L1,concurrent,pin_scope16,1.0,0.937888198757764,0.9679487179487178,0.01586042823156225,0.9920697858842189
W2_apt,17,L1,concurrent,pin_useragent,0.07947019867549669,0.16666666666666666,0.10762331838565023,0.09516256938937351,0.49215381464306157
W2_apt,17,L1,concurrent,pin_useragent_core,0.0,0.0,0.0,0.0,0.5
W2_apt,17,L1,concurrent,pin_ip_or_useragent,1.0,0.5623836126629422,0.7199046483909416,0.18636003172085647,0.9068199841395718
W2_apt,17,L1,concurrent,pin_ip_and_useragent,0.07947019867549669,0.3287671232876712,0.128,0.03885804916732752,0.5203060747540846
W2_apt,17,L1,concurrent,score_distinct_bindings,1.0,0.8162162162162162,0.8988095238095237,0.05392545598731166,0.9751800053568334
W2_apt,17,L1,concurrent,score_max_request_rate,0.6225165562913907,0.1821705426356589,0.2818590704647676,0.669310071371927,0.4952983283528788
W2_apt,17,L1,concurrent,score_burstiness,0.0033112582781456954,0.045454545454545456,0.006172839506172839,0.016653449643140365,0.450308805688747
W2_apt,18,L1,concurrent,SICA (proposed),0.977491961414791,0.9650793650793651,0.9712460063897763,0.00878594249201278,0.9945733129244013
W2_apt,18,L1,concurrent,pin_ip,1.0,0.6412371134020619,0.7814070351758795,0.1389776357827476,0.9305111821086262
W2_apt,18,L1,concurrent,pin_prefix24,1.0,0.7974358974358975,0.8873038516405136,0.06309904153354633,0.9684504792332268
W2_apt,18,L1,concurrent,pin_scope16,1.0,0.8936781609195402,0.9438543247344461,0.029552715654952075,0.985223642172524
W2_apt,18,L1,concurrent,pin_useragent,0.0932475884244373,0.19463087248322147,0.12608695652173912,0.09584664536741214,0.4987004715285126
W2_apt,18,L1,concurrent,pin_useragent_core,0.0,0.0,0.0,0.0,0.5
W2_apt,18,L1,concurrent,pin_ip_or_useragent,1.0,0.5634057971014492,0.7207415990730012,0.19249201277955272,0.9037539936102237
W2_apt,18,L1,concurrent,pin_ip_and_useragent,0.0932475884244373,0.35365853658536583,0.1475826972010178,0.04233226837060703,0.5254576600269152
W2_apt,18,L1,concurrent,score_distinct_bindings,1.0,0.7974358974358975,0.8873038516405136,0.06309904153354633,0.9710880597474908
W2_apt,18,L1,concurrent,score_max_request_rate,0.6237942122186495,0.19113300492610838,0.2926093514328808,0.6557507987220448,0.5014317927329135
W2_apt,18,L1,concurrent,score_burstiness,0.003215434083601286,0.041666666666666664,0.005970149253731343,0.018370607028753993,0.451709419270004
W2_apt,19,L1,concurrent,SICA (proposed),0.9640287769784173,0.8874172185430463,0.9241379310344828,0.026459143968871595,0.9947316854687456
W2_apt,19,L1,concurrent,pin_ip,1.0,0.5593561368209256,0.7174193548387098,0.17042801556420234,0.9147859922178988
W2_apt,19,L1,concurrent,pin_prefix24,1.0,0.7164948453608248,0.8348348348348348,0.08560311284046693,0.9571984435797666
W2_apt,19,L1,concurrent,pin_scope16,1.0,0.8742138364779874,0.9328859060402684,0.0311284046692607,0.9844357976653697
W2_apt,19,L1,concurrent,pin_useragent,0.06474820143884892,0.1258741258741259,0.08551068883610452,0.09727626459143969,0.48373596842370464
W2_apt,19,L1,concurrent,pin_useragent_core,0.0,0.0,0.0,0.0,0.5
W2_apt,19,L1,concurrent,pin_ip_or_useragent,1.0,0.49642857142857144,0.6634844868735084,0.21945525291828794,0.890272373540856
W2_apt,19,L1,concurrent,pin_ip_and_useragent,0.06474820143884892,0.225,0.10055865921787709,0.04824902723735409,0.5082495871007474
W2_apt,19,L1,concurrent,score_distinct_bindings,1.0,0.7164948453608248,0.8348348348348348,0.08560311284046693,0.9593539176440948
W2_apt,19,L1,concurrent,score_max_request_rate,0.6474820143884892,0.17804154302670624,0.27928626842513576,0.6466926070038911,0.5292220698149651
W2_apt,19,L1,concurrent,score_burstiness,0.0035971223021582736,0.04,0.006600660066006601,0.01867704280155642,0.46573636032807997
W2_apt,0,L2,takeover,SICA (proposed),0.0030303030303030303,0.16666666666666666,0.005952380952380953,0.0040551500405515,0.9593071837597386
W2_apt,0,L2,takeover,pin_ip,1.0,0.6457925636007827,0.7847800237812129,0.1467964314679643,0.9266017842660178
W2_apt,0,L2,takeover,pin_prefix24,1.0,0.7971014492753623,0.8870967741935484,0.0681265206812652,0.9659367396593674
W2_apt,0,L2,takeover,pin_scope16,0.012121212121212121,0.11764705882352941,0.02197802197802198,0.024330900243309004,0.49389515593895156
W2_apt,0,L2,takeover,pin_useragent,0.9030303030303031,0.691415313225058,0.783180026281209,0.10786699107866991,0.8975816559758165
W2_apt,0,L2,takeover,pin_useragent_core,0.4818181818181818,1.0,0.6503067484662576,0.0,0.740909090909091
W2_apt,0,L2,takeover,pin_ip_or_useragent,1.0,0.5631399317406144,0.7205240174672489,0.20762368207623683,0.8961881589618816
W2_apt,0,L2,takeover,pin_ip_and_useragent,0.9030303030303031,0.8370786516853933,0.8688046647230321,0.047039740470397405,0.9279952812799528
W2_apt,0,L2,takeover,score_distinct_bindings,1.0,0.7971014492753623,0.8870967741935484,0.0681265206812652,0.9672786256727862
W2_apt,0,L2,takeover,score_max_request_rate,0.6333333333333333,0.20330739299610895,0.3078055964653903,0.6642335766423357,0.4899297107326304
W2_apt,0,L2,takeover,score_burstiness,0.0030303030303030303,0.034482758620689655,0.005571030640668524,0.0227088402270884,0.4823895893238959
W2_apt,1,L2,takeover,SICA (proposed),0.4266666666666667,0.8421052631578947,0.5663716814159292,0.019002375296912115,0.9437582475587226
W2_apt,1,L2,takeover,pin_ip,1.0,0.5905511811023622,0.7425742574257426,0.16468725257323832,0.9176563737133808
W2_apt,1,L2,takeover,pin_prefix24,1.0,0.7334963325183375,0.846262341325811,0.08630245447347586,0.9568487727632621
W2_apt,1,L2,takeover,pin_scope16,0.02,0.1276595744680851,0.0345821325648415,0.03246239113222486,0.49376880443388754
W2_apt,1,L2,takeover,pin_useragent,0.83,0.6675603217158177,0.7399702823179792,0.09817893903404593,0.8659105304829771
W2_apt,1,L2,takeover,pin_useragent_core,0.4266666666666667,1.0,0.5981308411214953,0.0,0.7133333333333334
W2_apt,1,L2,takeover,pin_ip_or_useragent,1.0,0.5385996409335727,0.7001166861143524,0.2034837688044339,0.898258115597783
W2_apt,1,L2,takeover,pin_ip_and_useragent,0.83,0.7685185185185185,0.798076923076923,0.05938242280285035,0.8853087885985749
W2_apt,1,L2,takeover,score_distinct_bindings,1.0,0.7334963325183375,0.846262341325811,0.08630245447347586,0.9582871470044867
W2_apt,1,L2,takeover,score_max_request_rate,0.6333333333333333,0.18482490272373542,0.286144578313253,0.6634996041171813,0.4905859065716548
W2_apt,1,L2,takeover,score_burstiness,0.006666666666666667,0.07142857142857142,0.012195121951219513,0.02058590657165479,0.46950778569543417
W2_apt,2,L2,takeover,SICA (proposed),0.40522875816993464,0.8322147651006712,0.5450549450549451,0.01988862370723946,0.9535425148579718
W2_apt,2,L2,takeover,pin_ip,1.0,0.6415094339622641,0.7816091954022989,0.1360381861575179,0.931980906921241
W2_apt,2,L2,takeover,pin_prefix24,1.0,0.7806122448979592,0.8767908309455587,0.06841686555290374,0.9657915672235481
W2_apt,2,L2,takeover,pin_scope16,0.0196078431372549,0.16666666666666666,0.03508771929824561,0.02386634844868735,0.49787074734428377
W2_apt,2,L2,takeover,pin_useragent,0.8627450980392157,0.6821705426356589,0.761904761904762,0.09785202863961814,0.8824465346997987
W2_apt,2,L2,takeover,pin_useragent_core,0.3954248366013072,1.0,0.5667447306791569,0.0,0.6977124183006536
W2_apt,2,L2,takeover,pin_ip_or_useragent,1.0,0.5614678899082569,0.719153936545241,0.19013524264120923,0.9049323786793954
W2_apt,2,L2,takeover,pin_ip_and_useragent,0.8627450980392157,0.8275862068965517,0.8448,0.04375497215592681,0.9094950629416444
W2_apt,2,L2,takeover,score_distinct_bindings,1.0,0.7806122448979592,0.8767908309455587,0.06841686555290374,0.9671330743912522
W2_apt,2,L2,takeover,score_max_request_rate,0.6699346405228758,0.19864341085271317,0.30642750373692074,0.6579156722354813,0.5132369840007072
W2_apt,2,L2,takeover,score_burstiness,0.006535947712418301,0.06896551724137931,0.011940298507462687,0.021479713603818614,0.49743917720893716
W2_apt,3,L2,takeover,SICA (proposed),0.0,0.0,0.0,0.012708498808578236,0.9406601417164834
W2_apt,3,L2,takeover,pin_ip,1.0,0.608,0.7562189054726367,0.1556791104050834,0.9221604447974583
W2_apt,3,L2,takeover,pin_prefix24,1.0,0.7543424317617866,0.85997171145686,0.07863383637807785,0.9606830818109611
W2_apt,3,L2,takeover,pin_scope16,0.003289473684210526,0.02040816326530612,0.005665722379603399,0.03812549642573471,0.4825819886292379
W2_apt,3,L2,takeover,pin_useragent,0.8585526315789473,0.6904761904761905,0.7653958944281526,0.09293089753772836,0.8828108670206095
W2_apt,3,L2,takeover,pin_useragent_core,0.42105263157894735,1.0,0.5925925925925926,0.0,0.7105263157894737
W2_apt,3,L2,takeover,pin_ip_or_useragent,1.0,0.5477477477477477,0.7077997671711291,0.1993645750595711,0.9003177124702144
W2_apt,3,L2,takeover,pin_ip_and_useragent,0.8585526315789473,0.8080495356037152,0.8325358851674641,0.04924543288324067,0.9046535993478534
W2_apt,3,L2,takeover,score_distinct_bindings,1.0,0.7543424317617866,0.85997171145686,0.07863383637807785,0.9612004096818695
W2_apt,3,L2,takeover,score_max_request_rate,0.6480263157894737,0.19182083739045763,0.2960180315552216,0.659253375694996,0.501101281300949
W2_apt,3,L2,takeover,score_burstiness,0.003289473684210526,0.038461538461538464,0.006060606060606061,0.019857029388403495,0.49538454705070856
W2_apt,4,L2,takeover,SICA (proposed),0.3929712460063898,0.76875,0.5200845665961945,0.0296,0.9416869009584664
W2_apt,4,L2,takeover,pin_ip,1.0,0.6149312377210217,0.7615571776155718,0.1568,0.9216
W2_apt,4,L2,takeover,pin_prefix24,1.0,0.7452380952380953,0.8540245566166439,0.0856,0.9572
W2_apt,4,L2,takeover,pin_scope16,0.022364217252396165,0.14893617021276595,0.03888888888888888,0.032,0.4951821086261981
W2_apt,4,L2,takeover,pin_useragent,0.8306709265175719,0.6770833333333334,0.7460545193687231,0.0992,0.8657354632587859
W2_apt,4,L2,takeover,pin_useragent_core,0.38977635782747605,1.0,0.5609195402298851,0.0,0.694888178913738
W2_apt,4,L2,takeover,pin_ip_or_useragent,1.0,0.5434027777777778,0.704161979752531,0.2104,0.8948
W2_apt,4,L2,takeover,pin_ip_and_useragent,0.8306709265175719,0.8201892744479495,0.8253968253968254,0.0456,0.892535463258786
W2_apt,4,L2,takeover,score_distinct_bindings,1.0,0.7452380952380953,0.8540245566166439,0.0856,0.9589776357827476
W2_apt,4,L2,takeover,score_max_request_rate,0.6741214057507987,0.2042594385285576,0.3135215453194651,0.6576,0.5147884984025559
W2_apt,4,L2,takeover,score_burstiness,0.012779552715654952,0.17391304347826086,0.02380952380952381,0.0152,0.5032370607028754
W2_apt,5,L2,takeover,SICA (proposed),0.4426751592356688,0.8424242424242424,0.580375782881002,0.020816653322658127,0.9558615044902163
W2_apt,5,L2,takeover,pin_ip,1.0,0.6144814090019569,0.7612121212121212,0.1577261809447558,0.9211369095276221
W2_apt,5,L2,takeover,pin_prefix24,1.0,0.7810945273631841,0.877094972067039,0.07045636509207366,0.9647718174539631
W2_apt,5,L2,takeover,pin_scope16,0.006369426751592357,0.05714285714285714,0.011461318051575931,0.02642113690952762,0.48997414492103236
W2_apt,5,L2,takeover,pin_useragent,0.8439490445859873,0.655940594059406,0.7381615598885795,0.11128903122497999,0.8663300066805036
W2_apt,5,L2,takeover,pin_useragent_core,0.4394904458598726,1.0,0.6106194690265486,0.0,0.7197452229299363
W2_apt,5,L2,takeover,pin_ip_or_useragent,1.0,0.5460869565217391,0.7064116985376828,0.20896717373899118,0.8955164131305045
W2_apt,5,L2,takeover,pin_ip_and_useragent,0.8439490445859873,0.7794117647058824,0.8103975535168196,0.0600480384307446,0.8919505030776214
W2_apt,5,L2,takeover,score_distinct_bindings,1.0,0.7810945273631841,0.877094972067039,0.07045636509207366,0.9658937340955567
W2_apt,5,L2,takeover,score_max_request_rate,0.6624203821656051,0.20452310717797442,0.3125469571750563,0.6477181745396317,0.5141119264838623
W2_apt,5,L2,takeover,score_burstiness,0.0031847133757961785,0.038461538461538464,0.005882352941176471,0.020016012810248198,0.49500492113435973
W2_apt,6,L2,takeover,SICA (proposed),0.003067484662576687,0.05555555555555555,0.005813953488372093,0.0137429264349232,0.9412850702520942
W2_apt,6,L2,takeover,pin_ip,1.0,0.63671875,0.7780429594272077,0.15036378334680678,0.9248181083265966
W2_apt,6,L2,takeover,pin_prefix24,1.0,0.7581395348837209,0.8624338624338624,0.08407437348423606,0.957962813257882
W2_apt,6,L2,takeover,pin_scope16,0.003067484662576687,0.025,0.00546448087431694,0.03152789005658852,0.4857697973029941
W2_apt,6,L2,takeover,pin_useragent,0.8650306748466258,0.6911764705882353,0.7683923705722071,0.10185933710590138,0.8815856688703622
W2_apt,6,L2,takeover,pin_useragent_core,0.4049079754601227,1.0,0.5764192139737991,0.0,0.7024539877300614
W2_apt,6,L2,takeover,pin_ip_or_useragent,1.0,0.5544217687074829,0.7133479212253828,0.211802748585287,0.8940986257073565
W2_apt,6,L2,takeover,pin_ip_and_useragent,0.8650306748466258,0.8493975903614458,0.8571428571428571,0.04042037186742118,0.9123051514896023
W2_apt,6,L2,takeover,score_distinct_bindings,1.0,0.7581395348837209,0.8624338624338624,0.08407437348423606,0.9589944006625966
W2_apt,6,L2,takeover,score_max_request_rate,0.6779141104294478,0.21311475409836064,0.3242846661775495,0.6596604688763137,0.5161904667437051
W2_apt,6,L2,takeover,score_burstiness,0.0,0.0,0.0,0.02021018593371059,0.5104869786887929
W2_apt,7,L2,takeover,SICA (proposed),0.43302180685358255,0.8475609756097561,0.5731958762886598,0.020128824476650563,0.9517936601100626
W2_apt,7,L2,takeover,pin_ip,1.0,0.6458752515090543,0.784841075794621,0.14170692431561996,0.92914653784219
W2_apt,7,L2,takeover,pin_prefix24,1.0,0.784841075794621,0.8794520547945206,0.07085346215780998,0.964573268921095
W2_apt,7,L2,takeover,pin_scope16,0.018691588785046728,0.14285714285714285,0.033057851239669415,0.028985507246376812,0.49485304076933495
W2_apt,7,L2,takeover,pin_useragent,0.8411214953271028,0.6923076923076923,0.7594936708860759,0.0966183574879227,0.8722515689195901
W2_apt,7,L2,takeover,pin_useragent_core,0.4236760124610592,1.0,0.5951859956236324,0.0,0.7118380062305296
W2_apt,7,L2,takeover,pin_ip_or_useragent,1.0,0.5701598579040853,0.7262443438914027,0.19484702093397746,0.9025764895330113
W2_apt,7,L2,takeover,pin_ip_and_useragent,0.8411214953271028,0.8333333333333334,0.8372093023255813,0.043478260869565216,0.8988216172287687
W2_apt,7,L2,takeover,score_distinct_bindings,1.0,0.784841075794621,0.8794520547945206,0.07085346215780998,0.9660079963479665
W2_apt,7,L2,takeover,score_max_request_rate,0.67601246105919,0.21067961165048543,0.3212435233160622,0.6545893719806763,0.5153317681761403
W2_apt,7,L2,takeover,score_burstiness,0.009345794392523364,0.10714285714285714,0.017191977077363894,0.020128824476650563,0.49245764794999525
W2_apt,8,L2,takeover,SICA (proposed),0.3890784982935154,0.7972027972027972,0.5229357798165137,0.02283464566929134,0.9515949584800194
W2_apt,8,L2,takeover,pin_ip,1.0,0.6301075268817204,0.7730870712401056,0.13543307086614173,0.9322834645669291
W2_apt,8,L2,takeover,pin_prefix24,1.0,0.7730870712401056,0.8720238095238095,0.06771653543307087,0.9661417322834646
W2_apt,8,L2,takeover,pin_scope16,0.006825938566552901,0.0625,0.012307692307692308,0.023622047244094488,0.4916019456612292
W2_apt,8,L2,takeover,pin_useragent,0.7918088737201365,0.6803519061583577,0.7318611987381702,0.08582677165354331,0.8529910510332966
W2_apt,8,L2,takeover,pin_useragent_core,0.3856655290102389,1.0,0.5566502463054188,0.0,0.6928327645051194
W2_apt,8,L2,takeover,pin_ip_or_useragent,1.0,0.5580952380952381,0.7163814180929096,0.1826771653543307,0.9086614173228347
W2_apt,8,L2,takeover,pin_ip_and_useragent,0.7918088737201365,0.8256227758007118,0.8083623693379791,0.03858267716535433,0.8766130982773911
W2_apt,8,L2,takeover,score_distinct_bindings,1.0,0.7730870712401056,0.8720238095238095,0.06771653543307087,0.9669506328773749
W2_apt,8,L2,takeover,score_max_request_rate,0.6518771331058021,0.18799212598425197,0.29182582123758594,0.6496062992125984,0.505736207035554
W2_apt,8,L2,takeover,score_burstiness,0.0,0.0,0.0,0.01811023622047244,0.49946252452231865
W2_apt,9,L2,takeover,SICA (proposed),0.37790697674418605,0.8552631578947368,0.5241935483870966,0.01804757998359311,0.9545960757006314
W2_apt,9,L2,takeover,pin_ip,1.0,0.6417910447761194,0.7818181818181819,0.15750615258408532,0.9212469237079574
W2_apt,9,L2,takeover,pin_prefix24,1.0,0.8210023866348448,0.9017038007863696,0.06152584085315833,0.9692370795734209
W2_apt,9,L2,takeover,pin_scope16,0.0029069767441860465,0.04,0.005420054200542005,0.019688269073010665,0.4916093538355877
W2_apt,9,L2,takeover,pin_useragent,0.8313953488372093,0.6875,0.7526315789473684,0.1066447908121411,0.8623752790125341
W2_apt,9,L2,takeover,pin_useragent_core,0.37790697674418605,1.0,0.5485232067510548,0.0,0.688953488372093
W2_apt,9,L2,takeover,pin_ip_or_useragent,1.0,0.5771812080536913,0.7319148936170213,0.20672682526661199,0.896636587366694
W2_apt,9,L2,takeover,pin_ip_and_useragent,0.8313953488372093,0.8033707865168539,0.8171428571428572,0.05742411812961444,0.8869856153537974
W2_apt,9,L2,takeover,score_distinct_bindings,1.0,0.8210023866348448,0.9017038007863696,0.06152584085315833,0.969594787950474
W2_apt,9,L2,takeover,score_max_request_rate,0.625,0.20772946859903382,0.31182015953589554,0.6726825266611977,0.4814766678749261
W2_apt,9,L2,takeover,score_burstiness,0.005813953488372093,0.07142857142857142,0.01075268817204301,0.02132895816242822,0.4568961405650838
W2_apt,10,L2,takeover,SICA (proposed),0.44368600682593856,0.8783783783783784,0.5895691609977324,0.014173228346456693,0.9622665340893821
W2_apt,10,L2,takeover,pin_ip,1.0,0.6341991341991342,0.776158940397351,0.13307086614173227,0.9334645669291338
W2_apt,10,L2,takeover,pin_prefix24,1.0,0.7918918918918919,0.8838612368024132,0.06062992125984252,0.9696850393700788
W2_apt,10,L2,takeover,pin_scope16,0.0034129692832764505,0.038461538461538464,0.006269592476489028,0.01968503937007874,0.49186396495659884
W2_apt,10,L2,takeover,pin_useragent,0.8771331058020477,0.6727748691099477,0.7614814814814815,0.0984251968503937,0.889353954475827
W2_apt,10,L2,takeover,pin_useragent_core,0.4334470989761092,1.0,0.6047619047619047,0.0,0.7167235494880546
W2_apt,10,L2,takeover,pin_ip_or_useragent,1.0,0.5591603053435115,0.7172582619339045,0.18188976377952756,0.9090551181102362
W2_apt,10,L2,takeover,pin_ip_and_useragent,0.8771331058020477,0.803125,0.8384991843393147,0.049606299212598425,0.9137634032947247
W2_apt,10,L2,takeover,score_distinct_bindings,1.0,0.7918918918918919,0.8838612368024132,0.06062992125984252,0.9707196796646153
W2_apt,10,L2,takeover,score_max_request_rate,0.6757679180887372,0.1907514450867052,0.2975206611570248,0.6614173228346457,0.506343554325334
W2_apt,10,L2,takeover,score_burstiness,0.010238907849829351,0.10344827586206896,0.018633540372670808,0.02047244094488189,0.4939829620273575
W2_apt,11,L2,takeover,SICA (proposed),0.4340836012861736,0.8181818181818182,0.5672268907563025,0.023961661341853034,0.9552831225665944
W2_apt,11,L2,takeover,pin_ip,1.0,0.6452282157676349,0.7843631778058009,0.1365814696485623,0.9317092651757188
W2_apt,11,L2,takeover,pin_prefix24,1.0,0.7853535353535354,0.8797736916548797,0.06789137380191693,0.9660543130990416
W2_apt,11,L2,takeover,pin_scope16,0.012861736334405145,0.10810810810810811,0.022988505747126436,0.026357827476038338,0.4932519544291834
W2_apt,11,L2,takeover,pin_useragent,0.8745980707395499,0.6851385390428212,0.768361581920904,0.09984025559105432,0.8873789075742478
W2_apt,11,L2,takeover,pin_useragent_core,0.42765273311897106,1.0,0.5990990990990991,0.0,0.7138263665594855
W2_apt,11,L2,takeover,pin_ip_or_useragent,1.0,0.5603603603603604,0.7182448036951502,0.19488817891373802,0.902555910543131
W2_apt,11,L2,takeover,pin_ip_and_useragent,0.8745980707395499,0.8395061728395061,0.8566929133858268,0.04153354632587859,0.9165322622068356
W2_apt,11,L2,takeover,score_distinct_bindings,1.0,0.7853535353535354,0.8797736916548797,0.06789137380191693,0.9667092138109571
W2_apt,11,L2,takeover,score_max_request_rate,0.6881028938906752,0.20796890184645286,0.31940298507462683,0.6509584664536742,0.5246062891014248
W2_apt,11,L2,takeover,score_burstiness,0.0,0.0,0.0,0.020766773162939296,0.5088334548966027
W2_apt,12,L2,takeover,SICA (proposed),0.44200626959247646,0.8757763975155279,0.5874999999999999,0.01607717041800643,0.9500965134211614
W2_apt,12,L2,takeover,pin_ip,1.0,0.6444444444444445,0.7837837837837839,0.1414790996784566,0.9292604501607717
W2_apt,12,L2,takeover,pin_prefix24,1.0,0.7915632754342432,0.8836565096952909,0.06752411575562701,0.9662379421221865
W2_apt,12,L2,takeover,pin_scope16,0.025078369905956112,0.16,0.04336043360433604,0.03376205787781351,0.4956581560140713
W2_apt,12,L2,takeover,pin_useragent,0.8652037617554859,0.7076923076923077,0.7785613540197462,0.09163987138263666,0.8867819451864246
W2_apt,12,L2,takeover,pin_useragent_core,0.438871473354232,1.0,0.6100217864923747,0.0,0.719435736677116
W2_apt,12,L2,takeover,pin_ip_or_useragent,1.0,0.5768535262206148,0.7316513761467889,0.18810289389067525,0.9059485530546624
W2_apt,12,L2,takeover,pin_ip_and_useragent,0.8652037617554859,0.8313253012048193,0.847926267281106,0.04501607717041801,0.910093842292534
W2_apt,12,L2,takeover,score_distinct_bindings,1.0,0.7915632754342432,0.8836565096952909,0.06752411575562701,0.9675079881865557
W2_apt,12,L2,takeover,score_max_request_rate,0.6394984326018809,0.20039292730844793,0.3051608077786089,0.6543408360128617,0.4956014575290548
W2_apt,12,L2,takeover,score_burstiness,0.0,0.0,0.0,0.017684887459807074,0.4840500861816972
W2_apt,13,L2,takeover,SICA (proposed),0.4158415841584158,0.8129032258064516,0.5502183406113537,0.023015873015873017,0.9466878830740217
W2_apt,13,L2,takeover,pin_ip,1.0,0.6234567901234568,0.768060836501901,0.14523809523809525,0.9273809523809524
W2_apt,13,L2,takeover,pin_prefix24,1.0,0.7651515151515151,0.8669527896995708,0.07380952380952381,0.9630952380952381
W2_apt,13,L2,takeover,pin_scope16,0.019801980198019802,0.13043478260869565,0.034383954154727794,0.031746031746031744,0.49402797422599404
W2_apt,13,L2,takeover,pin_useragent,0.8481848184818482,0.7198879551820728,0.7787878787878788,0.07936507936507936,0.8844098695583844
W2_apt,13,L2,takeover,pin_useragent_core,0.4158415841584158,1.0,0.5874125874125874,0.0,0.7079207920792079
W2_apt,13,L2,takeover,pin_ip_or_useragent,1.0,0.5611111111111111,0.7188612099644128,0.1880952380952381,0.905952380952381
W2_apt,13,L2,takeover,pin_ip_and_useragent,0.8481848184818482,0.8481848184818482,0.8481848184818482,0.03650793650793651,0.9058384409869559
W2_apt,13,L2,takeover,score_distinct_bindings,1.0,0.7651515151515151,0.8669527896995708,0.07380952380952381,0.9644350149300644
W2_apt,13,L2,takeover,score_max_request_rate,0.6171617161716172,0.18333333333333332,0.2826908541194255,0.6611111111111111,0.47942139452040444
W2_apt,13,L2,takeover,score_burstiness,0.0033003300330033004,0.043478260869565216,0.006134969325153374,0.01746031746031746,0.46064749332076066
W2_apt,14,L2,takeover,SICA (proposed),0.006756756756756757,0.13333333333333333,0.012861736334405145,0.010260457774269928,0.946436570745963
W2_apt,14,L2,takeover,pin_ip,1.0,0.5896414342629482,0.7418546365914788,0.16258879242304658,0.9187056037884768
W2_apt,14,L2,takeover,pin_prefix24,1.0,0.7272727272727273,0.8421052631578948,0.08760852407261246,0.9561957379636937
W2_apt,14,L2,takeover,pin_scope16,0.016891891891891893,0.08771929824561403,0.028328611898016998,0.04104183109707971,0.4879250303974061
W2_apt,14,L2,takeover,pin_useragent,0.8581081081081081,0.6512820512820513,0.7405247813411078,0.10734017363851618,0.875383967234796
W2_apt,14,L2,takeover,pin_useragent_core,0.43243243243243246,1.0,0.6037735849056604,0.0,0.7162162162162162
W2_apt,14,L2,takeover,pin_ip_or_useragent,1.0,0.5285714285714286,0.691588785046729,0.20836621941594316,0.8958168902920284
W2_apt,14,L2,takeover,pin_ip_and_useragent,0.8581081081081081,0.7650602409638554,0.8089171974522293,0.06156274664561957,0.8982726807312442
W2_apt,14,L2,takeover,score_distinct_bindings,1.0,0.7272727272727273,0.8421052631578948,0.08760852407261246,0.9581195737963694
W2_apt,14,L2,takeover,score_max_request_rate,0.6621621621621622,0.1901066925315228,0.2954031650339111,0.659037095501184,0.5102497920177478
W2_apt,14,L2,takeover,score_burstiness,0.010135135135135136,0.1111111111111111,0.018575851393188854,0.018942383583267563,0.49623765438682566
W2_apt,15,L2,takeover,SICA (proposed),0.40878378378378377,0.8066666666666666,0.5426008968609866,0.022888713496448304,0.9448860363915612
W2_apt,15,L2,takeover,pin_ip,1.0,0.5849802371541502,0.7381546134663342,0.16574585635359115,0.9171270718232044
W2_apt,15,L2,takeover,pin_prefix24,1.0,0.7326732673267327,0.8457142857142858,0.08524072612470403,0.9573796369376479
W2_apt,15,L2,takeover,pin_scope16,0.010135135135135136,0.06818181818181818,0.01764705882352941,0.03235990528808208,0.4888876149235265
W2_apt,15,L2,takeover,pin_useragent,0.8547297297297297,0.6325,0.7270114942528735,0.11602209944751381,0.869353815141108
W2_apt,15,L2,takeover,pin_useragent_core,0.40202702702702703,1.0,0.5734939759036145,0.0,0.7010135135135135
W2_apt,15,L2,takeover,pin_ip_or_useragent,1.0,0.5077186963979416,0.6734926052332195,0.2265193370165746,0.8867403314917127
W2_apt,15,L2,takeover,pin_ip_and_useragent,0.8547297297297297,0.7832817337461301,0.8174474959612278,0.055248618784530384,0.8997405554725997
W2_apt,15,L2,takeover,score_distinct_bindings,1.0,0.7326732673267327,0.8457142857142858,0.08524072612470403,0.9588195140681328
W2_apt,15,L2,takeover,score_max_request_rate,0.6621621621621622,0.18973862536302033,0.2949586155003762,0.6606156274664562,0.5079579875850594
W2_apt,15,L2,takeover,score_burstiness,0.0033783783783783786,0.04,0.006230529595015576,0.018942383583267563,0.4949804283367819
W2_apt,16,L2,takeover,SICA (proposed),0.432258064516129,0.7976190476190477,0.5606694560669456,0.02713487629688747,0.9469350977010015
W2_apt,16,L2,takeover,pin_ip,1.0,0.6313645621181263,0.7740324594257179,0.14445331205107742,0.9277733439744613
W2_apt,16,L2,takeover,pin_prefix24,1.0,0.7434052757793765,0.8528198074277854,0.0853950518754988,0.9573024740622506
W2_apt,16,L2,takeover,pin_scope16,0.016129032258064516,0.09803921568627451,0.027700831024930747,0.03671189146049481,0.48970857039878485
W2_apt,16,L2,takeover,pin_useragent,0.864516129032258,0.6750629722921915,0.7581329561527581,0.10295291300877893,0.8807816080117395
W2_apt,16,L2,takeover,pin_useragent_core,0.4258064516129032,1.0,0.5972850678733032,0.0,0.7129032258064516
W2_apt,16,L2,takeover,pin_ip_or_useragent,1.0,0.5506216696269982,0.7101947308132874,0.20191540303272146,0.8990422984836393
W2_apt,16,L2,takeover,pin_ip_and_useragent,0.864516129032258,0.8246153846153846,0.8440944881889764,0.04549082202713488,0.9095126535025616
W2_apt,16,L2,takeover,score_distinct_bindings,1.0,0.7434052757793765,0.8528198074277854,0.0853950518754988,0.9589552815179054
W2_apt,16,L2,takeover,score_max_request_rate,0.6580645161290323,0.19653179190751446,0.3026706231454006,0.6656025538707103,0.5015086373349124
W2_apt,16,L2,takeover,score_burstiness,0.012903225806451613,0.13333333333333333,0.023529411764705882,0.020750199521149242,0.491266122596092
W2_apt,17,L2,takeover,SICA (proposed),0.3944099378881988,0.8355263157894737,0.5358649789029536,0.020145044319097503,0.961537980290389
W2_apt,17,L2,takeover,pin_ip,1.0,0.6666666666666666,0.8,0.1297340854149879,0.935132957292506
W2_apt,17,L2,takeover,pin_prefix24,1.0,0.8277634961439588,0.9057665260196905,0.053988718775181306,0.9730056406124094
W2_apt,17,L2,takeover,pin_scope16,0.015527950310559006,0.2,0.02881844380403458,0.016116035455278,0.4997059574276405
W2_apt,17,L2,takeover,pin_useragent,0.8385093167701864,0.6940874035989717,0.759493670886076,0.0958904109589041,0.8713094529056411
W2_apt,17,L2,takeover,pin_useragent_core,0.38819875776397517,1.0,0.5592841163310962,0.0,0.6940993788819876
W2_apt,17,L2,takeover,pin_ip_or_useragent,1.0,0.5812274368231047,0.7351598173515982,0.18694601128122482,0.9065269943593876
W2_apt,17,L2,takeover,pin_ip_and_useragent,0.8385093167701864,0.8490566037735849,0.8437500000000001,0.038678485092667206,0.8999154158387596
W2_apt,17,L2,takeover,score_distinct_bindings,1.0,0.8277634961439588,0.9057665260196905,0.053988718775181306,0.9739278081691283
W2_apt,17,L2,takeover,score_max_request_rate,0.6273291925465838,0.19385796545105566,0.29618768328445744,0.6768734891216761,0.47798559566768933
W2_apt,17,L2,takeover,score_burstiness,0.003105590062111801,0.05,0.005847953216374269,0.015310233682514102,0.4690917462875561
W2_apt,18,L2,takeover,SICA (proposed),0.021406727828746176,0.3888888888888889,0.04057971014492753,0.00889967637540453,0.9566063458131686
W2_apt,18,L2,takeover,pin_ip,1.0,0.6566265060240963,0.7927272727272727,0.1383495145631068,0.9308252427184466
W2_apt,18,L2,takeover,pin_prefix24,1.0,0.8074074074074075,0.8934426229508198,0.06310679611650485,0.9684466019417476
W2_apt,18,L2,takeover,pin_scope16,0.03058103975535168,0.2127659574468085,0.053475935828877004,0.029935275080906147,0.5003228823372228
W2_apt,18,L2,takeover,pin_useragent,0.8348623853211009,0.6964285714285714,0.7593880389429765,0.09627831715210355,0.8692920340844987
W2_apt,18,L2,takeover,pin_useragent_core,0.43730886850152906,1.0,0.6085106382978723,0.0,0.7186544342507645
W2_apt,18,L2,takeover,pin_ip_or_useragent,1.0,0.5797872340425532,0.734006734006734,0.19174757281553398,0.904126213592233
W2_apt,18,L2,takeover,pin_ip_and_useragent,0.8348623853211009,0.8374233128834356,0.8361408882082696,0.04288025889967637,0.8959910632107123
W2_apt,18,L2,takeover,score_distinct_bindings,1.0,0.8074074074074075,0.8934426229508198,0.06310679611650485,0.9698940055224013
W2_apt,18,L2,takeover,score_max_request_rate,0.654434250764526,0.20796890184645286,0.3156342182890855,0.6593851132686084,0.5057698207693754
W2_apt,18,L2,takeover,score_burstiness,0.0030581039755351682,0.045454545454545456,0.0057306590257879654,0.01699029126213592,0.4796188256484863
W2_apt,19,L2,takeover,SICA (proposed),0.45084745762711864,0.7964071856287425,0.5757575757575758,0.026813880126182965,0.946644923274341
W2_apt,19,L2,takeover,pin_ip,1.0,0.5784313725490197,0.732919254658385,0.1695583596214511,0.9152208201892744
W2_apt,19,L2,takeover,pin_prefix24,1.0,0.7301980198019802,0.844062947067239,0.0859621451104101,0.957018927444795
W2_apt,19,L2,takeover,pin_scope16,0.003389830508474576,0.024390243902439025,0.005952380952380953,0.031545741324921134,0.48592204459177674
W2_apt,19,L2,takeover,pin_useragent,0.8711864406779661,0.6763157894736842,0.7614814814814815,0.09700315457413249,0.8870916430519168
W2_apt,19,L2,takeover,pin_useragent_core,0.44745762711864406,1.0,0.6182669789227166,0.0,0.7237288135593221
W2_apt,19,L2,takeover,pin_ip_or_useragent,1.0,0.5157342657342657,0.6805074971164936,0.21845425867507887,0.8907728706624606
W2_apt,19,L2,takeover,pin_ip_and_useragent,0.8711864406779661,0.8081761006289309,0.8384991843393149,0.04810725552050473,0.9115395925787307
W2_apt,19,L2,takeover,score_distinct_bindings,1.0,0.7301980198019802,0.844062947067239,0.0859621451104101,0.9578931187510025
W2_apt,19,L2,takeover,score_max_request_rate,0.688135593220339,0.1970873786407767,0.3064150943396226,0.6522082018927445,0.52497593968882
W2_apt,19,L2,takeover,score_burstiness,0.003389830508474576,0.041666666666666664,0.006269592476489027,0.018138801261829655,0.4932925199165909
W2_apt,0,L2,concurrent,SICA (proposed),0.40705128205128205,0.9621212121212122,0.572072072072072,0.003996802557953637,0.9928147225809096
W2_apt,0,L2,concurrent,pin_ip,1.0,0.6290322580645161,0.7722772277227723,0.14708233413269384,0.926458832933653
W2_apt,0,L2,concurrent,pin_prefix24,1.0,0.7819548872180451,0.8776371308016877,0.06954436450839328,0.9652278177458034
W2_apt,0,L2,concurrent,pin_scope16,0.03205128205128205,0.24390243902439024,0.056657223796033995,0.02478017585931255,0.5036355530959847
W2_apt,0,L2,concurrent,pin_useragent,0.8461538461538461,0.6583541147132169,0.7405329593267881,0.10951239008792965,0.8683207280329582
W2_apt,0,L2,concurrent,pin_useragent_core,0.40705128205128205,1.0,0.5785876993166288,0.0,0.7035256410256411
W2_apt,0,L2,concurrent,pin_ip_or_useragent,1.0,0.5445026178010471,0.7050847457627119,0.20863309352517986,0.89568345323741
W2_apt,0,L2,concurrent,pin_ip_and_useragent,0.8461538461538461,0.8148148148148148,0.830188679245283,0.047961630695443645,0.8990961077292012
W2_apt,0,L2,concurrent,score_distinct_bindings,1.0,0.7819548872180451,0.8776371308016877,0.06954436450839328,0.9683483982045133
W2_apt,0,L2,concurrent,score_max_request_rate,0.6282051282051282,0.19291338582677164,0.29518072289156627,0.6554756195043965,0.5097460493143946
W2_apt,0,L2,concurrent,score_burstiness,0.003205128205128205,0.034482758620689655,0.005865102639296187,0.02238209432454037,0.4642375842915411
W2_apt,1,L2,concurrent,SICA (proposed),0.9755244755244755,0.9207920792079208,0.9473684210526316,0.018794048551292093,0.9900868512849719
W2_apt,1,L2,concurrent,pin_ip,1.0,0.5742971887550201,0.7295918367346939,0.16601409553641347,0.9169929522317932
W2_apt,1,L2,concurrent,pin_prefix24,1.0,0.7185929648241206,0.8362573099415204,0.08770555990602975,0.9561472200469852
W2_apt,1,L2,concurrent,pin_scope16,0.05244755244755245,0.26785714285714285,0.08771929824561403,0.03210649960845732,0.5101705264195475
W2_apt,1,L2,concurrent,pin_useragent,0.8811188811188811,0.6649076517150396,0.7578947368421053,0.09945184025058731,0.8908335204341469
W2_apt,1,L2,concurrent,pin_useragent_core,0.38461538461538464,1.0,0.5555555555555556,0.0,0.6923076923076923
W2_apt,1,L2,concurrent,pin_ip_or_useragent,1.0,0.5228519195612431,0.6866746698679471,0.20438527799530148,0.8978073610023493
W2_apt,1,L2,concurrent,pin_ip_and_useragent,0.8811188811188811,0.7636363636363637,0.8181818181818182,0.06108065779169929,0.910019111663591
W2_apt,1,L2,concurrent,score_distinct_bindings,1.0,0.7185929648241206,0.8362573099415204,0.08770555990602975,0.9602871678047872
W2_apt,1,L2,concurrent,score_max_request_rate,0.6503496503496503,0.18075801749271136,0.28288973384030414,0.6601409553641346,0.5198961179775589
W2_apt,1,L2,concurrent,score_burstiness,0.0034965034965034965,0.037037037037037035,0.006389776357827476,0.020360219263899765,0.4772932627278751
W2_apt,2,L2,concurrent,SICA (proposed),0.975609756097561,0.9180327868852459,0.9459459459459459,0.019592476489028215,0.9899061199523773
W2_apt,2,L2,concurrent,pin_ip,1.0,0.6252723311546841,0.7694369973190349,0.13479623824451412,0.932601880877743
W2_apt,2,L2,concurrent,pin_prefix24,1.0,0.7694369973190348,0.8696969696969697,0.06739811912225706,0.9663009404388715
W2_apt,2,L2,concurrent,pin_scope16,0.03832752613240418,0.2682926829268293,0.06707317073170731,0.023510971786833857,0.5074082771727851
W2_apt,2,L2,concurrent,pin_useragent,0.867595818815331,0.6675603217158177,0.7545454545454545,0.09717868338557993,0.8852085677148755
W2_apt,2,L2,concurrent,pin_useragent_core,0.39372822299651566,1.0,0.565,0.0,0.6968641114982579
W2_apt,2,L2,concurrent,pin_ip_or_useragent,1.0,0.5435606060606061,0.7042944785276074,0.18887147335423196,0.905564263322884
W2_apt,2,L2,concurrent,pin_ip_and_useragent,0.867595818815331,0.819078947368421,0.8426395939086294,0.04310344827586207,0.9122461852697344
W2_apt,2,L2,concurrent,score_distinct_bindings,1.0,0.7694369973190348,0.8696969696969697,0.06739811912225706,0.9687667252848077
W2_apt,2,L2,concurrent,score_max_request_rate,0.662020905923345,0.18590998043052837,0.2902979373567609,0.6520376175548589,0.5286773781307003
W2_apt,2,L2,concurrent,score_burstiness,0.003484320557491289,0.034482758620689655,0.006329113924050633,0.0219435736677116,0.4671802125544766
W2_apt,3,L2,concurrent,SICA (proposed),0.40492957746478875,0.8778625954198473,0.5542168674698795,0.012509773260359656,0.9860696626986312
W2_apt,3,L2,concurrent,pin_ip,1.0,0.5855670103092784,0.7386215864759428,0.15715402658326819,0.9214229867083659
W2_apt,3,L2,concurrent,pin_prefix24,1.0,0.7395833333333334,0.8502994011976047,0.07818608287724785,0.9609069585613761
W2_apt,3,L2,concurrent,pin_scope16,0.007042253521126761,0.04,0.011976047904191617,0.03752931978107897,0.4847564668700239
W2_apt,3,L2,concurrent,pin_useragent,0.8661971830985915,0.6776859504132231,0.7604327666151467,0.09147771696637999,0.8873597330661058
W2_apt,3,L2,concurrent,pin_useragent_core,0.4154929577464789,1.0,0.5870646766169154,0.0,0.7077464788732394
W2_apt,3,L2,concurrent,pin_ip_or_useragent,1.0,0.5259259259259259,0.6893203883495146,0.2001563721657545,0.8999218139171228
W2_apt,3,L2,concurrent,pin_ip_and_useragent,0.8661971830985915,0.7987012987012987,0.8310810810810811,0.04847537138389367,0.9088609058573489
W2_apt,3,L2,concurrent,score_distinct_bindings,1.0,0.7395833333333334,0.8502994011976047,0.07818608287724785,0.9626964287680736
W2_apt,3,L2,concurrent,score_max_request_rate,0.602112676056338,0.16964285714285715,0.2647058823529412,0.6544175136825645,0.4986881806869363
W2_apt,3,L2,concurrent,score_burstiness,0.007042253521126761,0.06896551724137931,0.012779552715654952,0.02111024237685692,0.46702144060610734
W2_apt,4,L2,concurrent,SICA (proposed),0.9933110367892977,0.8865671641791045,0.9369085173501579,0.030063291139240507,0.9869925066677956
W2_apt,4,L2,concurrent,pin_ip,1.0,0.6016096579476862,0.7512562814070353,0.15664556962025317,0.9216772151898734
W2_apt,4,L2,concurrent,pin_prefix24,1.0,0.7346437346437347,0.8470254957507082,0.08544303797468354,0.9572784810126582
W2_apt,4,L2,concurrent,pin_scope16,0.020066889632107024,0.1276595744680851,0.03468208092485549,0.03243670886075949,0.4938150903856738
W2_apt,4,L2,concurrent,pin_useragent,0.862876254180602,0.6736292428198434,0.7565982404692083,0.09889240506329114,0.8819919245586554
W2_apt,4,L2,concurrent,pin_useragent_core,0.41471571906354515,1.0,0.5862884160756502,0.0,0.7073578595317725
W2_apt,4,L2,concurrent,pin_ip_or_useragent,1.0,0.5301418439716312,0.6929316338354577,0.20965189873417722,0.8951740506329114
W2_apt,4,L2,concurrent,pin_ip_and_useragent,0.862876254180602,0.8164556962025317,0.8390243902439024,0.04588607594936709,0.9084950891156175
W2_apt,4,L2,concurrent,score_distinct_bindings,1.0,0.7346437346437347,0.8470254957507082,0.08544303797468354,0.9599932263663689
W2_apt,4,L2,concurrent,score_max_request_rate,0.6187290969899666,0.18262586377097728,0.2820121951219512,0.6550632911392406,0.5106301066847296
W2_apt,4,L2,concurrent,score_burstiness,0.0033444816053511705,0.045454545454545456,0.006230529595015576,0.01661392405063291,0.4648366390076627
W2_apt,5,L2,concurrent,SICA (proposed),0.9691780821917808,0.9158576051779935,0.9417637271214643,0.020456333595594022,0.9909344923100137
W2_apt,5,L2,concurrent,pin_ip,1.0,0.594704684317719,0.7458492975734354,0.15656963021243114,0.9217151848937845
W2_apt,5,L2,concurrent,pin_prefix24,1.0,0.7664041994750657,0.8677563150074294,0.07002360346184107,0.9649881982690794
W2_apt,5,L2,concurrent,pin_scope16,0.0273972602739726,0.19047619047619047,0.04790419161676647,0.02675059008654603,0.5003233350937133
W2_apt,5,L2,concurrent,pin_useragent,0.910958904109589,0.6535626535626535,0.7610872675250356,0.1109362706530291,0.9000113167282799
W2_apt,5,L2,concurrent,pin_useragent_core,0.4246575342465753,1.0,0.5961538461538461,0.0,0.7123287671232876
W2_apt,5,L2,concurrent,pin_ip_or_useragent,1.0,0.5242369838420108,0.6878680800942286,0.2084972462627852,0.8957513768686074
W2_apt,5,L2,concurrent,pin_ip_and_useragent,0.910958904109589,0.7800586510263929,0.8404423380726698,0.059008654602675056,0.925975124753457
W2_apt,5,L2,concurrent,score_distinct_bindings,1.0,0.7664041994750657,0.8677563150074294,0.07002360346184107,0.9678658806031277
W2_apt,5,L2,concurrent,score_max_request_rate,0.636986301369863,0.18562874251497005,0.2874806800618238,0.6420141620771046,0.5194351335912829
W2_apt,5,L2,concurrent,score_burstiness,0.00684931506849315,0.06666666666666667,0.012422360248447204,0.022029897718332022,0.4544340019184549
W2_apt,6,L2,concurrent,SICA (proposed),0.38636363636363635,0.875,0.5360360360360361,0.013545816733067729,0.9843315051482382
W2_apt,6,L2,concurrent,pin_ip,1.0,0.6234817813765182,0.7680798004987531,0.14820717131474104,0.9258964143426295
W2_apt,6,L2,concurrent,pin_prefix24,1.0,0.7475728155339806,0.8555555555555555,0.08286852589641434,0.9585657370517928
W2_apt,6,L2,concurrent,pin_scope16,0.02922077922077922,0.1875,0.05056179775280899,0.031075697211155377,0.4990725410048119
W2_apt,6,L2,concurrent,pin_useragent,0.8636363636363636,0.6768447837150128,0.7589158345221112,0.10119521912350597,0.8812205722564288
W2_apt,6,L2,concurrent,pin_useragent_core,0.38311688311688313,1.0,0.5539906103286385,0.0,0.6915584415584416
W2_apt,6,L2,concurrent,pin_ip_or_useragent,1.0,0.5394045534150613,0.7007963594994312,0.2095617529880478,0.8952191235059761
W2_apt,6,L2,concurrent,pin_ip_and_useragent,0.8636363636363636,0.8417721518987342,0.8525641025641025,0.0398406374501992,0.9118978630930822
W2_apt,6,L2,concurrent,score_distinct_bindings,1.0,0.7475728155339806,0.8555555555555555,0.08286852589641434,0.961659854090133
W2_apt,6,L2,concurrent,score_max_request_rate,0.6363636363636364,0.19291338582677164,0.29607250755287007,0.6533864541832669,0.5128576602680188
W2_apt,6,L2,concurrent,score_burstiness,0.012987012987012988,0.13793103448275862,0.02373887240356083,0.0199203187250996,0.4752742277642676
W2_apt,7,L2,concurrent,SICA (proposed),0.9801980198019802,0.922360248447205,0.9504,0.01984126984126984,0.9906870448949657
W2_apt,7,L2,concurrent,pin_ip,1.0,0.6273291925465838,0.7709923664122137,0.14285714285714285,0.9285714285714286
W2_apt,7,L2,concurrent,pin_prefix24,1.0,0.7709923664122137,0.8706896551724138,0.07142857142857142,0.9642857142857143
W2_apt,7,L2,concurrent,pin_scope16,0.0231023102310231,0.1590909090909091,0.040345821325648415,0.029365079365079365,0.4968686154329719
W2_apt,7,L2,concurrent,pin_useragent,0.8712871287128713,0.6804123711340206,0.7641099855282198,0.09841269841269841,0.8864372151500864
W2_apt,7,L2,concurrent,pin_useragent_core,0.4389438943894389,1.0,0.610091743119266,0.0,0.7194719471947195
W2_apt,7,L2,concurrent,pin_ip_or_useragent,1.0,0.5499092558983666,0.7096018735362998,0.19682539682539682,0.9015873015873016
W2_apt,7,L2,concurrent,pin_ip_and_useragent,0.8712871287128713,0.825,0.8475120385232744,0.044444444444444446,0.9134213421342134
W2_apt,7,L2,concurrent,score_distinct_bindings,1.0,0.7709923664122137,0.8706896551724138,0.07142857142857142,0.9665252239509665
W2_apt,7,L2,concurrent,score_max_request_rate,0.6336633663366337,0.18991097922848665,0.2922374429223744,0.65,0.511946670857562
W2_apt,7,L2,concurrent,score_burstiness,0.009900990099009901,0.1,0.018018018018018018,0.02142857142857143,0.46595683377861596
W2_apt,8,L2,concurrent,SICA (proposed),0.9822064056939501,0.9019607843137255,0.940374787052811,0.0234009360374415,0.9895750634295835
W2_apt,8,L2,concurrent,pin_ip,1.0,0.6189427312775331,0.7646258503401361,0.13494539781591264,0.9325273010920437
W2_apt,8,L2,concurrent,pin_prefix24,1.0,0.7635869565217391,0.8659476117103235,0.06786271450858035,0.9660686427457098
W2_apt,8,L2,concurrent,pin_scope16,0.021352313167259787,0.16666666666666666,0.037854889589905356,0.0234009360374415,0.49897568856490915
W2_apt,8,L2,concurrent,pin_useragent,0.8220640569395018,0.6774193548387096,0.742765273311897,0.08580343213728549,0.8681303124011082
W2_apt,8,L2,concurrent,pin_useragent_core,0.41637010676156583,1.0,0.5879396984924623,0.0,0.708185053380783
W2_apt,8,L2,concurrent,pin_ip_or_useragent,1.0,0.545631067961165,0.7060301507537688,0.18252730109204368,0.9087363494539782
W2_apt,8,L2,concurrent,pin_ip_and_useragent,0.8220640569395018,0.825,0.8235294117647057,0.038221528861154444,0.8919212640391737
W2_apt,8,L2,concurrent,score_distinct_bindings,1.0,0.7635869565217391,0.8659476117103235,0.06786271450858035,0.9678799251614193
W2_apt,8,L2,concurrent,score_max_request_rate,0.6298932384341637,0.17594433399602386,0.27505827505827507,0.6466458658346333,0.5061070058460702
W2_apt,8,L2,concurrent,score_burstiness,0.0035587188612099642,0.037037037037037035,0.006493506493506492,0.0202808112324493,0.45269985176631267
W2_apt,9,L2,concurrent,SICA (proposed),0.9845201238390093,0.9352941176470588,0.9592760180995475,0.017741935483870968,0.9924410766004195
W2_apt,9,L2,concurrent,pin_ip,1.0,0.6247582205029013,0.7690476190476191,0.15645161290322582,0.9217741935483871
W2_apt,9,L2,concurrent,pin_prefix24,1.0,0.8095238095238095,0.8947368421052632,0.06129032258064516,0.9693548387096774
W2_apt,9,L2,concurrent,pin_scope16,0.015479876160990712,0.1724137931034483,0.028409090909090908,0.01935483870967742,0.49806251872565666
W2_apt,9,L2,concurrent,pin_useragent,0.8328173374613003,0.6725,0.7441217150760719,0.10564516129032259,0.8635860880854889
W2_apt,9,L2,concurrent,pin_useragent_core,0.38390092879256965,1.0,0.5548098434004474,0.0,0.6919504643962848
W2_apt,9,L2,concurrent,pin_ip_or_useragent,1.0,0.5588235294117647,0.7169811320754718,0.2056451612903226,0.8971774193548387
W2_apt,9,L2,concurrent,pin_ip_and_useragent,0.8328173374613003,0.7935103244837758,0.8126888217522659,0.056451612903225805,0.8881828622790372
W2_apt,9,L2,concurrent,score_distinct_bindings,1.0,0.8095238095238095,0.8947368421052632,0.06129032258064516,0.9708728652751423
W2_apt,9,L2,concurrent,score_max_request_rate,0.5758513931888545,0.1834319526627219,0.2782348541510845,0.667741935483871,0.48534030760011987
W2_apt,9,L2,concurrent,score_burstiness,0.0030959752321981426,0.034482758620689655,0.005681818181818182,0.02258064516129032,0.43995555777489265
W2_apt,10,L2,concurrent,SICA (proposed),0.996415770609319,0.936026936026936,0.9652777777777778,0.014797507788161994,0.9941086322982615
W2_apt,10,L2,concurrent,pin_ip,1.0,0.6186252771618626,0.7643835616438356,0.13395638629283488,0.9330218068535826
W2_apt,10,L2,concurrent,pin_prefix24,1.0,0.7793296089385475,0.8759811616954475,0.061526479750778816,0.9692367601246106
W2_apt,10,L2,concurrent,pin_scope16,0.021505376344086023,0.1935483870967742,0.03870967741935484,0.019470404984423675,0.5010174856798312
W2_apt,10,L2,concurrent,pin_useragent,0.8853046594982079,0.6569148936170213,0.7541984732824427,0.10046728971962617,0.8924186848892909
W2_apt,10,L2,concurrent,pin_useragent_core,0.4229390681003584,1.0,0.5944584382871536,0.0,0.7114695340501792
W2_apt,10,L2,concurrent,pin_ip_or_useragent,1.0,0.541747572815534,0.7027707808564231,0.1838006230529595,0.9080996884735203
W2_apt,10,L2,concurrent,pin_ip_and_useragent,0.8853046594982079,0.7916666666666666,0.8358714043993231,0.050623052959501556,0.9173408032693532
W2_apt,10,L2,concurrent,score_distinct_bindings,1.0,0.7793296089385475,0.8759811616954475,0.061526479750778816,0.9711112227693476
W2_apt,10,L2,concurrent,score_max_request_rate,0.6594982078853047,0.1786407766990291,0.2811306340718105,0.6588785046728972,0.518052345381257
W2_apt,10,L2,concurrent,score_burstiness,0.0035842293906810036,0.03571428571428571,0.006514657980456026,0.02102803738317757,0.47900546008776335
W2_apt,11,L2,concurrent,SICA (proposed),0.9896551724137931,0.8996865203761756,0.9425287356321839,0.02513747054202671,0.9895860985453856
W2_apt,11,L2,concurrent,pin_ip,1.0,0.625,0.7692307692307693,0.13668499607227022,0.9316575019638649
W2_apt,11,L2,concurrent,pin_prefix24,1.0,0.7692307692307693,0.8695652173913044,0.06834249803613511,0.9658287509819324
W2_apt,11,L2,concurrent,pin_scope16,0.03793103448275862,0.25,0.06586826347305388,0.025923016496465043,0.5060040089931468
W2_apt,11,L2,concurrent,pin_useragent,0.8413793103448276,0.6594594594594595,0.7393939393939394,0.09897879025923016,0.8712002600427987
W2_apt,11,L2,concurrent,pin_useragent_core,0.4241379310344828,1.0,0.5956416464891041,0.0,0.7120689655172414
W2_apt,11,L2,concurrent,pin_ip_or_useragent,1.0,0.5400372439478585,0.7013301088270858,0.19402985074626866,0.9029850746268657
W2_apt,11,L2,concurrent,pin_ip_and_useragent,0.8413793103448276,0.8215488215488216,0.8313458262350938,0.041633935585231735,0.899872687379798
W2_apt,11,L2,concurrent,score_distinct_bindings,1.0,0.7692307692307693,0.8695652173913044,0.06834249803613511,0.9678318931657502
W2_apt,11,L2,concurrent,score_max_request_rate,0.6620689655172414,0.1895360315893386,0.29470452801227937,0.6449332285938727,0.5324308584121137
W2_apt,11,L2,concurrent,score_burstiness,0.0,0.0,0.0,0.021209740769835034,0.48622179483706696
W2_apt,12,L2,concurrent,SICA (proposed),0.9768211920529801,0.9365079365079365,0.9562398703403565,0.01586042823156225,0.9909577177789098
W2_apt,12,L2,concurrent,pin_ip,1.0,0.6265560165975104,0.7704081632653061,0.14274385408406026,0.9286280729579699
W2_apt,12,L2,concurrent,pin_prefix24,1.0,0.7803617571059431,0.876632801161103,0.06740681998413957,0.9662965900079302
W2_apt,12,L2,concurrent,pin_scope16,0.04304635761589404,0.23636363636363636,0.07282913165266107,0.03330689928628073,0.5048697291648067
W2_apt,12,L2,concurrent,pin_useragent,0.8609271523178808,0.6951871657754011,0.7692307692307692,0.09040444091990484,0.885261355698988
W2_apt,12,L2,concurrent,pin_useragent_core,0.4337748344370861,1.0,0.6050808314087759,0.0,0.7168874172185431
W2_apt,12,L2,concurrent,pin_ip_or_useragent,1.0,0.5592592592592592,0.7173396674584323,0.1887390959555908,0.9056304520222046
W2_apt,12,L2,concurrent,pin_ip_and_useragent,0.8609271523178808,0.8227848101265823,0.8414239482200648,0.04440919904837431,0.9082589766347532
W2_apt,12,L2,concurrent,score_distinct_bindings,1.0,0.7803617571059431,0.876632801161103,0.06740681998413957,0.9686402046100278
W2_apt,12,L2,concurrent,score_max_request_rate,0.6225165562913907,0.18669314796425024,0.28724216959511073,0.6494845360824743,0.5115093140627379
W2_apt,12,L2,concurrent,score_burstiness,0.006622516556291391,0.07692307692307693,0.012195121951219511,0.0190325138778747,0.47440142638818134
W2_apt,13,L2,concurrent,SICA (proposed),0.9824561403508771,0.9061488673139159,0.9427609427609428,0.02269170579029734,0.9892677703648793
W2_apt,13,L2,concurrent,pin_ip,1.0,0.6063829787234043,0.7549668874172186,0.14475743348982786,0.9276212832550861
W2_apt,13,L2,concurrent,pin_prefix24,1.0,0.7519788918205804,0.858433734939759,0.07355242566510173,0.9632237871674492
W2_apt,13,L2,concurrent,pin_scope16,0.02456140350877193,0.14583333333333334,0.042042042042042045,0.032081377151799685,0.4962400131784861
W2_apt,13,L2,concurrent,pin_useragent,0.8842105263157894,0.7138810198300283,0.7899686520376176,0.07902973395931143,0.902590396178239
W2_apt,13,L2,concurrent,pin_useragent_core,0.4105263157894737,1.0,0.582089552238806,0.0,0.7052631578947368
W2_apt,13,L2,concurrent,pin_ip_or_useragent,1.0,0.5428571428571428,0.7037037037037037,0.18779342723004694,0.9061032863849765
W2_apt,13,L2,concurrent,pin_ip_and_useragent,0.8842105263157894,0.8456375838926175,0.8644939965694682,0.03599374021909233,0.9241083930483486
W2_apt,13,L2,concurrent,score_distinct_bindings,1.0,0.7519788918205804,0.858433734939759,0.07355242566510173,0.9656755346896192
W2_apt,13,L2,concurrent,score_max_request_rate,0.5894736842105263,0.16699801192842942,0.260263361735089,0.6557120500782473,0.4899816050297889
W2_apt,13,L2,concurrent,score_burstiness,0.007017543859649123,0.07692307692307693,0.012861736334405146,0.018779342723004695,0.4463388518243967
W2_apt,14,L2,concurrent,SICA (proposed),0.4712230215827338,0.9097222222222222,0.6208530805687204,0.010116731517509728,0.9908028441060381
W2_apt,14,L2,concurrent,pin_ip,1.0,0.5708418891170431,0.726797385620915,0.16264591439688716,0.9186770428015564
W2_apt,14,L2,concurrent,pin_prefix24,1.0,0.710997442455243,0.8310911808669657,0.08793774319066149,0.9560311284046693
W2_apt,14,L2,concurrent,pin_scope16,0.04316546762589928,0.1875,0.07017543859649122,0.04046692607003891,0.5013492707779302
W2_apt,14,L2,concurrent,pin_useragent,0.8776978417266187,0.6404199475065617,0.74051593323217,0.1066147859922179,0.8855415278672004
W2_apt,14,L2,concurrent,pin_useragent_core,0.4676258992805755,1.0,0.6372549019607843,0.0,0.7338129496402878
W2_apt,14,L2,concurrent,pin_ip_or_useragent,1.0,0.5091575091575091,0.674757281553398,0.2085603112840467,0.8957198443579767
W2_apt,14,L2,concurrent,pin_ip_and_useragent,0.8776978417266187,0.7577639751552795,0.8133333333333332,0.060700389105058365,0.9084987263107802
W2_apt,14,L2,concurrent,score_distinct_bindings,1.0,0.710997442455243,0.8310911808669657,0.08793774319066149,0.9596688408028441
W2_apt,14,L2,concurrent,score_max_request_rate,0.6258992805755396,0.1717670286278381,0.26955848179705655,0.6529182879377432,0.5146782185146824
W2_apt,14,L2,concurrent,score_burstiness,0.01079136690647482,0.1,0.019480519480519484,0.021011673151750974,0.4542269686196568
W2_apt,15,L2,concurrent,SICA (proposed),0.9929824561403509,0.907051282051282,0.9480737018425461,0.02269170579029734,0.9912761167394228
W2_apt,15,L2,concurrent,pin_ip,1.0,0.5734406438631791,0.7289002557544757,0.16588419405320814,0.917057902973396
W2_apt,15,L2,concurrent,pin_prefix24,1.0,0.7251908396946565,0.8407079646017699,0.08450704225352113,0.9577464788732394
W2_apt,15,L2,concurrent,pin_scope16,0.017543859649122806,0.10869565217391304,0.030211480362537766,0.032081377151799685,0.4927312412486616
W2_apt,15,L2,concurrent,pin_useragent,0.887719298245614,0.6325,0.7386861313868613,0.11502347417840375,0.8863479120336052
W2_apt,15,L2,concurrent,pin_useragent_core,0.4421052631578947,1.0,0.6131386861313868,0.0,0.7210526315789474
W2_apt,15,L2,concurrent,pin_ip_or_useragent,1.0,0.4965156794425087,0.6635622817229336,0.22613458528951486,0.8869327073552425
W2_apt,15,L2,concurrent,pin_ip_and_useragent,0.887719298245614,0.7832817337461301,0.8322368421052632,0.054773082942097026,0.9164731076517585
W2_apt,15,L2,concurrent,score_distinct_bindings,1.0,0.7251908396946565,0.8407079646017699,0.08450704225352113,0.9605633802816902
W2_apt,15,L2,concurrent,score_max_request_rate,0.6035087719298246,0.16929133858267717,0.26441199077632593,0.6604068857589984,0.4901614364549872
W2_apt,15,L2,concurrent,score_burstiness,0.007017543859649123,0.07407407407407407,0.01282051282051282,0.019561815336463225,0.45121077341240423
W2_apt,16,L2,concurrent,SICA (proposed),0.9897610921501706,0.8950617283950617,0.940032414910859,0.026771653543307086,0.9891886807664401
W2_apt,16,L2,concurrent,pin_ip,1.0,0.6142557651991615,0.7610389610389612,0.14488188976377953,0.9275590551181102
W2_apt,16,L2,concurrent,pin_prefix24,1.0,0.7306733167082294,0.8443804034582133,0.08503937007874016,0.9574803149606299
W2_apt,16,L2,concurrent,pin_scope16,0.034129692832764506,0.17857142857142858,0.05730659025787965,0.03622047244094488,0.4989546101959098
W2_apt,16,L2,concurrent,pin_useragent,0.8600682593856656,0.6596858638743456,0.7466666666666667,0.10236220472440945,0.8788530273306281
W2_apt,16,L2,concurrent,pin_useragent_core,0.447098976109215,1.0,0.6179245283018868,0.0,0.7235494880546075
W2_apt,16,L2,concurrent,pin_ip_or_useragent,1.0,0.5336976320582878,0.6959619952494062,0.2015748031496063,0.8992125984251969
W2_apt,16,L2,concurrent,pin_ip_and_useragent,0.8600682593856656,0.8129032258064516,0.8358208955223881,0.04566929133858268,0.9071994840235414
W2_apt,16,L2,concurrent,score_distinct_bindings,1.0,0.7306733167082294,0.8443804034582133,0.08503937007874016,0.9611082744349789
W2_apt,16,L2,concurrent,score_max_request_rate,0.5938566552901023,0.1717670286278381,0.2664624808575804,0.6606299212598425,0.4942678240305286
W2_apt,16,L2,concurrent,score_burstiness,0.006825938566552901,0.06666666666666667,0.012383900928792569,0.02204724409448819,0.4433756147375776
W2_apt,17,L2,concurrent,SICA (proposed),0.97,0.917981072555205,0.9432739059967585,0.02058590657165479,0.9904922143045658
W2_apt,17,L2,concurrent,pin_ip,1.0,0.646551724137931,0.7853403141361257,0.12984956452889945,0.9350752177355502
W2_apt,17,L2,concurrent,pin_prefix24,1.0,0.8152173913043478,0.8982035928143712,0.053840063341250986,0.9730799683293745
W2_apt,17,L2,concurrent,pin_scope16,0.023333333333333334,0.25,0.042682926829268296,0.0166270783847981,0.5033531274742676
W2_apt,17,L2,concurrent,pin_useragent,0.88,0.6892950391644909,0.7730600292825769,0.09422011084718923,0.8928899445764054
W2_apt,17,L2,concurrent,pin_useragent_core,0.4266666666666667,1.0,0.5981308411214953,0.0,0.7133333333333334
W2_apt,17,L2,concurrent,pin_ip_or_useragent,1.0,0.5607476635514018,0.7185628742514969,0.18606492478226444,0.9069675376088677
W2_apt,17,L2,concurrent,pin_ip_and_useragent,0.88,0.8461538461538461,0.8627450980392156,0.03800475059382423,0.9209976247030879
W2_apt,17,L2,concurrent,score_distinct_bindings,1.0,0.8152173913043478,0.8982035928143712,0.053840063341250986,0.9752335708630245
W2_apt,17,L2,concurrent,score_max_request_rate,0.5733333333333334,0.16912487708947885,0.2611996962794229,0.6690419635787807,0.46989707046714174
W2_apt,17,L2,concurrent,score_burstiness,0.0,0.0,0.0,0.0166270783847981,0.4148126154658221
W2_apt,18,L2,concurrent,SICA (proposed),0.42857142857142855,0.9166666666666666,0.5840707964601769,0.009561752988047808,0.9909440161432194
W2_apt,18,L2,concurrent,pin_ip,1.0,0.6376811594202898,0.7787610619469026,0.1394422310756972,0.9302788844621513
W2_apt,18,L2,concurrent,pin_prefix24,1.0,0.7917737789203085,0.8837876614060258,0.06454183266932272,0.9677290836653386
W2_apt,18,L2,concurrent,pin_scope16,0.045454545454545456,0.2641509433962264,0.07756232686980609,0.031075697211155377,0.507189424121695
W2_apt,18,L2,concurrent,pin_useragent,0.8506493506493507,0.6858638743455497,0.7594202898550726,0.09561752988047809,0.8775159103844363
W2_apt,18,L2,concurrent,pin_useragent_core,0.4155844155844156,1.0,0.5871559633027523,0.0,0.7077922077922078
W2_apt,18,L2,concurrent,pin_ip_or_useragent,1.0,0.5610200364298725,0.7187864644107351,0.19203187250996015,0.9039840637450199
W2_apt,18,L2,concurrent,pin_ip_and_useragent,0.8506493506493507,0.8291139240506329,0.8397435897435898,0.04302788844621514,0.9038107311015677
W2_apt,18,L2,concurrent,score_distinct_bindings,1.0,0.7917737789203085,0.8837876614060258,0.06454183266932272,0.9704532519273555
W2_apt,18,L2,concurrent,score_max_request_rate,0.6168831168831169,0.18756169792694966,0.28766086298258897,0.6557768924302789,0.5030113312981839
W2_apt,18,L2,concurrent,score_burstiness,0.006493506493506494,0.08,0.012012012012012012,0.018326693227091632,0.45955011124333833
W2_apt,19,L2,concurrent,SICA (proposed),0.9712230215827338,0.8881578947368421,0.9278350515463917,0.026459143968871595,0.9885787867760266
W2_apt,19,L2,concurrent,pin_ip,1.0,0.5604838709677419,0.718346253229974,0.16964980544747083,0.9151750972762646
W2_apt,19,L2,concurrent,pin_prefix24,1.0,0.7183462532299741,0.8360902255639097,0.08482490272373541,0.9575875486381323
W2_apt,19,L2,concurrent,pin_scope16,0.017985611510791366,0.1111111111111111,0.030959752321981424,0.0311284046692607,0.49342860342076533
W2_apt,19,L2,concurrent,pin_useragent,0.8381294964028777,0.649025069637883,0.7315541601255887,0.0980544747081712,0.8700375108473533
W2_apt,19,L2,concurrent,pin_useragent_core,0.4244604316546763,1.0,0.595959595959596,0.0,0.7122302158273381
W2_apt,19,L2,concurrent,pin_ip_or_useragent,1.0,0.49642857142857144,0.6634844868735084,0.21945525291828794,0.890272373540856
W2_apt,19,L2,concurrent,pin_ip_and_useragent,0.8381294964028777,0.7898305084745763,0.8132635253054101,0.04824902723735409,0.8949402345827618
W2_apt,19,L2,concurrent,score_distinct_bindings,1.0,0.7183462532299741,0.8360902255639097,0.08482490272373541,0.959723427483694
W2_apt,19,L2,concurrent,score_max_request_rate,0.6618705035971223,0.1812807881773399,0.28460943542150036,0.6466926070038911,0.5279707751308681
W2_apt,19,L2,concurrent,score_burstiness,0.0035971223021582736,0.038461538461538464,0.006578947368421053,0.019455252918287938,0.45818660246899756
W2_apt,0,L3,takeover,SICA (proposed),0.0030303030303030303,0.16666666666666666,0.005952380952380953,0.0040551500405515,0.8830765071640984
W2_apt,0,L3,takeover,pin_ip,1.0,0.6457925636007827,0.7847800237812129,0.1467964314679643,0.9266017842660178
W2_apt,0,L3,takeover,pin_prefix24,0.03333333333333333,0.11578947368421053,0.05176470588235294,0.0681265206812652,0.48260340632603405
W2_apt,0,L3,takeover,pin_scope16,0.00909090909090909,0.09090909090909091,0.016528925619834708,0.024330900243309004,0.49238000442380003
W2_apt,0,L3,takeover,pin_useragent,0.048484848484848485,0.10738255033557047,0.06680584551148226,0.10786699107866991,0.47030892870308927
W2_apt,0,L3,takeover,pin_useragent_core,0.0,0.0,0.0,0.0,0.5
W2_apt,0,L3,takeover,pin_ip_or_useragent,1.0,0.5631399317406144,0.7205240174672489,0.20762368207623683,0.8961881589618816
W2_apt,0,L3,takeover,pin_ip_and_useragent,0.048484848484848485,0.21621621621621623,0.07920792079207921,0.047039740470397405,0.5007225540072255
W2_apt,0,L3,takeover,score_distinct_bindings,0.03333333333333333,0.11578947368421053,0.05176470588235294,0.0681265206812652,0.48260340632603405
W2_apt,0,L3,takeover,score_max_request_rate,0.6333333333333333,0.20330739299610895,0.3078055964653903,0.6642335766423357,0.4918270294182703
W2_apt,0,L3,takeover,score_burstiness,0.0,0.0,0.0,0.0227088402270884,0.4679446533461132
W2_apt,1,L3,takeover,SICA (proposed),0.0,0.0,0.0,0.019002375296912115,0.8636896278701505
W2_apt,1,L3,takeover,pin_ip,1.0,0.5905511811023622,0.7425742574257426,0.16468725257323832,0.9176563737133808
W2_apt,1,L3,takeover,pin_prefix24,0.03666666666666667,0.09166666666666666,0.052380952380952375,0.08630245447347586,0.4751821060965954
W2_apt,1,L3,takeover,pin_scope16,0.02,0.1276595744680851,0.0345821325648415,0.03246239113222486,0.49376880443388754
W2_apt,1,L3,takeover,pin_useragent,0.04666666666666667,0.10144927536231885,0.06392694063926942,0.09817893903404593,0.4742438638163104
W2_apt,1,L3,takeover,pin_useragent_core,0.0,0.0,0.0,0.0,0.5
W2_apt,1,L3,takeover,pin_ip_or_useragent,1.0,0.5385996409335727,0.7001166861143524,0.2034837688044339,0.898258115597783
W2_apt,1,L3,takeover,pin_ip_and_useragent,0.04666666666666667,0.15730337078651685,0.07197943444730077,0.05938242280285035,0.49364212193190815
W2_apt,1,L3,takeover,score_distinct_bindings,0.03666666666666667,0.09166666666666666,0.052380952380952375,0.08630245447347586,0.4751821060965954
W2_apt,1,L3,takeover,score_max_request_rate,0.6733333333333333,0.19423076923076923,0.30149253731343284,0.6634996041171813,0.5104974927421483
W2_apt,1,L3,takeover,score_burstiness,0.0033333333333333335,0.037037037037037035,0.0061162079510703364,0.02058590657165479,0.472891264185801
W2_apt,2,L3,takeover,SICA (proposed),0.016339869281045753,0.16666666666666666,0.029761904761904767,0.01988862370723946,0.8907984567467931
W2_apt,2,L3,takeover,pin_ip,1.0,0.6415094339622641,0.7816091954022989,0.1360381861575179,0.931980906921241
W2_apt,2,L3,takeover,pin_prefix24,0.0392156862745098,0.12244897959183673,0.0594059405940594,0.06841686555290374,0.48539941036080303
W2_apt,2,L3,takeover,pin_scope16,0.016339869281045753,0.14285714285714285,0.02932551319648094,0.02386634844868735,0.4962367604161792
W2_apt,2,L3,takeover,pin_useragent,0.06535947712418301,0.13986013986013987,0.08908685968819599,0.09785202863961814,0.4837537242422824
W2_apt,2,L3,takeover,pin_useragent_core,0.0,0.0,0.0,0.0,0.5
W2_apt,2,L3,takeover,pin_ip_or_useragent,1.0,0.5614678899082569,0.719153936545241,0.19013524264120923,0.9049323786793954
W2_apt,2,L3,takeover,pin_ip_and_useragent,0.06535947712418301,0.26666666666666666,0.10498687664041996,0.04375497215592681,0.5108022524841281
W2_apt,2,L3,takeover,score_distinct_bindings,0.0392156862745098,0.12244897959183673,0.0594059405940594,0.06841686555290374,0.48539941036080303
W2_apt,2,L3,takeover,score_max_request_rate,0.6372549019607843,0.1908023483365949,0.2936746987951807,0.6579156722354813,0.4925242173241612
W2_apt,2,L3,takeover,score_burstiness,0.0032679738562091504,0.03571428571428571,0.005988023952095808,0.021479713603818614,0.4615720592135024
W2_apt,3,L3,takeover,SICA (proposed),0.0,0.0,0.0,0.012708498808578236,0.8700305171188496
W2_apt,3,L3,takeover,pin_ip,1.0,0.608,0.7562189054726367,0.1556791104050834,0.9221604447974583
W2_apt,3,L3,takeover,pin_prefix24,0.01644736842105263,0.04807692307692308,0.024509803921568624,0.07863383637807785,0.4689067660214874
W2_apt,3,L3,takeover,pin_scope16,0.003289473684210526,0.02040816326530612,0.005665722379603399,0.03812549642573471,0.4825819886292379
W2_apt,3,L3,takeover,pin_useragent,0.04276315789473684,0.1,0.05990783410138249,0.09293089753772836,0.47491613017850426
W2_apt,3,L3,takeover,pin_useragent_core,0.0,0.0,0.0,0.0,0.5
W2_apt,3,L3,takeover,pin_ip_or_useragent,1.0,0.5477477477477477,0.7077997671711291,0.1993645750595711,0.9003177124702144
W2_apt,3,L3,takeover,pin_ip_and_useragent,0.04276315789473684,0.17333333333333334,0.06860158311345647,0.04924543288324067,0.4967588625057481
W2_apt,3,L3,takeover,score_distinct_bindings,0.01644736842105263,0.04807692307692308,0.024509803921568624,0.07863383637807785,0.4689067660214874
W2_apt,3,L3,takeover,score_max_request_rate,0.6348684210526315,0.18866080156402737,0.29088168801808595,0.659253375694996,0.49581173445926174
W2_apt,3,L3,takeover,score_burstiness,0.003289473684210526,0.038461538461538464,0.006060606060606061,0.019857029388403495,0.4849687513063835
W2_apt,4,L3,takeover,SICA (proposed),0.009584664536741214,0.075,0.0169971671388102,0.0296,0.8718338658146965
W2_apt,4,L3,takeover,pin_ip,1.0,0.6149312377210217,0.7615571776155718,0.1568,0.9216
W2_apt,4,L3,takeover,pin_prefix24,0.04792332268370607,0.12295081967213115,0.06896551724137931,0.0856,0.481161661341853
W2_apt,4,L3,takeover,pin_scope16,0.022364217252396165,0.14893617021276595,0.03888888888888888,0.032,0.4951821086261981
W2_apt,4,L3,takeover,pin_useragent,0.03514376996805112,0.08148148148148149,0.049107142857142856,0.0992,0.46797188498402553
W2_apt,4,L3,takeover,pin_useragent_core,0.0,0.0,0.0,0.0,0.5
W2_apt,4,L3,takeover,pin_ip_or_useragent,1.0,0.5434027777777778,0.704161979752531,0.2104,0.8948
W2_apt,4,L3,takeover,pin_ip_and_useragent,0.03514376996805112,0.16176470588235295,0.05774278215223098,0.0456,0.4947718849840256
W2_apt,4,L3,takeover,score_distinct_bindings,0.04792332268370607,0.12295081967213115,0.06896551724137931,0.0856,0.481161661341853
W2_apt,4,L3,takeover,score_max_request_rate,0.645367412140575,0.197265625,0.3021690351533283,0.6576,0.4983182108626198
W2_apt,4,L3,takeover,score_burstiness,0.0,0.0,0.0,0.0152,0.474779552715655
W2_apt,5,L3,takeover,SICA (proposed),0.006369426751592357,0.07142857142857142,0.011695906432748539,0.020816653322658127,0.8795698979565818
W2_apt,5,L3,takeover,pin_ip,1.0,0.6144814090019569,0.7612121212121212,0.1577261809447558,0.9211369095276221
W2_apt,5,L3,takeover,pin_prefix24,0.03821656050955414,0.12,0.057971014492753624,0.07045636509207366,0.48388009770874024
W2_apt,5,L3,takeover,pin_scope16,0.012738853503184714,0.10810810810810811,0.022792022792022793,0.02642113690952762,0.49315885829682854
W2_apt,5,L3,takeover,pin_useragent,0.041401273885350316,0.08552631578947369,0.05579399141630901,0.11128903122497999,0.46505612133018515
W2_apt,5,L3,takeover,pin_useragent_core,0.0,0.0,0.0,0.0,0.5
W2_apt,5,L3,takeover,pin_ip_or_useragent,1.0,0.5460869565217391,0.7064116985376828,0.20896717373899118,0.8955164131305045
W2_apt,5,L3,takeover,pin_ip_and_useragent,0.041401273885350316,0.14772727272727273,0.06467661691542288,0.0600480384307446,0.49067661772730287
W2_apt,5,L3,takeover,score_distinct_bindings,0.03821656050955414,0.12,0.057971014492753624,0.07045636509207366,0.48388009770874024
W2_apt,5,L3,takeover,score_max_request_rate,0.6242038216560509,0.19502487562189055,0.29719484457922674,0.6477181745396317,0.4924334371956164
W2_apt,5,L3,takeover,score_burstiness,0.0,0.0,0.0,0.020016012810248198,0.47037630104083267
W2_apt,6,L3,takeover,SICA (proposed),0.0,0.0,0.0,0.0137429264349232,0.8729027282511121
W2_apt,6,L3,takeover,pin_ip,1.0,0.63671875,0.7780429594272077,0.15036378334680678,0.9248181083265966
W2_apt,6,L3,takeover,pin_prefix24,0.027607361963190184,0.07964601769911504,0.041002277904328026,0.08407437348423606,0.4717664942394771
W2_apt,6,L3,takeover,pin_scope16,0.003067484662576687,0.025,0.00546448087431694,0.03152789005658852,0.4857697973029941
W2_apt,6,L3,takeover,pin_useragent,0.03680981595092025,0.08695652173913043,0.05172413793103448,0.10185933710590138,0.46747523942250946
W2_apt,6,L3,takeover,pin_useragent_core,0.0,0.0,0.0,0.0,0.5
W2_apt,6,L3,takeover,pin_ip_or_useragent,1.0,0.5544217687074829,0.7133479212253828,0.211802748585287,0.8940986257073565
W2_apt,6,L3,takeover,pin_ip_and_useragent,0.03680981595092025,0.1935483870967742,0.061855670103092786,0.04042037186742118,0.4981947220417495
W2_apt,6,L3,takeover,score_distinct_bindings,0.027607361963190184,0.07964601769911504,0.041002277904328026,0.08407437348423606,0.4717664942394771
W2_apt,6,L3,takeover,score_max_request_rate,0.6748466257668712,0.21235521235521235,0.32305433186490456,0.6596604688763137,0.5146430856366333
W2_apt,6,L3,takeover,score_burstiness,0.0,0.0,0.0,0.02021018593371059,0.513719368549479
W2_apt,7,L3,takeover,SICA (proposed),0.012461059190031152,0.13793103448275862,0.022857142857142857,0.020128824476650563,0.8853246447043007
W2_apt,7,L3,takeover,pin_ip,1.0,0.6458752515090543,0.784841075794621,0.14170692431561996,0.92914653784219
W2_apt,7,L3,takeover,pin_prefix24,0.04361370716510903,0.13725490196078433,0.06619385342789598,0.07085346215780998,0.48638012250364954
W2_apt,7,L3,takeover,pin_scope16,0.021806853582554516,0.16279069767441862,0.03846153846153846,0.028985507246376812,0.49641067316808885
W2_apt,7,L3,takeover,pin_useragent,0.04672897196261682,0.1111111111111111,0.06578947368421052,0.0966183574879227,0.47505530723734707
W2_apt,7,L3,takeover,pin_useragent_core,0.0,0.0,0.0,0.0,0.5
W2_apt,7,L3,takeover,pin_ip_or_useragent,1.0,0.5701598579040853,0.7262443438914027,0.19484702093397746,0.9025764895330113
W2_apt,7,L3,takeover,pin_ip_and_useragent,0.04672897196261682,0.21739130434782608,0.07692307692307693,0.043478260869565216,0.5016253555465258
W2_apt,7,L3,takeover,score_distinct_bindings,0.04361370716510903,0.13725490196078433,0.06619385342789598,0.07085346215780998,0.48638012250364954
W2_apt,7,L3,takeover,score_max_request_rate,0.6915887850467289,0.2144927536231884,0.3274336283185841,0.6545893719806763,0.5241683848280083
W2_apt,7,L3,takeover,score_burstiness,0.009345794392523364,0.10714285714285714,0.017191977077363894,0.020128824476650563,0.5119619145083049
W2_apt,8,L3,takeover,SICA (proposed),0.006825938566552901,0.06451612903225806,0.012345679012345678,0.02283464566929134,0.890027142511623
W2_apt,8,L3,takeover,pin_ip,1.0,0.6301075268817204,0.7730870712401056,0.13543307086614173,0.9322834645669291
W2_apt,8,L3,takeover,pin_prefix24,0.023890784982935155,0.07526881720430108,0.036269430051813475,0.06771653543307087,0.47808712477493215
W2_apt,8,L3,takeover,pin_scope16,0.006825938566552901,0.0625,0.012307692307692308,0.023622047244094488,0.4916019456612292
W2_apt,8,L3,takeover,pin_useragent,0.030716723549488054,0.07627118644067797,0.0437956204379562,0.08582677165354331,0.47244497594797236
W2_apt,8,L3,takeover,pin_useragent_core,0.0,0.0,0.0,0.0,0.5
W2_apt,8,L3,takeover,pin_ip_or_useragent,1.0,0.5580952380952381,0.7163814180929096,0.1826771653543307,0.9086614173228347
W2_apt,8,L3,takeover,pin_ip_and_useragent,0.030716723549488054,0.15517241379310345,0.05128205128205128,0.03858267716535433,0.49606702319206686
W2_apt,8,L3,takeover,score_distinct_bindings,0.023890784982935155,0.07526881720430108,0.036269430051813475,0.06771653543307087,0.47808712477493215
W2_apt,8,L3,takeover,score_max_request_rate,0.6860068259385665,0.195906432748538,0.30477634571645185,0.6496062992125984,0.5237040122544409
W2_apt,8,L3,takeover,score_burstiness,0.0,0.0,0.0,0.01811023622047244,0.5088132541452797
W2_apt,9,L3,takeover,SICA (proposed),0.0,0.0,0.0,0.01804757998359311,0.8802344659175458
W2_apt,9,L3,takeover,pin_ip,1.0,0.6417910447761194,0.7818181818181819,0.15750615258408532,0.9212469237079574
W2_apt,9,L3,takeover,pin_prefix24,0.011627906976744186,0.05063291139240506,0.018912529550827423,0.06152584085315833,0.4750510330617929
W2_apt,9,L3,takeover,pin_scope16,0.0,0.0,0.0,0.019688269073010665,0.49015586546349466
W2_apt,9,L3,takeover,pin_useragent,0.04941860465116279,0.11564625850340136,0.06924643584521385,0.1066447908121411,0.47138690691951085
W2_apt,9,L3,takeover,pin_useragent_core,0.0,0.0,0.0,0.0,0.5
W2_apt,9,L3,takeover,pin_ip_or_useragent,1.0,0.5771812080536913,0.7319148936170213,0.20672682526661199,0.896636587366694
W2_apt,9,L3,takeover,pin_ip_and_useragent,0.04941860465116279,0.19540229885057472,0.07888631090487239,0.05742411812961444,0.49599724326077416
W2_apt,9,L3,takeover,score_distinct_bindings,0.011627906976744186,0.05063291139240506,0.018912529550827423,0.06152584085315833,0.4750510330617929
W2_apt,9,L3,takeover,score_max_request_rate,0.6395348837209303,0.21153846153846154,0.3179190751445087,0.6726825266611977,0.4914829635423622
W2_apt,9,L3,takeover,score_burstiness,0.00872093023255814,0.10344827586206896,0.0160857908847185,0.02132895816242822,0.4716957284850335
W2_apt,10,L3,takeover,SICA (proposed),0.006825938566552901,0.1,0.012779552715654952,0.014173228346456693,0.8958359087366639
W2_apt,10,L3,takeover,pin_ip,1.0,0.6341991341991342,0.776158940397351,0.13307086614173227,0.9334645669291338
W2_apt,10,L3,takeover,pin_prefix24,0.03754266211604096,0.125,0.05774278215223098,0.06062992125984252,0.4884563704280992
W2_apt,10,L3,takeover,pin_scope16,0.006825938566552901,0.07407407407407407,0.012499999999999999,0.01968503937007874,0.4935704495982371
W2_apt,10,L3,takeover,pin_useragent,0.04436860068259386,0.09420289855072464,0.06032482598607889,0.0984251968503937,0.47297170191610005
W2_apt,10,L3,takeover,pin_useragent_core,0.0,0.0,0.0,0.0,0.5
W2_apt,10,L3,takeover,pin_ip_or_useragent,1.0,0.5591603053435115,0.7172582619339045,0.18188976377952756,0.9090551181102362
W2_apt,10,L3,takeover,pin_ip_and_useragent,0.04436860068259386,0.17105263157894737,0.07046070460704608,0.049606299212598425,0.4973811507349977
W2_apt,10,L3,takeover,score_distinct_bindings,0.03754266211604096,0.125,0.05774278215223098,0.06062992125984252,0.4884563704280992
W2_apt,10,L3,takeover,score_max_request_rate,0.6450511945392492,0.1836734693877551,0.2859304084720121,0.6614173228346457,0.4934562360592298
W2_apt,10,L3,takeover,score_burstiness,0.013651877133105802,0.13333333333333333,0.024767801857585137,0.02047244094488189,0.4962564832979495
W2_apt,11,L3,takeover,SICA (proposed),0.003215434083601286,0.03225806451612903,0.005847953216374269,0.023961661341853034,0.8906790935146852
W2_apt,11,L3,takeover,pin_ip,1.0,0.6452282157676349,0.7843631778058009,0.1365814696485623,0.9317092651757188
W2_apt,11,L3,takeover,pin_prefix24,0.022508038585209004,0.07608695652173914,0.034739454094292806,0.06789137380191693,0.47730833239164605
W2_apt,11,L3,takeover,pin_scope16,0.01929260450160772,0.15384615384615385,0.03428571428571429,0.026357827476038338,0.4964673885127847
W2_apt,11,L3,takeover,pin_useragent,0.03536977491961415,0.08088235294117647,0.04921700223713647,0.09984025559105432,0.46776475966427994
W2_apt,11,L3,takeover,pin_useragent_core,0.0,0.0,0.0,0.0,0.5
W2_apt,11,L3,takeover,pin_ip_or_useragent,1.0,0.5603603603603604,0.7182448036951502,0.19488817891373802,0.902555910543131
W2_apt,11,L3,takeover,pin_ip_and_useragent,0.03536977491961415,0.1746031746031746,0.058823529411764705,0.04153354632587859,0.4969181142968678
W2_apt,11,L3,takeover,score_distinct_bindings,0.022508038585209004,0.07608695652173914,0.034739454094292806,0.06789137380191693,0.47730833239164605
W2_apt,11,L3,takeover,score_max_request_rate,0.6977491961414791,0.21027131782945738,0.3231571109456441,0.6509584664536742,0.5225786651325725
W2_apt,11,L3,takeover,score_burstiness,0.003215434083601286,0.037037037037037035,0.0059171597633136085,0.020766773162939296,0.5127487338586236
W2_apt,12,L3,takeover,SICA (proposed),0.003134796238244514,0.047619047619047616,0.0058823529411764705,0.01607717041800643,0.8841019967946456
W2_apt,12,L3,takeover,pin_ip,1.0,0.6444444444444445,0.7837837837837839,0.1414790996784566,0.9292604501607717
W2_apt,12,L3,takeover,pin_prefix24,0.03761755485893417,0.125,0.05783132530120482,0.06752411575562701,0.48504671955165357
W2_apt,12,L3,takeover,pin_scope16,0.0219435736677116,0.14285714285714285,0.03804347826086957,0.03376205787781351,0.49409075789494905
W2_apt,12,L3,takeover,pin_useragent,0.018808777429467086,0.05,0.02733485193621868,0.09163987138263666,0.4635844530234152
W2_apt,12,L3,takeover,pin_useragent_core,0.0,0.0,0.0,0.0,0.5
W2_apt,12,L3,takeover,pin_ip_or_useragent,1.0,0.5768535262206148,0.7316513761467889,0.18810289389067525,0.9059485530546624
W2_apt,12,L3,takeover,pin_ip_and_useragent,0.018808777429467086,0.0967741935483871,0.031496062992125984,0.04501607717041801,0.48689635012952454
W2_apt,12,L3,takeover,score_distinct_bindings,0.03761755485893417,0.125,0.05783132530120482,0.06752411575562701,0.48504671955165357
W2_apt,12,L3,takeover,score_max_request_rate,0.6802507836990596,0.2104752667313288,0.3214814814814815,0.6543408360128617,0.5156563416625508
W2_apt,12,L3,takeover,score_burstiness,0.012539184952978056,0.15384615384615385,0.023188405797101446,0.017684887459807074,0.502692548055116
W2_apt,13,L3,takeover,SICA (proposed),0.0,0.0,0.0,0.023015873015873017,0.8796492744512546
W2_apt,13,L3,takeover,pin_ip,1.0,0.6234567901234568,0.768060836501901,0.14523809523809525,0.9273809523809524
W2_apt,13,L3,takeover,pin_prefix24,0.036303630363036306,0.10576923076923077,0.05405405405405405,0.07380952380952381,0.48124705327675626
W2_apt,13,L3,takeover,pin_scope16,0.019801980198019802,0.13043478260869565,0.034383954154727794,0.031746031746031744,0.49402797422599404
W2_apt,13,L3,takeover,pin_useragent,0.0429042904290429,0.11504424778761062,0.0625,0.07936507936507936,0.4817696055319818
W2_apt,13,L3,takeover,pin_useragent_core,0.0,0.0,0.0,0.0,0.5
W2_apt,13,L3,takeover,pin_ip_or_useragent,1.0,0.5611111111111111,0.7188612099644128,0.1880952380952381,0.905952380952381
W2_apt,13,L3,takeover,pin_ip_and_useragent,0.0429042904290429,0.22033898305084745,0.07182320441988951,0.03650793650793651,0.5031981769605532
W2_apt,13,L3,takeover,score_distinct_bindings,0.036303630363036306,0.10576923076923077,0.05405405405405405,0.07380952380952381,0.48124705327675626
W2_apt,13,L3,takeover,score_max_request_rate,0.6534653465346535,0.19204655674102813,0.2968515742128936,0.6611111111111111,0.5027018178008277
W2_apt,13,L3,takeover,score_burstiness,0.0033003300330033004,0.043478260869565216,0.006134969325153374,0.01746031746031746,0.4888901985436639
W2_apt,14,L3,takeover,SICA (proposed),0.0,0.0,0.0,0.010260457774269928,0.8696364576889439
W2_apt,14,L3,takeover,pin_ip,1.0,0.5896414342629482,0.7418546365914788,0.16258879242304658,0.9187056037884768
W2_apt,14,L3,takeover,pin_prefix24,0.04391891891891892,0.10483870967741936,0.0619047619047619,0.08760852407261246,0.4781551974231532
W2_apt,14,L3,takeover,pin_scope16,0.013513513513513514,0.07142857142857142,0.022727272727272728,0.04104183109707971,0.4862358412082169
W2_apt,14,L3,takeover,pin_useragent,0.05067567567567568,0.09933774834437085,0.06711409395973154,0.10734017363851618,0.4716677510185798
W2_apt,14,L3,takeover,pin_useragent_core,0.0,0.0,0.0,0.0,0.5
W2_apt,14,L3,takeover,pin_ip_or_useragent,1.0,0.5285714285714286,0.691588785046729,0.20836621941594316,0.8958168902920284
W2_apt,14,L3,takeover,pin_ip_and_useragent,0.05067567567567568,0.16129032258064516,0.07712082262210797,0.06156274664561957,0.49455646451502805
W2_apt,14,L3,takeover,score_distinct_bindings,0.04391891891891892,0.10483870967741936,0.0619047619047619,0.08760852407261246,0.4781551974231532
W2_apt,14,L3,takeover,score_max_request_rate,0.6621621621621622,0.1901066925315228,0.2954031650339111,0.659037095501184,0.5090458947503146
W2_apt,14,L3,takeover,score_burstiness,0.013513513513513514,0.14285714285714285,0.02469135802469136,0.018942383583267563,0.49837213891081295
W2_apt,15,L3,takeover,SICA (proposed),0.006756756756756757,0.06451612903225806,0.012232415902140673,0.022888713496448304,0.8668446959192816
W2_apt,15,L3,takeover,pin_ip,1.0,0.5849802371541502,0.7381546134663342,0.16574585635359115,0.9171270718232044
W2_apt,15,L3,takeover,pin_prefix24,0.037162162162162164,0.09243697478991597,0.05301204819277108,0.08524072612470403,0.4759607180187291
W2_apt,15,L3,takeover,pin_scope16,0.013513513513513514,0.08888888888888889,0.023460410557184754,0.03235990528808208,0.4905768041127157
W2_apt,15,L3,takeover,pin_useragent,0.030405405405405407,0.057692307692307696,0.03982300884955752,0.11602209944751381,0.4571916529789458
W2_apt,15,L3,takeover,pin_useragent_core,0.0,0.0,0.0,0.0,0.5
W2_apt,15,L3,takeover,pin_ip_or_useragent,1.0,0.5077186963979416,0.6734926052332195,0.2265193370165746,0.8867403314917127
W2_apt,15,L3,takeover,pin_ip_and_useragent,0.030405405405405407,0.11392405063291139,0.048,0.055248618784530384,0.4875783933104375
W2_apt,15,L3,takeover,score_distinct_bindings,0.037162162162162164,0.09243697478991597,0.05301204819277108,0.08524072612470403,0.4759607180187291
W2_apt,15,L3,takeover,score_max_request_rate,0.668918918918919,0.19130434782608696,0.2975206611570248,0.6606156274664562,0.5114043601612662
W2_apt,15,L3,takeover,score_burstiness,0.013513513513513514,0.14285714285714285,0.02469135802469136,0.018942383583267563,0.507455363808955
W2_apt,16,L3,takeover,SICA (proposed),0.0064516129032258064,0.05555555555555555,0.011560693641618497,0.02713487629688747,0.879200885616456
W2_apt,16,L3,takeover,pin_ip,1.0,0.6313645621181263,0.7740324594257179,0.14445331205107742,0.9277733439744613
W2_apt,16,L3,takeover,pin_prefix24,0.035483870967741936,0.09322033898305085,0.0514018691588785,0.0853950518754988,0.4750444095461216
W2_apt,16,L3,takeover,pin_scope16,0.016129032258064516,0.09803921568627451,0.027700831024930747,0.03671189146049481,0.48970857039878485
W2_apt,16,L3,takeover,pin_useragent,0.041935483870967745,0.09154929577464789,0.05752212389380531,0.10295291300877893,0.4694912854310944
W2_apt,16,L3,takeover,pin_useragent_core,0.0,0.0,0.0,0.0,0.5
W2_apt,16,L3,takeover,pin_ip_or_useragent,1.0,0.5506216696269982,0.7101947308132874,0.20191540303272146,0.8990422984836393
W2_apt,16,L3,takeover,pin_ip_and_useragent,0.041935483870967745,0.18571428571428572,0.06842105263157895,0.04549082202713488,0.4982223309219164
W2_apt,16,L3,takeover,score_distinct_bindings,0.035483870967741936,0.09322033898305085,0.0514018691588785,0.0853950518754988,0.4750444095461216
W2_apt,16,L3,takeover,score_max_request_rate,0.6193548387096774,0.1871345029239766,0.2874251497005988,0.6656025538707103,0.4854002008083825
W2_apt,16,L3,takeover,score_burstiness,0.0,0.0,0.0,0.020750199521149242,0.46818603094508665
W2_apt,17,L3,takeover,SICA (proposed),0.003105590062111801,0.038461538461538464,0.005747126436781609,0.020145044319097503,0.9012317255669391
W2_apt,17,L3,takeover,pin_ip,1.0,0.6666666666666666,0.8,0.1297340854149879,0.935132957292506
W2_apt,17,L3,takeover,pin_prefix24,0.027950310559006212,0.11842105263157894,0.04522613065326633,0.053988718775181306,0.48698079589191245
W2_apt,17,L3,takeover,pin_scope16,0.012422360248447204,0.16666666666666666,0.023121387283236993,0.016116035455278,0.4981531623965846
W2_apt,17,L3,takeover,pin_useragent,0.031055900621118012,0.07751937984496124,0.044345898004434586,0.0958904109589041,0.46758274483110696
W2_apt,17,L3,takeover,pin_useragent_core,0.0,0.0,0.0,0.0,0.5
W2_apt,17,L3,takeover,pin_ip_or_useragent,1.0,0.5812274368231047,0.7351598173515982,0.18694601128122482,0.9065269943593876
W2_apt,17,L3,takeover,pin_ip_and_useragent,0.031055900621118012,0.1724137931034483,0.052631578947368425,0.038678485092667206,0.4961887077642254
W2_apt,17,L3,takeover,score_distinct_bindings,0.027950310559006212,0.11842105263157894,0.04522613065326633,0.053988718775181306,0.48698079589191245
W2_apt,17,L3,takeover,score_max_request_rate,0.6335403726708074,0.19540229885057472,0.2986822840409956,0.6768734891216761,0.4817218132041381
W2_apt,17,L3,takeover,score_burstiness,0.009316770186335404,0.13636363636363635,0.01744186046511628,0.015310233682514102,0.47238001811802743
W2_apt,18,L3,takeover,SICA (proposed),0.0,0.0,0.0,0.00889967637540453,0.8923181219876686
W2_apt,18,L3,takeover,pin_ip,1.0,0.6566265060240963,0.7927272727272727,0.1383495145631068,0.9308252427184466
W2_apt,18,L3,takeover,pin_prefix24,0.045871559633027525,0.16129032258064516,0.07142857142857144,0.06310679611650485,0.4913823817582613
W2_apt,18,L3,takeover,pin_scope16,0.03058103975535168,0.2127659574468085,0.053475935828877004,0.029935275080906147,0.5003228823372228
W2_apt,18,L3,takeover,pin_useragent,0.05504587155963303,0.13138686131386862,0.07758620689655173,0.09627831715210355,0.47938377720376474
W2_apt,18,L3,takeover,pin_useragent_core,0.0,0.0,0.0,0.0,0.5
W2_apt,18,L3,takeover,pin_ip_or_useragent,1.0,0.5797872340425532,0.734006734006734,0.19174757281553398,0.904126213592233
W2_apt,18,L3,takeover,pin_ip_and_useragent,0.05504587155963303,0.2535211267605634,0.09045226130653267,0.04288025889967637,0.5060828063299784
W2_apt,18,L3,takeover,score_distinct_bindings,0.045871559633027525,0.16129032258064516,0.07142857142857144,0.06310679611650485,0.4913823817582613
W2_apt,18,L3,takeover,score_max_request_rate,0.6636085626911316,0.21027131782945738,0.3193524650478293,0.6593851132686084,0.5064341418999831
W2_apt,18,L3,takeover,score_burstiness,0.009174311926605505,0.125,0.017094017094017096,0.01699029126213592,0.4914838237186148
W2_apt,19,L3,takeover,SICA (proposed),0.003389830508474576,0.02857142857142857,0.006060606060606061,0.026813880126182965,0.862877613217131
W2_apt,19,L3,takeover,pin_ip,1.0,0.5784313725490197,0.732919254658385,0.1695583596214511,0.9152208201892744
W2_apt,19,L3,takeover,pin_prefix24,0.01694915254237288,0.043859649122807015,0.02444987775061125,0.0859621451104101,0.4654935037159814
W2_apt,19,L3,takeover,pin_scope16,0.003389830508474576,0.024390243902439025,0.005952380952380953,0.031545741324921134,0.48592204459177674
W2_apt,19,L3,takeover,pin_useragent,0.04406779661016949,0.09558823529411764,0.06032482598607889,0.09700315457413249,0.4735323210180185
W2_apt,19,L3,takeover,pin_useragent_core,0.0,0.0,0.0,0.0,0.5
W2_apt,19,L3,takeover,pin_ip_or_useragent,1.0,0.5157342657342657,0.6805074971164936,0.21845425867507887,0.8907728706624606
W2_apt,19,L3,takeover,pin_ip_and_useragent,0.04406779661016949,0.17567567567567569,0.07046070460704607,0.04810725552050473,0.4979802705448324
W2_apt,19,L3,takeover,score_distinct_bindings,0.01694915254237288,0.043859649122807015,0.02444987775061125,0.0859621451104101,0.4654935037159814
W2_apt,19,L3,takeover,score_max_request_rate,0.7084745762711865,0.20173745173745175,0.3140495867768595,0.6522082018927445,0.5386194728118484
W2_apt,19,L3,takeover,score_burstiness,0.006779661016949152,0.08,0.012499999999999999,0.018138801261829655,0.49442870127786986
W2_apt,0,L3,concurrent,SICA (proposed),0.012658227848101266,0.4444444444444444,0.024615384615384612,0.00400962309542903,0.9728005440906277
W2_apt,0,L3,concurrent,pin_ip,1.0,0.632,0.7745098039215685,0.1475541299117883,0.9262229350441058
W2_apt,0,L3,concurrent,pin_prefix24,0.09177215189873418,0.25217391304347825,0.1345707656612529,0.06896551724137931,0.5114033173286774
W2_apt,0,L3,concurrent,pin_scope16,0.03481012658227848,0.2682926829268293,0.06162464985994397,0.024057738572574178,0.5053761940048521
W2_apt,0,L3,concurrent,pin_useragent,0.08227848101265822,0.16149068322981366,0.1090146750524109,0.1082598235765838,0.4870093287180372
W2_apt,0,L3,concurrent,pin_useragent_core,0.0,0.0,0.0,0.0,0.5
W2_apt,0,L3,concurrent,pin_ip_or_useragent,1.0,0.5486111111111112,0.7085201793721974,0.20850040096230954,0.8957497995188453
W2_apt,0,L3,concurrent,pin_ip_and_useragent,0.08227848101265822,0.3058823529411765,0.12967581047381546,0.04731355252606255,0.5174824642432978
W2_apt,0,L3,concurrent,score_distinct_bindings,0.09177215189873418,0.25217391304347825,0.1345707656612529,0.06896551724137931,0.5114033173286774
W2_apt,0,L3,concurrent,score_max_request_rate,0.6392405063291139,0.19745845552297164,0.30171769977595225,0.6583801122694467,0.5096776567559611
W2_apt,0,L3,concurrent,score_burstiness,0.0031645569620253164,0.034482758620689655,0.0057971014492753615,0.022453889334402566,0.4547293250636972
W2_apt,1,L3,concurrent,SICA (proposed),0.052083333333333336,0.38461538461538464,0.09174311926605505,0.018823529411764704,0.965427559912854
W2_apt,1,L3,concurrent,pin_ip,1.0,0.5783132530120482,0.7328244274809159,0.16470588235294117,0.9176470588235294
W2_apt,1,L3,concurrent,pin_prefix24,0.10069444444444445,0.20863309352517986,0.13583138173302106,0.08627450980392157,0.5072099673202615
W2_apt,1,L3,concurrent,pin_scope16,0.052083333333333336,0.26785714285714285,0.08720930232558141,0.03215686274509804,0.5099632352941177
W2_apt,1,L3,concurrent,pin_useragent,0.13194444444444445,0.2331288343558282,0.16851441241685144,0.09803921568627451,0.516952614379085
W2_apt,1,L3,concurrent,pin_useragent_core,0.0,0.0,0.0,0.0,0.5
W2_apt,1,L3,concurrent,pin_ip_or_useragent,1.0,0.526508226691042,0.689820359281437,0.20313725490196077,0.8984313725490196
W2_apt,1,L3,concurrent,pin_ip_and_useragent,0.13194444444444445,0.3333333333333333,0.1890547263681592,0.0596078431372549,0.5361683006535948
W2_apt,1,L3,concurrent,score_distinct_bindings,0.10069444444444445,0.20863309352517986,0.13583138173302106,0.08627450980392157,0.5072099673202615
W2_apt,1,L3,concurrent,score_max_request_rate,0.6111111111111112,0.17254901960784313,0.2691131498470948,0.6619607843137255,0.5007135076252723
W2_apt,1,L3,concurrent,score_burstiness,0.003472222222222222,0.03571428571428571,0.006329113924050633,0.021176470588235293,0.46256399782135077
W2_apt,2,L3,concurrent,SICA (proposed),0.05517241379310345,0.3902439024390244,0.09667673716012083,0.019638648860958365,0.9687569412465802
W2_apt,2,L3,concurrent,pin_ip,1.0,0.6263498920086393,0.7702523240371847,0.1358994501178319,0.9320502749410841
W2_apt,2,L3,concurrent,pin_prefix24,0.07241379310344828,0.19626168224299065,0.1057934508816121,0.06755695208169678,0.5024284205108758
W2_apt,2,L3,concurrent,pin_scope16,0.03793103448275862,0.2682926829268293,0.06646525679758307,0.02356637863315004,0.5071823279248043
W2_apt,2,L3,concurrent,pin_useragent,0.1206896551724138,0.22151898734177214,0.15625,0.09662215239591516,0.5120337513882494
W2_apt,2,L3,concurrent,pin_useragent_core,0.0,0.0,0.0,0.0,0.5
W2_apt,2,L3,concurrent,pin_ip_or_useragent,1.0,0.5461393596986818,0.7064555420219245,0.18931657501963864,0.9053417124901807
W2_apt,2,L3,concurrent,pin_ip_and_useragent,0.1206896551724138,0.3888888888888889,0.1842105263157895,0.04320502749410841,0.5387423138391527
W2_apt,2,L3,concurrent,score_distinct_bindings,0.07241379310344828,0.19626168224299065,0.1057934508816121,0.06755695208169678,0.5024284205108758
W2_apt,2,L3,concurrent,score_max_request_rate,0.6413793103448275,0.1830708661417323,0.28483920367534454,0.6520031421838177,0.5217691036649782
W2_apt,2,L3,concurrent,score_burstiness,0.0,0.0,0.0,0.02199528672427337,0.45981119809301946
W2_apt,3,L3,concurrent,SICA (proposed),0.007017543859649123,0.1111111111111111,0.013201320132013201,0.012519561815336464,0.9559426735853719
W2_apt,3,L3,concurrent,pin_ip,1.0,0.5876288659793815,0.7402597402597402,0.1564945226917058,0.9217527386541471
W2_apt,3,L3,concurrent,pin_prefix24,0.0456140350877193,0.11504424778761062,0.06532663316582915,0.0782472613458529,0.4836833868709332
W2_apt,3,L3,concurrent,pin_scope16,0.007017543859649123,0.04,0.011940298507462687,0.03755868544600939,0.4847294292068199
W2_apt,3,L3,concurrent,pin_useragent,0.10175438596491228,0.19594594594594594,0.13394919168591224,0.09311424100156494,0.5043200724816737
W2_apt,3,L3,concurrent,pin_useragent_core,0.0,0.0,0.0,0.0,0.5
W2_apt,3,L3,concurrent,pin_ip_or_useragent,1.0,0.5277777777777778,0.6909090909090909,0.19953051643192488,0.9002347417840375
W2_apt,3,L3,concurrent,pin_ip_and_useragent,0.10175438596491228,0.3118279569892473,0.15343915343915343,0.050078247261345854,0.5258380693517832
W2_apt,3,L3,concurrent,score_distinct_bindings,0.0456140350877193,0.11504424778761062,0.06532663316582915,0.0782472613458529,0.4836833868709332
W2_apt,3,L3,concurrent,score_max_request_rate,0.5578947368421052,0.15947843530591777,0.24804992199687986,0.6557120500782473,0.49146143920050517
W2_apt,3,L3,concurrent,score_burstiness,0.007017543859649123,0.06896551724137931,0.012738853503184714,0.02112676056338028,0.4432624989704308
W2_apt,4,L3,concurrent,SICA (proposed),0.05802047781569966,0.3148148148148148,0.09798270893371759,0.029133858267716535,0.9598304264867915
W2_apt,4,L3,concurrent,pin_ip,1.0,0.5979591836734693,0.7484035759897829,0.15511811023622046,0.9224409448818898
W2_apt,4,L3,concurrent,pin_prefix24,0.06825938566552901,0.15748031496062992,0.09523809523809523,0.08425196850393701,0.492003708580796
W2_apt,4,L3,concurrent,pin_scope16,0.023890784982935155,0.14893617021276595,0.0411764705882353,0.031496062992125984,0.49619736099540457
W2_apt,4,L3,concurrent,pin_useragent,0.06825938566552901,0.13793103448275862,0.091324200913242,0.0984251968503937,0.48491709440756764
W2_apt,4,L3,concurrent,pin_useragent_core,0.0,0.0,0.0,0.0,0.5
W2_apt,4,L3,concurrent,pin_ip_or_useragent,1.0,0.526032315978456,0.6894117647058823,0.2078740157480315,0.8960629921259843
W2_apt,4,L3,concurrent,pin_ip_and_useragent,0.06825938566552901,0.2564102564102564,0.1078167115902965,0.04566929133858268,0.5112950471634732
W2_apt,4,L3,concurrent,score_distinct_bindings,0.06825938566552901,0.15748031496062992,0.09523809523809523,0.08425196850393701,0.492003708580796
W2_apt,4,L3,concurrent,score_max_request_rate,0.6484641638225256,0.18627450980392157,0.2894135567402894,0.6535433070866141,0.5235669560076321
W2_apt,4,L3,concurrent,score_burstiness,0.006825938566552901,0.09090909090909091,0.012698412698412698,0.015748031496062992,0.48525301658111847
W2_apt,5,L3,concurrent,SICA (proposed),0.041379310344827586,0.3157894736842105,0.07317073170731707,0.0204241948153967,0.9495083565836877
W2_apt,5,L3,concurrent,pin_ip,1.0,0.5930470347648262,0.7445442875481387,0.1563236449332286,0.9218381775333857
W2_apt,5,L3,concurrent,pin_prefix24,0.08275862068965517,0.21238938053097345,0.11910669975186104,0.06991358994501179,0.5064225153723217
W2_apt,5,L3,concurrent,pin_scope16,0.03103448275862069,0.21428571428571427,0.05421686746987951,0.025923016496465043,0.5025557331310778
W2_apt,5,L3,concurrent,pin_useragent,0.09310344827586207,0.16071428571428573,0.11790393013100438,0.11076197957580518,0.49117073435002845
W2_apt,5,L3,concurrent,pin_useragent_core,0.0,0.0,0.0,0.0,0.5
W2_apt,5,L3,concurrent,pin_ip_or_useragent,1.0,0.5234657039711191,0.6872037914691944,0.20738413197172034,0.8963079340141398
W2_apt,5,L3,concurrent,pin_ip_and_useragent,0.09310344827586207,0.2621359223300971,0.13740458015267173,0.05970149253731343,0.5167009778692743
W2_apt,5,L3,concurrent,score_distinct_bindings,0.08275862068965517,0.21238938053097345,0.11910669975186104,0.06991358994501179,0.5064225153723217
W2_apt,5,L3,concurrent,score_max_request_rate,0.6344827586206897,0.18363273453093812,0.2848297213622291,0.6425765907305577,0.5257455914619281
W2_apt,5,L3,concurrent,score_burstiness,0.0034482758620689655,0.034482758620689655,0.006269592476489028,0.02199528672427337,0.4803329089579327
W2_apt,6,L3,concurrent,SICA (proposed),0.012944983818770227,0.19047619047619047,0.024242424242424242,0.013556618819776715,0.9568771516906417
W2_apt,6,L3,concurrent,pin_ip,1.0,0.6229838709677419,0.7677018633540372,0.14912280701754385,0.9254385964912281
W2_apt,6,L3,concurrent,pin_prefix24,0.08090614886731391,0.1937984496124031,0.1141552511415525,0.08293460925039872,0.4989857698084576
W2_apt,6,L3,concurrent,pin_scope16,0.032362459546925564,0.20408163265306123,0.05586592178770949,0.03110047846889952,0.500630990539013
W2_apt,6,L3,concurrent,pin_useragent,0.0970873786407767,0.1910828025477707,0.12875536480686695,0.10127591706539076,0.49790573078769296
W2_apt,6,L3,concurrent,pin_useragent_core,0.0,0.0,0.0,0.0,0.5
W2_apt,6,L3,concurrent,pin_ip_or_useragent,1.0,0.5392670157068062,0.7006802721088435,0.21052631578947367,0.8947368421052632
W2_apt,6,L3,concurrent,pin_ip_and_useragent,0.0970873786407767,0.375,0.15424164524421594,0.03987240829346093,0.5286074851736579
W2_apt,6,L3,concurrent,score_distinct_bindings,0.08090614886731391,0.1937984496124031,0.1141552511415525,0.08293460925039872,0.4989857698084576
W2_apt,6,L3,concurrent,score_max_request_rate,0.6051779935275081,0.18606965174129353,0.28462709284627097,0.6523125996810207,0.5006890571530326
W2_apt,6,L3,concurrent,score_burstiness,0.0,0.0,0.0,0.019936204146730464,0.45175954744171404
W2_apt,7,L3,concurrent,SICA (proposed),0.036544850498338874,0.3055555555555556,0.06528189910979229,0.019809825673534072,0.9656362047269798
W2_apt,7,L3,concurrent,pin_ip,1.0,0.6257796257796258,0.7698209718670077,0.14263074484944532,0.9286846275752774
W2_apt,7,L3,concurrent,pin_prefix24,0.06312292358803986,0.17272727272727273,0.09245742092457421,0.07210776545166403,0.49550757906818793
W2_apt,7,L3,concurrent,pin_scope16,0.023255813953488372,0.15555555555555556,0.04046242774566474,0.030110935023771792,0.4965724394648583
W2_apt,7,L3,concurrent,pin_useragent,0.07973421926910298,0.16216216216216217,0.10690423162583519,0.098256735340729,0.490738741964187
W2_apt,7,L3,concurrent,pin_useragent_core,0.0,0.0,0.0,0.0,0.5
W2_apt,7,L3,concurrent,pin_ip_or_useragent,1.0,0.5482695810564663,0.708235294117647,0.196513470681458,0.901743264659271
W2_apt,7,L3,concurrent,pin_ip_and_useragent,0.07973421926910298,0.3,0.12598425196850394,0.044374009508716325,0.5176801048801933
W2_apt,7,L3,concurrent,score_distinct_bindings,0.06312292358803986,0.17272727272727273,0.09245742092457421,0.07210776545166403,0.49550757906818793
W2_apt,7,L3,concurrent,score_max_request_rate,0.6677740863787376,0.19705882352941176,0.30431491294473884,0.6489698890649762,0.5249985521057647
W2_apt,7,L3,concurrent,score_burstiness,0.009966777408637873,0.10344827586206896,0.018181818181818184,0.020602218700475437,0.4872466843222012
W2_apt,8,L3,concurrent,SICA (proposed),0.021352313167259787,0.16666666666666666,0.037854889589905356,0.0234009360374415,0.9645002526079691
W2_apt,8,L3,concurrent,pin_ip,1.0,0.6175824175824176,0.7635869565217391,0.1357254290171607,0.9321372854914196
W2_apt,8,L3,concurrent,pin_prefix24,0.046263345195729534,0.12871287128712872,0.06806282722513088,0.0686427457098284,0.4888102997429506
W2_apt,8,L3,concurrent,pin_scope16,0.017793594306049824,0.14285714285714285,0.03164556962025317,0.0234009360374415,0.49719632913430417
W2_apt,8,L3,concurrent,pin_useragent,0.06761565836298933,0.14615384615384616,0.09245742092457421,0.08658346333853355,0.4905160975122279
W2_apt,8,L3,concurrent,pin_useragent_core,0.0,0.0,0.0,0.0,0.5
W2_apt,8,L3,concurrent,pin_ip_or_useragent,1.0,0.5445736434108527,0.7051442910915934,0.18330733229329174,0.9083463338533542
W2_apt,8,L3,concurrent,pin_ip_and_useragent,0.06761565836298933,0.2753623188405797,0.10857142857142858,0.0390015600624025,0.5143070491502935
W2_apt,8,L3,concurrent,score_distinct_bindings,0.046263345195729534,0.12871287128712872,0.06806282722513088,0.0686427457098284,0.4888102997429506
W2_apt,8,L3,concurrent,score_max_request_rate,0.597864768683274,0.1683366733466934,0.2627052384675527,0.6474258970358814,0.4991824939901511
W2_apt,8,L3,concurrent,score_burstiness,0.0035587188612099642,0.038461538461538464,0.006514657980456025,0.01950078003120125,0.44111042021752045
W2_apt,9,L3,concurrent,SICA (proposed),0.028125,0.28125,0.05113636363636363,0.01850362027353178,0.9678813857602574
W2_apt,9,L3,concurrent,pin_ip,1.0,0.6237816764132553,0.7683073229291716,0.15526950925181013,0.9223652453740949
W2_apt,9,L3,concurrent,pin_prefix24,0.053125,0.1827956989247312,0.08232445520581112,0.061142397425583264,0.49599130128720836
W2_apt,9,L3,concurrent,pin_scope16,0.015625,0.16666666666666666,0.02857142857142857,0.02011263073209976,0.4977561846339501
W2_apt,9,L3,concurrent,pin_useragent,0.09375,0.1875,0.125,0.10458567980691874,0.4945821600965406
W2_apt,9,L3,concurrent,pin_useragent_core,0.0,0.0,0.0,0.0,0.5
W2_apt,9,L3,concurrent,pin_ip_or_useragent,1.0,0.5584642233856894,0.7166853303471444,0.20353982300884957,0.8982300884955752
W2_apt,9,L3,concurrent,pin_ip_and_useragent,0.09375,0.3,0.14285714285714285,0.05631536604987932,0.5187173169750603
W2_apt,9,L3,concurrent,score_distinct_bindings,0.053125,0.1827956989247312,0.08232445520581112,0.061142397425583264,0.49599130128720836
W2_apt,9,L3,concurrent,score_max_request_rate,0.625,0.1949317738791423,0.2971768202080238,0.6645213193885761,0.5011627614641995
W2_apt,9,L3,concurrent,score_burstiness,0.00625,0.06896551724137931,0.011461318051575931,0.02172164119066774,0.45273280370072405
W2_apt,10,L3,concurrent,SICA (proposed),0.04332129963898917,0.36363636363636365,0.07741935483870968,0.016329704510108865,0.9742323607188775
W2_apt,10,L3,concurrent,pin_ip,1.0,0.6155555555555555,0.7620357634112792,0.13452566096423016,0.9327371695178849
W2_apt,10,L3,concurrent,pin_prefix24,0.061371841155234655,0.17346938775510204,0.09066666666666665,0.06298600311041991,0.49919291902240737
W2_apt,10,L3,concurrent,pin_scope16,0.021660649819494584,0.18181818181818182,0.03870967741935484,0.020995334370139968,0.5003326577246773
W2_apt,10,L3,concurrent,pin_useragent,0.08664259927797834,0.15894039735099338,0.11214953271028037,0.09875583203732503,0.49394338362032664
W2_apt,10,L3,concurrent,pin_useragent_core,0.0,0.0,0.0,0.0,0.5
W2_apt,10,L3,concurrent,pin_ip_or_useragent,1.0,0.5399610136452242,0.7012658227848102,0.18351477449455678,0.9082426127527217
W2_apt,10,L3,concurrent,pin_ip_and_useragent,0.08664259927797834,0.2727272727272727,0.13150684931506848,0.049766718506998445,0.51843794038549
W2_apt,10,L3,concurrent,score_distinct_bindings,0.061371841155234655,0.17346938775510204,0.09066666666666665,0.06298600311041991,0.49919291902240737
W2_apt,10,L3,concurrent,score_max_request_rate,0.6678700361010831,0.17926356589147288,0.28265851795263564,0.6586314152410575,0.5269775589379656
W2_apt,10,L3,concurrent,score_burstiness,0.0036101083032490976,0.03333333333333333,0.006514657980456026,0.02255054432348367,0.4898237615868756
W2_apt,11,L3,concurrent,SICA (proposed),0.034129692832764506,0.24390243902439024,0.05988023952095809,0.024409448818897637,0.9663338797667357
W2_apt,11,L3,concurrent,pin_ip,1.0,0.628755364806867,0.772068511198946,0.13622047244094487,0.9318897637795276
W2_apt,11,L3,concurrent,pin_prefix24,0.06143344709897611,0.17307692307692307,0.0906801007556675,0.06771653543307087,0.49685845583295263
W2_apt,11,L3,concurrent,pin_scope16,0.03754266211604096,0.25,0.06528189910979229,0.025984251968503937,0.5057792050737685
W2_apt,11,L3,concurrent,pin_useragent,0.08191126279863481,0.15894039735099338,0.1081081081081081,0.1,0.4909556313993174
W2_apt,11,L3,concurrent,pin_useragent_core,0.0,0.0,0.0,0.0,0.5
W2_apt,11,L3,concurrent,pin_ip_or_useragent,1.0,0.5425925925925926,0.7034813925570228,0.19448818897637796,0.9027559055118111
W2_apt,11,L3,concurrent,pin_ip_and_useragent,0.08191126279863481,0.3116883116883117,0.12972972972972974,0.04173228346456693,0.5200894896670339
W2_apt,11,L3,concurrent,score_distinct_bindings,0.06143344709897611,0.17307692307692307,0.0906801007556675,0.06771653543307087,0.49685845583295263
W2_apt,11,L3,concurrent,score_max_request_rate,0.6382252559726962,0.18533201189296333,0.2872503840245776,0.647244094488189,0.5227835854989116
W2_apt,11,L3,concurrent,score_burstiness,0.0,0.0,0.0,0.02283464566929134,0.46648840396656904
W2_apt,12,L3,concurrent,SICA (proposed),0.03333333333333333,0.3225806451612903,0.060422960725075525,0.0166270783847981,0.9669121140142518
W2_apt,12,L3,concurrent,pin_ip,1.0,0.625,0.7692307692307693,0.14251781472684086,0.9287410926365796
W2_apt,12,L3,concurrent,pin_prefix24,0.07333333333333333,0.205607476635514,0.10810810810810811,0.06730007917656373,0.5030166270783848
W2_apt,12,L3,concurrent,pin_scope16,0.043333333333333335,0.23636363636363636,0.07323943661971831,0.0332541567695962,0.5050395882818686
W2_apt,12,L3,concurrent,pin_useragent,0.056666666666666664,0.12781954887218044,0.07852193995381061,0.09184481393507522,0.48241092636579574
W2_apt,12,L3,concurrent,pin_useragent_core,0.0,0.0,0.0,0.0,0.5
W2_apt,12,L3,concurrent,pin_ip_or_useragent,1.0,0.5565862708719852,0.7151370679380216,0.1892319873317498,0.9053840063341251
W2_apt,12,L3,concurrent,pin_ip_and_useragent,0.056666666666666664,0.22972972972972974,0.09090909090909091,0.04513064133016627,0.5057680126682502
W2_apt,12,L3,concurrent,score_distinct_bindings,0.07333333333333333,0.205607476635514,0.10810810810810811,0.06730007917656373,0.5030166270783848
W2_apt,12,L3,concurrent,score_max_request_rate,0.6033333333333334,0.18081918081918083,0.2782475019215988,0.6492478226444972,0.49915149115861707
W2_apt,12,L3,concurrent,score_burstiness,0.0033333333333333335,0.038461538461538464,0.006134969325153375,0.01979414093428345,0.4574267616785431
W2_apt,13,L3,concurrent,SICA (proposed),0.05017921146953405,0.32558139534883723,0.08695652173913043,0.022585669781931463,0.9642930917049096
W2_apt,13,L3,concurrent,pin_ip,1.0,0.6012931034482759,0.7510094212651414,0.1440809968847352,0.9279595015576324
W2_apt,13,L3,concurrent,pin_prefix24,0.06810035842293907,0.168141592920354,0.09693877551020409,0.07320872274143302,0.49744581784075304
W2_apt,13,L3,concurrent,pin_scope16,0.025089605734767026,0.14583333333333334,0.04281345565749236,0.031931464174454825,0.4965790707801561
W2_apt,13,L3,concurrent,pin_useragent,0.1039426523297491,0.2248062015503876,0.14215686274509803,0.0778816199376947,0.5130305161960272
W2_apt,13,L3,concurrent,pin_useragent_core,0.0,0.0,0.0,0.0,0.5
W2_apt,13,L3,concurrent,pin_ip_or_useragent,1.0,0.5386100386100386,0.7001254705144292,0.18613707165109034,0.9069314641744548
W2_apt,13,L3,concurrent,pin_ip_and_useragent,0.1039426523297491,0.38666666666666666,0.16384180790960454,0.03582554517133956,0.5340585535792047
W2_apt,13,L3,concurrent,score_distinct_bindings,0.06810035842293907,0.168141592920354,0.09693877551020409,0.07320872274143302,0.49744581784075304
W2_apt,13,L3,concurrent,score_max_request_rate,0.5985663082437276,0.16600397614314116,0.25992217898832687,0.6534267912772586,0.4971820252570931
W2_apt,13,L3,concurrent,score_burstiness,0.0035842293906810036,0.038461538461538464,0.006557377049180328,0.019470404984423675,0.44358746747953864
W2_apt,14,L3,concurrent,SICA (proposed),0.022058823529411766,0.3157894736842105,0.04123711340206186,0.010069713400464756,0.9684894290791453
W2_apt,14,L3,concurrent,pin_ip,1.0,0.5631469979296067,0.7205298013245033,0.16343919442292795,0.9182804027885361
W2_apt,14,L3,concurrent,pin_prefix24,0.07720588235294118,0.15441176470588236,0.10294117647058823,0.08907823392718822,0.4940638242128765
W2_apt,14,L3,concurrent,pin_scope16,0.04044117647058824,0.171875,0.06547619047619048,0.041053446940356314,0.49969386476511596
W2_apt,14,L3,concurrent,pin_useragent,0.11764705882352941,0.18823529411764706,0.14479638009049772,0.10689388071262587,0.5053765890554518
W2_apt,14,L3,concurrent,pin_useragent_core,0.0,0.0,0.0,0.0,0.5
W2_apt,14,L3,concurrent,pin_ip_or_useragent,1.0,0.5018450184501845,0.6683046683046683,0.209140201394268,0.895429899302866
W2_apt,14,L3,concurrent,pin_ip_and_useragent,0.11764705882352941,0.2882882882882883,0.16710182767624024,0.061192873741285826,0.5282270925411218
W2_apt,14,L3,concurrent,score_distinct_bindings,0.07720588235294118,0.15441176470588236,0.10294117647058823,0.08907823392718822,0.4940638242128765
W2_apt,14,L3,concurrent,score_max_request_rate,0.6286764705882353,0.16913946587537093,0.2665627435697584,0.6506584043377227,0.5147941632113728
W2_apt,14,L3,concurrent,score_burstiness,0.011029411764705883,0.1,0.019867549668874173,0.020914020139426802,0.44919009431813006
W2_apt,15,L3,concurrent,SICA (proposed),0.03914590747330961,0.275,0.06853582554517135,0.02262090483619345,0.9661657996568973
W2_apt,15,L3,concurrent,pin_ip,1.0,0.5711382113821138,0.7270375161707632,0.16458658346333854,0.9177067082683308
W2_apt,15,L3,concurrent,pin_prefix24,0.06761565836298933,0.1484375,0.09290953545232274,0.08502340093603744,0.49129612871347594
W2_apt,15,L3,concurrent,pin_scope16,0.017793594306049824,0.10638297872340426,0.030487804878048783,0.0327613104524181,0.49251614192681586
W2_apt,15,L3,concurrent,pin_useragent,0.08540925266903915,0.13953488372093023,0.10596026490066225,0.11544461778471139,0.48498231744216386
W2_apt,15,L3,concurrent,pin_useragent_core,0.0,0.0,0.0,0.0,0.5
W2_apt,15,L3,concurrent,pin_ip_or_useragent,1.0,0.4938488576449912,0.6611764705882353,0.22464898595943839,0.8876755070202809
W2_apt,15,L3,concurrent,pin_ip_and_useragent,0.08540925266903915,0.25263157894736843,0.1276595744680851,0.05538221528861154,0.5150135186902138
W2_apt,15,L3,concurrent,score_distinct_bindings,0.06761565836298933,0.1484375,0.09290953545232274,0.08502340093603744,0.49129612871347594
W2_apt,15,L3,concurrent,score_max_request_rate,0.6334519572953736,0.1743388834476004,0.27342549923195086,0.6575663026521061,0.5087468979186214
W2_apt,15,L3,concurrent,score_burstiness,0.0,0.0,0.0,0.01950078003120125,0.47612299509773987
W2_apt,16,L3,concurrent,SICA (proposed),0.05154639175257732,0.30612244897959184,0.08823529411764705,0.026729559748427674,0.9643052043484839
W2_apt,16,L3,concurrent,pin_ip,1.0,0.6126315789473684,0.7597911227154047,0.14465408805031446,0.9276729559748428
W2_apt,16,L3,concurrent,pin_prefix24,0.0859106529209622,0.1865671641791045,0.11764705882352942,0.08569182389937106,0.5001094145107956
W2_apt,16,L3,concurrent,pin_scope16,0.030927835051546393,0.16071428571428573,0.05187319884726225,0.036949685534591194,0.4969890747584776
W2_apt,16,L3,concurrent,pin_useragent,0.09621993127147767,0.1761006289308176,0.12444444444444443,0.1029874213836478,0.4966162549439149
W2_apt,16,L3,concurrent,pin_useragent_core,0.0,0.0,0.0,0.0,0.5
W2_apt,16,L3,concurrent,pin_ip_or_useragent,1.0,0.5319926873857403,0.6945107398568019,0.20125786163522014,0.89937106918239
W2_apt,16,L3,concurrent,pin_ip_and_useragent,0.09621993127147767,0.3218390804597701,0.14814814814814814,0.046383647798742135,0.5249181417363677
W2_apt,16,L3,concurrent,score_distinct_bindings,0.0859106529209622,0.1865671641791045,0.11764705882352942,0.08569182389937106,0.5001094145107956
W2_apt,16,L3,concurrent,score_max_request_rate,0.570446735395189,0.16517412935323383,0.25617283950617287,0.6595911949685535,0.48513718688538765
W2_apt,16,L3,concurrent,score_burstiness,0.006872852233676976,0.06896551724137931,0.012499999999999999,0.02122641509433962,0.423852903672005
W2_apt,17,L3,concurrent,SICA (proposed),0.05333333333333334,0.3902439024390244,0.09384164222873902,0.01979414093428345,0.9708814990762734
W2_apt,17,L3,concurrent,pin_ip,1.0,0.6479481641468683,0.7863695937090432,0.1290577988915281,0.935471100554236
W2_apt,17,L3,concurrent,pin_prefix24,0.08333333333333333,0.2717391304347826,0.12755102040816327,0.05304829770387965,0.5151425178147269
W2_apt,17,L3,concurrent,pin_scope16,0.02666666666666667,0.2857142857142857,0.04878048780487805,0.01583531274742676,0.50541567695962
W2_apt,17,L3,concurrent,pin_useragent,0.08,0.16666666666666666,0.10810810810810811,0.09501187648456057,0.4924940617577197
W2_apt,17,L3,concurrent,pin_useragent_core,0.0,0.0,0.0,0.0,0.5
W2_apt,17,L3,concurrent,pin_ip_or_useragent,1.0,0.5607476635514018,0.7185628742514969,0.18606492478226444,0.9069675376088677
W2_apt,17,L3,concurrent,pin_ip_and_useragent,0.08,0.3333333333333333,0.12903225806451613,0.03800475059382423,0.5209976247030879
W2_apt,17,L3,concurrent,score_distinct_bindings,0.08333333333333333,0.2717391304347826,0.12755102040816327,0.05304829770387965,0.5151425178147269
W2_apt,17,L3,concurrent,score_max_request_rate,0.6433333333333333,0.1859344894026975,0.28849028400597904,0.6690419635787807,0.5051398785959356
W2_apt,17,L3,concurrent,score_burstiness,0.006666666666666667,0.08695652173913043,0.012383900928792569,0.0166270783847981,0.4612021641594088
W2_apt,18,L3,concurrent,SICA (proposed),0.042071197411003236,0.5416666666666666,0.07807807807807808,0.008771929824561403,0.9704247379260154
W2_apt,18,L3,concurrent,pin_ip,1.0,0.6410788381742739,0.7812895069532239,0.1379585326953748,0.9310207336523126
W2_apt,18,L3,concurrent,pin_prefix24,0.08414239482200647,0.24528301886792453,0.1253012048192771,0.06379585326953748,0.5101732707762345
W2_apt,18,L3,concurrent,pin_scope16,0.05177993527508091,0.3018867924528302,0.08839779005524862,0.029505582137161084,0.51113717656896
W2_apt,18,L3,concurrent,pin_useragent,0.0970873786407767,0.20134228187919462,0.13100436681222707,0.094896331738437,0.5010955234511698
W2_apt,18,L3,concurrent,pin_useragent_core,0.0,0.0,0.0,0.0,0.5
W2_apt,18,L3,concurrent,pin_ip_or_useragent,1.0,0.5638686131386861,0.7211201866977829,0.19059011164274323,0.9047049441786283
W2_apt,18,L3,concurrent,pin_ip_and_useragent,0.0970873786407767,0.3614457831325301,0.15306122448979592,0.04226475279106858,0.5274113129248541
W2_apt,18,L3,concurrent,score_distinct_bindings,0.08414239482200647,0.24528301886792453,0.1253012048192771,0.06379585326953748,0.5101732707762345
W2_apt,18,L3,concurrent,score_max_request_rate,0.6181229773462783,0.18873517786561264,0.28917486752460253,0.6547049441786283,0.5017200621441807
W2_apt,18,L3,concurrent,score_burstiness,0.006472491909385114,0.08695652173913043,0.012048192771084336,0.01674641148325359,0.45851592057519497
W2_apt,19,L3,concurrent,SICA (proposed),0.028268551236749116,0.19047619047619047,0.049230769230769224,0.0265625,0.9585564818904594
W2_apt,19,L3,concurrent,pin_ip,1.0,0.5637450199203188,0.7210191082802548,0.17109375,0.914453125
W2_apt,19,L3,concurrent,pin_prefix24,0.04946996466431095,0.11290322580645161,0.0687960687960688,0.0859375,0.4817662323321555
W2_apt,19,L3,concurrent,pin_scope16,0.02120141342756184,0.13043478260869565,0.0364741641337386,0.03125,0.49497570671378094
W2_apt,19,L3,concurrent,pin_useragent,0.0636042402826855,0.1258741258741259,0.08450704225352111,0.09765625,0.48297399514134276
W2_apt,19,L3,concurrent,pin_useragent_core,0.0,0.0,0.0,0.0,0.5
W2_apt,19,L3,concurrent,pin_ip_or_useragent,1.0,0.5008849557522124,0.6674528301886792,0.2203125,0.88984375
W2_apt,19,L3,concurrent,pin_ip_and_useragent,0.0636042402826855,0.225,0.09917355371900825,0.0484375,0.5075833701413428
W2_apt,19,L3,concurrent,score_distinct_bindings,0.04946996466431095,0.11290322580645161,0.0687960687960688,0.0859375,0.4817662323321555
W2_apt,19,L3,concurrent,score_max_request_rate,0.6607773851590106,0.18387413962635202,0.2876923076923077,0.6484375,0.5275397526501767
W2_apt,19,L3,concurrent,score_burstiness,0.0,0.0,0.0,0.01796875,0.4568435291519435
W2_apt,0,L4,takeover,SICA (proposed),0.00909090909090909,0.375,0.01775147928994083,0.0040551500405515,0.46858241785249083
W2_apt,0,L4,takeover,pin_ip,0.07575757575757576,0.12135922330097088,0.09328358208955224,0.1467964314679643,0.4644805721448057
W2_apt,0,L4,takeover,pin_prefix24,0.02727272727272727,0.0967741935483871,0.04255319148936171,0.0681265206812652,0.47957310329573105
W2_apt,0,L4,takeover,pin_scope16,0.00909090909090909,0.09090909090909091,0.016528925619834708,0.024330900243309004,0.49238000442380003
W2_apt,0,L4,takeover,pin_useragent,0.045454545454545456,0.10135135135135136,0.06276150627615064,0.10786699107866991,0.4687937771879378
W2_apt,0,L4,takeover,pin_useragent_core,0.0,0.0,0.0,0.0,0.5
W2_apt,0,L4,takeover,pin_ip_or_useragent,0.08787878787878788,0.10175438596491228,0.09430894308943089,0.20762368207623683,0.44012755290127553
W2_apt,0,L4,takeover,pin_ip_and_useragent,0.03333333333333333,0.15942028985507245,0.055137844611528826,0.047039740470397405,0.49314679643146797
W2_apt,0,L4,takeover,score_distinct_bindings,0.02727272727272727,0.0967741935483871,0.04255319148936171,0.0681265206812652,0.47957310329573105
W2_apt,0,L4,takeover,score_max_request_rate,0.6727272727272727,0.2132564841498559,0.32385120350109414,0.6642335766423357,0.5088562019218954
W2_apt,0,L4,takeover,score_burstiness,0.0,0.0,0.0,0.0227088402270884,0.49413354960800215
W2_apt,1,L4,takeover,SICA (proposed),0.04,0.3333333333333333,0.07142857142857142,0.019002375296912115,0.45527579836368437
W2_apt,1,L4,takeover,pin_ip,0.06666666666666667,0.08771929824561403,0.07575757575757576,0.16468725257323832,0.45098970704671415
W2_apt,1,L4,takeover,pin_prefix24,0.04,0.09917355371900827,0.05700712589073634,0.08630245447347586,0.4768487727632621
W2_apt,1,L4,takeover,pin_scope16,0.023333333333333334,0.14583333333333334,0.040229885057471264,0.03246239113222486,0.49543547110055425
W2_apt,1,L4,takeover,pin_useragent,0.05333333333333334,0.11428571428571428,0.07272727272727274,0.09817893903404593,0.4775771971496437
W2_apt,1,L4,takeover,pin_useragent_core,0.0,0.0,0.0,0.0,0.5
W2_apt,1,L4,takeover,pin_ip_or_useragent,0.08666666666666667,0.09187279151943463,0.08919382504288166,0.2034837688044339,0.4415914489311164
W2_apt,1,L4,takeover,pin_ip_and_useragent,0.03333333333333333,0.11764705882352941,0.05194805194805195,0.05938242280285035,0.4869754552652415
W2_apt,1,L4,takeover,score_distinct_bindings,0.04,0.09917355371900827,0.05700712589073634,0.08630245447347586,0.4768487727632621
W2_apt,1,L4,takeover,score_max_request_rate,0.6533333333333333,0.1895551257253385,0.2938530734632684,0.6634996041171813,0.5001253628925838
W2_apt,1,L4,takeover,score_burstiness,0.006666666666666667,0.07142857142857142,0.012195121951219513,0.02058590657165479,0.48094088149907627
W2_apt,2,L4,takeover,SICA (proposed),0.042483660130718956,0.34210526315789475,0.0755813953488372,0.01988862370723946,0.4802868641490009
W2_apt,2,L4,takeover,pin_ip,0.08823529411764706,0.13636363636363635,0.10714285714285714,0.1360381861575179,0.47609855398006456
W2_apt,2,L4,takeover,pin_prefix24,0.042483660130718956,0.13131313131313133,0.06419753086419754,0.06841686555290374,0.4870333972889076
W2_apt,2,L4,takeover,pin_scope16,0.0196078431372549,0.16666666666666666,0.03508771929824561,0.02386634844868735,0.49787074734428377
W2_apt,2,L4,takeover,pin_useragent,0.05555555555555555,0.12142857142857143,0.07623318385650224,0.09785202863961814,0.4788517634579687
W2_apt,2,L4,takeover,pin_useragent_core,0.0,0.0,0.0,0.0,0.5
W2_apt,2,L4,takeover,pin_ip_or_useragent,0.11764705882352941,0.13090909090909092,0.12392426850258176,0.19013524264120923,0.4637559080911601
W2_apt,2,L4,takeover,pin_ip_and_useragent,0.026143790849673203,0.12698412698412698,0.04336043360433604,0.04375497215592681,0.4911944093468732
W2_apt,2,L4,takeover,score_distinct_bindings,0.042483660130718956,0.13131313131313133,0.06419753086419754,0.06841686555290374,0.4870333972889076
W2_apt,2,L4,takeover,score_max_request_rate,0.6633986928104575,0.1970873786407767,0.30389221556886226,0.6579156722354813,0.5063006639940516
W2_apt,2,L4,takeover,score_burstiness,0.0032679738562091504,0.03571428571428571,0.005988023952095808,0.021479713603818614,0.4742071848628075
W2_apt,3,L4,takeover,SICA (proposed),0.003289473684210526,0.058823529411764705,0.006230529595015576,0.012708498808578236,0.44543105430374985
W2_apt,3,L4,takeover,pin_ip,0.04276315789473684,0.06220095693779904,0.050682261208576995,0.1556791104050834,0.4435420237448267
W2_apt,3,L4,takeover,pin_prefix24,0.013157894736842105,0.038834951456310676,0.019656019656019656,0.07863383637807785,0.46726202917938214
W2_apt,3,L4,takeover,pin_scope16,0.003289473684210526,0.02040816326530612,0.005665722379603399,0.03812549642573471,0.4825819886292379
W2_apt,3,L4,takeover,pin_useragent,0.039473684210526314,0.09302325581395349,0.055427251732101605,0.09293089753772836,0.473271393336399
W2_apt,3,L4,takeover,pin_useragent_core,0.0,0.0,0.0,0.0,0.5
W2_apt,3,L4,takeover,pin_ip_or_useragent,0.06578947368421052,0.07380073800738007,0.06956521739130435,0.1993645750595711,0.4332124493123197
W2_apt,3,L4,takeover,pin_ip_and_useragent,0.01644736842105263,0.07462686567164178,0.026954177897574122,0.04924543288324067,0.483600967768906
W2_apt,3,L4,takeover,score_distinct_bindings,0.013157894736842105,0.038834951456310676,0.019656019656019656,0.07863383637807785,0.46726202917938214
W2_apt,3,L4,takeover,score_max_request_rate,0.6743421052631579,0.19806763285024154,0.3061986557132188,0.659253375694996,0.5104236340453995
W2_apt,3,L4,takeover,score_burstiness,0.003289473684210526,0.038461538461538464,0.006060606060606061,0.019857029388403495,0.5213188725387735
W2_apt,4,L4,takeover,SICA (proposed),0.03514376996805112,0.22916666666666666,0.060941828254847646,0.0296,0.45866837060702875
W2_apt,4,L4,takeover,pin_ip,0.0670926517571885,0.0967741935483871,0.07924528301886792,0.1568,0.45514632587859427
W2_apt,4,L4,takeover,pin_prefix24,0.03514376996805112,0.09322033898305085,0.05104408352668214,0.0856,0.47477188498402556
W2_apt,4,L4,takeover,pin_scope16,0.019169329073482427,0.13043478260869565,0.033426183844011144,0.032,0.4935846645367412
W2_apt,4,L4,takeover,pin_useragent,0.03514376996805112,0.08148148148148149,0.049107142857142856,0.0992,0.46797188498402553
W2_apt,4,L4,takeover,pin_useragent_core,0.0,0.0,0.0,0.0,0.5
W2_apt,4,L4,takeover,pin_ip_or_useragent,0.08306709265175719,0.08996539792387544,0.08637873754152824,0.2104,0.4363335463258786
W2_apt,4,L4,takeover,pin_ip_and_useragent,0.019169329073482427,0.09523809523809523,0.031914893617021274,0.0456,0.48678466453674124
W2_apt,4,L4,takeover,score_distinct_bindings,0.03514376996805112,0.09322033898305085,0.05104408352668214,0.0856,0.47477188498402556
W2_apt,4,L4,takeover,score_max_request_rate,0.6549520766773163,0.19961051606621227,0.30597014925373134,0.6576,0.5023667731629393
W2_apt,4,L4,takeover,score_burstiness,0.006389776357827476,0.09523809523809523,0.011976047904191616,0.0152,0.4920242811501597
W2_apt,5,L4,takeover,SICA (proposed),0.03503184713375796,0.2972972972972973,0.06267806267806268,0.020816653322658127,0.45281448088407034
W2_apt,5,L4,takeover,pin_ip,0.05732484076433121,0.08372093023255814,0.06805293005671077,0.1577261809447558,0.4497993299097877
W2_apt,5,L4,takeover,pin_prefix24,0.03503184713375796,0.1111111111111111,0.053268765133171914,0.07045636509207366,0.48228774102084215
W2_apt,5,L4,takeover,pin_scope16,0.009554140127388535,0.08333333333333333,0.017142857142857144,0.02642113690952762,0.49156650160893045
W2_apt,5,L4,takeover,pin_useragent,0.03503184713375796,0.07333333333333333,0.04741379310344828,0.11128903122497999,0.46187140795438897
W2_apt,5,L4,takeover,pin_useragent_core,0.0,0.0,0.0,0.0,0.5
W2_apt,5,L4,takeover,pin_ip_or_useragent,0.07643312101910828,0.08421052631578947,0.08013355592654424,0.20896717373899118,0.43373297364005853
W2_apt,5,L4,takeover,pin_ip_and_useragent,0.01592356687898089,0.0625,0.025380710659898477,0.0600480384307446,0.47793776422411816
W2_apt,5,L4,takeover,score_distinct_bindings,0.03503184713375796,0.1111111111111111,0.053268765133171914,0.07045636509207366,0.48228774102084215
W2_apt,5,L4,takeover,score_max_request_rate,0.6687898089171974,0.20608439646712462,0.31507876969242304,0.6477181745396317,0.518973140295676
W2_apt,5,L4,takeover,score_burstiness,0.0031847133757961785,0.038461538461538464,0.005882352941176471,0.020016012810248198,0.49557225398152915
W2_apt,6,L4,takeover,SICA (proposed),0.006134969325153374,0.10526315789473684,0.011594202898550725,0.0137429264349232,0.4467145429026291
W2_apt,6,L4,takeover,pin_ip,0.03987730061349693,0.06532663316582915,0.049523809523809526,0.15036378334680678,0.4447567586333451
W2_apt,6,L4,takeover,pin_prefix24,0.027607361963190184,0.07964601769911504,0.041002277904328026,0.08407437348423606,0.4717664942394771
W2_apt,6,L4,takeover,pin_scope16,0.006134969325153374,0.04878048780487805,0.010899182561307902,0.03152789005658852,0.4873035396342824
W2_apt,6,L4,takeover,pin_useragent,0.03680981595092025,0.08695652173913043,0.05172413793103448,0.10185933710590138,0.46747523942250946
W2_apt,6,L4,takeover,pin_useragent_core,0.0,0.0,0.0,0.0,0.5
W2_apt,6,L4,takeover,pin_ip_or_useragent,0.06748466257668712,0.07746478873239436,0.0721311475409836,0.211802748585287,0.4278409569957001
W2_apt,6,L4,takeover,pin_ip_and_useragent,0.009202453987730062,0.05660377358490566,0.015831134564643797,0.04042037186742118,0.48439104106015446
W2_apt,6,L4,takeover,score_distinct_bindings,0.027607361963190184,0.07964601769911504,0.041002277904328026,0.08407437348423606,0.4717664942394771
W2_apt,6,L4,takeover,score_max_request_rate,0.6134969325153374,0.1968503937007874,0.29806259314456035,0.6596604688763137,0.4820836081753302
W2_apt,6,L4,takeover,score_burstiness,0.0,0.0,0.0,0.02021018593371059,0.4654728191597522
W2_apt,7,L4,takeover,SICA (proposed),0.040498442367601244,0.34210526315789475,0.0724233983286908,0.020128824476650563,0.47033851540827026
W2_apt,7,L4,takeover,pin_ip,0.07476635514018691,0.12,0.09213051823416504,0.14170692431561996,0.4665297154122835
W2_apt,7,L4,takeover,pin_prefix24,0.040498442367601244,0.12871287128712872,0.061611374407582936,0.07085346215780998,0.48482249010489564
W2_apt,7,L4,takeover,pin_scope16,0.018691588785046728,0.14285714285714285,0.033057851239669415,0.028985507246376812,0.49485304076933495
W2_apt,7,L4,takeover,pin_useragent,0.056074766355140186,0.13043478260869565,0.0784313725490196,0.0966183574879227,0.47972820443360875
W2_apt,7,L4,takeover,pin_useragent_core,0.0,0.0,0.0,0.0,0.5
W2_apt,7,L4,takeover,pin_ip_or_useragent,0.102803738317757,0.12,0.11073825503355703,0.19484702093397746,0.4539783586918898
W2_apt,7,L4,takeover,pin_ip_and_useragent,0.028037383177570093,0.14285714285714285,0.04687499999999999,0.043478260869565216,0.49227956115400245
W2_apt,7,L4,takeover,score_distinct_bindings,0.040498442367601244,0.12871287128712872,0.061611374407582936,0.07085346215780998,0.48482249010489564
W2_apt,7,L4,takeover,score_max_request_rate,0.7040498442367601,0.21751684311838307,0.33235294117647063,0.6545893719806763,0.5302471644067202
W2_apt,7,L4,takeover,score_burstiness,0.003115264797507788,0.038461538461538464,0.005763688760806916,0.020128824476650563,0.5042126306178859
W2_apt,8,L4,takeover,SICA (proposed),0.023890784982935155,0.19444444444444445,0.04255319148936171,0.02283464566929134,0.4564886727043079
W2_apt,8,L4,takeover,pin_ip,0.04436860068259386,0.07027027027027027,0.05439330543933055,0.13543307086614173,0.45446776490822605
W2_apt,8,L4,takeover,pin_prefix24,0.023890784982935155,0.07526881720430108,0.036269430051813475,0.06771653543307087,0.47808712477493215
W2_apt,8,L4,takeover,pin_scope16,0.006825938566552901,0.0625,0.012307692307692308,0.023622047244094488,0.4916019456612292
W2_apt,8,L4,takeover,pin_useragent,0.030716723549488054,0.07627118644067797,0.0437956204379562,0.08582677165354331,0.47244497594797236
W2_apt,8,L4,takeover,pin_useragent_core,0.0,0.0,0.0,0.0,0.5
W2_apt,8,L4,takeover,pin_ip_or_useragent,0.05802047781569966,0.06827309236947791,0.06273062730627307,0.1826771653543307,0.4376716562306845
W2_apt,8,L4,takeover,pin_ip_and_useragent,0.017064846416382253,0.09259259259259259,0.02881844380403458,0.03858267716535433,0.48924108462551397
W2_apt,8,L4,takeover,score_distinct_bindings,0.023890784982935155,0.07526881720430108,0.036269430051813475,0.06771653543307087,0.47808712477493215
W2_apt,8,L4,takeover,score_max_request_rate,0.6757679180887372,0.1935483870967742,0.3009118541033435,0.6496062992125984,0.5210529144607777
W2_apt,8,L4,takeover,score_burstiness,0.0034129692832764505,0.041666666666666664,0.006309148264984227,0.01811023622047244,0.5147792319475424
W2_apt,9,L4,takeover,SICA (proposed),0.00872093023255814,0.12,0.016260162601626015,0.01804757998359311,0.44693753934792146
W2_apt,9,L4,takeover,pin_ip,0.046511627906976744,0.07692307692307693,0.057971014492753624,0.15750615258408532,0.4445027376614457
W2_apt,9,L4,takeover,pin_prefix24,0.00872093023255814,0.038461538461538464,0.014218009478672985,0.06152584085315833,0.4735975446896999
W2_apt,9,L4,takeover,pin_scope16,0.0,0.0,0.0,0.019688269073010665,0.49015586546349466
W2_apt,9,L4,takeover,pin_useragent,0.05232558139534884,0.12162162162162163,0.07317073170731707,0.1066447908121411,0.4728403952916039
W2_apt,9,L4,takeover,pin_useragent_core,0.0,0.0,0.0,0.0,0.5
W2_apt,9,L4,takeover,pin_ip_or_useragent,0.08430232558139535,0.10320284697508897,0.09280000000000001,0.20672682526661199,0.4387877501573917
W2_apt,9,L4,takeover,pin_ip_and_useragent,0.014534883720930232,0.06666666666666667,0.02386634844868735,0.05742411812961444,0.4785553827956579
W2_apt,9,L4,takeover,score_distinct_bindings,0.00872093023255814,0.038461538461538464,0.014218009478672985,0.06152584085315833,0.4735975446896999
W2_apt,9,L4,takeover,score_max_request_rate,0.6831395348837209,0.22274881516587677,0.33595425303788423,0.6726825266611977,0.5083250662952858
W2_apt,9,L4,takeover,score_burstiness,0.011627906976744186,0.13333333333333333,0.021390374331550804,0.02132895816242822,0.49495750424480606
W2_apt,10,L4,takeover,SICA (proposed),0.051194539249146756,0.45454545454545453,0.0920245398773006,0.014173228346456693,0.4657426567412862
W2_apt,10,L4,takeover,pin_ip,0.05802047781569966,0.0913978494623656,0.0709812108559499,0.13307086614173227,0.4624748058369837
W2_apt,10,L4,takeover,pin_prefix24,0.051194539249146756,0.16304347826086957,0.07792207792207792,0.06062992125984252,0.49528230899465214
W2_apt,10,L4,takeover,pin_scope16,0.010238907849829351,0.10714285714285714,0.018691588785046728,0.01968503937007874,0.4952769342398753
W2_apt,10,L4,takeover,pin_useragent,0.04778156996587031,0.10071942446043165,0.06481481481481483,0.0984251968503937,0.4746781865577383
W2_apt,10,L4,takeover,pin_useragent_core,0.0,0.0,0.0,0.0,0.5
W2_apt,10,L4,takeover,pin_ip_or_useragent,0.08191126279863481,0.09411764705882353,0.08759124087591241,0.18188976377952756,0.4500107495095536
W2_apt,10,L4,takeover,pin_ip_and_useragent,0.023890784982935155,0.1,0.03856749311294766,0.049606299212598425,0.4871422428851684
W2_apt,10,L4,takeover,score_distinct_bindings,0.051194539249146756,0.16304347826086957,0.07792207792207792,0.06062992125984252,0.49528230899465214
W2_apt,10,L4,takeover,score_max_request_rate,0.7030716723549488,0.19694072657743786,0.30769230769230765,0.6614173228346457,0.5269517078283303
W2_apt,10,L4,takeover,score_burstiness,0.013651877133105802,0.13333333333333333,0.024767801857585137,0.02047244094488189,0.5142444438472494
W2_apt,11,L4,takeover,SICA (proposed),0.01607717041800643,0.14285714285714285,0.028901734104046242,0.023961661341853034,0.45446770697430733
W2_apt,11,L4,takeover,pin_ip,0.04180064308681672,0.07065217391304347,0.05252525252525252,0.1365814696485623,0.4526095867191272
W2_apt,11,L4,takeover,pin_prefix24,0.01607717041800643,0.05555555555555555,0.024937655860349125,0.06789137380191693,0.47409289830804474
W2_apt,11,L4,takeover,pin_scope16,0.00964630225080386,0.08333333333333333,0.01729106628242075,0.026357827476038338,0.4916442373873828
W2_apt,11,L4,takeover,pin_useragent,0.03536977491961415,0.08088235294117647,0.04921700223713647,0.09984025559105432,0.46776475966427994
W2_apt,11,L4,takeover,pin_useragent_core,0.0,0.0,0.0,0.0,0.5
W2_apt,11,L4,takeover,pin_ip_or_useragent,0.05466237942122187,0.06513409961685823,0.05944055944055944,0.19488817891373802,0.42988710025374194
W2_apt,11,L4,takeover,pin_ip_and_useragent,0.022508038585209004,0.11864406779661017,0.03783783783783784,0.04153354632587859,0.4904872461296652
W2_apt,11,L4,takeover,score_distinct_bindings,0.01607717041800643,0.05555555555555555,0.024937655860349125,0.06789137380191693,0.47409289830804474
W2_apt,11,L4,takeover,score_max_request_rate,0.6720257234726688,0.2041015625,0.31310861423220976,0.6509584664536742,0.5157034917765017
W2_apt,11,L4,takeover,score_burstiness,0.003215434083601286,0.037037037037037035,0.0059171597633136085,0.020766773162939296,0.5035261908920005
W2_apt,12,L4,takeover,SICA (proposed),0.025078369905956112,0.2857142857142857,0.04610951008645532,0.01607717041800643,0.46708211956576523
W2_apt,12,L4,takeover,pin_ip,0.06896551724137931,0.1111111111111111,0.0851063829787234,0.1414790996784566,0.46374320878146136
W2_apt,12,L4,takeover,pin_prefix24,0.025078369905956112,0.08695652173913043,0.038929440389294405,0.06752411575562701,0.47877712707516457
W2_apt,12,L4,takeover,pin_scope16,0.018808777429467086,0.125,0.03269754768392371,0.03376205787781351,0.4925233597758268
W2_apt,12,L4,takeover,pin_useragent,0.009404388714733543,0.02564102564102564,0.013761467889908258,0.09163987138263666,0.4588822586660484
W2_apt,12,L4,takeover,pin_useragent_core,0.0,0.0,0.0,0.0,0.5
W2_apt,12,L4,takeover,pin_ip_or_useragent,0.07210031347962383,0.08949416342412451,0.07986111111111112,0.18810289389067525,0.4419987097944743
W2_apt,12,L4,takeover,pin_ip_and_useragent,0.006269592476489028,0.034482758620689655,0.010610079575596816,0.04501607717041801,0.48062675765303553
W2_apt,12,L4,takeover,score_distinct_bindings,0.025078369905956112,0.08695652173913043,0.038929440389294405,0.06752411575562701,0.47877712707516457
W2_apt,12,L4,takeover,score_max_request_rate,0.6394984326018809,0.20039292730844793,0.3051608077786089,0.6543408360128617,0.49906132508139384
W2_apt,12,L4,takeover,score_burstiness,0.003134796238244514,0.043478260869565216,0.005847953216374269,0.017684887459807074,0.4871130643389209
W2_apt,13,L4,takeover,SICA (proposed),0.036303630363036306,0.275,0.0641399416909621,0.023015873015873017,0.46196762533396196
W2_apt,13,L4,takeover,pin_ip,0.0627062706270627,0.09405940594059406,0.07524752475247524,0.14523809523809525,0.45873408769448376
W2_apt,13,L4,takeover,pin_prefix24,0.036303630363036306,0.10576923076923077,0.05405405405405405,0.07380952380952381,0.48124705327675626
W2_apt,13,L4,takeover,pin_scope16,0.019801980198019802,0.13043478260869565,0.034383954154727794,0.031746031746031744,0.49402797422599404
W2_apt,13,L4,takeover,pin_useragent,0.0429042904290429,0.11504424778761062,0.0625,0.07936507936507936,0.4817696055319818
W2_apt,13,L4,takeover,pin_useragent_core,0.0,0.0,0.0,0.0,0.5
W2_apt,13,L4,takeover,pin_ip_or_useragent,0.07920792079207921,0.09195402298850575,0.0851063829787234,0.1880952380952381,0.44555634134842054
W2_apt,13,L4,takeover,pin_ip_and_useragent,0.026402640264026403,0.14814814814814814,0.04481792717086835,0.03650793650793651,0.49494735187804495
W2_apt,13,L4,takeover,score_distinct_bindings,0.036303630363036306,0.10576923076923077,0.05405405405405405,0.07380952380952381,0.48124705327675626
W2_apt,13,L4,takeover,score_max_request_rate,0.6138613861386139,0.18253189401373895,0.28139183055975797,0.6611111111111111,0.4837982607784588
W2_apt,13,L4,takeover,score_burstiness,0.0033003300330033004,0.043478260869565216,0.006134969325153374,0.01746031746031746,0.46795798627481794
W2_apt,14,L4,takeover,SICA (proposed),0.013513513513513514,0.23529411764705882,0.025559105431309907,0.010260457774269928,0.46031271998122825
W2_apt,14,L4,takeover,pin_ip,0.07432432432432433,0.09649122807017543,0.08396946564885496,0.16258879242304658,0.4558677659506389
W2_apt,14,L4,takeover,pin_prefix24,0.04054054054054054,0.0975609756097561,0.057279236276849645,0.08760852407261246,0.476466008233964
W2_apt,14,L4,takeover,pin_scope16,0.013513513513513514,0.07142857142857142,0.022727272727272728,0.04104183109707971,0.4862358412082169
W2_apt,14,L4,takeover,pin_useragent,0.05067567567567568,0.09933774834437085,0.06711409395973154,0.10734017363851618,0.4716677510185798
W2_apt,14,L4,takeover,pin_useragent_core,0.0,0.0,0.0,0.0,0.5
W2_apt,14,L4,takeover,pin_ip_or_useragent,0.10472972972972973,0.10508474576271186,0.10490693739424704,0.20836621941594316,0.4481817551568933
W2_apt,14,L4,takeover,pin_ip_and_useragent,0.02027027027027027,0.07142857142857142,0.031578947368421054,0.06156274664561957,0.47935376181232536
W2_apt,14,L4,takeover,score_distinct_bindings,0.04054054054054054,0.0975609756097561,0.057279236276849645,0.08760852407261246,0.476466008233964
W2_apt,14,L4,takeover,score_max_request_rate,0.6486486486486487,0.186952288218111,0.29024943310657597,0.659037095501184,0.4970162546129397
W2_apt,14,L4,takeover,score_burstiness,0.0033783783783783786,0.04,0.006230529595015576,0.018942383583267563,0.4865784786364897
W2_apt,15,L4,takeover,SICA (proposed),0.04054054054054054,0.2926829268292683,0.0712166172106825,0.022888713496448304,0.45513982806800485
W2_apt,15,L4,takeover,pin_ip,0.06756756756756757,0.08695652173913043,0.07604562737642585,0.16574585635359115,0.4509108556069882
W2_apt,15,L4,takeover,pin_prefix24,0.04054054054054054,0.1,0.057692307692307696,0.08524072612470403,0.4776499072079183
W2_apt,15,L4,takeover,pin_scope16,0.013513513513513514,0.08888888888888889,0.023460410557184754,0.03235990528808208,0.4905768041127157
W2_apt,15,L4,takeover,pin_useragent,0.033783783783783786,0.06369426751592357,0.044150110375275935,0.11602209944751381,0.45888084216813496
W2_apt,15,L4,takeover,pin_useragent_core,0.0,0.0,0.0,0.0,0.5
W2_apt,15,L4,takeover,pin_ip_or_useragent,0.08445945945945946,0.08012820512820513,0.08223684210526315,0.2265193370165746,0.42897006122144243
W2_apt,15,L4,takeover,pin_ip_and_useragent,0.016891891891891893,0.06666666666666667,0.026954177897574122,0.055248618784530384,0.48082163655368076
W2_apt,15,L4,takeover,score_distinct_bindings,0.04054054054054054,0.1,0.057692307692307696,0.08524072612470403,0.4776499072079183
W2_apt,15,L4,takeover,score_max_request_rate,0.652027027027027,0.18737864077669902,0.2911010558069381,0.6606156274664562,0.503942330254485
W2_apt,15,L4,takeover,score_burstiness,0.02027027027027027,0.2,0.03680981595092024,0.018942383583267563,0.4954110582563621
W2_apt,16,L4,takeover,SICA (proposed),0.035483870967741936,0.24444444444444444,0.06197183098591549,0.02713487629688747,0.46143835440105035
W2_apt,16,L4,takeover,pin_ip,0.06129032258064516,0.095,0.07450980392156863,0.14445331205107742,0.4584185052647839
W2_apt,16,L4,takeover,pin_prefix24,0.035483870967741936,0.09322033898305085,0.0514018691588785,0.0853950518754988,0.4750444095461216
W2_apt,16,L4,takeover,pin_scope16,0.012903225806451613,0.08,0.022222222222222223,0.03671189146049481,0.4880956671729784
W2_apt,16,L4,takeover,pin_useragent,0.04516129032258064,0.0979020979020979,0.06181015452538632,0.10295291300877893,0.47110418865690085
W2_apt,16,L4,takeover,pin_useragent_core,0.0,0.0,0.0,0.0,0.5
W2_apt,16,L4,takeover,pin_ip_or_useragent,0.08387096774193549,0.0931899641577061,0.08828522920203735,0.20191540303272146,0.440977782354607
W2_apt,16,L4,takeover,pin_ip_and_useragent,0.02258064516129032,0.109375,0.0374331550802139,0.04549082202713488,0.48854491156707774
W2_apt,16,L4,takeover,score_distinct_bindings,0.035483870967741936,0.09322033898305085,0.0514018691588785,0.0853950518754988,0.4750444095461216
W2_apt,16,L4,takeover,score_max_request_rate,0.6387096774193548,0.19186046511627908,0.29508196721311475,0.6656025538707103,0.4914450480137991
W2_apt,16,L4,takeover,score_burstiness,0.0032258064516129032,0.037037037037037035,0.005934718100890208,0.020750199521149242,0.48149730968256826
W2_apt,17,L4,takeover,SICA (proposed),0.034161490683229816,0.3055555555555556,0.061452513966480445,0.020145044319097503,0.4690642188978033
W2_apt,17,L4,takeover,pin_ip,0.062111801242236024,0.11049723756906077,0.07952286282306163,0.1297340854149879,0.4661888579136241
W2_apt,17,L4,takeover,pin_prefix24,0.034161490683229816,0.14102564102564102,0.055,0.053988718775181306,0.49008638595402426
W2_apt,17,L4,takeover,pin_scope16,0.012422360248447204,0.16666666666666666,0.023121387283236993,0.016116035455278,0.4981531623965846
W2_apt,17,L4,takeover,pin_useragent,0.027950310559006212,0.0703125,0.04000000000000001,0.0958904109589041,0.466029949800051
W2_apt,17,L4,takeover,pin_useragent_core,0.0,0.0,0.0,0.0,0.5
W2_apt,17,L4,takeover,pin_ip_or_useragent,0.07142857142857142,0.09019607843137255,0.07972270363951474,0.18694601128122482,0.4422412800736733
W2_apt,17,L4,takeover,pin_ip_and_useragent,0.018633540372670808,0.1111111111111111,0.03191489361702128,0.038678485092667206,0.4899775276400018
W2_apt,17,L4,takeover,score_distinct_bindings,0.034161490683229816,0.14102564102564102,0.055,0.053988718775181306,0.49008638595402426
W2_apt,17,L4,takeover,score_max_request_rate,0.6366459627329193,0.19617224880382775,0.29992684711046086,0.6768734891216761,0.48308692148687943
W2_apt,17,L4,takeover,score_burstiness,0.003105590062111801,0.05,0.005847953216374269,0.015310233682514102,0.47040930726072444
W2_apt,18,L4,takeover,SICA (proposed),0.03058103975535168,0.47619047619047616,0.0574712643678161,0.00889967637540453,0.4714626446166484
W2_apt,18,L4,takeover,pin_ip,0.07339449541284404,0.12307692307692308,0.09195402298850575,0.1383495145631068,0.4675224904248686
W2_apt,18,L4,takeover,pin_prefix24,0.045871559633027525,0.16129032258064516,0.07142857142857144,0.06310679611650485,0.4913823817582613
W2_apt,18,L4,takeover,pin_scope16,0.03058103975535168,0.2127659574468085,0.053475935828877004,0.029935275080906147,0.5003228823372228
W2_apt,18,L4,takeover,pin_useragent,0.0581039755351682,0.13768115942028986,0.08172043010752689,0.09627831715210355,0.48091282919153233
W2_apt,18,L4,takeover,pin_useragent_core,0.0,0.0,0.0,0.0,0.5
W2_apt,18,L4,takeover,pin_ip_or_useragent,0.09785932721712538,0.11895910780669144,0.10738255033557048,0.19174757281553398,0.4530558772007957
W2_apt,18,L4,takeover,pin_ip_and_useragent,0.03363914373088685,0.171875,0.05626598465473146,0.04288025889967637,0.4953794424156052
W2_apt,18,L4,takeover,score_distinct_bindings,0.045871559633027525,0.16129032258064516,0.07142857142857144,0.06310679611650485,0.4913823817582613
W2_apt,18,L4,takeover,score_max_request_rate,0.6605504587155964,0.20950533462657614,0.3181148748159057,0.6593851132686084,0.5056040497609928
W2_apt,18,L4,takeover,score_burstiness,0.009174311926605505,0.125,0.017094017094017096,0.01699029126213592,0.4831383668339222
W2_apt,19,L4,takeover,SICA (proposed),0.01694915254237288,0.1282051282051282,0.02994011976047904,0.026813880126182965,0.4452614553814896
W2_apt,19,L4,takeover,pin_ip,0.05423728813559322,0.06926406926406926,0.06083650190114069,0.1695583596214511,0.44233946425707105
W2_apt,19,L4,takeover,pin_prefix24,0.01694915254237288,0.043859649122807015,0.02444987775061125,0.0859621451104101,0.4654935037159814
W2_apt,19,L4,takeover,pin_scope16,0.003389830508474576,0.024390243902439025,0.005952380952380953,0.031545741324921134,0.48592204459177674
W2_apt,19,L4,takeover,pin_useragent,0.04406779661016949,0.09558823529411764,0.06032482598607889,0.09700315457413249,0.4735323210180185
W2_apt,19,L4,takeover,pin_useragent_core,0.0,0.0,0.0,0.0,0.5
W2_apt,19,L4,takeover,pin_ip_or_useragent,0.07796610169491526,0.07666666666666666,0.07731092436974792,0.21845425867507887,0.4297559215099182
W2_apt,19,L4,takeover,pin_ip_and_useragent,0.020338983050847456,0.08955223880597014,0.03314917127071823,0.04810725552050473,0.48611586376517135
W2_apt,19,L4,takeover,score_distinct_bindings,0.01694915254237288,0.043859649122807015,0.02444987775061125,0.0859621451104101,0.4654935037159814
W2_apt,19,L4,takeover,score_max_request_rate,0.7016949152542373,0.20019342359767892,0.3115124153498871,0.6522082018927445,0.5345773405336043
W2_apt,19,L4,takeover,score_burstiness,0.010169491525423728,0.11538461538461539,0.018691588785046728,0.018138801261829655,0.49780917499866334
W2_apt,0,L4,concurrent,SICA (proposed),0.016129032258064516,0.5,0.03125,0.0039904229848363925,0.5122261411322503
W2_apt,0,L4,concurrent,pin_ip,0.16129032258064516,0.21367521367521367,0.18382352941176472,0.14684756584197925,0.507221378369333
W2_apt,0,L4,concurrent,pin_prefix24,0.0935483870967742,0.2543859649122807,0.13679245283018868,0.06783719074221868,0.5128555981772778
W2_apt,0,L4,concurrent,pin_scope16,0.03225806451612903,0.24390243902439024,0.05698005698005699,0.024740622505985636,0.5037587210050717
W2_apt,0,L4,concurrent,pin_useragent,0.07741935483870968,0.14906832298136646,0.10191082802547771,0.10933758978451716,0.48404088252709626
W2_apt,0,L4,concurrent,pin_useragent_core,0.0,0.0,0.0,0.0,0.5
W2_apt,0,L4,concurrent,pin_ip_or_useragent,0.1774193548387097,0.17350157728706625,0.1754385964912281,0.20909816440542697,0.48416059521664134
W2_apt,0,L4,concurrent,pin_ip_and_useragent,0.06129032258064516,0.24358974358974358,0.09793814432989689,0.047086991221069435,0.5071016656797879
W2_apt,0,L4,concurrent,score_distinct_bindings,0.0935483870967742,0.2543859649122807,0.13679245283018868,0.06783719074221868,0.5128555981772778
W2_apt,0,L4,concurrent,score_max_request_rate,0.6258064516129033,0.1905697445972495,0.2921686746987952,0.6576217079010375,0.5106917591329198
W2_apt,0,L4,concurrent,score_burstiness,0.0,0.0,0.0,0.02314445331205108,0.4676556908580697
W2_apt,1,L4,concurrent,SICA (proposed),0.05244755244755245,0.38461538461538464,0.0923076923076923,0.018794048551292093,0.4987678726911303
W2_apt,1,L4,concurrent,pin_ip,0.15384615384615385,0.17120622568093385,0.16206261510128914,0.1667971808927173,0.49352448647671826
W2_apt,1,L4,concurrent,pin_prefix24,0.09090909090909091,0.18705035971223022,0.1223529411764706,0.08848864526233359,0.5012102228233787
W2_apt,1,L4,concurrent,pin_scope16,0.045454545454545456,0.23214285714285715,0.07602339181286549,0.033672670321064996,0.5058909375667402
W2_apt,1,L4,concurrent,pin_useragent,0.12237762237762238,0.2147239263803681,0.155902004454343,0.10023492560689115,0.5110713483853656
W2_apt,1,L4,concurrent,pin_useragent_core,0.0,0.0,0.0,0.0,0.5
W2_apt,1,L4,concurrent,pin_ip_or_useragent,0.21678321678321677,0.19076923076923077,0.2029459901800327,0.20595144870790916,0.5054158840376538
W2_apt,1,L4,concurrent,pin_ip_and_useragent,0.05944055944055944,0.17894736842105263,0.08923884514435695,0.06108065779169929,0.49917995082443006
W2_apt,1,L4,concurrent,score_distinct_bindings,0.09090909090909091,0.18705035971223022,0.1223529411764706,0.08848864526233359,0.5012102228233787
W2_apt,1,L4,concurrent,score_max_request_rate,0.6328671328671329,0.176930596285435,0.27654698242933534,0.6593578700078309,0.5068437826855995
W2_apt,1,L4,concurrent,score_burstiness,0.0,0.0,0.0,0.021143304620203602,0.4706123946531151
W2_apt,2,L4,concurrent,SICA (proposed),0.05574912891986063,0.3902439024390244,0.0975609756097561,0.019592476489028215,0.5301451072056623
W2_apt,2,L4,concurrent,pin_ip,0.18815331010452963,0.23893805309734514,0.2105263157894737,0.13479623824451412,0.5266785359300078
W2_apt,2,L4,concurrent,pin_prefix24,0.07317073170731707,0.19626168224299065,0.1065989847715736,0.06739811912225706,0.5028863062925301
W2_apt,2,L4,concurrent,pin_scope16,0.03832752613240418,0.2682926829268293,0.06707317073170731,0.023510971786833857,0.5074082771727851
W2_apt,2,L4,concurrent,pin_useragent,0.11846689895470383,0.21518987341772153,0.15280898876404495,0.09717868338557993,0.5106441077845619
W2_apt,2,L4,concurrent,pin_useragent_core,0.0,0.0,0.0,0.0,0.5
W2_apt,2,L4,concurrent,pin_ip_or_useragent,0.24390243902439024,0.22508038585209003,0.23411371237458195,0.18887147335423196,0.5275154828350791
W2_apt,2,L4,concurrent,pin_ip_and_useragent,0.0627177700348432,0.2465753424657534,0.1,0.04310344827586207,0.5098071608794905
W2_apt,2,L4,concurrent,score_distinct_bindings,0.07317073170731707,0.19626168224299065,0.1065989847715736,0.06739811912225706,0.5028863062925301
W2_apt,2,L4,concurrent,score_max_request_rate,0.6341463414634146,0.17966436327739388,0.27999999999999997,0.6512539184952978,0.5134676089259773
W2_apt,2,L4,concurrent,score_burstiness,0.003484320557491289,0.034482758620689655,0.006329113924050633,0.0219435736677116,0.46313337629569756
W2_apt,3,L4,concurrent,SICA (proposed),0.014084507042253521,0.2,0.02631578947368421,0.012509773260359656,0.48826107544406394
W2_apt,3,L4,concurrent,pin_ip,0.13380281690140844,0.15833333333333333,0.1450381679389313,0.15793588741204065,0.4879334647446839
W2_apt,3,L4,concurrent,pin_prefix24,0.0528169014084507,0.13043478260869565,0.07518796992481203,0.07818608287724785,0.4873154092656014
W2_apt,3,L4,concurrent,pin_scope16,0.014084507042253521,0.07692307692307693,0.02380952380952381,0.03752931978107897,0.48827759363058726
W2_apt,3,L4,concurrent,pin_useragent,0.1056338028169014,0.20270270270270271,0.1388888888888889,0.09225957779515247,0.5066871125108745
W2_apt,3,L4,concurrent,pin_useragent_core,0.0,0.0,0.0,0.0,0.5
W2_apt,3,L4,concurrent,pin_ip_or_useragent,0.18661971830985916,0.17096774193548386,0.17845117845117844,0.20093823299452698,0.4928407426576661
W2_apt,3,L4,concurrent,pin_ip_and_useragent,0.0528169014084507,0.19230769230769232,0.08287292817679558,0.04925723221266615,0.5017798345978923
W2_apt,3,L4,concurrent,score_distinct_bindings,0.0528169014084507,0.13043478260869565,0.07518796992481203,0.07818608287724785,0.4873154092656014
W2_apt,3,L4,concurrent,score_max_request_rate,0.6373239436619719,0.17779960707269155,0.27803379416282636,0.6544175136825645,0.513096168881939
W2_apt,3,L4,concurrent,score_burstiness,0.007042253521126761,0.06666666666666667,0.012738853503184712,0.0218921032056294,0.47429494873856115
W2_apt,4,L4,concurrent,SICA (proposed),0.056291390728476824,0.3090909090909091,0.09523809523809525,0.03013481363996828,0.49187809527810894
W2_apt,4,L4,concurrent,pin_ip,0.13245033112582782,0.16806722689075632,0.14814814814814814,0.1570182394924663,0.48771604581668077
W2_apt,4,L4,concurrent,pin_prefix24,0.06622516556291391,0.15625,0.09302325581395349,0.08564631245043616,0.49028942655623886
W2_apt,4,L4,concurrent,pin_scope16,0.023178807947019868,0.14893617021276595,0.04011461318051576,0.0317208564631245,0.4957289757419477
W2_apt,4,L4,concurrent,pin_useragent,0.06622516556291391,0.13793103448275862,0.0894854586129754,0.09912767644726407,0.4835487445578249
W2_apt,4,L4,concurrent,pin_useragent_core,0.0,0.0,0.0,0.0,0.5
W2_apt,4,L4,concurrent,pin_ip_or_useragent,0.17218543046357615,0.1640378548895899,0.1680129240710824,0.21015067406819984,0.48101737819768814
W2_apt,4,L4,concurrent,pin_ip_and_useragent,0.026490066225165563,0.12121212121212122,0.043478260869565216,0.045995241871530534,0.4902474121768175
W2_apt,4,L4,concurrent,score_distinct_bindings,0.06622516556291391,0.15625,0.09302325581395349,0.08564631245043616,0.49028942655623886
W2_apt,4,L4,concurrent,score_max_request_rate,0.6158940397350994,0.18361303060217177,0.2828897338403042,0.6558287073750991,0.5009991544606142
W2_apt,4,L4,concurrent,score_burstiness,0.006622516556291391,0.08695652173913043,0.012307692307692308,0.016653449643140365,0.45734358834311045
W2_apt,5,L4,concurrent,SICA (proposed),0.05102040816326531,0.36585365853658536,0.08955223880597014,0.02048857368006304,0.503227137978911
W2_apt,5,L4,concurrent,pin_ip,0.1564625850340136,0.18699186991869918,0.17037037037037037,0.15760441292356187,0.49942908605522585
W2_apt,5,L4,concurrent,pin_prefix24,0.08503401360544217,0.22123893805309736,0.12285012285012285,0.06934594168636722,0.5078440359595375
W2_apt,5,L4,concurrent,pin_scope16,0.030612244897959183,0.21428571428571427,0.05357142857142857,0.026004728132387706,0.5023037583827857
W2_apt,5,L4,concurrent,pin_useragent,0.09523809523809523,0.16666666666666666,0.12121212121212123,0.11032308904649331,0.49245750309580094
W2_apt,5,L4,concurrent,pin_useragent_core,0.0,0.0,0.0,0.0,0.5
W2_apt,5,L4,concurrent,pin_ip_or_useragent,0.19727891156462585,0.17956656346749225,0.1880064829821718,0.20882584712371946,0.4942265322204532
W2_apt,5,L4,concurrent,pin_ip_and_useragent,0.05442176870748299,0.17582417582417584,0.08311688311688312,0.0591016548463357,0.49766005693057364
W2_apt,5,L4,concurrent,score_distinct_bindings,0.08503401360544217,0.22123893805309736,0.12285012285012285,0.06934594168636722,0.5078440359595375
W2_apt,5,L4,concurrent,score_max_request_rate,0.6666666666666666,0.19386745796241345,0.30038314176245207,0.6422379826635146,0.5337415502055827
W2_apt,5,L4,concurrent,score_burstiness,0.0,0.0,0.0,0.02048857368006304,0.487262990302504
W2_apt,6,L4,concurrent,SICA (proposed),0.013029315960912053,0.19047619047619047,0.024390243902439025,0.013535031847133758,0.48570769103093425
W2_apt,6,L4,concurrent,pin_ip,0.11726384364820847,0.16143497757847533,0.1358490566037736,0.14888535031847133,0.48418924666486857
W2_apt,6,L4,concurrent,pin_prefix24,0.0749185667752443,0.1796875,0.10574712643678161,0.08359872611464968,0.4956599203302973
W2_apt,6,L4,concurrent,pin_scope16,0.029315960912052116,0.1836734693877551,0.050561797752808994,0.03184713375796178,0.4987344135770452
W2_apt,6,L4,concurrent,pin_useragent,0.09771986970684039,0.1910828025477707,0.12931034482758622,0.10111464968152867,0.49830261001265586
W2_apt,6,L4,concurrent,pin_useragent_core,0.0,0.0,0.0,0.0,0.5
W2_apt,6,L4,concurrent,pin_ip_or_useragent,0.1758957654723127,0.16981132075471697,0.17279999999999998,0.21019108280254778,0.4828523413348825
W2_apt,6,L4,concurrent,pin_ip_and_useragent,0.03908794788273615,0.1935483870967742,0.06504065040650406,0.03980891719745223,0.49963951534264195
W2_apt,6,L4,concurrent,score_distinct_bindings,0.0749185667752443,0.1796875,0.10574712643678161,0.08359872611464968,0.4956599203302973
W2_apt,6,L4,concurrent,score_max_request_rate,0.6058631921824105,0.18470705064548162,0.2831050228310502,0.6536624203821656,0.5087851926388515
W2_apt,6,L4,concurrent,score_burstiness,0.009771986970684038,0.10714285714285714,0.017910447761194027,0.019904458598726114,0.4564500819519077
W2_apt,7,L4,concurrent,SICA (proposed),0.03678929765886288,0.3055555555555556,0.06567164179104479,0.01977848101265823,0.49615014182295414
W2_apt,7,L4,concurrent,pin_ip,0.13043478260869565,0.17889908256880735,0.15087040618955513,0.14161392405063292,0.4944104292790314
W2_apt,7,L4,concurrent,pin_prefix24,0.056856187290969896,0.1574074074074074,0.08353808353808354,0.07199367088607594,0.492431258202447
W2_apt,7,L4,concurrent,pin_scope16,0.013377926421404682,0.09302325581395349,0.023391812865497075,0.030854430379746837,0.49126174802082895
W2_apt,7,L4,concurrent,pin_useragent,0.0802675585284281,0.16216216216216217,0.10738255033557048,0.0981012658227848,0.49108314635282163
W2_apt,7,L4,concurrent,pin_useragent_core,0.0,0.0,0.0,0.0,0.5
W2_apt,7,L4,concurrent,pin_ip_or_useragent,0.17391304347826086,0.17391304347826086,0.17391304347826086,0.19541139240506328,0.48925082553659877
W2_apt,7,L4,concurrent,pin_ip_and_useragent,0.03678929765886288,0.16417910447761194,0.06010928961748634,0.04430379746835443,0.4962427500952542
W2_apt,7,L4,concurrent,score_distinct_bindings,0.056856187290969896,0.1574074074074074,0.08353808353808354,0.07199367088607594,0.492431258202447
W2_apt,7,L4,concurrent,score_max_request_rate,0.6187290969899666,0.18371400198609733,0.2833078101071976,0.6503164556962026,0.5072538736717328
W2_apt,7,L4,concurrent,score_burstiness,0.010033444816053512,0.1,0.018237082066869303,0.021360759493670885,0.45818075017992466
W2_apt,8,L4,concurrent,SICA (proposed),0.03225806451612903,0.23684210526315788,0.05678233438485804,0.022585669781931463,0.4945203720452439
W2_apt,8,L4,concurrent,pin_ip,0.12186379928315412,0.1642512077294686,0.13991769547325103,0.13473520249221183,0.49356429839547117
W2_apt,8,L4,concurrent,pin_prefix24,0.05017921146953405,0.13861386138613863,0.0736842105263158,0.06775700934579439,0.4912111010618698
W2_apt,8,L4,concurrent,pin_scope16,0.021505376344086023,0.16666666666666666,0.0380952380952381,0.02336448598130841,0.4990704451813888
W2_apt,8,L4,concurrent,pin_useragent,0.06810035842293907,0.14615384615384616,0.09290953545232275,0.08644859813084112,0.490825880146049
W2_apt,8,L4,concurrent,pin_useragent_core,0.0,0.0,0.0,0.0,0.5
W2_apt,8,L4,concurrent,pin_ip_or_useragent,0.14695340501792115,0.14909090909090908,0.14801444043321296,0.1822429906542056,0.48235520718185776
W2_apt,8,L4,concurrent,pin_ip_and_useragent,0.043010752688172046,0.1935483870967742,0.07038123167155426,0.03894080996884735,0.5020349713596624
W2_apt,8,L4,concurrent,score_distinct_bindings,0.05017921146953405,0.13861386138613863,0.0736842105263158,0.06775700934579439,0.4912111010618698
W2_apt,8,L4,concurrent,score_max_request_rate,0.6379928315412187,0.17676266137040714,0.27682737169517885,0.6456386292834891,0.5219827153049945
W2_apt,8,L4,concurrent,score_burstiness,0.007168458781362007,0.08,0.013157894736842105,0.01791277258566978,0.47739339429873046
W2_apt,9,L4,concurrent,SICA (proposed),0.024539877300613498,0.26666666666666666,0.0449438202247191,0.01778496362166532,0.483513199855181
W2_apt,9,L4,concurrent,pin_ip,0.1165644171779141,0.1645021645021645,0.13644524236983843,0.15602263540824576,0.48027089088483416
W2_apt,9,L4,concurrent,pin_prefix24,0.05214723926380368,0.18478260869565216,0.08133971291866027,0.060630557801131774,0.49575834073133596
W2_apt,9,L4,concurrent,pin_scope16,0.015337423312883436,0.1724137931034483,0.028169014084507043,0.019401778496362168,0.49796782240826065
W2_apt,9,L4,concurrent,pin_useragent,0.09202453987730061,0.1875,0.12345679012345676,0.10509296685529507,0.49346578651100276
W2_apt,9,L4,concurrent,pin_useragent_core,0.0,0.0,0.0,0.0,0.5
W2_apt,9,L4,concurrent,pin_ip_or_useragent,0.16257668711656442,0.17320261437908496,0.16772151898734178,0.20452708164915118,0.4790248027337066
W2_apt,9,L4,concurrent,pin_ip_and_useragent,0.046012269938650305,0.17647058823529413,0.07299270072992702,0.056588520614389654,0.49471187466213035
W2_apt,9,L4,concurrent,score_distinct_bindings,0.05214723926380368,0.18478260869565216,0.08133971291866027,0.060630557801131774,0.49575834073133596
W2_apt,9,L4,concurrent,score_max_request_rate,0.5950920245398773,0.19000979431929482,0.28804751299183373,0.6685529506871464,0.4805300276247204
W2_apt,9,L4,concurrent,score_burstiness,0.0,0.0,0.0,0.021827000808407437,0.4345909111198179
W2_apt,10,L4,concurrent,SICA (proposed),0.043010752688172046,0.4,0.07766990291262137,0.014018691588785047,0.4871620942618832
W2_apt,10,L4,concurrent,pin_ip,0.1003584229390681,0.1414141414141414,0.11740041928721175,0.13239875389408098,0.48397983452249355
W2_apt,10,L4,concurrent,pin_prefix24,0.06810035842293907,0.19791666666666666,0.10133333333333333,0.05996884735202492,0.5040657555354571
W2_apt,10,L4,concurrent,pin_scope16,0.025089605734767026,0.21875,0.045016077170418,0.019470404984423675,0.5028096003751716
W2_apt,10,L4,concurrent,pin_useragent,0.08602150537634409,0.15894039735099338,0.1116279069767442,0.09890965732087227,0.4935559240277359
W2_apt,10,L4,concurrent,pin_useragent_core,0.0,0.0,0.0,0.0,0.5
W2_apt,10,L4,concurrent,pin_ip_or_useragent,0.15412186379928317,0.15579710144927536,0.15495495495495493,0.18146417445482865,0.48632884467222726
W2_apt,10,L4,concurrent,pin_ip_and_useragent,0.03225806451612903,0.1232876712328767,0.05113636363636363,0.04984423676012461,0.4912069138780022
W2_apt,10,L4,concurrent,score_distinct_bindings,0.06810035842293907,0.19791666666666666,0.10133333333333333,0.05996884735202492,0.5040657555354571
W2_apt,10,L4,concurrent,score_max_request_rate,0.6487455197132617,0.17641325536062377,0.27739463601532566,0.6580996884735203,0.5207126028651503
W2_apt,10,L4,concurrent,score_burstiness,0.0035842293906810036,0.03571428571428571,0.006514657980456026,0.02102803738317757,0.4847628379057381
W2_apt,11,L4,concurrent,SICA (proposed),0.030303030303030304,0.225,0.053412462908011875,0.02448657187993681,0.49072345359865105
W2_apt,11,L4,concurrent,pin_ip,0.11447811447811448,0.1642512077294686,0.13492063492063494,0.13665086887835703,0.4889136227998787
W2_apt,11,L4,concurrent,pin_prefix24,0.06060606060606061,0.17142857142857143,0.08955223880597014,0.06872037914691943,0.49594284072957057
W2_apt,11,L4,concurrent,pin_scope16,0.037037037037037035,0.25,0.06451612903225806,0.026066350710900472,0.5054853431630683
W2_apt,11,L4,concurrent,pin_useragent,0.08417508417508418,0.16556291390728478,0.11160714285714286,0.0995260663507109,0.49232450891218665
W2_apt,11,L4,concurrent,pin_useragent_core,0.0,0.0,0.0,0.0,0.5
W2_apt,11,L4,concurrent,pin_ip_or_useragent,0.14814814814814814,0.15172413793103448,0.14991482112436116,0.1943127962085308,0.47691767596980866
W2_apt,11,L4,concurrent,pin_ip_and_useragent,0.050505050505050504,0.22058823529411764,0.08219178082191782,0.04186413902053712,0.5043204557422567
W2_apt,11,L4,concurrent,score_distinct_bindings,0.06060606060606061,0.17142857142857143,0.08955223880597014,0.06872037914691943,0.49594284072957057
W2_apt,11,L4,concurrent,score_max_request_rate,0.6632996632996633,0.19389763779527558,0.3000761614623001,0.6469194312796208,0.5253442800836166
W2_apt,11,L4,concurrent,score_burstiness,0.003367003367003367,0.03571428571428571,0.006153846153846154,0.02132701421800948,0.48002670198562775
W2_apt,12,L4,concurrent,SICA (proposed),0.05647840531561462,0.4594594594594595,0.10059171597633136,0.01584786053882726,0.5093099599328177
W2_apt,12,L4,concurrent,pin_ip,0.15282392026578073,0.20353982300884957,0.17457305502846301,0.14263074484944532,0.5050965877081677
W2_apt,12,L4,concurrent,pin_prefix24,0.07308970099667775,0.205607476635514,0.10784313725490198,0.06735340729001585,0.5028681468533309
W2_apt,12,L4,concurrent,pin_scope16,0.04318936877076412,0.23636363636363636,0.07303370786516855,0.03328050713153724,0.5049544308196134
W2_apt,12,L4,concurrent,pin_useragent,0.05647840531561462,0.12781954887218044,0.0783410138248848,0.0919175911251981,0.48228040709520825
W2_apt,12,L4,concurrent,pin_useragent_core,0.0,0.0,0.0,0.0,0.5
W2_apt,12,L4,concurrent,pin_ip_or_useragent,0.1893687707641196,0.19256756756756757,0.19095477386934673,0.18938193343898574,0.4999934186625669
W2_apt,12,L4,concurrent,pin_ip_and_useragent,0.019933554817275746,0.09523809523809523,0.03296703296703297,0.045166402535657686,0.487383576140809
W2_apt,12,L4,concurrent,score_distinct_bindings,0.07308970099667775,0.205607476635514,0.10784313725490198,0.06735340729001585,0.5028681468533309
W2_apt,12,L4,concurrent,score_max_request_rate,0.6079734219269103,0.18245264207377868,0.2806748466257669,0.6497622820919176,0.5026114746934413
W2_apt,12,L4,concurrent,score_burstiness,0.0033222591362126247,0.038461538461538464,0.006116207951070336,0.019809825673534072,0.4583546129910336
W2_apt,13,L4,concurrent,SICA (proposed),0.045936395759717315,0.30952380952380953,0.08,0.02265625,0.49242905256183744
W2_apt,13,L4,concurrent,pin_ip,0.12367491166077739,0.1590909090909091,0.13916500994035783,0.14453125,0.4895718308303887
W2_apt,13,L4,concurrent,pin_prefix24,0.0706713780918728,0.17699115044247787,0.10101010101010101,0.07265625,0.4990075640459364
W2_apt,13,L4,concurrent,pin_scope16,0.028268551236749116,0.16666666666666666,0.04833836858006042,0.03125,0.49850927561837455
W2_apt,13,L4,concurrent,pin_useragent,0.10247349823321555,0.2248062015503876,0.1407766990291262,0.078125,0.5121742491166078
W2_apt,13,L4,concurrent,pin_useragent_core,0.0,0.0,0.0,0.0,0.5
W2_apt,13,L4,concurrent,pin_ip_or_useragent,0.17667844522968199,0.17301038062283736,0.1748251748251748,0.18671875,0.494979847614841
W2_apt,13,L4,concurrent,pin_ip_and_useragent,0.04946996466431095,0.23333333333333334,0.08163265306122448,0.0359375,0.5067662323321555
W2_apt,13,L4,concurrent,score_distinct_bindings,0.0706713780918728,0.17699115044247787,0.10101010101010101,0.07265625,0.4990075640459364
W2_apt,13,L4,concurrent,score_max_request_rate,0.6219081272084805,0.17339901477832512,0.2711864406779661,0.65546875,0.5038275728798587
W2_apt,13,L4,concurrent,score_burstiness,0.0035335689045936395,0.038461538461538464,0.006472491909385114,0.01953125,0.45488074204947
W2_apt,14,L4,concurrent,SICA (proposed),0.017921146953405017,0.2777777777777778,0.03367003367003367,0.010124610591900311,0.49006102122623074
W2_apt,14,L4,concurrent,pin_ip,0.13261648745519714,0.1510204081632653,0.14122137404580154,0.16199376947040497,0.4853113589923961
W2_apt,14,L4,concurrent,pin_prefix24,0.07885304659498207,0.16296296296296298,0.10628019323671496,0.08800623052959501,0.4954234080326935
W2_apt,14,L4,concurrent,pin_scope16,0.03942652329749104,0.171875,0.0641399416909621,0.04127725856697819,0.4990746323652564
W2_apt,14,L4,concurrent,pin_useragent,0.12186379928315412,0.2,0.1514476614699332,0.1059190031152648,0.5079723980839447
W2_apt,14,L4,concurrent,pin_useragent_core,0.0,0.0,0.0,0.0,0.5
W2_apt,14,L4,concurrent,pin_ip_or_useragent,0.20430107526881722,0.17647058823529413,0.1893687707641196,0.2071651090342679,0.4985679831172746
W2_apt,14,L4,concurrent,pin_ip_and_useragent,0.05017921146953405,0.15217391304347827,0.07547169811320754,0.06074766355140187,0.4947157739590661
W2_apt,14,L4,concurrent,score_distinct_bindings,0.07885304659498207,0.16296296296296298,0.10628019323671496,0.08800623052959501,0.4954234080326935
W2_apt,14,L4,concurrent,score_max_request_rate,0.5770609318996416,0.16051844466600199,0.2511700468018721,0.6557632398753894,0.49017826237452405
W2_apt,14,L4,concurrent,score_burstiness,0.007168458781362007,0.06896551724137931,0.012987012987012988,0.02102803738317757,0.43455571187708664
W2_apt,15,L4,concurrent,SICA (proposed),0.045936395759717315,0.30952380952380953,0.08,0.02265625,0.4814294390459364
W2_apt,15,L4,concurrent,pin_ip,0.12014134275618374,0.13821138211382114,0.1285444234404537,0.165625,0.4772581713780919
W2_apt,15,L4,concurrent,pin_prefix24,0.07420494699646643,0.16279069767441862,0.10194174757281554,0.084375,0.4949149734982332
W2_apt,15,L4,concurrent,pin_scope16,0.024734982332155476,0.14583333333333334,0.042296072507552865,0.03203125,0.49635186616607774
W2_apt,15,L4,concurrent,pin_useragent,0.08833922261484099,0.14534883720930233,0.1098901098901099,0.11484375,0.4867477363074205
W2_apt,15,L4,concurrent,pin_useragent_core,0.0,0.0,0.0,0.0,0.5
W2_apt,15,L4,concurrent,pin_ip_or_useragent,0.16607773851590105,0.13988095238095238,0.15185783521809368,0.22578125,0.47014824425795054
W2_apt,15,L4,concurrent,pin_ip_and_useragent,0.04240282685512368,0.14634146341463414,0.06575342465753425,0.0546875,0.4938576634275618
W2_apt,15,L4,concurrent,score_distinct_bindings,0.07420494699646643,0.16279069767441862,0.10194174757281554,0.084375,0.4949149734982332
W2_apt,15,L4,concurrent,score_max_request_rate,0.6360424028268551,0.1761252446183953,0.27586206896551724,0.6578125,0.5077393440812721
W2_apt,15,L4,concurrent,score_burstiness,0.0035335689045936395,0.038461538461538464,0.006472491909385114,0.01953125,0.46164697438162544
W2_apt,16,L4,concurrent,SICA (proposed),0.05821917808219178,0.3333333333333333,0.09912536443148688,0.02675059008654603,0.5092204390890572
W2_apt,16,L4,concurrent,pin_ip,0.1541095890410959,0.19911504424778761,0.17374517374517373,0.14240755310778913,0.5058510179666533
W2_apt,16,L4,concurrent,pin_prefix24,0.09246575342465753,0.20149253731343283,0.1267605633802817,0.08418568056648308,0.5041400364290872
W2_apt,16,L4,concurrent,pin_scope16,0.03424657534246575,0.17857142857142858,0.05747126436781609,0.03619197482297404,0.49902730025974584
W2_apt,16,L4,concurrent,pin_useragent,0.09931506849315068,0.18238993710691823,0.1286031042128603,0.1022816679779701,0.4985167002575903
W2_apt,16,L4,concurrent,pin_useragent_core,0.0,0.0,0.0,0.0,0.5
W2_apt,16,L4,concurrent,pin_ip_or_useragent,0.2054794520547945,0.1910828025477707,0.198019801980198,0.1998426435877262,0.5028184042335342
W2_apt,16,L4,concurrent,pin_ip_and_useragent,0.04794520547945205,0.19718309859154928,0.07713498622589532,0.044846577498033044,0.5015493139907095
W2_apt,16,L4,concurrent,score_distinct_bindings,0.09246575342465753,0.20149253731343283,0.1267605633802817,0.08418568056648308,0.5041400364290872
W2_apt,16,L4,concurrent,score_max_request_rate,0.6164383561643836,0.17664376840039253,0.2745995423340961,0.6601101494885917,0.5047557203366996
W2_apt,16,L4,concurrent,score_burstiness,0.00684931506849315,0.06896551724137931,0.012461059190031152,0.021243115656963022,0.45532586788528073
W2_apt,17,L4,concurrent,SICA (proposed),0.056291390728476824,0.40476190476190477,0.09883720930232559,0.019825535289452814,0.5094755555088729
W2_apt,17,L4,concurrent,pin_ip,0.1423841059602649,0.20772946859903382,0.16895874263261298,0.13005551149881048,0.5061642972307272
W2_apt,17,L4,concurrent,pin_prefix24,0.07947019867549669,0.2608695652173913,0.12182741116751268,0.05392545598731166,0.5127723713440925
W2_apt,17,L4,concurrent,pin_scope16,0.026490066225165563,0.2857142857142857,0.048484848484848485,0.01586042823156225,0.5053148189968016
W2_apt,17,L4,concurrent,pin_useragent,0.07947019867549669,0.16666666666666666,0.10762331838565023,0.09516256938937351,0.49215381464306157
W2_apt,17,L4,concurrent,pin_useragent_core,0.0,0.0,0.0,0.0,0.5
W2_apt,17,L4,concurrent,pin_ip_or_useragent,0.18211920529801323,0.1896551724137931,0.1858108108108108,0.18636003172085647,0.4978795867885784
W2_apt,17,L4,concurrent,pin_ip_and_useragent,0.039735099337748346,0.19672131147540983,0.06611570247933884,0.03885804916732752,0.5004385250852104
W2_apt,17,L4,concurrent,score_distinct_bindings,0.07947019867549669,0.2608695652173913,0.12182741116751268,0.05392545598731166,0.5127723713440925
W2_apt,17,L4,concurrent,score_max_request_rate,0.6291390728476821,0.18375241779497098,0.28443113772455086,0.669310071371927,0.49761305806912415
W2_apt,17,L4,concurrent,score_burstiness,0.0033112582781456954,0.045454545454545456,0.006172839506172839,0.016653449643140365,0.4528309814033853
W2_apt,18,L4,concurrent,SICA (proposed),0.03858520900321544,0.5217391304347826,0.07185628742514971,0.00878594249201278,0.504044974985361
W2_apt,18,L4,concurrent,pin_ip,0.1382636655948553,0.19815668202764977,0.1628787878787879,0.1389776357827476,0.49964301490605384
W2_apt,18,L4,concurrent,pin_prefix24,0.08360128617363344,0.24761904761904763,0.125,0.06309904153354633,0.5102511223200435
W2_apt,18,L4,concurrent,pin_scope16,0.04823151125401929,0.28846153846153844,0.08264462809917354,0.029552715654952075,0.5093393977995336
W2_apt,18,L4,concurrent,pin_useragent,0.0932475884244373,0.19463087248322147,0.12608695652173912,0.09584664536741214,0.4987004715285126
W2_apt,18,L4,concurrent,pin_useragent_core,0.0,0.0,0.0,0.0,0.5
W2_apt,18,L4,concurrent,pin_ip_or_useragent,0.1864951768488746,0.1939799331103679,0.1901639344262295,0.19249201277955272,0.49700158203466094
W2_apt,18,L4,concurrent,pin_ip_and_useragent,0.04501607717041801,0.208955223880597,0.07407407407407408,0.04233226837060703,0.5013419043999054
W2_apt,18,L4,concurrent,score_distinct_bindings,0.08360128617363344,0.24761904761904763,0.125,0.06309904153354633,0.5102511223200435
W2_apt,18,L4,concurrent,score_max_request_rate,0.6270096463022508,0.1919291338582677,0.29389600602863597,0.6557507987220448,0.5035647144632897
W2_apt,18,L4,concurrent,score_burstiness,0.003215434083601286,0.041666666666666664,0.005970149253731343,0.018370607028753993,0.4541749278325098
W2_apt,19,L4,concurrent,SICA (proposed),0.02877697841726619,0.19047619047619047,0.05000000000000001,0.026459143968871595,0.4826498334406405
W2_apt,19,L4,concurrent,pin_ip,0.12949640287769784,0.1411764705882353,0.1350844277673546,0.17042801556420234,0.47953419365674776
W2_apt,19,L4,concurrent,pin_prefix24,0.050359712230215826,0.11290322580645161,0.06965174129353234,0.08560311284046693,0.48237829969487445
W2_apt,19,L4,concurrent,pin_scope16,0.02158273381294964,0.13043478260869565,0.03703703703703704,0.0311284046692607,0.49522716457184446
W2_apt,19,L4,concurrent,pin_useragent,0.06474820143884892,0.1258741258741259,0.08551068883610452,0.09727626459143969,0.48373596842370464
W2_apt,19,L4,concurrent,pin_useragent_core,0.0,0.0,0.0,0.0,0.5
W2_apt,19,L4,concurrent,pin_ip_or_useragent,0.16546762589928057,0.1402439024390244,0.15181518151815182,0.21945525291828794,0.4730061864904963
W2_apt,19,L4,concurrent,pin_ip_and_useragent,0.02877697841726619,0.11428571428571428,0.04597701149425287,0.04824902723735409,0.49026397558995605
W2_apt,19,L4,concurrent,score_distinct_bindings,0.050359712230215826,0.11290322580645161,0.06965174129353234,0.08560311284046693,0.48237829969487445
W2_apt,19,L4,concurrent,score_max_request_rate,0.6510791366906474,0.17885375494071146,0.2806201550387597,0.6466926070038911,0.5308876634101279
W2_apt,19,L4,concurrent,score_burstiness,0.0035971223021582736,0.04,0.006600660066006601,0.01867704280155642,0.4679268258544915
